Timestamp,RPM(rpm),Speed(km/h),CoolantTemp(C),IntakeTemp(C),MAP(kPa),BaroPressure(kPa),BoostPressure(bar),ThrottlePos(%),STFT(%),LTFT(%),MAF(g/s),O2_B1S1(V),O2_B1S2(V),TimingAdvance(deg),Voltage(V),EngineLoad(%),FuelStatus,AmbAirTemp(C),TFT(C)
2026-08-17 09:02:23.776,812.25,0.0,41.0,35.0,23.0,99.0,-0.76,28.24,4.69,-3.12,3.59,0.3,0.78,-4.5,13.4,29.8,"Closed loop, using oxygen sensor feedback to determine fuel mix/",29.0,28
2026-08-17 09:02:25.772,802.0,0.0,41.0,35.0,21.0,99.0,-0.78,28.24,7.03,-2.34,3.59,0.69,0.77,-4.0,13.4,29.02,"Closed loop, using oxygen sensor feedback to determine fuel mix/",29.0,28
2026-08-17 09:02:27.464,800.0,0.0,41.0,35.0,23.0,99.0,-0.76,28.24,3.91,-2.34,3.62,0.1,0.78,-6.5,13.5,29.8,"Closed loop, using oxygen sensor feedback to determine fuel mix/",29.0,28
2026-08-17 09:02:29.157,792.5,0.0,41.0,35.0,23.0,99.0,-0.76,27.84,3.91,-2.34,3.55,0.27,0.8,-5.0,13.5,29.8,"Closed loop, using oxygen sensor feedback to determine fuel mix/",29.0,28
2026-08-17 09:02:30.867,806.0,0.0,42.0,35.0,21.0,99.0,-0.78,28.24,6.25,-2.34,3.52,0.12,0.73,-4.5,13.5,29.02,"Closed loop, using oxygen sensor feedback to determine fuel mix/",29.0,28
2026-08-17 09:02:32.564,789.25,0.0,42.0,35.0,21.0,99.0,-0.78,27.84,3.12,-1.56,3.47,0.69,0.8,-4.5,13.5,28.63,"Closed loop, using oxygen sensor feedback to determine fuel mix/",29.0,28
2026-08-17 09:02:34.270,793.5,0.0,42.0,35.0,22.0,99.0,-0.77,27.84,4.69,-1.56,3.48,0.09,0.71,-2.5,13.5,28.24,"Closed loop, using oxygen sensor feedback to determine fuel mix/",29.0,28
2026-08-17 09:02:35.961,793.5,0.0,42.0,35.0,21.0,99.0,-0.78,27.84,2.34,-1.56,3.42,0.33,0.78,-6.0,13.5,28.63,"Closed loop, using oxygen sensor feedback to determine fuel mix/",29.0,28
2026-08-17 09:02:37.653,796.0,0.0,43.0,35.0,22.0,99.0,-0.77,27.84,2.34,-0.78,3.41,0.1,0.71,-5.0,13.4,28.24,"Closed loop, using oxygen sensor feedback to determine fuel mix/",29.0,28
2026-08-17 09:02:39.362,793.75,0.0,43.0,35.0,21.0,99.0,-0.78,27.84,1.56,-0.78,3.4,0.16,0.8,-4.0,13.5,27.84,"Closed loop, using oxygen sensor feedback to determine fuel mix/",29.0,28
2026-08-17 09:02:41.053,805.25,0.0,43.0,35.0,22.0,99.0,-0.77,27.84,3.91,0.0,3.38,0.14,0.73,-6.0,13.5,27.84,"Closed loop, using oxygen sensor feedback to determine fuel mix/",29.0,28
2026-08-17 09:02:42.751,792.0,0.0,43.0,35.0,21.0,99.0,-0.78,27.84,0.78,0.0,3.36,0.14,0.79,-3.0,13.4,27.84,"Closed loop, using oxygen sensor feedback to determine fuel mix/",29.0,28
2026-08-17 09:02:44.443,792.75,0.0,44.0,35.0,21.0,99.0,-0.78,27.84,3.12,0.0,3.39,0.14,0.74,-4.0,13.4,27.84,"Closed loop, using oxygen sensor feedback to determine fuel mix/",29.0,28
2026-08-17 09:02:46.152,786.25,0.0,44.0,35.0,21.0,99.0,-0.78,27.84,0.0,0.0,3.35,0.1,0.77,-3.0,13.5,28.24,"Closed loop, using oxygen sensor feedback to determine fuel mix/",29.0,28
2026-08-17 09:02:47.845,785.75,0.0,44.0,35.0,22.0,99.0,-0.77,27.84,-0.78,0.0,3.32,0.72,0.67,-5.5,13.4,27.84,"Closed loop, using oxygen sensor feedback to determine fuel mix/",29.0,28
2026-08-17 09:02:49.552,780.0,0.0,44.0,35.0,21.0,99.0,-0.78,27.84,2.34,0.0,3.38,0.09,0.67,-4.5,13.5,27.84,"Closed loop, using oxygen sensor feedback to determine fuel mix/",29.0,28
2026-08-17 09:02:51.265,787.25,0.0,44.0,35.0,20.0,99.0,-0.79,27.84,-0.78,0.0,3.32,0.1,0.75,-2.0,13.5,27.84,"Closed loop, using oxygen sensor feedback to determine fuel mix/",29.0,28
2026-08-17 09:02:52.954,799.5,0.0,45.0,35.0,22.0,99.0,-0.77,27.84,-0.78,0.0,3.28,0.73,0.69,-4.5,13.5,27.45,"Closed loop, using oxygen sensor feedback to determine fuel mix/",29.0,28
2026-08-17 09:02:54.647,781.75,0.0,45.0,35.0,22.0,99.0,-0.77,27.84,-1.56,0.0,3.33,0.09,0.69,-3.0,13.6,27.84,"Closed loop, using oxygen sensor feedback to determine fuel mix/",29.0,28
2026-08-17 09:02:56.341,796.25,0.0,45.0,35.0,20.0,99.0,-0.79,27.45,-0.78,0.0,3.27,0.68,0.73,-1.5,13.5,27.45,"Closed loop, using oxygen sensor feedback to determine fuel mix/",29.0,28
2026-08-17 09:02:58.033,790.5,0.0,45.0,35.0,21.0,99.0,-0.78,27.45,1.56,0.0,3.31,0.09,0.67,-2.5,13.5,27.45,"Closed loop, using oxygen sensor feedback to determine fuel mix/",29.0,28
2026-08-17 09:02:59.725,784.0,0.0,46.0,35.0,21.0,99.0,-0.78,27.45,-0.78,0.0,3.26,0.12,0.76,-4.0,13.4,27.45,"Closed loop, using oxygen sensor feedback to determine fuel mix/",29.0,28
2026-08-17 09:03:01.435,793.5,0.0,46.0,35.0,21.0,99.0,-0.78,27.45,2.34,0.0,3.24,0.73,0.71,-3.5,13.5,27.06,"Closed loop, using oxygen sensor feedback to determine fuel mix/",29.0,28
2026-08-17 09:03:03.126,767.5,0.0,46.0,35.0,20.0,99.0,-0.79,27.45,-1.56,0.0,3.22,0.1,0.76,-3.5,13.4,27.06,"Closed loop, using oxygen sensor feedback to determine fuel mix/",29.0,28
2026-08-17 09:03:04.821,788.25,0.0,46.0,35.0,20.0,99.0,-0.79,27.45,-1.56,0.0,3.16,0.7,0.76,-4.5,13.3,26.67,"Closed loop, using oxygen sensor feedback to determine fuel mix/",29.0,28
2026-08-17 09:03:06.513,777.75,0.0,46.0,35.0,21.0,99.0,-0.78,27.45,1.56,0.0,3.19,0.1,0.7,-4.0,13.4,26.67,"Closed loop, using oxygen sensor feedback to determine fuel mix/",29.0,28
2026-08-17 09:03:08.222,779.25,0.0,46.0,35.0,20.0,99.0,-0.79,27.45,-1.56,0.0,3.15,0.1,0.78,-3.0,13.5,26.27,"Closed loop, using oxygen sensor feedback to determine fuel mix/",29.0,28
2026-08-17 09:03:09.915,781.75,0.0,47.0,35.0,20.0,99.0,-0.79,27.45,-1.56,0.0,3.17,0.74,0.68,-3.0,13.5,26.27,"Closed loop, using oxygen sensor feedback to determine fuel mix/",29.0,28
2026-08-17 09:03:11.609,776.5,0.0,47.0,35.0,21.0,99.0,-0.78,27.45,-1.56,0.0,3.16,0.1,0.72,-4.0,13.5,26.67,"Closed loop, using oxygen sensor feedback to determine fuel mix/",29.0,28
2026-08-17 09:03:13.300,777.25,0.0,47.0,35.0,19.0,99.0,-0.8,27.06,-2.34,0.0,3.09,0.14,0.8,-2.0,13.5,25.88,"Closed loop, using oxygen sensor feedback to determine fuel mix/",29.0,28
2026-08-17 09:03:15.010,783.5,0.0,47.0,35.0,21.0,99.0,-0.78,27.45,0.78,0.0,3.18,0.12,0.65,-4.5,13.3,26.67,"Closed loop, using oxygen sensor feedback to determine fuel mix/",29.0,28
2026-08-17 09:03:16.703,780.5,0.0,47.0,35.0,21.0,99.0,-0.78,27.45,-1.56,0.0,3.14,0.1,0.77,-1.0,13.5,26.27,"Closed loop, using oxygen sensor feedback to determine fuel mix/",29.0,28
2026-08-17 09:03:18.411,776.5,0.0,48.0,35.0,20.0,99.0,-0.79,27.06,-1.56,0.0,3.04,0.76,0.74,-3.0,13.4,25.1,"Closed loop, using oxygen sensor feedback to determine fuel mix/",29.0,28
2026-08-17 09:03:20.099,762.25,0.0,48.0,35.0,21.0,99.0,-0.78,27.45,-2.34,0.0,3.05,0.07,0.69,-0.5,13.5,25.88,"Closed loop, using oxygen sensor feedback to determine fuel mix/",29.0,28
2026-08-17 09:03:21.798,777.5,0.0,48.0,35.0,21.0,99.0,-0.78,27.06,1.56,0.0,3.0,0.17,0.62,-2.5,13.5,25.1,"Closed loop, using oxygen sensor feedback to determine fuel mix/",29.0,28
2026-08-17 09:03:23.506,770.75,0.0,48.0,35.0,21.0,99.0,-0.78,27.06,-0.78,0.0,3.01,0.09,0.72,-0.5,13.5,25.88,"Closed loop, using oxygen sensor feedback to determine fuel mix/",29.0,28
2026-08-17 09:03:25.196,778.5,0.0,48.0,35.0,20.0,99.0,-0.79,27.06,-0.78,0.0,2.99,0.12,0.78,-1.0,13.5,25.1,"Closed loop, using oxygen sensor feedback to determine fuel mix/",29.0,28
2026-08-17 09:03:26.890,774.5,0.0,48.0,35.0,20.0,99.0,-0.79,27.06,2.34,0.0,2.94,0.11,0.68,-1.0,13.5,24.71,"Closed loop, using oxygen sensor feedback to determine fuel mix/",29.0,28
2026-08-17 09:03:28.586,754.75,0.0,49.0,35.0,20.0,99.0,-0.79,27.06,-1.56,0.0,2.91,0.08,0.77,-0.5,13.5,25.1,"Closed loop, using oxygen sensor feedback to determine fuel mix/",29.0,28
2026-08-17 09:03:30.291,751.5,0.0,49.0,35.0,24.0,99.0,-0.75,29.02,2.34,0.0,4.19,0.71,0.6,-8.0,13.5,35.29,"Closed loop, using oxygen sensor feedback to determine fuel mix/",29.0,28
2026-08-17 09:03:32.001,750.5,0.0,49.0,35.0,27.0,99.0,-0.72,29.41,-0.78,0.0,4.12,0.06,0.56,-8.5,13.5,35.29,"Closed loop, using oxygen sensor feedback to determine fuel mix/",29.0,29
2026-08-17 09:03:33.694,757.25,0.0,49.0,35.0,27.0,99.0,-0.72,29.02,3.91,0.0,3.9,0.12,0.25,-6.0,13.5,32.55,"Closed loop, using oxygen sensor feedback to determine fuel mix/",29.0,29
2026-08-17 09:03:35.401,765.5,0.0,49.0,35.0,25.0,99.0,-0.74,29.02,5.47,0.0,3.76,0.71,0.54,-2.5,13.5,32.16,"Closed loop, using oxygen sensor feedback to determine fuel mix/",29.0,29
2026-08-17 09:03:37.097,752.0,0.0,49.0,35.0,25.0,99.0,-0.74,29.02,5.47,0.0,3.86,0.07,0.5,-3.0,13.4,32.55,"Closed loop, using oxygen sensor feedback to determine fuel mix/",29.0,29
2026-08-17 09:03:38.788,757.25,0.0,49.0,35.0,25.0,99.0,-0.74,29.02,7.03,0.0,3.83,0.14,0.33,-4.0,13.5,32.55,"Closed loop, using oxygen sensor feedback to determine fuel mix/",29.0,29
2026-08-17 09:03:40.484,760.25,0.0,50.0,35.0,26.0,,-0.75,28.63,3.12,0.0,3.76,0.76,0.77,-2.5,13.3,31.76,"Closed loop, using oxygen sensor feedback to determine fuel mix/",29.0,29
2026-08-17 09:03:42.157,758.25,0.0,50.0,35.0,25.0,99.0,-0.74,28.63,7.03,0.0,3.78,0.11,0.65,-5.0,13.5,31.76,"Closed loop, using oxygen sensor feedback to determine fuel mix/",29.0,29
2026-08-17 09:03:43.851,762.0,0.0,50.0,35.0,25.0,99.0,-0.74,28.63,3.12,0.0,3.75,0.1,0.74,-4.0,13.6,32.16,"Closed loop, using oxygen sensor feedback to determine fuel mix/",29.0,29
2026-08-17 09:03:45.574,753.25,0.0,50.0,35.0,26.0,99.0,-0.73,28.63,3.12,0.0,3.73,0.25,0.8,-4.5,13.5,31.76,"Closed loop, using oxygen sensor feedback to determine fuel mix/",29.0,29
2026-08-17 09:03:47.268,749.25,0.0,50.0,35.0,26.0,99.0,-0.73,28.63,6.25,0.0,3.84,0.15,0.65,-3.5,13.3,32.55,"Closed loop, using oxygen sensor feedback to determine fuel mix/",29.0,29
2026-08-17 09:03:48.959,752.75,0.0,50.0,35.0,26.0,99.0,-0.73,29.02,6.25,0.0,3.88,0.08,0.64,-4.5,13.4,32.94,"Closed loop, using oxygen sensor feedback to determine fuel mix/",29.0,29
2026-08-17 09:03:50.654,747.5,2.0,51.0,35.0,25.0,99.0,-0.74,28.63,2.34,0.0,3.8,0.11,0.8,-4.0,13.5,32.55,"Closed loop, using oxygen sensor feedback to determine fuel mix/",29.0,29
2026-08-17 09:03:52.348,762.25,1.0,51.0,35.0,25.0,99.0,-0.74,28.63,2.34,0.0,3.8,0.74,0.63,-4.0,13.5,32.55,"Closed loop, using oxygen sensor feedback to determine fuel mix/",29.0,29
2026-08-17 09:03:54.037,763.0,1.0,51.0,35.0,25.0,99.0,-0.74,28.63,6.25,0.0,3.8,0.1,0.69,-4.0,13.5,32.16,"Closed loop, using oxygen sensor feedback to determine fuel mix/",29.0,29
2026-08-17 09:03:55.734,758.75,1.0,51.0,35.0,26.0,99.0,-0.73,28.63,2.34,0.0,3.81,0.1,0.74,-5.5,13.4,32.16,"Closed loop, using oxygen sensor feedback to determine fuel mix/",29.0,29
2026-08-17 09:03:57.424,753.75,2.0,51.0,35.0,25.0,99.0,-0.74,28.63,2.34,0.0,3.78,0.57,0.79,-2.5,13.5,32.55,"Closed loop, using oxygen sensor feedback to determine fuel mix/",29.0,29
2026-08-17 09:03:59.120,757.5,2.0,52.0,35.0,26.0,99.0,-0.73,28.63,6.25,0.0,3.76,0.1,0.71,-5.0,13.5,31.76,"Closed loop, using oxygen sensor feedback to determine fuel mix/",29.0,29
2026-08-17 09:04:00.815,741.25,2.0,52.0,35.0,26.0,99.0,-0.73,28.63,1.56,0.0,3.74,0.09,0.76,-4.5,13.5,32.16,"Closed loop, using oxygen sensor feedback to determine fuel mix/",29.0,29
2026-08-17 09:04:02.521,760.75,0.0,52.0,35.0,26.0,99.0,-0.73,28.63,1.56,0.0,3.71,0.66,0.74,-4.5,13.4,32.16,"Closed loop, using oxygen sensor feedback to determine fuel mix/",29.0,29
2026-08-17 09:04:04.227,760.5,0.0,52.0,35.0,24.0,99.0,-0.75,28.63,5.47,0.0,3.75,0.17,0.71,-8.5,13.4,28.63,"Closed loop, using oxygen sensor feedback to determine fuel mix/",29.0,29
2026-08-17 09:04:05.920,771.5,0.0,52.0,35.0,19.0,99.0,-0.8,26.27,0.78,0.0,2.63,0.78,0.82,2.5,13.5,22.75,"Closed loop, using oxygen sensor feedback to determine fuel mix/",29.0,29
2026-08-17 09:04:07.631,753.25,0.0,52.0,35.0,20.0,99.0,-0.79,26.27,-0.78,0.0,2.67,0.66,0.77,-0.5,13.5,22.75,"Closed loop, using oxygen sensor feedback to determine fuel mix/",29.0,29
2026-08-17 09:04:09.321,755.25,0.0,53.0,35.0,18.0,99.0,-0.81,26.27,-1.56,0.0,2.64,0.12,0.77,1.0,13.5,22.75,"Closed loop, using oxygen sensor feedback to determine fuel mix/",29.0,29
2026-08-17 09:04:11.032,739.25,0.0,53.0,35.0,20.0,99.0,-0.79,26.27,1.56,0.0,2.69,0.61,0.76,-3.0,13.5,22.35,"Closed loop, using oxygen sensor feedback to determine fuel mix/",29.0,29
2026-08-17 09:04:12.740,738.25,0.0,53.0,35.0,19.0,99.0,-0.8,26.27,-2.34,0.0,2.7,0.3,0.79,2.0,13.5,23.14,"Closed loop, using oxygen sensor feedback to determine fuel mix/",29.0,29
2026-08-17 09:04:14.439,752.25,0.0,53.0,35.0,19.0,99.0,-0.8,26.27,0.78,0.0,2.73,0.1,0.74,-1.0,13.5,23.53,"Closed loop, using oxygen sensor feedback to determine fuel mix/",29.0,29
2026-08-17 09:04:16.141,740.25,0.0,53.0,35.0,20.0,99.0,-0.79,27.06,-3.12,0.0,3.1,0.1,0.79,-4.5,13.2,27.45,"Closed loop, using oxygen sensor feedback to determine fuel mix/",29.0,29
2026-08-17 09:04:17.850,742.25,0.0,53.0,35.0,21.0,99.0,-0.78,27.45,0.0,0.0,3.26,0.09,0.28,-9.0,12.7,27.06,"Closed loop, using oxygen sensor feedback to determine fuel mix/",29.0,29
2026-08-17 09:04:19.558,736.25,0.0,54.0,35.0,18.0,99.0,-0.81,25.88,0.78,0.0,2.58,0.83,0.47,-3.5,12.6,21.57,"Closed loop, using oxygen sensor feedback to determine fuel mix/",29.0,29
2026-08-17 09:04:21.250,753.75,0.0,54.0,35.0,17.0,99.0,-0.82,25.49,-3.12,0.0,2.43,0.83,0.85,0.0,12.5,20.78,"Closed loop, using oxygen sensor feedback to determine fuel mix/",29.0,29
2026-08-17 09:04:22.947,735.0,0.0,54.0,35.0,18.0,99.0,-0.81,25.49,-7.81,0.0,2.38,,0.82,2.0,12.5,20.39,"Closed loop, using oxygen sensor feedback to determine fuel mix/",29.0,29
2026-08-17 09:04:24.619,751.5,0.0,54.0,35.0,17.0,99.0,-0.82,25.49,-7.03,0.0,2.43,0.09,0.76,-2.5,12.4,20.78,"Closed loop, using oxygen sensor feedback to determine fuel mix/",29.0,29
2026-08-17 09:04:26.316,748.0,0.0,54.0,35.0,16.0,99.0,-0.83,25.49,-7.03,0.0,2.43,0.76,0.76,-1.5,12.3,20.78,"Closed loop, using oxygen sensor feedback to determine fuel mix/",29.0,29
2026-08-17 09:04:28.007,748.75,0.0,54.0,35.0,17.0,99.0,-0.82,25.49,-7.81,0.0,2.43,0.09,0.76,0.5,12.3,20.78,"Closed loop, using oxygen sensor feedback to determine fuel mix/",29.0,29
2026-08-17 09:04:29.715,748.25,0.0,54.0,35.0,17.0,99.0,-0.82,25.49,-7.81,0.0,2.43,0.73,0.73,2.5,12.2,20.78,"Closed loop, using oxygen sensor feedback to determine fuel mix/",29.0,29
2026-08-17 09:04:31.426,738.25,0.0,54.0,35.0,17.0,99.0,-0.82,25.49,-8.59,0.0,2.44,0.08,0.71,0.0,12.1,20.78,"Closed loop, using oxygen sensor feedback to determine fuel mix/",29.0,29
2026-08-17 09:04:33.116,737.0,0.0,54.0,35.0,17.0,99.0,-0.82,25.49,-7.81,0.0,2.43,0.65,0.68,0.0,12.1,20.78,"Closed loop, using oxygen sensor feedback to determine fuel mix/",29.0,29
2026-08-17 09:04:34.809,733.0,0.0,55.0,35.0,17.0,99.0,-0.82,25.49,-4.69,0.0,2.43,0.08,0.69,-1.5,12.1,20.78,"Closed loop, using oxygen sensor feedback to determine fuel mix/",29.0,29
2026-08-17 09:04:36.519,732.0,0.0,55.0,35.0,17.0,99.0,-0.82,25.49,-3.91,0.0,2.42,0.1,0.73,-0.5,12.0,20.39,"Closed loop, using oxygen sensor feedback to determine fuel mix/",29.0,29
2026-08-17 09:04:38.211,734.5,0.0,55.0,35.0,17.0,99.0,-0.82,25.49,-8.59,0.0,2.39,0.1,0.8,1.0,12.1,20.39,"Closed loop, using oxygen sensor feedback to determine fuel mix/",29.0,29
2026-08-17 09:04:39.920,736.0,0.0,55.0,35.0,17.0,99.0,-0.82,25.49,-4.69,0.0,2.39,0.1,0.66,0.5,12.0,20.39,"Closed loop, using oxygen sensor feedback to determine fuel mix/",29.0,29
2026-08-17 09:04:41.613,754.0,0.0,55.0,35.0,18.0,99.0,-0.81,25.88,-4.69,0.0,2.55,0.1,,0.0,12.0,21.96,"Closed loop, using oxygen sensor feedback to determine fuel mix/",29.0,29
2026-08-17 09:04:43.275,736.75,0.0,55.0,35.0,18.0,99.0,-0.81,25.88,-7.81,0.0,2.5,0.14,0.78,0.5,12.1,21.18,"Closed loop, using oxygen sensor feedback to determine fuel mix/",29.0,29
2026-08-17 09:04:44.988,742.0,0.0,55.0,35.0,17.0,99.0,-0.82,25.49,-3.91,0.0,2.49,0.09,,-0.5,12.1,21.57,"Closed loop, using oxygen sensor feedback to determine fuel mix/",29.0,29
2026-08-17 09:04:46.674,732.0,0.0,55.0,35.0,17.0,99.0,-0.82,25.49,-7.81,0.0,2.48,0.1,0.77,3.0,12.2,21.57,"Closed loop, using oxygen sensor feedback to determine fuel mix/",29.0,29
2026-08-17 09:04:48.369,726.0,0.0,56.0,35.0,19.0,99.0,-0.8,25.49,-3.91,0.0,2.48,0.1,0.61,-0.5,12.1,21.18,"Closed loop, using oxygen sensor feedback to determine fuel mix/",29.0,29
2026-08-17 09:04:50.077,737.25,0.0,56.0,35.0,18.0,99.0,-0.81,25.49,-7.03,0.0,2.48,0.76,0.81,1.5,12.2,21.18,"Closed loop, using oxygen sensor feedback to determine fuel mix/",29.0,29
2026-08-17 09:04:51.769,732.0,0.0,56.0,35.0,18.0,99.0,-0.81,25.88,-7.81,0.0,2.52,0.08,0.73,4.5,12.2,21.57,"Closed loop, using oxygen sensor feedback to determine fuel mix/",29.0,29
2026-08-17 09:04:53.463,740.0,0.0,56.0,35.0,17.0,99.0,-0.82,25.49,-3.12,0.0,2.47,0.8,0.53,0.5,12.2,21.18,"Closed loop, using oxygen sensor feedback to determine fuel mix/",29.0,29
2026-08-17 09:04:55.157,733.5,0.0,56.0,35.0,19.0,99.0,-0.8,25.49,-7.81,0.0,2.48,0.1,0.81,2.5,12.2,21.57,"Closed loop, using oxygen sensor feedback to determine fuel mix/",29.0,29
2026-08-17 09:04:56.851,734.0,0.0,56.0,35.0,17.0,99.0,-0.82,25.88,-3.91,0.0,2.47,0.1,0.61,1.5,12.2,21.18,"Closed loop, using oxygen sensor feedback to determine fuel mix/",29.0,29
2026-08-17 09:04:58.557,732.5,0.0,56.0,35.0,18.0,99.0,-0.81,25.49,-7.03,0.0,2.47,0.8,0.79,-0.5,12.2,21.18,"Closed loop, using oxygen sensor feedback to determine fuel mix/",29.0,29
2026-08-17 09:05:00.267,736.75,0.0,56.0,35.0,17.0,99.0,-0.82,25.88,-7.81,0.0,2.49,0.09,0.75,1.5,12.2,21.57,"Closed loop, using oxygen sensor feedback to determine fuel mix/",29.0,29
2026-08-17 09:05:01.958,738.5,0.0,56.0,35.0,18.0,99.0,-0.81,25.49,-3.12,0.0,2.47,0.79,0.55,0.0,12.2,21.18,"Closed loop, using oxygen sensor feedback to determine fuel mix/",29.0,29
2026-08-17 09:05:03.653,728.0,0.0,56.0,35.0,17.0,99.0,-0.82,25.49,-7.81,0.0,2.45,0.12,0.82,1.0,12.2,21.18,"Closed loop, using oxygen sensor feedback to determine fuel mix/",29.0,29
2026-08-17 09:05:05.360,725.75,0.0,57.0,35.0,18.0,99.0,-0.81,25.49,-3.91,0.0,2.48,0.09,0.67,0.0,12.2,21.18,"Closed loop, using oxygen sensor feedback to determine fuel mix/",29.0,29
2026-08-17 09:05:07.068,728.0,0.0,57.0,35.0,17.0,99.0,-0.82,25.49,-7.03,0.0,2.44,0.82,0.74,2.0,12.2,21.18,"Closed loop, using oxygen sensor feedback to determine fuel mix/",29.0,29
2026-08-17 09:05:08.763,729.0,0.0,57.0,35.0,17.0,99.0,-0.82,25.49,-7.81,0.0,2.46,0.09,0.77,-0.5,12.2,21.18,"Closed loop, using oxygen sensor feedback to determine fuel mix/",29.0,29
2026-08-17 09:05:10.453,734.5,0.0,57.0,35.0,17.0,99.0,-0.82,25.49,-3.12,0.0,2.46,0.73,0.49,-1.0,12.2,20.78,"Closed loop, using oxygen sensor feedback to determine fuel mix/",29.0,29
2026-08-17 09:05:12.149,730.5,0.0,57.0,35.0,18.0,99.0,-0.81,25.49,-7.03,0.0,2.43,0.72,0.82,2.0,12.3,21.18,"Closed loop, using oxygen sensor feedback to determine fuel mix/",29.0,29
2026-08-17 09:05:13.839,725.0,0.0,57.0,35.0,18.0,99.0,-0.81,25.49,-7.81,0.0,2.44,0.09,0.73,0.5,12.2,21.18,"Closed loop, using oxygen sensor feedback to determine fuel mix/",29.0,29
2026-08-17 09:05:15.533,732.5,0.0,57.0,35.0,17.0,99.0,-0.82,25.49,-7.03,0.0,2.43,0.75,0.61,1.0,12.3,20.78,"Closed loop, using oxygen sensor feedback to determine fuel mix/",29.0,29
2026-08-17 09:05:17.224,729.25,0.0,57.0,35.0,17.0,99.0,-0.82,25.49,-7.81,0.0,2.44,0.09,0.72,1.5,12.2,20.78,"Closed loop, using oxygen sensor feedback to determine fuel mix/",29.0,29
2026-08-17 09:05:18.936,731.5,0.0,57.0,35.0,18.0,99.0,-0.81,25.49,-7.03,0.0,2.43,0.62,0.6,1.5,12.2,20.78,"Closed loop, using oxygen sensor feedback to determine fuel mix/",29.0,29
2026-08-17 09:05:20.628,725.0,0.0,57.0,35.0,18.0,99.0,-0.81,25.49,-8.59,0.0,2.41,0.14,0.79,1.5,12.3,20.78,"Closed loop, using oxygen sensor feedback to determine fuel mix/",29.0,29
2026-08-17 09:05:22.322,730.5,0.0,57.0,35.0,18.0,99.0,-0.81,25.49,-4.69,0.0,2.42,0.09,0.64,2.5,12.2,21.18,"Closed loop, using oxygen sensor feedback to determine fuel mix/",29.0,29
2026-08-17 09:05:24.012,733.25,0.0,58.0,35.0,18.0,99.0,-0.81,25.49,-3.91,0.0,2.4,0.8,0.52,1.0,12.3,20.78,"Closed loop, using oxygen sensor feedback to determine fuel mix/",29.0,29
2026-08-17 09:05:25.722,721.25,0.0,58.0,35.0,17.0,99.0,-0.82,25.49,-8.59,0.0,2.38,0.1,0.81,4.0,12.3,20.78,"Closed loop, using oxygen sensor feedback to determine fuel mix/",29.0,29
2026-08-17 09:05:27.415,725.0,0.0,58.0,35.0,18.0,99.0,-0.81,25.49,-4.69,0.0,2.4,0.1,0.64,0.5,12.2,20.78,"Closed loop, using oxygen sensor feedback to determine fuel mix/",29.0,30
2026-08-17 09:05:29.112,727.25,0.0,58.0,35.0,17.0,99.0,-0.82,25.49,-3.91,0.0,2.37,0.81,0.7,2.0,12.2,20.39,"Closed loop, using oxygen sensor feedback to determine fuel mix/",29.0,30
2026-08-17 09:05:30.815,715.0,0.0,58.0,35.0,18.0,99.0,-0.81,25.49,-8.59,0.0,2.39,0.09,0.79,3.0,12.2,20.78,"Closed loop, using oxygen sensor feedback to determine fuel mix/",29.0,30
2026-08-17 09:05:32.507,728.75,0.0,58.0,35.0,18.0,99.0,-0.81,25.49,-3.91,0.0,2.38,0.15,0.52,0.0,12.3,20.78,"Closed loop, using oxygen sensor feedback to determine fuel mix/",29.0,30
2026-08-17 09:05:34.217,725.75,0.0,58.0,35.0,18.0,99.0,-0.81,25.1,-7.81,0.0,2.37,0.78,0.8,3.0,12.2,20.78,"Closed loop, using oxygen sensor feedback to determine fuel mix/",29.0,30
2026-08-17 09:05:35.941,709.75,0.0,58.0,35.0,17.0,99.0,-0.82,25.49,-8.59,0.0,2.42,0.08,0.74,3.0,12.2,20.78,"Closed loop, using oxygen sensor feedback to determine fuel mix/",29.0,30
2026-08-17 09:05:37.638,725.75,0.0,58.0,35.0,18.0,99.0,-0.81,25.49,-3.91,0.0,2.4,0.75,0.4,0.0,12.3,20.78,"Closed loop, using oxygen sensor feedback to determine fuel mix/",29.0,30
2026-08-17 09:05:39.342,722.0,0.0,58.0,35.0,17.0,99.0,-0.82,25.49,-7.81,0.0,2.38,0.65,0.8,5.0,12.3,20.39,"Closed loop, using oxygen sensor feedback to determine fuel mix/",29.0,30
2026-08-17 09:05:41.052,718.0,0.0,58.0,35.0,18.0,99.0,-0.81,25.49,-4.69,0.0,2.39,0.09,0.7,1.0,12.2,20.78,"Closed loop, using oxygen sensor feedback to determine fuel mix/",29.0,30
2026-08-17 09:05:42.746,720.75,0.0,58.0,35.0,18.0,99.0,-0.81,25.49,-3.91,0.0,2.37,0.79,0.49,0.5,12.2,20.39,"Closed loop, using oxygen sensor feedback to determine fuel mix/",29.0,30
2026-08-17 09:05:44.438,716.5,0.0,59.0,35.0,17.0,99.0,-0.82,25.1,-8.59,0.0,2.37,0.1,0.81,3.5,12.2,20.39,"Closed loop, using oxygen sensor feedback to determine fuel mix/",29.0,30
2026-08-17 09:05:46.131,716.0,0.0,59.0,35.0,18.0,99.0,-0.81,25.49,-4.69,0.0,2.37,0.09,0.64,1.5,12.2,20.39,"Closed loop, using oxygen sensor feedback to determine fuel mix/",29.0,30
2026-08-17 09:05:47.826,729.75,0.0,59.0,35.0,17.0,99.0,-0.82,25.1,-3.91,0.0,2.34,0.81,0.62,1.5,12.2,20.39,"Closed loop, using oxygen sensor feedback to determine fuel mix/",29.0,30
2026-08-17 09:05:49.534,720.25,0.0,59.0,35.0,17.0,99.0,-0.82,25.1,-8.59,0.0,2.35,0.09,0.8,4.0,12.2,20.39,"Closed loop, using oxygen sensor feedback to determine fuel mix/",29.0,30
2026-08-17 09:05:51.242,710.75,0.0,59.0,35.0,18.0,99.0,-0.81,25.1,-4.69,0.0,2.36,0.12,0.55,1.0,12.2,20.0,"Closed loop, using oxygen sensor feedback to determine fuel mix/",29.0,30
2026-08-17 09:05:52.933,718.0,0.0,59.0,35.0,17.0,99.0,-0.82,25.1,-7.81,0.0,2.32,0.8,0.78,2.5,12.2,20.39,"Closed loop, using oxygen sensor feedback to determine fuel mix/",29.0,30
2026-08-17 09:05:54.626,715.75,0.0,59.0,35.0,17.0,99.0,-0.82,25.1,-8.59,0.0,2.35,0.09,0.77,2.0,12.2,20.39,"Closed loop, using oxygen sensor feedback to determine fuel mix/",29.0,30
2026-08-17 09:05:56.334,724.75,0.0,59.0,35.0,18.0,99.0,-0.81,25.1,-3.91,0.0,2.33,0.76,0.47,1.0,12.2,20.0,"Closed loop, using oxygen sensor feedback to determine fuel mix/",29.0,30
2026-08-17 09:05:58.028,714.75,0.0,59.0,35.0,17.0,99.0,-0.82,25.1,-7.81,0.0,2.32,0.69,0.82,1.5,12.2,20.39,"Closed loop, using oxygen sensor feedback to determine fuel mix/",29.0,30
2026-08-17 09:05:59.722,712.0,0.0,59.0,35.0,17.0,99.0,-0.82,25.1,-8.59,0.0,2.33,0.09,0.72,1.5,12.2,20.0,"Closed loop, using oxygen sensor feedback to determine fuel mix/",29.0,30
2026-08-17 09:06:01.413,721.25,0.0,59.0,35.0,17.0,99.0,-0.82,24.71,-3.91,0.0,2.28,0.81,0.55,0.5,12.2,20.0,"Closed loop, using oxygen sensor feedback to determine fuel mix/",29.0,30
2026-08-17 09:06:03.124,716.75,0.0,59.0,35.0,18.0,99.0,-0.81,25.1,-8.59,0.0,2.29,0.1,0.81,2.5,12.2,20.0,"Closed loop, using oxygen sensor feedback to determine fuel mix/",29.0,30
2026-08-17 09:06:04.817,714.75,0.0,59.0,35.0,18.0,99.0,-0.81,25.1,-4.69,0.0,2.29,0.09,0.67,1.5,12.2,20.0,"Closed loop, using oxygen sensor feedback to determine fuel mix/",29.0,30
2026-08-17 09:06:06.508,716.0,0.0,60.0,35.0,17.0,99.0,-0.82,24.71,-7.81,0.0,2.28,0.81,0.72,2.5,12.2,19.61,"Closed loop, using oxygen sensor feedback to determine fuel mix/",29.0,30
2026-08-17 09:06:08.219,712.75,0.0,60.0,35.0,17.0,99.0,-0.82,25.1,-8.59,0.0,2.29,0.09,0.79,1.0,12.2,20.0,"Closed loop, using oxygen sensor feedback to determine fuel mix/",29.0,30
2026-08-17 09:06:09.910,721.5,0.0,60.0,35.0,18.0,99.0,-0.81,25.1,-3.91,0.0,2.29,0.5,0.56,2.5,12.2,19.61,"Closed loop, using oxygen sensor feedback to determine fuel mix/",29.0,30
2026-08-17 09:06:11.601,718.75,0.0,60.0,35.0,17.0,99.0,-0.82,24.71,-7.81,0.0,2.28,0.72,0.81,2.0,12.2,19.61,"Closed loop, using oxygen sensor feedback to determine fuel mix/",29.0,30
2026-08-17 09:06:13.295,717.75,0.0,60.0,35.0,18.0,99.0,-0.81,25.1,-8.59,0.0,2.29,0.09,0.74,1.5,12.2,20.0,"Closed loop, using oxygen sensor feedback to determine fuel mix/",29.0,30
2026-08-17 09:06:15.005,722.75,0.0,60.0,35.0,17.0,99.0,-0.82,24.71,-3.91,0.0,2.26,0.8,0.52,2.5,12.2,19.61,"Closed loop, using oxygen sensor feedback to determine fuel mix/",29.0,30
2026-08-17 09:06:16.698,699.5,0.0,60.0,35.0,18.0,99.0,-0.81,24.71,-8.59,0.0,2.26,0.12,0.82,2.5,12.2,19.61,"Closed loop, using oxygen sensor feedback to determine fuel mix/",29.0,30
2026-08-17 09:06:18.390,711.0,0.0,60.0,35.0,18.0,99.0,-0.81,25.1,-4.69,0.0,2.28,0.09,0.7,2.0,12.3,19.61,"Closed loop, using oxygen sensor feedback to determine fuel mix/",29.0,30
2026-08-17 09:06:20.086,723.0,0.0,60.0,35.0,18.0,99.0,-0.81,24.71,-3.91,0.0,2.26,0.82,0.62,1.5,12.2,19.61,"Closed loop, using oxygen sensor feedback to determine fuel mix/",29.0,30
2026-08-17 09:06:21.791,706.25,0.0,60.0,35.0,18.0,99.0,-0.81,24.71,-8.59,0.0,2.26,0.1,0.81,1.5,12.2,19.61,"Closed loop, using oxygen sensor feedback to determine fuel mix/",29.0,30
2026-08-17 09:06:23.486,713.5,0.0,60.0,35.0,17.0,99.0,-0.82,24.71,-4.69,0.0,2.26,0.1,0.65,2.0,12.2,19.61,"Closed loop, using oxygen sensor feedback to determine fuel mix/",29.0,30
2026-08-17 09:06:25.192,719.75,0.0,60.0,35.0,17.0,99.0,-0.82,24.71,-7.81,0.0,2.25,0.82,0.76,2.5,12.2,19.61,"Closed loop, using oxygen sensor feedback to determine fuel mix/",29.0,30
2026-08-17 09:06:26.886,708.25,0.0,61.0,35.0,18.0,99.0,-0.81,24.71,-8.59,0.0,2.26,0.09,0.78,2.0,12.2,19.61,"Closed loop, using oxygen sensor feedback to determine fuel mix/",29.0,30
2026-08-17 09:06:28.578,714.5,0.0,61.0,35.0,17.0,99.0,-0.82,24.71,-3.91,0.0,2.26,0.59,0.53,1.0,12.2,19.61,"Closed loop, using oxygen sensor feedback to determine fuel mix/",29.0,30
2026-08-17 09:06:30.305,711.5,0.0,61.0,35.0,18.0,99.0,-0.81,24.71,-7.81,0.0,2.25,0.78,0.81,2.5,12.2,19.61,"Closed loop, using oxygen sensor feedback to determine fuel mix/",29.0,30
2026-08-17 09:06:31.999,709.25,0.0,61.0,35.0,18.0,99.0,-0.81,24.71,-8.59,0.0,2.24,0.09,0.76,2.5,12.2,19.61,"Closed loop, using oxygen sensor feedback to determine fuel mix/",29.0,30
2026-08-17 09:06:33.687,710.75,0.0,61.0,35.0,17.0,99.0,-0.82,24.71,-3.91,0.0,2.23,0.77,0.53,2.0,12.2,19.22,"Closed loop, using oxygen sensor feedback to determine fuel mix/",29.0,30
2026-08-17 09:06:35.385,701.25,0.0,61.0,35.0,18.0,99.0,-0.81,24.71,-8.59,0.0,2.24,0.57,0.82,2.0,12.2,19.61,"Closed loop, using oxygen sensor feedback to determine fuel mix/",29.0,30
2026-08-17 09:06:37.090,708.0,0.0,61.0,35.0,17.0,99.0,-0.82,24.71,-8.59,0.0,2.25,0.09,0.7,2.0,12.2,19.61,"Closed loop, using oxygen sensor feedback to determine fuel mix/",29.0,30
2026-08-17 09:06:38.786,718.25,0.0,61.0,35.0,18.0,99.0,-0.81,24.71,-3.91,0.0,2.24,0.81,0.54,1.5,12.2,19.22,"Closed loop, using oxygen sensor feedback to determine fuel mix/",29.0,30
2026-08-17 09:06:40.500,699.5,0.0,61.0,35.0,17.0,99.0,-0.82,24.71,-8.59,0.0,2.25,0.1,0.81,2.5,12.2,19.61,"Closed loop, using oxygen sensor feedback to determine fuel mix/",29.0,30
2026-08-17 09:06:42.199,709.75,0.0,61.0,35.0,17.0,99.0,-0.82,24.71,-4.69,0.0,2.25,0.1,0.61,3.0,12.2,19.61,"Closed loop, using oxygen sensor feedback to determine fuel mix/",29.0,30
2026-08-17 09:06:43.893,711.75,0.0,61.0,35.0,17.0,99.0,-0.82,24.71,-3.91,0.0,2.22,0.81,0.64,3.5,12.2,19.61,"Closed loop, using oxygen sensor feedback to determine fuel mix/",29.0,30
2026-08-17 09:06:45.588,699.25,0.0,61.0,35.0,17.0,99.0,-0.82,24.71,-8.59,0.0,2.24,0.09,0.8,3.5,12.2,19.61,"Closed loop, using oxygen sensor feedback to determine fuel mix/",29.0,30
2026-08-17 09:06:47.295,713.75,0.0,62.0,35.0,17.0,99.0,-0.82,24.71,-4.69,0.0,2.24,0.11,0.53,2.5,12.2,19.22,"Closed loop, using oxygen sensor feedback to determine fuel mix/",29.0,30
2026-08-17 09:06:48.999,711.0,0.0,62.0,35.0,18.0,99.0,-0.81,24.71,-7.81,0.0,2.23,0.82,0.73,4.0,12.2,19.61,"Closed loop, using oxygen sensor feedback to determine fuel mix/",29.0,30
2026-08-17 09:06:50.700,702.25,0.0,62.0,35.0,18.0,99.0,-0.81,24.71,-8.59,0.0,2.24,0.09,0.79,2.0,12.2,19.61,"Closed loop, using oxygen sensor feedback to determine fuel mix/",29.0,30
2026-08-17 09:06:52.406,718.75,0.0,62.0,35.0,18.0,99.0,-0.81,24.71,-3.91,0.0,2.21,0.32,0.47,3.0,12.2,19.22,"Closed loop, using oxygen sensor feedback to determine fuel mix/",29.0,30
2026-08-17 09:06:54.115,710.0,0.0,62.0,35.0,17.0,99.0,-0.82,24.71,-7.81,0.0,2.21,0.81,0.8,3.0,12.2,19.22,"Closed loop, using oxygen sensor feedback to determine fuel mix/",29.0,30
2026-08-17 09:06:55.823,698.5,0.0,62.0,35.0,17.0,99.0,-0.82,24.71,-8.59,0.0,2.22,0.09,0.77,5.0,12.2,19.61,"Closed loop, using oxygen sensor feedback to determine fuel mix/",29.0,30
2026-08-17 09:06:57.519,709.25,0.0,62.0,35.0,16.0,99.0,-0.83,24.71,-3.91,0.0,2.2,0.74,0.47,1.0,12.2,19.22,"Closed loop, using oxygen sensor feedback to determine fuel mix/",29.0,30
2026-08-17 09:06:59.224,700.0,0.0,62.0,35.0,16.0,99.0,-0.83,24.71,-7.81,0.0,2.2,0.77,0.82,3.0,12.2,19.22,"Closed loop, using oxygen sensor feedback to determine fuel mix/",29.0,30
2026-08-17 09:07:00.917,698.75,0.0,62.0,35.0,18.0,99.0,-0.81,24.71,-8.59,0.0,2.22,0.09,0.76,1.0,12.1,19.22,"Closed loop, using oxygen sensor feedback to determine fuel mix/",29.0,30
2026-08-17 09:07:02.608,712.25,0.0,62.0,35.0,17.0,99.0,-0.82,24.71,-3.91,0.0,2.2,0.78,0.49,1.5,12.1,19.22,"Closed loop, using oxygen sensor feedback to determine fuel mix/",29.0,30
2026-08-17 09:07:04.302,700.5,0.0,62.0,35.0,17.0,99.0,-0.82,24.71,-8.59,0.0,2.19,0.69,0.82,3.0,12.2,19.22,"Closed loop, using oxygen sensor feedback to determine fuel mix/",29.0,30
2026-08-17 09:07:05.998,701.75,0.0,62.0,35.0,17.0,99.0,-0.82,24.71,-8.59,0.0,2.2,0.09,0.72,2.0,12.2,19.22,"Closed loop, using oxygen sensor feedback to determine fuel mix/",29.0,30
2026-08-17 09:07:07.703,712.75,0.0,63.0,35.0,16.0,99.0,-0.83,24.71,-3.91,0.0,2.18,0.81,0.53,1.0,12.1,19.22,"Closed loop, using oxygen sensor feedback to determine fuel mix/",29.0,30
2026-08-17 09:07:09.415,701.0,0.0,63.0,35.0,17.0,99.0,-0.82,24.71,-8.59,0.0,2.19,0.15,0.82,5.0,12.2,19.22,"Closed loop, using oxygen sensor feedback to determine fuel mix/",29.0,30
2026-08-17 09:07:11.105,700.25,0.0,63.0,35.0,18.0,99.0,-0.81,24.71,-4.69,0.0,2.22,0.09,0.7,1.0,12.2,19.22,"Closed loop, using oxygen sensor feedback to determine fuel mix/",29.0,30
2026-08-17 09:07:12.814,709.0,0.0,63.0,35.0,17.0,99.0,-0.82,24.71,-3.91,0.0,2.19,0.83,0.59,1.5,12.2,19.22,"Closed loop, using oxygen sensor feedback to determine fuel mix/",29.0,30
2026-08-17 09:07:14.507,690.5,0.0,63.0,35.0,17.0,99.0,-0.82,24.71,-8.59,0.0,2.2,0.1,0.81,1.5,12.2,19.22,"Closed loop, using oxygen sensor feedback to determine fuel mix/",29.0,30
2026-08-17 09:07:16.200,697.25,0.0,63.0,35.0,18.0,99.0,-0.81,24.71,-4.69,0.0,2.21,0.1,0.66,1.5,12.2,19.22,"Closed loop, using oxygen sensor feedback to determine fuel mix/",29.0,30
2026-08-17 09:07:17.892,710.0,0.0,63.0,35.0,16.0,99.0,-0.83,24.71,-3.91,0.0,2.18,0.83,0.71,3.5,12.2,19.22,"Closed loop, using oxygen sensor feedback to determine fuel mix/",29.0,30
2026-08-17 09:07:19.584,697.5,0.0,63.0,35.0,18.0,99.0,-0.81,24.71,-8.59,0.0,2.2,0.1,0.81,3.0,12.2,19.22,"Closed loop, using oxygen sensor feedback to determine fuel mix/",29.0,30
2026-08-17 09:07:21.278,697.25,0.0,63.0,35.0,16.0,99.0,-0.83,24.71,-4.69,0.0,2.2,0.1,0.63,3.5,12.2,19.22,"Closed loop, using oxygen sensor feedback to determine fuel mix/",29.0,30
2026-08-17 09:07:22.972,701.5,0.0,63.0,35.0,17.0,99.0,-0.82,24.71,-7.81,0.0,2.17,0.83,0.73,4.5,12.2,19.22,"Closed loop, using oxygen sensor feedback to determine fuel mix/",29.0,30
2026-08-17 09:07:24.663,699.75,0.0,63.0,35.0,17.0,99.0,-0.82,24.71,-8.59,0.0,2.19,0.1,0.8,2.5,12.2,19.22,"Closed loop, using oxygen sensor feedback to determine fuel mix/",29.0,30
2026-08-17 09:07:26.357,705.5,0.0,63.0,35.0,18.0,99.0,-0.81,24.71,-4.69,0.0,2.18,0.1,0.62,2.0,12.2,19.22,"Closed loop, using oxygen sensor feedback to determine fuel mix/",29.0,30
2026-08-17 09:07:28.051,706.75,0.0,63.0,35.0,16.0,99.0,-0.83,24.31,-7.81,0.0,2.17,0.83,0.77,3.5,12.2,19.22,"Closed loop, using oxygen sensor feedback to determine fuel mix/",29.0,30
2026-08-17 09:07:29.743,693.75,0.0,64.0,35.0,18.0,99.0,-0.81,24.71,-8.59,0.0,2.18,0.1,0.8,2.0,12.1,19.22,"Closed loop, using oxygen sensor feedback to determine fuel mix/",29.0,30
2026-08-17 09:07:31.437,700.75,0.0,64.0,35.0,17.0,99.0,-0.82,24.71,-4.69,0.0,2.18,0.12,0.6,2.0,12.2,19.22,"Closed loop, using oxygen sensor feedback to determine fuel mix/",29.0,30
2026-08-17 09:07:33.145,704.25,0.0,64.0,35.0,17.0,99.0,-0.82,24.31,-7.81,0.0,2.15,0.83,0.76,3.5,12.2,18.82,"Closed loop, using oxygen sensor feedback to determine fuel mix/",29.0,31
2026-08-17 09:07:34.836,696.0,0.0,64.0,35.0,17.0,99.0,-0.82,24.71,-8.59,0.0,2.18,0.1,0.8,4.5,12.2,19.22,"Closed loop, using oxygen sensor feedback to determine fuel mix/",29.0,30
2026-08-17 09:07:36.537,698.75,0.0,64.0,35.0,18.0,99.0,-0.81,24.71,-4.69,0.0,2.17,0.2,0.59,1.5,12.2,19.22,"Closed loop, using oxygen sensor feedback to determine fuel mix/",29.0,31
2026-08-17 09:07:38.239,704.5,0.0,64.0,35.0,17.0,99.0,-0.82,24.31,-7.81,0.0,2.14,0.81,0.81,3.5,12.1,18.82,"Closed loop, using oxygen sensor feedback to determine fuel mix/",29.0,31
2026-08-17 09:07:39.932,689.25,0.0,64.0,35.0,18.0,99.0,-0.81,24.71,-8.59,0.0,2.17,0.09,0.78,1.5,12.2,18.82,"Closed loop, using oxygen sensor feedback to determine fuel mix/",29.0,31
2026-08-17 09:07:41.624,696.0,0.0,64.0,35.0,18.0,99.0,-0.81,24.31,-3.91,0.0,2.16,0.73,0.48,3.0,12.2,18.82,"Closed loop, using oxygen sensor feedback to determine fuel mix/",29.0,31
2026-08-17 09:07:43.315,698.5,0.0,64.0,35.0,16.0,99.0,-0.83,24.31,-7.81,0.0,2.15,0.79,0.81,4.0,12.2,18.82,"Closed loop, using oxygen sensor feedback to determine fuel mix/",29.0,31
2026-08-17 09:07:45.008,697.0,0.0,64.0,35.0,17.0,99.0,-0.82,24.31,-8.59,0.0,2.17,0.09,0.76,2.5,12.2,18.82,"Closed loop, using oxygen sensor feedback to determine fuel mix/",29.0,31
2026-08-17 09:07:46.704,690.25,0.0,64.0,35.0,18.0,99.0,-0.81,24.31,-3.91,0.0,2.15,0.78,0.44,1.0,12.2,18.82,"Closed loop, using oxygen sensor feedback to determine fuel mix/",29.0,31
2026-08-17 09:07:48.396,695.25,0.0,64.0,35.0,17.0,99.0,-0.82,24.31,-7.81,0.0,2.14,0.76,0.82,2.0,12.2,18.82,"Closed loop, using oxygen sensor feedback to determine fuel mix/",29.0,31
2026-08-17 09:07:50.092,689.5,0.0,64.0,35.0,17.0,99.0,-0.82,24.31,-8.59,0.0,2.16,0.09,0.76,3.5,12.2,19.22,"Closed loop, using oxygen sensor feedback to determine fuel mix/",29.0,31
2026-08-17 09:07:51.799,695.5,0.0,64.0,35.0,17.0,99.0,-0.82,24.31,-3.91,0.0,2.14,0.8,0.42,2.5,12.2,18.82,"Closed loop, using oxygen sensor feedback to determine fuel mix/",29.0,31
2026-08-17 09:07:53.505,681.0,0.0,64.0,35.0,17.0,99.0,-0.82,24.31,-7.81,0.0,2.15,0.72,0.82,3.5,12.1,18.82,"Closed loop, using oxygen sensor feedback to determine fuel mix/",29.0,31
2026-08-17 09:07:55.216,691.5,0.0,65.0,35.0,18.0,99.0,-0.81,24.31,-8.59,0.0,2.16,0.09,0.76,2.5,12.2,18.82,"Closed loop, using oxygen sensor feedback to determine fuel mix/",29.0,31
2026-08-17 09:07:56.922,697.75,0.0,65.0,35.0,16.0,99.0,-0.83,24.31,-3.91,0.0,2.12,0.81,0.48,2.5,12.2,18.43,"Closed loop, using oxygen sensor feedback to determine fuel mix/",29.0,31
2026-08-17 09:07:58.619,690.25,0.0,65.0,35.0,18.0,99.0,-0.81,24.31,-8.59,0.0,2.13,0.68,0.83,4.5,12.1,18.82,"Closed loop, using oxygen sensor feedback to determine fuel mix/",29.0,31
2026-08-17 09:08:00.323,685.0,0.0,65.0,35.0,18.0,99.0,-0.81,24.31,-8.59,0.0,2.16,0.09,0.73,3.0,12.2,18.82,"Closed loop, using oxygen sensor feedback to determine fuel mix/",29.0,31
2026-08-17 09:08:02.019,695.25,0.0,65.0,35.0,17.0,99.0,-0.82,24.31,-3.91,0.0,2.12,0.81,0.43,1.5,12.1,18.43,"Closed loop, using oxygen sensor feedback to determine fuel mix/",29.0,31
2026-08-17 09:08:03.709,691.75,0.0,65.0,35.0,17.0,99.0,-0.82,24.31,-8.59,0.0,2.12,0.73,0.83,2.0,12.2,18.82,"Closed loop, using oxygen sensor feedback to determine fuel mix/",29.0,31
2026-08-17 09:08:05.406,689.75,0.0,65.0,35.0,16.0,99.0,-0.83,24.31,-8.59,0.0,2.14,0.09,0.76,3.5,12.2,18.82,"Closed loop, using oxygen sensor feedback to determine fuel mix/",29.0,31
2026-08-17 09:08:07.114,697.75,0.0,65.0,35.0,17.0,99.0,-0.82,24.31,-3.91,0.0,2.09,0.81,0.41,2.0,12.1,18.43,"Closed loop, using oxygen sensor feedback to determine fuel mix/",29.0,31
2026-08-17 09:08:08.821,688.25,0.0,65.0,35.0,18.0,99.0,-0.81,24.31,-7.81,0.0,2.11,0.76,0.83,3.0,12.1,18.82,"Closed loop, using oxygen sensor feedback to determine fuel mix/",29.0,31
2026-08-17 09:08:10.515,688.75,0.0,65.0,35.0,17.0,99.0,-0.82,24.31,-8.59,0.0,2.13,0.09,0.77,4.5,12.1,18.82,"Closed loop, using oxygen sensor feedback to determine fuel mix/",29.0,31
2026-08-17 09:08:12.208,696.25,0.0,65.0,35.0,17.0,99.0,-0.82,24.31,-3.91,0.0,2.11,0.77,0.43,2.0,12.2,18.43,"Closed loop, using oxygen sensor feedback to determine fuel mix/",29.0,31
2026-08-17 09:08:13.916,690.0,0.0,66.0,35.0,17.0,99.0,-0.82,24.31,-7.81,0.0,2.11,0.81,0.82,4.0,12.1,18.82,"Closed loop, using oxygen sensor feedback to determine fuel mix/",29.0,31
2026-08-17 09:08:15.607,684.5,0.0,66.0,35.0,18.0,99.0,-0.81,24.31,-8.59,0.0,2.12,0.09,0.77,4.0,12.2,18.82,"Closed loop, using oxygen sensor feedback to determine fuel mix/",29.0,31
2026-08-17 09:08:17.320,695.25,0.0,66.0,35.0,16.0,99.0,-0.83,24.31,-3.91,0.0,2.11,0.77,0.34,1.5,12.2,18.43,"Closed loop, using oxygen sensor feedback to determine fuel mix/",29.0,31
2026-08-17 09:08:19.025,684.0,0.0,66.0,35.0,16.0,99.0,-0.83,24.31,-7.81,0.0,2.1,0.83,0.82,2.0,12.2,18.43,"Closed loop, using oxygen sensor feedback to determine fuel mix/",29.0,31
2026-08-17 09:08:20.720,687.25,0.0,66.0,35.0,16.0,99.0,-0.83,24.31,-8.59,0.0,2.11,0.09,0.79,3.5,12.2,18.82,"Closed loop, using oxygen sensor feedback to determine fuel mix/",29.0,31
2026-08-17 09:08:22.426,693.5,0.0,66.0,35.0,16.0,99.0,-0.83,24.31,-3.91,0.0,2.1,0.38,0.43,2.5,12.1,18.43,"Closed loop, using oxygen sensor feedback to determine fuel mix/",29.0,31
2026-08-17 09:08:24.119,690.75,0.0,66.0,35.0,16.0,99.0,-0.83,23.92,-7.81,0.0,2.05,0.81,0.77,3.5,12.2,18.43,"Closed loop, using oxygen sensor feedback to determine fuel mix/",29.0,31
2026-08-17 09:08:25.814,687.5,0.0,66.0,35.0,17.0,99.0,-0.82,24.31,-8.59,0.0,2.11,0.09,0.76,4.0,12.2,18.82,"Closed loop, using oxygen sensor feedback to determine fuel mix/",29.0,31
2026-08-17 09:08:27.523,691.25,0.0,66.0,35.0,18.0,99.0,-0.81,24.31,-3.91,0.0,2.09,0.57,0.18,2.5,12.2,18.43,"Closed loop, using oxygen sensor feedback to determine fuel mix/",29.0,31
2026-08-17 09:08:29.214,688.0,0.0,66.0,35.0,16.0,99.0,-0.83,24.31,-7.81,0.0,2.08,0.82,0.54,2.5,12.2,18.43,"Closed loop, using oxygen sensor feedback to determine fuel mix/",29.0,31
2026-08-17 09:08:30.922,681.5,0.0,66.0,35.0,18.0,99.0,-0.81,24.31,-8.59,0.0,2.11,0.09,0.78,4.5,12.0,18.82,"Closed loop, using oxygen sensor feedback to determine fuel mix/",29.0,31
2026-08-17 09:08:32.616,678.75,0.0,66.0,35.0,21.0,99.0,-0.78,26.67,-3.91,0.0,2.73,0.09,0.17,1.0,12.2,24.31,"Closed loop, using oxygen sensor feedback to determine fuel mix/",29.0,31
2026-08-17 09:08:34.309,691.5,0.0,66.0,35.0,20.0,99.0,-0.79,26.27,-0.78,0.0,2.55,0.2,0.14,2.5,12.2,22.75,"Closed loop, using oxygen sensor feedback to determine fuel mix/",29.0,31
2026-08-17 09:08:35.999,685.75,0.0,67.0,35.0,20.0,99.0,-0.79,26.27,-2.34,0.0,2.59,0.33,0.41,6.5,12.2,23.53,"Closed loop, using oxygen sensor feedback to determine fuel mix/",29.0,31
2026-08-17 09:08:37.692,708.25,1.0,67.0,35.0,20.0,99.0,-0.79,26.27,-0.78,0.0,2.67,0.14,0.35,4.0,12.2,23.14,"Closed loop, using oxygen sensor feedback to determine fuel mix/",29.0,31
2026-08-17 09:08:39.421,722.75,3.0,67.0,35.0,20.0,99.0,-0.79,26.27,0.0,0.0,2.68,0.81,0.71,2.5,12.2,23.14,"Closed loop, using oxygen sensor feedback to determine fuel mix/",29.0,31
2026-08-17 09:08:41.112,729.25,3.0,67.0,35.0,20.0,99.0,-0.79,26.67,-3.91,0.0,2.75,0.1,0.77,3.0,12.2,23.92,"Closed loop, using oxygen sensor feedback to determine fuel mix/",29.0,31
2026-08-17 09:08:42.805,741.5,4.0,67.0,35.0,21.0,99.0,-0.78,26.67,-3.91,0.0,2.77,0.77,0.55,2.5,12.1,23.53,"Closed loop, using oxygen sensor feedback to determine fuel mix/",29.0,31
2026-08-17 09:08:44.498,737.5,4.0,67.0,34.0,20.0,99.0,-0.79,26.67,-5.47,0.0,2.73,0.68,0.78,4.5,12.2,23.53,"Closed loop, using oxygen sensor feedback to determine fuel mix/",29.0,31
2026-08-17 09:08:46.190,728.75,4.0,67.0,35.0,20.0,99.0,-0.79,26.67,-2.34,0.0,2.77,0.09,0.61,1.5,12.2,23.53,"Closed loop, using oxygen sensor feedback to determine fuel mix/",29.0,31
2026-08-17 09:08:47.884,738.75,4.0,67.0,34.0,19.0,99.0,-0.8,26.27,-1.56,0.0,2.71,0.83,0.52,2.0,12.1,23.14,"Closed loop, using oxygen sensor feedback to determine fuel mix/",29.0,32
2026-08-17 09:08:49.591,728.75,3.0,67.0,34.0,21.0,99.0,-0.78,26.27,-6.25,0.0,2.71,0.12,0.81,3.5,12.2,23.14,"Closed loop, using oxygen sensor feedback to determine fuel mix/",29.0,32
2026-08-17 09:08:51.283,722.0,3.0,67.0,34.0,21.0,99.0,-0.78,26.67,-2.34,0.0,2.86,0.1,0.61,6.5,12.1,25.1,"Closed loop, using oxygen sensor feedback to determine fuel mix/",29.0,32
2026-08-17 09:08:52.979,726.0,3.0,67.0,34.0,20.0,99.0,-0.79,27.06,-1.56,0.0,2.89,0.77,0.49,2.0,12.1,25.1,"Closed loop, using oxygen sensor feedback to determine fuel mix/",29.0,32
2026-08-17 09:08:54.669,721.5,3.0,67.0,34.0,21.0,99.0,-0.78,26.67,-5.47,0.0,2.84,0.1,0.78,3.0,12.2,24.71,"Closed loop, using oxygen sensor feedback to determine fuel mix/",29.0,32
2026-08-17 09:08:56.394,726.75,3.0,68.0,34.0,20.0,99.0,-0.79,26.67,-0.78,0.0,2.82,0.78,0.44,2.5,12.1,24.31,"Closed loop, using oxygen sensor feedback to determine fuel mix/",29.0,32
2026-08-17 09:08:58.103,726.0,3.0,67.0,34.0,20.0,99.0,-0.79,26.67,-3.91,0.0,2.82,0.7,0.83,1.5,12.2,24.31,"Closed loop, using oxygen sensor feedback to determine fuel mix/",29.0,31
2026-08-17 09:08:59.797,739.0,3.0,68.0,34.0,21.0,99.0,-0.78,26.67,-5.47,0.0,2.82,0.1,0.73,2.0,12.2,24.31,"Closed loop, using oxygen sensor feedback to determine fuel mix/",29.0,31
2026-08-17 09:09:01.491,743.0,4.0,68.0,34.0,21.0,99.0,-0.78,26.67,-6.25,0.0,2.83,0.28,0.78,3.0,12.2,23.53,"Closed loop, using oxygen sensor feedback to determine fuel mix/",29.0,32
2026-08-17 09:09:03.199,747.25,4.0,68.0,34.0,19.0,99.0,-0.8,26.27,-2.34,0.0,2.7,0.68,0.67,2.0,12.2,22.75,"Closed loop, using oxygen sensor feedback to determine fuel mix/",29.0,32
2026-08-17 09:09:04.889,742.0,4.0,68.0,34.0,19.0,99.0,-0.8,26.67,-7.03,0.0,2.83,0.1,0.79,4.5,12.2,24.31,"Closed loop, using oxygen sensor feedback to determine fuel mix/",29.0,32
2026-08-17 09:09:06.589,760.75,5.0,68.0,34.0,19.0,99.0,-0.8,26.27,-3.12,0.0,2.7,0.79,0.45,0.5,12.2,22.35,"Closed loop, using oxygen sensor feedback to determine fuel mix/",29.0,32
2026-08-17 09:09:08.293,777.25,5.0,68.0,34.0,18.0,99.0,-0.81,26.27,-7.81,0.0,2.62,0.77,0.84,3.0,12.2,21.96,"Closed loop, using oxygen sensor feedback to determine fuel mix/",29.0,32
2026-08-17 09:09:09.987,769.0,5.0,68.0,34.0,18.0,99.0,-0.81,26.27,-8.59,0.0,2.61,0.1,0.78,4.0,12.2,22.35,"Closed loop, using oxygen sensor feedback to determine fuel mix/",29.0,32
2026-08-17 09:09:11.679,763.25,5.0,68.0,34.0,18.0,99.0,-0.81,26.27,-4.69,0.0,2.63,0.55,0.58,3.5,12.2,21.96,"Closed loop, using oxygen sensor feedback to determine fuel mix/",29.0,32
2026-08-17 09:09:13.387,777.0,5.0,68.0,34.0,17.0,99.0,-0.82,25.88,-8.59,0.0,2.59,0.79,0.72,3.5,12.2,21.96,"Closed loop, using oxygen sensor feedback to determine fuel mix/",29.0,32
2026-08-17 09:09:15.082,774.25,5.0,68.0,34.0,19.0,99.0,-0.8,27.45,-1.56,-4.69,3.33,0.07,0.71,-1.0,12.2,32.55,"Closed loop, using oxygen sensor feedback to determine fuel mix/",29.0,32
2026-08-17 09:09:16.771,1005.5,6.0,69.0,34.0,22.0,99.0,-0.77,26.67,-1.56,-4.69,2.93,0.92,0.9,13.0,12.2,20.0,"Closed loop, using oxygen sensor feedback to determine fuel mix/",29.0,32
2026-08-17 09:09:18.482,956.5,6.0,69.0,34.0,17.0,99.0,-0.82,27.06,-3.91,-4.69,3.03,0.85,0.85,12.5,12.2,20.78,"Closed loop, using oxygen sensor feedback to determine fuel mix/",29.0,32
2026-08-17 09:09:20.174,963.25,7.0,69.0,34.0,16.0,99.0,-0.83,27.06,-3.91,-4.69,3.0,0.1,0.79,11.5,12.2,20.78,"Closed loop, using oxygen sensor feedback to determine fuel mix/",29.0,32
2026-08-17 09:09:21.865,930.75,7.0,69.0,34.0,18.0,99.0,-0.81,27.06,-4.69,0.78,3.0,0.87,0.83,0.0,12.1,21.57,"Closed loop, using oxygen sensor feedback to determine fuel mix/",29.0,32
2026-08-17 09:09:23.558,841.0,6.0,69.0,34.0,16.0,99.0,-0.83,25.49,-10.16,0.78,2.47,0.85,0.85,5.5,12.2,20.0,"Closed loop, using oxygen sensor feedback to determine fuel mix/",29.0,32
2026-08-17 09:09:25.254,801.0,5.0,69.0,34.0,16.0,99.0,-0.83,25.49,-7.03,0.78,2.42,0.15,0.79,6.5,12.2,20.0,"Closed loop, using oxygen sensor feedback to determine fuel mix/",29.0,32
2026-08-17 09:09:26.960,776.5,5.0,69.0,34.0,17.0,99.0,-0.82,25.49,-8.59,0.78,2.45,0.77,0.81,7.0,12.2,20.78,"Closed loop, using oxygen sensor feedback to determine fuel mix/",29.0,32
2026-08-17 09:09:28.653,805.0,5.0,69.0,34.0,20.0,99.0,-0.79,27.06,-1.56,-4.69,2.99,0.1,0.74,2.5,12.2,24.31,"Closed loop, using oxygen sensor feedback to determine fuel mix/",29.0,32
2026-08-17 09:09:30.347,832.5,5.0,69.0,34.0,20.0,99.0,-0.79,27.45,-1.56,-4.69,3.57,0.12,0.8,-0.5,12.2,28.63,"Closed loop, using oxygen sensor feedback to determine fuel mix/",29.0,32
2026-08-17 09:09:32.056,895.75,6.0,70.0,34.0,19.0,99.0,-0.8,27.06,-2.34,0.78,3.03,0.88,0.87,6.5,12.2,22.35,"Closed loop, using oxygen sensor feedback to determine fuel mix/",29.0,32
2026-08-17 09:09:33.746,827.25,6.0,70.0,34.0,18.0,99.0,-0.81,25.88,-7.03,0.78,2.51,0.87,0.85,5.5,12.2,20.0,"Closed loop, using oxygen sensor feedback to determine fuel mix/",29.0,32
2026-08-17 09:09:35.457,785.25,5.0,70.0,34.0,17.0,99.0,-0.82,25.49,-10.16,0.78,2.47,0.71,0.82,7.5,12.1,20.39,"Closed loop, using oxygen sensor feedback to determine fuel mix/",29.0,32
2026-08-17 09:09:37.150,774.75,5.0,70.0,34.0,18.0,99.0,-0.81,25.49,-6.25,0.78,2.47,0.82,0.79,7.0,12.2,20.78,"Closed loop, using oxygen sensor feedback to determine fuel mix/",29.0,32
2026-08-17 09:09:38.841,770.25,5.0,70.0,34.0,18.0,99.0,-0.81,25.88,-10.16,0.78,2.5,0.75,0.81,10.5,12.1,21.18,"Closed loop, using oxygen sensor feedback to determine fuel mix/",29.0,32
2026-08-17 09:09:40.550,753.75,5.0,70.0,34.0,18.0,99.0,-0.81,25.88,-4.69,0.78,2.53,0.1,0.72,4.5,12.2,21.18,"Closed loop, using oxygen sensor feedback to determine fuel mix/",29.0,32
2026-08-17 09:09:42.242,759.5,5.0,70.0,34.0,19.0,99.0,-0.8,25.88,-8.59,0.78,2.52,0.69,0.81,5.5,12.2,21.18,"Closed loop, using oxygen sensor feedback to determine fuel mix/",29.0,32
2026-08-17 09:09:43.936,761.0,5.0,70.0,34.0,17.0,99.0,-0.82,25.88,-8.59,0.78,2.53,0.12,0.76,2.5,12.1,20.78,"Closed loop, using oxygen sensor feedback to determine fuel mix/",29.0,32
2026-08-17 09:09:45.631,769.25,5.0,70.0,34.0,17.0,99.0,-0.82,25.88,-9.38,0.78,2.53,0.32,0.81,8.0,12.2,21.18,"Closed loop, using oxygen sensor feedback to determine fuel mix/",29.0,32
2026-08-17 09:09:47.352,765.0,5.0,71.0,34.0,19.0,99.0,-0.8,25.88,-6.25,0.78,2.52,0.14,0.69,7.5,12.1,21.18,"Closed loop, using oxygen sensor feedback to determine fuel mix/",29.0,32
2026-08-17 09:09:49.047,763.25,5.0,71.0,34.0,18.0,99.0,-0.81,25.88,-9.38,0.78,2.52,0.1,0.78,6.0,12.2,21.18,"Closed loop, using oxygen sensor feedback to determine fuel mix/",29.0,32
2026-08-17 09:09:50.770,766.5,5.0,71.0,34.0,19.0,99.0,-0.8,25.88,-8.59,0.78,2.52,0.77,0.61,5.0,12.2,21.18,"Closed loop, using oxygen sensor feedback to determine fuel mix/",29.0,32
2026-08-17 09:09:52.496,763.0,5.0,71.0,34.0,17.0,99.0,-0.82,25.88,-6.25,0.78,2.51,0.1,0.7,4.5,12.1,21.18,"Closed loop, using oxygen sensor feedback to determine fuel mix/",29.0,32
2026-08-17 09:09:54.188,762.0,5.0,71.0,34.0,17.0,99.0,-0.82,25.88,-6.25,0.78,2.52,0.12,0.77,5.5,12.1,21.18,"Closed loop, using oxygen sensor feedback to determine fuel mix/",29.0,32
2026-08-17 09:09:55.880,761.0,5.0,71.0,34.0,19.0,99.0,-0.8,25.88,-9.38,0.78,2.55,0.12,0.8,13.5,12.0,22.35,"Closed loop, using oxygen sensor feedback to determine fuel mix/",29.0,32
2026-08-17 09:09:57.573,715.5,2.0,71.0,34.0,20.0,99.0,-0.79,26.27,-6.25,0.0,2.68,0.1,0.43,10.5,12.1,23.92,"Closed loop, using oxygen sensor feedback to determine fuel mix/",29.0,32
2026-08-17 09:09:59.269,714.75,1.0,71.0,34.0,20.0,99.0,-0.79,26.27,-3.12,0.0,2.72,0.1,0.15,5.0,12.1,23.53,"Closed loop, using oxygen sensor feedback to determine fuel mix/",29.0,32
2026-08-17 09:10:00.961,687.5,0.0,71.0,34.0,20.0,99.0,-0.79,26.27,-2.34,0.0,2.72,0.77,0.39,5.0,12.1,24.31,"Closed loop, using oxygen sensor feedback to determine fuel mix/",29.0,32
2026-08-17 09:10:02.669,694.75,2.0,71.0,34.0,23.0,99.0,-0.76,27.06,-6.25,0.0,2.91,0.07,0.56,4.0,12.2,25.49,"Closed loop, using oxygen sensor feedback to determine fuel mix/",29.0,32
2026-08-17 09:10:04.363,721.5,2.0,72.0,34.0,22.0,99.0,-0.77,26.67,-0.78,0.0,2.84,0.51,0.14,4.0,12.2,24.71,"Closed loop, using oxygen sensor feedback to determine fuel mix/",29.0,32
2026-08-17 09:10:06.052,726.25,3.0,72.0,34.0,21.0,99.0,-0.78,27.06,-4.69,0.0,2.88,0.81,0.64,3.5,12.2,25.1,"Closed loop, using oxygen sensor feedback to determine fuel mix/",29.0,32
2026-08-17 09:10:07.765,724.75,3.0,72.0,34.0,22.0,99.0,-0.77,27.06,-5.47,0.0,2.91,0.09,0.69,1.5,12.2,25.1,"Closed loop, using oxygen sensor feedback to determine fuel mix/",29.0,32
2026-08-17 09:10:09.455,737.5,3.0,72.0,34.0,21.0,99.0,-0.78,26.67,-1.56,0.0,2.88,0.81,0.4,3.5,12.1,24.71,"Closed loop, using oxygen sensor feedback to determine fuel mix/",29.0,32
2026-08-17 09:10:11.163,723.25,3.0,72.0,34.0,21.0,99.0,-0.78,26.67,-6.25,0.0,2.86,0.1,0.81,4.0,12.2,25.1,"Closed loop, using oxygen sensor feedback to determine fuel mix/",29.0,32
2026-08-17 09:10:12.858,746.75,3.0,72.0,34.0,21.0,99.0,-0.78,26.67,-2.34,0.0,2.89,0.69,0.27,2.0,12.1,24.31,"Closed loop, using oxygen sensor feedback to determine fuel mix/",29.0,32
2026-08-17 09:10:14.549,731.25,3.0,72.0,34.0,22.0,99.0,-0.77,26.67,-5.47,0.0,2.88,0.8,0.8,3.5,12.2,24.71,"Closed loop, using oxygen sensor feedback to determine fuel mix/",29.0,32
2026-08-17 09:10:16.244,712.75,3.0,72.0,34.0,22.0,99.0,-0.77,27.06,-6.25,0.0,2.93,0.08,0.63,3.0,12.1,25.49,"Closed loop, using oxygen sensor feedback to determine fuel mix/",29.0,33
2026-08-17 09:10:17.955,725.75,3.0,72.0,34.0,23.0,99.0,-0.76,26.67,-1.56,0.0,2.87,0.77,0.27,4.0,12.2,25.1,"Closed loop, using oxygen sensor feedback to determine fuel mix/",29.0,33
2026-08-17 09:10:19.660,725.5,2.0,72.0,34.0,22.0,99.0,-0.77,26.67,-5.47,0.0,2.86,0.1,0.77,3.0,12.2,24.71,"Closed loop, using oxygen sensor feedback to determine fuel mix/",29.0,33
2026-08-17 09:10:21.352,735.25,3.0,72.0,34.0,20.0,99.0,-0.79,26.67,-1.56,0.0,2.89,0.75,0.34,4.0,12.1,24.71,"Closed loop, using oxygen sensor feedback to determine fuel mix/",29.0,33
2026-08-17 09:10:23.047,728.75,3.0,72.0,34.0,22.0,99.0,-0.77,26.67,-5.47,0.0,2.86,0.77,0.81,4.5,12.2,24.71,"Closed loop, using oxygen sensor feedback to determine fuel mix/",29.0,33
2026-08-17 09:10:24.754,732.0,4.0,72.0,34.0,23.0,99.0,-0.76,28.24,1.56,-4.69,3.65,0.07,0.43,-1.5,12.2,30.2,"Closed loop, using oxygen sensor feedback to determine fuel mix/",29.0,33
2026-08-17 09:10:26.450,816.25,4.0,73.0,34.0,27.0,99.0,-0.72,29.02,2.34,-4.69,4.03,0.88,0.12,8.5,12.2,27.84,"Closed loop, using oxygen sensor feedback to determine fuel mix/",29.0,33
2026-08-17 09:10:28.157,924.25,5.0,73.0,34.0,25.0,99.0,-0.74,30.2,-0.78,-4.69,4.64,0.11,0.74,8.5,12.2,28.24,"Closed loop, using oxygen sensor feedback to determine fuel mix/",29.0,33
2026-08-17 09:10:29.850,1105.75,7.0,73.0,34.0,21.0,99.0,-0.78,30.2,-1.56,-4.69,4.6,0.08,0.41,10.0,12.2,22.75,"Closed loop, using oxygen sensor feedback to determine fuel mix/",29.0,33
2026-08-17 09:10:31.557,1048.5,8.0,73.0,33.0,23.0,99.0,-0.76,29.8,2.34,-4.69,4.09,0.77,0.72,12.5,12.2,22.75,"Closed loop, using oxygen sensor feedback to determine fuel mix/",29.0,33
2026-08-17 09:10:33.250,1006.5,10.0,73.0,33.0,20.0,99.0,-0.79,27.84,-2.34,-4.69,3.39,0.78,0.87,20.5,12.2,21.57,"Closed loop, using oxygen sensor feedback to determine fuel mix/",29.0,33
2026-08-17 09:10:34.943,819.0,10.0,73.0,33.0,18.0,99.0,-0.81,25.49,-8.59,0.78,2.52,0.87,0.84,0.5,12.2,20.39,"Closed loop, using oxygen sensor feedback to determine fuel mix/",29.0,33
2026-08-17 09:10:36.634,764.75,8.0,73.0,34.0,18.0,99.0,-0.81,25.88,-10.16,0.78,2.53,0.8,0.83,11.5,12.1,21.57,"Closed loop, using oxygen sensor feedback to determine fuel mix/",29.0,33
2026-08-17 09:10:38.329,775.25,5.0,73.0,34.0,19.0,99.0,-0.8,26.27,-6.25,0.78,2.67,0.73,0.73,5.0,12.1,21.96,"Closed loop, using oxygen sensor feedback to determine fuel mix/",29.0,33
2026-08-17 09:10:40.022,774.5,5.0,73.0,34.0,17.0,99.0,-0.82,25.88,-7.81,0.78,2.49,0.81,0.82,9.0,12.2,20.78,"Closed loop, using oxygen sensor feedback to determine fuel mix/",29.0,33
2026-08-17 09:10:41.716,766.25,5.0,74.0,34.0,20.0,99.0,-0.79,29.02,-1.56,-4.69,3.95,0.09,0.8,-2.0,12.1,29.8,"Closed loop, using oxygen sensor feedback to determine fuel mix/",29.0,33
2026-08-17 09:10:43.407,953.75,6.0,74.0,34.0,24.0,99.0,-0.75,29.02,-3.12,-4.69,3.89,0.91,0.89,13.0,12.0,22.75,"Closed loop, using oxygen sensor feedback to determine fuel mix/",29.0,33
2026-08-17 09:10:45.133,1039.0,7.0,74.0,34.0,19.0,99.0,-0.8,28.63,-3.91,-4.69,3.75,0.09,0.82,-5.0,11.9,29.41,"Closed loop, using oxygen sensor feedback to determine fuel mix/",29.0,33
2026-08-17 09:10:46.840,923.5,8.0,74.0,34.0,18.0,99.0,-0.81,25.88,-4.69,-4.69,2.7,0.88,0.87,16.5,12.1,21.18,"Closed loop, using oxygen sensor feedback to determine fuel mix/",29.0,33
2026-08-17 09:10:48.532,833.5,8.0,74.0,34.0,18.0,99.0,-0.81,26.27,-5.47,-4.69,2.65,0.1,0.81,15.0,12.1,20.39,"Closed loop, using oxygen sensor feedback to determine fuel mix/",29.0,33
2026-08-17 09:10:50.230,854.0,8.0,74.0,34.0,17.0,99.0,-0.82,26.27,-4.69,-4.69,2.64,0.74,0.63,15.0,12.1,20.78,"Closed loop, using oxygen sensor feedback to determine fuel mix/",29.0,33
2026-08-17 09:10:51.918,855.0,9.0,74.0,34.0,17.0,99.0,-0.82,26.27,-5.47,-4.69,2.67,0.09,0.69,13.0,12.1,20.78,"Closed loop, using oxygen sensor feedback to determine fuel mix/",29.0,33
2026-08-17 09:10:53.619,869.5,9.0,74.0,34.0,18.0,99.0,-0.81,26.27,-1.56,-4.69,2.73,0.81,0.42,12.0,12.1,20.78,"Closed loop, using oxygen sensor feedback to determine fuel mix/",29.0,33
2026-08-17 09:10:55.320,824.25,9.0,74.0,34.0,17.0,99.0,-0.82,25.88,-5.47,-4.69,2.53,0.1,0.78,4.0,12.2,20.78,"Closed loop, using oxygen sensor feedback to determine fuel mix/",29.0,33
2026-08-17 09:10:57.016,782.25,8.0,75.0,34.0,17.0,99.0,-0.82,25.49,-1.56,-4.69,2.46,0.81,0.52,5.5,12.1,20.39,"Closed loop, using oxygen sensor feedback to determine fuel mix/",29.0,33
2026-08-17 09:10:58.706,745.5,8.0,75.0,34.0,18.0,99.0,-0.81,25.49,-6.25,-3.12,2.35,0.72,0.81,8.5,12.0,21.57,"Closed loop, using oxygen sensor feedback to determine fuel mix/",29.0,33
2026-08-17 09:11:00.402,810.25,7.0,75.0,34.0,23.0,99.0,-0.76,27.84,-2.34,-4.69,3.17,0.88,0.66,6.5,12.1,25.88,"Closed loop, using oxygen sensor feedback to determine fuel mix/",29.0,33
2026-08-17 09:11:02.106,854.0,7.0,75.0,34.0,24.0,99.0,-0.75,27.45,-5.47,-0.78,2.41,0.88,0.88,7.5,12.1,20.78,"Closed loop, using oxygen sensor feedback to determine fuel mix/",29.0,33
2026-08-17 09:11:03.802,736.5,6.0,75.0,34.0,20.0,99.0,-0.79,26.27,-10.16,0.78,2.65,0.73,0.85,7.5,12.0,23.14,"Closed loop, using oxygen sensor feedback to determine fuel mix/",29.0,33
2026-08-17 09:11:05.512,726.75,4.0,75.0,34.0,20.0,99.0,-0.79,26.27,-6.25,0.78,2.7,0.76,0.77,6.5,12.1,23.14,"Closed loop, using oxygen sensor feedback to determine fuel mix/",29.0,33
2026-08-17 09:11:07.201,713.0,3.0,75.0,33.0,20.0,99.0,-0.79,26.27,-8.59,0.78,2.62,0.68,0.81,6.5,12.0,22.75,"Closed loop, using oxygen sensor feedback to determine fuel mix/",29.0,33
2026-08-17 09:11:08.912,706.75,3.0,75.0,33.0,21.0,99.0,-0.78,26.27,-4.69,0.78,2.65,0.1,0.7,5.0,12.1,23.14,"Closed loop, using oxygen sensor feedback to determine fuel mix/",29.0,33
2026-08-17 09:11:10.605,696.5,2.0,75.0,33.0,21.0,99.0,-0.78,26.27,-7.81,0.0,2.57,0.1,0.8,6.0,12.0,22.35,"Closed loop, using oxygen sensor feedback to determine fuel mix/",29.0,33
2026-08-17 09:11:12.330,694.75,1.0,75.0,33.0,19.0,99.0,-0.8,26.27,-4.69,0.0,2.58,0.19,0.41,6.5,12.1,22.75,"Closed loop, using oxygen sensor feedback to determine fuel mix/",29.0,33
2026-08-17 09:11:14.021,693.25,2.0,75.0,33.0,25.0,99.0,-0.74,28.63,-1.56,-4.69,3.77,0.1,0.69,3.0,12.1,32.16,"Closed loop, using oxygen sensor feedback to determine fuel mix/",29.0,33
2026-08-17 09:11:15.732,928.25,4.0,75.0,33.0,29.0,99.0,-0.7,30.2,-2.34,-4.69,4.46,0.74,0.87,33.0,12.1,29.41,"Closed loop, using oxygen sensor feedback to determine fuel mix/",29.0,33
2026-08-17 09:11:17.439,1069.25,5.0,76.0,33.0,36.0,99.0,-0.63,30.59,0.0,-4.69,4.86,0.07,0.2,32.0,12.1,26.27,"Closed loop, using oxygen sensor feedback to determine fuel mix/",29.0,33
2026-08-17 09:11:19.131,1112.5,7.0,76.0,33.0,33.0,99.0,-0.66,30.59,2.34,-4.69,4.89,0.09,0.1,35.5,12.1,25.49,"Closed loop, using oxygen sensor feedback to determine fuel mix/",29.0,33
2026-08-17 09:11:20.825,1109.0,10.0,76.0,33.0,27.0,99.0,-0.72,29.8,2.34,-4.69,4.33,0.72,0.26,29.0,12.1,23.14,"Closed loop, using oxygen sensor feedback to determine fuel mix/",29.0,33
2026-08-17 09:11:22.516,1116.5,11.0,76.0,33.0,25.0,99.0,-0.74,29.41,2.34,-4.69,4.13,0.79,0.4,28.5,12.1,21.57,"Closed loop, using oxygen sensor feedback to determine fuel mix/",29.0,33
2026-08-17 09:11:24.210,935.75,12.0,76.0,33.0,17.0,99.0,-0.82,27.06,-0.78,0.78,2.95,0.08,0.82,2.0,12.1,20.0,"Closed loop, using oxygen sensor feedback to determine fuel mix/",29.0,33
2026-08-17 09:11:25.902,827.5,11.0,76.0,33.0,14.0,99.0,-0.85,24.31,2.34,0.78,2.16,0.93,0.82,0.0,12.1,18.04,"Closed loop, using oxygen sensor feedback to determine fuel mix/",29.0,33
2026-08-17 09:11:27.595,787.75,10.0,76.0,33.0,16.0,99.0,-0.83,24.31,-2.34,-1.56,2.16,0.91,0.9,7.5,12.1,17.65,"Closed loop, using oxygen sensor feedback to determine fuel mix/",29.0,33
2026-08-17 09:11:29.289,821.0,9.0,76.0,33.0,15.0,99.0,-0.84,25.1,-7.81,-4.69,2.31,0.8,0.85,12.0,12.0,18.82,"Closed loop, using oxygen sensor feedback to determine fuel mix/",29.0,33
2026-08-17 09:11:30.985,890.25,9.0,76.0,33.0,20.0,99.0,-0.79,26.27,-3.91,-4.69,3.0,0.65,0.75,8.0,12.1,20.39,"Closed loop, using oxygen sensor feedback to determine fuel mix/",29.0,33
2026-08-17 09:11:32.689,897.25,8.0,76.0,33.0,17.0,99.0,-0.82,26.27,-5.47,0.78,2.78,0.89,0.88,2.0,12.0,21.57,"Closed loop, using oxygen sensor feedback to determine fuel mix/",29.0,33
2026-08-17 09:11:34.397,809.25,6.0,77.0,33.0,17.0,99.0,-0.82,26.27,-11.72,0.78,2.65,0.73,0.84,7.5,12.1,21.57,"Closed loop, using oxygen sensor feedback to determine fuel mix/",29.0,33
2026-08-17 09:11:36.108,782.5,5.0,77.0,33.0,17.0,99.0,-0.82,25.88,-7.03,0.78,2.48,0.82,0.81,6.0,12.1,20.78,"Closed loop, using oxygen sensor feedback to determine fuel mix/",29.0,33
2026-08-17 09:11:37.801,761.5,4.0,77.0,33.0,18.0,99.0,-0.81,25.88,-10.94,0.78,2.5,0.73,0.82,11.0,12.1,21.18,"Closed loop, using oxygen sensor feedback to determine fuel mix/",29.0,33
2026-08-17 09:11:39.510,765.5,5.0,77.0,33.0,22.0,99.0,-0.77,27.45,-1.56,-4.69,3.22,0.1,0.73,0.5,12.1,26.27,"Closed loop, using oxygen sensor feedback to determine fuel mix/",29.0,33
2026-08-17 09:11:41.202,832.5,5.0,77.0,33.0,22.0,99.0,-0.77,27.45,-1.56,0.78,3.1,0.86,0.75,0.5,12.1,23.92,"Closed loop, using oxygen sensor feedback to determine fuel mix/",29.0,33
2026-08-17 09:11:42.927,861.5,5.0,77.0,33.0,22.0,99.0,-0.77,27.45,-4.69,-4.69,3.28,0.74,0.84,12.5,12.1,31.37,"Closed loop, using oxygen sensor feedback to determine fuel mix/",29.0,33
2026-08-17 09:11:44.647,1101.0,7.0,77.0,33.0,34.0,99.0,-0.65,31.37,-3.91,-4.69,5.41,0.09,0.58,35.5,12.1,25.49,"Closed loop, using oxygen sensor feedback to determine fuel mix/",29.0,33
2026-08-17 09:11:46.358,1192.0,10.0,77.0,33.0,31.0,99.0,-0.68,30.98,0.78,-4.69,5.15,0.09,0.32,35.0,12.1,23.92,"Closed loop, using oxygen sensor feedback to determine fuel mix/",29.0,33
2026-08-17 09:11:48.052,1181.5,12.0,78.0,33.0,29.0,99.0,-0.7,30.2,2.34,-4.69,4.64,0.75,0.23,21.5,12.1,20.39,"Closed loop, using oxygen sensor feedback to determine fuel mix/",29.0,33
2026-08-17 09:11:49.745,1187.5,13.0,78.0,33.0,24.0,99.0,-0.75,29.02,-2.34,-4.69,4.01,0.72,0.82,25.5,12.2,18.04,"Closed loop, using oxygen sensor feedback to determine fuel mix/",29.0,33
2026-08-17 09:11:51.438,1235.5,14.0,78.0,33.0,19.0,99.0,-0.8,29.41,-3.91,-4.69,4.15,0.07,0.78,27.5,12.2,18.43,"Closed loop, using oxygen sensor feedback to determine fuel mix/",29.0,33
2026-08-17 09:11:53.133,1118.0,14.0,78.0,33.0,18.0,99.0,-0.81,27.84,0.78,0.78,3.52,0.9,0.45,-2.5,12.0,19.22,"Closed loop, using oxygen sensor feedback to determine fuel mix/",29.0,33
2026-08-17 09:11:54.825,1023.75,13.0,78.0,33.0,15.0,99.0,-0.84,25.49,-3.91,0.78,2.5,0.92,0.9,-3.0,12.0,16.86,"Closed loop, using oxygen sensor feedback to determine fuel mix/",29.0,33
2026-08-17 09:11:56.535,905.25,12.0,78.0,33.0,14.0,99.0,-0.85,24.71,-10.16,0.78,2.24,0.91,0.9,4.5,12.1,16.86,"Closed loop, using oxygen sensor feedback to determine fuel mix/",29.0,33
2026-08-17 09:11:58.243,786.75,11.0,78.0,33.0,16.0,99.0,-0.83,24.31,-11.72,-0.78,2.11,0.86,0.85,0.5,12.1,17.25,"Closed loop, using oxygen sensor feedback to determine fuel mix/",29.0,33
2026-08-17 09:11:59.949,771.0,9.0,78.0,33.0,17.0,99.0,-0.82,24.71,-13.28,-2.34,2.18,0.74,0.81,4.0,12.0,18.43,"Closed loop, using oxygen sensor feedback to determine fuel mix/",29.0,33
2026-08-17 09:12:01.649,761.5,9.0,78.0,33.0,17.0,99.0,-0.82,25.1,-9.38,-3.12,2.29,0.1,0.77,12.0,12.1,21.96,"Closed loop, using oxygen sensor feedback to determine fuel mix/",29.0,34
2026-08-17 09:12:03.351,814.25,8.0,79.0,33.0,17.0,99.0,-0.82,25.88,-9.38,-3.91,2.45,0.76,0.81,7.5,12.1,19.61,"Closed loop, using oxygen sensor feedback to determine fuel mix/",29.0,34
2026-08-17 09:12:05.046,809.5,8.0,79.0,33.0,18.0,99.0,-0.81,25.88,-9.38,-4.69,2.47,0.09,0.75,8.0,12.1,20.0,"Closed loop, using oxygen sensor feedback to determine fuel mix/",29.0,34
2026-08-17 09:12:06.738,818.0,8.0,79.0,33.0,17.0,99.0,-0.82,25.49,-9.38,-4.69,2.44,0.1,0.78,6.5,12.0,20.0,"Closed loop, using oxygen sensor feedback to determine fuel mix/",29.0,34
2026-08-17 09:12:08.432,803.0,8.0,79.0,33.0,18.0,99.0,-0.81,25.88,-4.69,-4.69,2.48,0.1,0.51,7.0,12.1,20.39,"Closed loop, using oxygen sensor feedback to determine fuel mix/",29.0,34
2026-08-17 09:12:10.125,801.5,7.0,79.0,33.0,18.0,99.0,-0.81,25.49,-4.69,-4.69,2.44,0.77,0.59,7.0,12.1,20.0,"Closed loop, using oxygen sensor feedback to determine fuel mix/",29.0,34
2026-08-17 09:12:11.833,791.5,7.0,79.0,33.0,17.0,99.0,-0.82,25.88,-8.59,-5.47,2.47,0.09,0.74,7.0,12.0,20.39,"Closed loop, using oxygen sensor feedback to determine fuel mix/",29.0,34
2026-08-17 09:12:13.526,802.0,7.0,79.0,33.0,18.0,99.0,-0.81,25.88,-3.91,-5.47,2.47,0.14,0.22,6.0,12.1,20.39,"Closed loop, using oxygen sensor feedback to determine fuel mix/",29.0,34
2026-08-17 09:12:15.248,927.5,7.0,79.0,33.0,17.0,99.0,-0.82,27.06,-1.56,-6.25,2.98,0.88,0.83,5.5,12.1,20.78,"Closed loop, using oxygen sensor feedback to determine fuel mix/",29.0,34
2026-08-17 09:12:16.943,982.0,7.0,79.0,33.0,17.0,99.0,-0.82,27.45,-3.12,-6.25,3.11,0.79,0.83,3.5,12.1,21.57,"Closed loop, using oxygen sensor feedback to determine fuel mix/",29.0,34
2026-08-17 09:12:18.634,866.25,7.0,79.0,33.0,19.0,99.0,-0.8,26.27,-4.69,-5.47,2.7,0.09,0.79,3.0,12.0,21.18,"Closed loop, using oxygen sensor feedback to determine fuel mix/",29.0,34
2026-08-17 09:12:20.328,806.0,6.0,79.0,33.0,17.0,99.0,-0.82,25.88,-5.47,-6.25,2.51,0.76,0.81,8.0,12.1,20.78,"Closed loop, using oxygen sensor feedback to determine fuel mix/",29.0,34
2026-08-17 09:12:22.036,760.25,4.0,79.0,33.0,24.0,99.0,-0.75,29.41,-1.56,-7.03,4.74,0.11,0.71,22.5,12.0,34.9,"Closed loop, using oxygen sensor feedback to determine fuel mix/",29.0,34
2026-08-17 09:12:23.729,1110.25,4.0,79.0,33.0,33.0,99.0,-0.66,30.59,-3.91,-7.81,4.9,0.74,0.84,22.0,12.1,27.45,"Closed loop, using oxygen sensor feedback to determine fuel mix/",29.0,34
2026-08-17 09:12:25.423,1121.25,6.0,80.0,33.0,29.0,99.0,-0.7,30.2,0.0,-7.81,4.26,0.09,0.14,15.5,12.1,21.57,"Closed loop, using oxygen sensor feedback to determine fuel mix/",29.0,34
2026-08-17 09:12:27.131,1080.0,8.0,80.0,33.0,17.0,99.0,-0.82,27.84,0.78,-8.59,3.42,0.08,0.82,1.0,12.1,21.96,"Closed loop, using oxygen sensor feedback to determine fuel mix/",29.0,34
2026-08-17 09:12:28.823,901.25,7.0,80.0,33.0,18.0,99.0,-0.81,26.67,0.78,-7.81,2.77,0.89,0.66,1.5,12.1,20.78,"Closed loop, using oxygen sensor feedback to determine fuel mix/",29.0,34
2026-08-17 09:12:30.532,827.75,7.0,80.0,33.0,17.0,99.0,-0.82,25.49,-3.91,-7.81,2.44,0.83,0.85,5.5,12.1,19.61,"Closed loop, using oxygen sensor feedback to determine fuel mix/",29.0,34
2026-08-17 09:12:32.228,802.25,7.0,80.0,33.0,17.0,99.0,-0.82,25.49,-4.69,-7.81,2.4,0.09,0.81,7.5,12.0,19.61,"Closed loop, using oxygen sensor feedback to determine fuel mix/",29.0,34
2026-08-17 09:12:33.919,813.5,7.0,80.0,33.0,18.0,99.0,-0.81,25.49,-4.69,-7.81,2.38,0.78,0.75,7.5,12.0,19.61,"Closed loop, using oxygen sensor feedback to determine fuel mix/",29.0,34
2026-08-17 09:12:35.625,773.0,5.0,80.0,33.0,19.0,99.0,-0.8,25.88,-5.47,-8.59,2.45,0.09,0.79,22.5,12.0,21.18,"Closed loop, using oxygen sensor feedback to determine fuel mix/",29.0,34
2026-08-17 09:12:37.318,712.75,2.0,80.0,33.0,24.0,99.0,-0.75,28.63,0.78,-8.59,3.8,0.1,0.2,-3.0,12.0,31.37,"Closed loop, using oxygen sensor feedback to determine fuel mix/",29.0,34
2026-08-17 09:12:39.011,917.25,3.0,80.0,33.0,26.0,99.0,-0.73,30.2,5.47,-8.59,4.68,0.11,0.12,6.0,12.0,32.16,"Closed loop, using oxygen sensor feedback to determine fuel mix/",29.0,34
2026-08-17 09:12:40.705,908.75,5.0,80.0,33.0,25.0,99.0,-0.74,29.41,0.0,-9.38,4.04,0.12,0.79,-3.0,12.1,30.59,"Closed loop, using oxygen sensor feedback to determine fuel mix/",29.0,34
2026-08-17 09:12:42.414,817.75,4.0,80.0,33.0,23.0,99.0,-0.76,27.84,3.91,-9.38,3.41,0.79,0.42,-1.0,12.0,27.45,"Closed loop, using oxygen sensor feedback to determine fuel mix/",29.0,34
2026-08-17 09:12:44.108,824.0,4.0,81.0,33.0,23.0,99.0,-0.76,28.24,0.0,-9.38,3.43,0.1,0.8,0.5,12.0,29.41,"Closed loop, using oxygen sensor feedback to determine fuel mix/",29.0,34
2026-08-17 09:12:45.799,808.75,4.0,81.0,33.0,22.0,99.0,-0.77,27.84,3.12,-9.38,3.29,0.83,0.43,-3.0,12.0,26.67,"Closed loop, using oxygen sensor feedback to determine fuel mix/",29.0,34
2026-08-17 09:12:47.496,771.75,4.0,81.0,33.0,22.0,99.0,-0.77,27.06,-1.56,-9.38,3.0,0.78,0.81,1.5,12.0,25.1,"Closed loop, using oxygen sensor feedback to determine fuel mix/",29.0,34
2026-08-17 09:12:49.201,751.25,3.0,81.0,33.0,23.0,99.0,-0.76,26.67,-1.56,-8.59,2.86,0.15,0.74,3.0,12.0,24.31,"Closed loop, using oxygen sensor feedback to determine fuel mix/",29.0,34
2026-08-17 09:12:50.911,749.75,4.0,81.0,33.0,21.0,99.0,-0.78,26.67,-3.12,-9.38,2.72,0.73,0.81,3.5,12.1,23.14,"Closed loop, using oxygen sensor feedback to determine fuel mix/",29.0,34
2026-08-17 09:12:52.634,745.25,4.0,81.0,33.0,19.0,99.0,-0.8,26.27,-3.12,-9.38,2.57,0.12,0.78,6.0,12.1,21.96,"Closed loop, using oxygen sensor feedback to determine fuel mix/",29.0,34
2026-08-17 09:12:54.327,744.75,4.0,81.0,33.0,19.0,99.0,-0.8,25.88,-3.91,-8.59,2.53,0.77,0.81,6.5,12.1,21.57,"Closed loop, using oxygen sensor feedback to determine fuel mix/",29.0,34
2026-08-17 09:12:56.020,763.0,5.0,81.0,33.0,18.0,99.0,-0.81,25.49,-3.91,-8.59,2.43,0.1,0.78,6.0,12.1,20.39,"Closed loop, using oxygen sensor feedback to determine fuel mix/",29.0,34
2026-08-17 09:12:57.713,765.0,5.0,81.0,33.0,17.0,99.0,-0.82,25.49,-3.91,-8.59,2.39,0.77,0.78,6.5,12.0,20.0,"Closed loop, using oxygen sensor feedback to determine fuel mix/",29.0,34
2026-08-17 09:12:59.408,766.25,5.0,82.0,33.0,19.0,99.0,-0.8,25.49,-4.69,-8.59,2.37,0.1,0.77,5.0,12.0,19.61,"Closed loop, using oxygen sensor feedback to determine fuel mix/",29.0,34
2026-08-17 09:13:01.098,784.0,5.0,82.0,33.0,18.0,99.0,-0.81,25.49,-3.91,-8.59,2.37,0.76,0.79,6.5,12.0,19.61,"Closed loop, using oxygen sensor feedback to determine fuel mix/",29.0,34
2026-08-17 09:13:02.795,860.5,6.0,82.0,33.0,19.0,99.0,-0.8,27.06,-1.56,-9.38,2.89,0.15,0.74,5.5,12.1,21.57,"Closed loop, using oxygen sensor feedback to determine fuel mix/",29.0,34
2026-08-17 09:13:04.533,906.25,6.0,82.0,33.0,18.0,99.0,-0.81,26.67,-3.12,-9.38,2.9,0.46,0.81,6.0,12.0,20.78,"Closed loop, using oxygen sensor feedback to determine fuel mix/",29.0,34
2026-08-17 09:13:06.241,926.5,6.0,82.0,33.0,17.0,99.0,-0.82,29.02,-3.91,-8.59,4.05,0.1,0.73,4.5,12.1,25.88,"Closed loop, using oxygen sensor feedback to determine fuel mix/",29.0,35
2026-08-17 09:13:07.949,1134.25,7.0,82.0,33.0,21.0,99.0,-0.78,29.02,-4.69,-9.38,4.08,0.13,0.84,12.0,12.0,19.61,"Closed loop, using oxygen sensor feedback to determine fuel mix/",29.0,35
2026-08-17 09:13:09.644,1229.0,9.0,82.0,33.0,18.0,99.0,-0.81,28.63,0.0,-9.38,3.57,0.7,0.33,-4.5,12.0,18.82,"Closed loop, using oxygen sensor feedback to determine fuel mix/",29.0,35
2026-08-17 09:13:11.350,970.75,9.0,82.0,33.0,16.0,99.0,-0.83,27.06,-1.56,-9.38,2.93,0.88,0.86,14.5,12.0,18.43,"Closed loop, using oxygen sensor feedback to determine fuel mix/",29.0,34
2026-08-17 09:13:13.043,1094.75,9.0,82.0,33.0,15.0,99.0,-0.84,27.06,-4.69,-9.38,2.96,0.75,0.83,16.5,12.1,16.08,"Closed loop, using oxygen sensor feedback to determine fuel mix/",29.0,35
2026-08-17 09:13:14.737,1100.25,8.0,83.0,33.0,16.0,99.0,-0.83,27.06,-4.69,-9.38,2.99,0.3,0.73,15.5,12.1,16.08,"Closed loop, using oxygen sensor feedback to determine fuel mix/",29.0,35
2026-08-17 09:13:16.445,952.0,8.0,83.0,33.0,17.0,99.0,-0.82,26.27,-5.47,-10.16,2.58,0.47,0.79,6.5,12.1,18.82,"Closed loop, using oxygen sensor feedback to determine fuel mix/",29.0,35
2026-08-17 09:13:18.139,857.0,8.0,83.0,33.0,16.0,99.0,-0.83,25.49,-1.56,-10.16,2.38,0.1,0.74,7.5,12.1,18.43,"Closed loop, using oxygen sensor feedback to determine fuel mix/",29.0,35
2026-08-17 09:13:19.848,823.5,8.0,83.0,33.0,16.0,99.0,-0.83,25.49,-5.47,-10.94,2.35,0.09,0.81,6.0,12.0,19.22,"Closed loop, using oxygen sensor feedback to determine fuel mix/",29.0,35
2026-08-17 09:13:21.557,821.25,7.0,83.0,33.0,17.0,99.0,-0.82,25.49,-1.56,-10.94,2.37,0.12,0.36,5.0,12.0,19.22,"Closed loop, using oxygen sensor feedback to determine fuel mix/",29.0,35
2026-08-17 09:13:23.250,804.5,7.0,83.0,33.0,16.0,99.0,-0.83,25.49,-0.78,-10.94,2.36,0.77,0.6,7.0,12.1,19.22,"Closed loop, using oxygen sensor feedback to determine fuel mix/",29.0,35
2026-08-17 09:13:24.959,803.75,7.0,83.0,33.0,18.0,99.0,-0.81,25.49,-4.69,-10.94,2.4,0.09,0.72,4.0,12.0,19.61,"Closed loop, using oxygen sensor feedback to determine fuel mix/",29.0,35
2026-08-17 09:13:26.649,809.0,7.0,83.0,33.0,17.0,99.0,-0.82,25.49,0.0,-10.94,2.38,0.71,0.34,4.5,12.1,19.22,"Closed loop, using oxygen sensor feedback to determine fuel mix/",29.0,35
2026-08-17 09:13:28.342,797.75,6.0,83.0,33.0,17.0,99.0,-0.82,25.49,-4.69,-10.94,2.38,0.1,0.79,5.0,12.0,19.61,"Closed loop, using oxygen sensor feedback to determine fuel mix/",29.0,35
2026-08-17 09:13:30.052,798.5,6.0,83.0,33.0,18.0,99.0,-0.81,25.49,0.0,-10.94,2.37,0.13,0.45,4.0,12.0,19.61,"Closed loop, using oxygen sensor feedback to determine fuel mix/",29.0,35
2026-08-17 09:13:31.744,795.75,6.0,83.0,33.0,18.0,99.0,-0.81,25.49,-3.91,-10.94,2.37,0.77,0.7,6.0,12.0,20.0,"Closed loop, using oxygen sensor feedback to determine fuel mix/",29.0,35
2026-08-17 09:13:33.437,778.5,6.0,83.0,33.0,19.0,99.0,-0.8,25.49,-0.78,-10.94,2.38,0.09,0.54,3.5,12.1,19.61,"Closed loop, using oxygen sensor feedback to determine fuel mix/",29.0,35
2026-08-17 09:13:35.129,839.0,5.0,83.0,33.0,19.0,99.0,-0.8,26.67,0.78,-10.94,2.83,0.11,0.32,4.5,12.0,21.96,"Closed loop, using oxygen sensor feedback to determine fuel mix/",29.0,35
2026-08-17 09:13:36.823,935.25,6.0,84.0,33.0,22.0,99.0,-0.77,28.63,1.56,-10.16,3.78,0.1,0.47,3.5,12.1,25.49,"Closed loop, using oxygen sensor feedback to determine fuel mix/",29.0,35
2026-08-17 09:13:38.514,1080.0,7.0,84.0,33.0,22.0,99.0,-0.77,29.41,4.69,-10.94,4.16,0.74,0.34,8.0,12.1,21.57,"Closed loop, using oxygen sensor feedback to determine fuel mix/",29.0,35
2026-08-17 09:13:40.210,1179.75,8.0,84.0,33.0,20.0,99.0,-0.79,29.02,0.0,-10.94,3.99,0.12,0.8,13.5,12.1,18.43,"Closed loop, using oxygen sensor feedback to determine fuel mix/",29.0,35
2026-08-17 09:13:41.901,1247.75,9.0,84.0,33.0,17.0,99.0,-0.82,28.63,3.12,-10.94,3.91,0.81,0.46,17.5,12.1,15.69,"Closed loop, using oxygen sensor feedback to determine fuel mix/",29.0,35
2026-08-17 09:13:43.594,1294.0,9.0,84.0,33.0,18.0,99.0,-0.81,29.02,-0.78,-10.94,3.96,0.1,0.65,17.5,12.0,14.51,"Closed loop, using oxygen sensor feedback to determine fuel mix/",29.0,35
2026-08-17 09:13:45.287,1330.25,10.0,84.0,33.0,17.0,99.0,-0.82,29.02,2.34,-10.94,3.97,0.77,0.67,19.0,12.0,13.73,"Closed loop, using oxygen sensor feedback to determine fuel mix/",29.0,35
2026-08-17 09:13:46.983,1303.75,10.0,84.0,33.0,16.0,99.0,-0.83,28.24,-1.56,-11.72,3.58,0.12,0.68,19.5,12.1,13.33,"Closed loop, using oxygen sensor feedback to determine fuel mix/",29.0,35
2026-08-17 09:13:48.694,1265.0,9.0,84.0,33.0,17.0,99.0,-0.82,28.24,2.34,-10.94,3.53,0.41,0.69,19.5,12.0,16.47,"Closed loop, using oxygen sensor feedback to determine fuel mix/",29.0,35
2026-08-17 09:13:50.381,1022.5,7.0,84.0,33.0,19.0,99.0,-0.8,27.84,-1.56,-11.72,3.34,0.73,0.82,-1.5,12.0,23.14,"Closed loop, using oxygen sensor feedback to determine fuel mix/",29.0,35
2026-08-17 09:13:52.075,872.25,6.0,84.0,33.0,18.0,99.0,-0.81,26.27,2.34,-11.72,2.76,0.65,0.7,0.0,12.0,20.78,"Closed loop, using oxygen sensor feedback to determine fuel mix/",29.0,35
2026-08-17 09:13:53.766,810.0,6.0,84.0,33.0,18.0,99.0,-0.81,25.88,-1.56,-11.72,2.48,0.1,0.77,3.5,12.0,20.0,"Closed loop, using oxygen sensor feedback to determine fuel mix/",29.0,35
2026-08-17 09:13:55.460,766.0,5.0,84.0,33.0,18.0,99.0,-0.81,25.88,-1.56,-10.94,2.44,0.76,0.73,9.0,12.1,20.78,"Closed loop, using oxygen sensor feedback to determine fuel mix/",29.0,35
2026-08-17 09:13:57.154,745.0,4.0,84.0,33.0,20.0,99.0,-0.79,25.49,1.56,-10.94,2.41,0.09,0.67,8.0,12.0,20.39,"Closed loop, using oxygen sensor feedback to determine fuel mix/",29.0,35
2026-08-17 09:13:58.844,747.25,4.0,84.0,33.0,20.0,99.0,-0.79,25.49,2.34,-10.94,2.42,0.8,0.61,4.5,12.0,20.39,"Closed loop, using oxygen sensor feedback to determine fuel mix/",29.0,35
2026-08-17 09:14:00.540,746.0,4.0,84.0,33.0,19.0,99.0,-0.8,25.49,-1.56,-10.94,2.38,0.1,0.78,10.0,12.0,20.39,"Closed loop, using oxygen sensor feedback to determine fuel mix/",29.0,35
2026-08-17 09:14:02.249,721.5,2.0,84.0,33.0,21.0,99.0,-0.78,25.49,2.34,-9.38,2.37,0.72,0.47,10.5,12.0,20.39,"Closed loop, using oxygen sensor feedback to determine fuel mix/",29.0,35
2026-08-17 09:14:03.941,696.75,0.0,84.0,33.0,19.0,99.0,-0.8,25.49,-1.56,-9.38,2.35,0.72,0.82,7.0,12.0,20.78,"Closed loop, using oxygen sensor feedback to determine fuel mix/",29.0,35
2026-08-17 09:14:05.646,690.5,0.0,84.0,33.0,19.0,99.0,-0.8,25.49,-2.34,-9.38,2.34,0.09,0.68,4.0,12.0,20.39,"Closed loop, using oxygen sensor feedback to determine fuel mix/",29.0,35
2026-08-17 09:14:07.342,1134.5,3.0,84.0,33.0,36.0,99.0,-0.63,30.98,2.34,-8.59,5.02,0.83,0.2,23.0,12.0,25.49,"Closed loop, using oxygen sensor feedback to determine fuel mix/",29.0,35
2026-08-17 09:14:09.049,1008.75,6.0,84.0,33.0,26.0,99.0,-0.73,27.84,-0.78,-11.72,3.23,0.89,0.81,19.0,12.0,20.39,"Closed loop, using oxygen sensor feedback to determine fuel mix/",29.0,35
2026-08-17 09:14:10.743,1009.25,6.0,85.0,33.0,21.0,99.0,-0.78,28.63,-1.56,-10.94,3.74,0.07,0.45,6.0,12.1,24.71,"Closed loop, using oxygen sensor feedback to determine fuel mix/",29.0,35
2026-08-17 09:14:12.435,965.5,6.0,85.0,33.0,21.0,99.0,-0.78,28.63,3.12,-10.94,3.7,0.12,0.14,-0.5,12.0,25.49,"Closed loop, using oxygen sensor feedback to determine fuel mix/",29.0,36
2026-08-17 09:14:14.128,949.75,6.0,85.0,33.0,22.0,99.0,-0.77,28.63,3.12,-10.94,3.71,0.73,0.41,-0.5,12.0,25.88,"Closed loop, using oxygen sensor feedback to determine fuel mix/",29.0,36
2026-08-17 09:14:15.821,932.25,6.0,85.0,33.0,22.0,99.0,-0.77,27.84,4.69,-11.72,3.39,0.41,0.26,-4.5,12.0,24.71,"Closed loop, using oxygen sensor feedback to determine fuel mix/",29.0,36
2026-08-17 09:14:17.514,848.5,5.0,85.0,33.0,20.0,99.0,-0.79,26.67,0.78,-11.72,2.77,0.82,0.81,2.0,12.0,22.35,"Closed loop, using oxygen sensor feedback to determine fuel mix/",29.0,36
2026-08-17 09:14:19.208,765.0,4.0,85.0,33.0,22.0,99.0,-0.77,26.67,0.0,-10.94,2.75,0.09,0.73,4.0,12.1,22.75,"Closed loop, using oxygen sensor feedback to determine fuel mix/",29.0,36
2026-08-17 09:14:20.898,735.5,1.0,85.0,33.0,19.0,99.0,-0.8,25.88,3.91,-10.16,2.4,0.83,0.57,8.0,11.9,20.39,"Closed loop, using oxygen sensor feedback to determine fuel mix/",29.0,36
2026-08-17 09:14:22.592,698.0,0.0,85.0,33.0,20.0,99.0,-0.79,25.49,-0.78,-9.38,2.33,0.3,0.82,8.0,11.9,20.39,"Closed loop, using oxygen sensor feedback to determine fuel mix/",29.0,36
2026-08-17 09:14:24.285,699.25,1.0,85.0,33.0,20.0,99.0,-0.79,25.49,-0.78,-9.38,2.39,0.1,0.73,10.0,12.0,20.78,"Closed loop, using oxygen sensor feedback to determine fuel mix/",29.0,36
2026-08-17 09:14:25.997,715.0,3.0,85.0,33.0,20.0,99.0,-0.79,26.27,-0.78,-9.38,2.52,0.48,0.79,7.0,12.1,21.57,"Closed loop, using oxygen sensor feedback to determine fuel mix/",29.0,36
2026-08-17 09:14:27.706,730.0,4.0,85.0,33.0,20.0,99.0,-0.79,26.27,3.12,-9.38,2.62,0.1,0.67,6.0,12.0,23.92,"Closed loop, using oxygen sensor feedback to determine fuel mix/",29.0,36
2026-08-17 09:14:29.397,1087.5,5.0,85.0,33.0,30.0,99.0,-0.69,29.41,0.78,-9.38,4.15,0.84,0.73,14.0,12.1,23.92,"Closed loop, using oxygen sensor feedback to determine fuel mix/",29.0,36
2026-08-17 09:14:31.103,1148.75,8.0,85.0,33.0,24.0,99.0,-0.75,28.63,0.0,-10.94,3.6,0.08,0.77,24.0,12.0,16.47,"Closed loop, using oxygen sensor feedback to determine fuel mix/",29.0,36
2026-08-17 09:14:32.796,1198.0,8.0,85.0,33.0,19.0,99.0,-0.8,28.63,4.69,-10.94,3.85,0.07,0.2,25.0,12.0,17.65,"Closed loop, using oxygen sensor feedback to determine fuel mix/",29.0,36
2026-08-17 09:14:34.494,1155.25,9.0,85.0,33.0,19.0,99.0,-0.8,29.02,4.69,-10.16,4.12,0.83,0.46,8.0,12.0,24.31,"Closed loop, using oxygen sensor feedback to determine fuel mix/",29.0,36
2026-08-17 09:14:36.183,1164.5,10.0,86.0,32.0,29.0,99.0,-0.7,30.2,0.0,-9.38,4.52,0.79,0.87,33.0,12.1,22.75,"Closed loop, using oxygen sensor feedback to determine fuel mix/",29.0,36
2026-08-17 09:14:37.876,1248.75,13.0,86.0,32.0,33.0,99.0,-0.66,32.94,3.91,-9.38,7.22,0.07,0.33,31.5,11.9,22.75,"Closed loop, using oxygen sensor feedback to determine fuel mix/",29.0,36
2026-08-17 09:14:39.567,1519.0,16.0,86.0,32.0,34.0,99.0,-0.65,33.33,2.34,-8.59,8.08,0.56,0.58,29.0,12.0,16.86,"Closed loop, using oxygen sensor feedback to determine fuel mix/",29.0,36
2026-08-17 09:14:41.262,1689.75,19.0,86.0,32.0,33.0,99.0,-0.66,32.55,0.78,-8.59,7.48,0.69,0.7,38.5,12.0,14.51,"Closed loop, using oxygen sensor feedback to determine fuel mix/",29.0,36
2026-08-17 09:14:42.950,1672.25,21.0,86.0,32.0,15.0,99.0,-0.84,27.84,4.69,-14.06,3.33,0.82,0.83,26.0,12.0,7.06,"Closed loop, using oxygen sensor feedback to determine fuel mix/",29.0,36
2026-08-17 09:14:44.648,1662.0,20.0,86.0,32.0,18.0,99.0,-0.81,32.16,0.0,-7.03,7.1,0.83,0.81,27.0,12.0,20.39,"Closed loop, using oxygen sensor feedback to determine fuel mix/",29.0,36
2026-08-17 09:14:46.371,2020.75,23.0,86.0,32.0,36.0,99.0,-0.63,34.9,-1.56,-7.81,12.09,0.08,0.3,26.0,12.0,20.39,"Closed loop, using oxygen sensor feedback to determine fuel mix/",29.0,36
2026-08-17 09:14:48.062,2131.25,26.0,86.0,32.0,34.0,99.0,-0.65,34.12,5.47,-7.81,10.3,0.74,0.27,2.5,12.0,18.82,"Closed loop, using oxygen sensor feedback to determine fuel mix/",29.0,36
2026-08-17 09:14:49.773,1449.25,28.0,86.0,32.0,37.0,99.0,-0.62,32.94,1.56,-7.03,7.27,0.83,0.85,31.0,12.0,18.82,"Closed loop, using oxygen sensor feedback to determine fuel mix/",29.0,36
2026-08-17 09:14:51.497,1494.5,29.0,86.0,32.0,26.0,99.0,-0.73,30.98,0.78,-7.03,5.19,0.87,0.87,17.5,12.1,9.8,"Closed loop, using oxygen sensor feedback to determine fuel mix/",29.0,36
2026-08-17 09:14:53.209,1538.25,30.0,86.0,32.0,22.0,99.0,-0.77,35.29,-3.91,-5.47,15.77,0.06,0.8,12.0,12.1,31.76,"Closed loop, using oxygen sensor feedback to determine fuel mix/",29.0,36
2026-08-17 09:14:54.914,1791.0,33.0,86.0,32.0,62.0,99.0,-0.37,67.45,4.69,-6.25,32.62,0.82,0.6,2.0,12.1,63.53,"Closed loop, using oxygen sensor feedback to determine fuel mix/",29.0,36
2026-08-17 09:14:56.608,2547.75,42.0,85.0,31.0,71.0,99.0,-0.28,37.25,-1.56,-6.25,9.21,0.37,0.73,19.5,12.1,12.16,"Closed loop, using oxygen sensor feedback to determine fuel mix/",29.0,37
2026-08-17 09:14:58.300,2217.25,44.0,85.0,31.0,16.0,99.0,-0.83,31.37,0.0,0.78,5.72,0.01,0.28,-3.5,12.2,9.41,Open loop due to engine load OR fuel cut due to deceleration/,29.0,37
2026-08-17 09:14:59.997,2111.0,42.0,85.0,31.0,16.0,99.0,-0.83,30.98,0.0,0.78,5.65,0.01,0.04,-4.0,13.4,9.02,Open loop due to engine load OR fuel cut due to deceleration/,29.0,37
2026-08-17 09:15:01.689,2002.0,40.0,85.0,31.0,16.0,99.0,-0.83,30.59,0.0,0.78,5.35,0.01,0.02,-5.0,14.0,9.02,Open loop due to engine load OR fuel cut due to deceleration/,29.0,37
2026-08-17 09:15:03.394,1903.0,38.0,85.0,31.0,12.0,99.0,-0.87,28.63,7.81,-4.69,4.46,0.54,0.07,11.5,13.0,7.84,Open loop due to engine load OR fuel cut due to deceleration/,29.0,37
2026-08-17 09:15:05.089,1914.25,37.0,85.0,32.0,14.0,99.0,-0.85,30.2,-1.56,-4.69,4.72,0.77,0.82,5.0,12.1,7.45,"Closed loop, using oxygen sensor feedback to determine fuel mix/",29.0,37
2026-08-17 09:15:06.782,1816.75,36.0,85.0,32.0,13.0,99.0,-0.86,28.63,-4.69,-2.34,3.91,0.88,0.86,-3.0,12.0,7.45,"Closed loop, using oxygen sensor feedback to determine fuel mix/",29.0,37
2026-08-17 09:15:08.475,1731.0,34.0,85.0,32.0,12.0,99.0,-0.87,27.84,-10.16,-6.25,3.53,0.66,0.85,9.0,12.1,6.67,"Closed loop, using oxygen sensor feedback to determine fuel mix/",29.0,37
2026-08-17 09:15:10.183,1634.5,33.0,85.0,32.0,13.0,99.0,-0.86,27.84,-6.25,-7.81,3.45,0.84,0.86,13.0,12.1,6.67,"Closed loop, using oxygen sensor feedback to determine fuel mix/",29.0,37
2026-08-17 09:15:11.875,1575.75,32.0,85.0,32.0,13.0,99.0,-0.86,27.45,-7.81,-7.81,3.26,0.1,0.81,16.5,12.0,7.06,"Closed loop, using oxygen sensor feedback to determine fuel mix/",29.0,37
2026-08-17 09:15:13.566,1526.75,31.0,85.0,32.0,12.0,99.0,-0.87,27.45,-7.81,-7.81,3.24,0.75,0.82,34.0,12.1,8.24,"Closed loop, using oxygen sensor feedback to determine fuel mix/",29.0,37
2026-08-17 09:15:15.267,1573.75,30.0,85.0,32.0,15.0,99.0,-0.84,29.8,-3.91,-6.25,4.61,0.75,0.84,28.5,12.2,9.8,"Closed loop, using oxygen sensor feedback to determine fuel mix/",29.0,37
2026-08-17 09:15:16.967,1702.25,30.0,85.0,32.0,25.0,99.0,-0.74,28.24,-3.12,-7.03,2.94,0.86,0.79,40.5,12.1,5.88,"Closed loop, using oxygen sensor feedback to determine fuel mix/",29.0,37
2026-08-17 09:15:18.662,1520.25,30.0,85.0,32.0,21.0,99.0,-0.78,32.94,-5.47,-5.47,8.61,0.07,0.84,20.5,12.1,19.22,"Closed loop, using oxygen sensor feedback to determine fuel mix/",29.0,37
2026-08-17 09:15:20.356,1611.5,31.0,85.0,32.0,36.0,99.0,-0.63,33.73,3.91,-6.25,9.08,0.14,0.78,25.5,12.1,18.04,"Closed loop, using oxygen sensor feedback to determine fuel mix/",29.0,37
2026-08-17 09:15:22.063,1695.25,33.0,85.0,32.0,33.0,99.0,-0.66,33.73,3.91,-6.25,8.73,0.76,0.78,29.5,12.1,17.65,"Closed loop, using oxygen sensor feedback to determine fuel mix/",29.0,37
2026-08-17 09:15:23.756,1893.5,36.0,85.0,31.0,53.0,99.0,-0.46,41.18,0.78,-7.03,24.24,0.76,0.79,9.5,12.1,36.47,"Closed loop, using oxygen sensor feedback to determine fuel mix/",29.0,37
2026-08-17 09:15:25.464,2109.5,40.0,85.0,31.0,43.0,99.0,-0.56,36.08,-0.78,-7.03,15.99,0.07,0.73,17.5,12.1,26.27,"Closed loop, using oxygen sensor feedback to determine fuel mix/",29.0,37
2026-08-17 09:15:27.159,2199.25,44.0,85.0,31.0,21.0,99.0,-0.78,31.37,0.78,-7.03,5.3,0.82,0.81,45.0,12.1,11.76,"Closed loop, using oxygen sensor feedback to determine fuel mix/",29.0,37
2026-08-17 09:15:28.849,2341.5,45.0,85.0,31.0,36.0,99.0,-0.63,33.33,0.0,-6.25,6.5,0.4,0.8,42.0,12.1,7.45,"Closed loop, using oxygen sensor feedback to determine fuel mix/",29.0,37
2026-08-17 09:15:30.545,2243.25,45.0,85.0,31.0,13.0,99.0,-0.86,29.8,0.0,-1.56,4.68,0.02,0.82,-3.5,12.1,7.06,Open loop due to engine load OR fuel cut due to deceleration/,29.0,37
2026-08-17 09:15:32.234,2166.75,43.0,85.0,32.0,14.0,99.0,-0.85,29.41,0.0,0.78,4.38,0.01,0.07,-2.0,13.3,7.45,Open loop due to engine load OR fuel cut due to deceleration/,29.0,37
2026-08-17 09:15:33.927,2115.5,42.0,85.0,32.0,26.0,99.0,-0.73,34.9,7.81,-4.69,12.09,0.1,0.08,29.0,12.9,20.39,Open loop due to engine load OR fuel cut due to deceleration/,29.0,37
2026-08-17 09:15:35.623,2325.25,43.0,85.0,31.0,53.0,99.0,-0.46,39.22,7.81,-6.25,25.98,0.88,0.58,12.5,12.2,37.25,"Closed loop, using oxygen sensor feedback to determine fuel mix/",29.0,37
2026-08-17 09:15:37.316,2370.0,47.0,85.0,31.0,15.0,99.0,-0.84,29.02,-1.56,-10.94,3.82,0.41,0.82,0.5,12.1,6.27,"Closed loop, using oxygen sensor feedback to determine fuel mix/",29.0,38
2026-08-17 09:15:39.024,2228.5,45.0,85.0,31.0,14.0,99.0,-0.85,29.8,7.81,-3.12,4.68,0.01,0.09,38.0,12.3,7.84,Open loop due to engine load OR fuel cut due to deceleration/,29.0,37
2026-08-17 09:15:40.717,2168.0,43.0,85.0,31.0,17.0,99.0,-0.82,32.16,7.81,-4.69,6.55,0.88,0.2,28.5,12.1,10.59,Open loop due to engine load OR fuel cut due to deceleration/,29.0,38
2026-08-17 09:15:42.409,2027.5,41.0,85.0,,12.0,99.0,-0.87,29.41,0.0,0.0,4.27,0.89,0.81,,12.1,7.45,Open loop due to engine load OR fuel cut due to deceleration/,29.0,38
2026-08-17 09:15:44.053,2051.5,39.0,85.0,31.0,35.0,99.0,-0.64,35.29,3.12,-4.69,12.7,0.69,0.82,25.5,12.1,21.18,"Closed loop, using oxygen sensor feedback to determine fuel mix/",29.0,38
2026-08-17 09:15:45.750,1994.0,39.0,85.0,32.0,16.0,99.0,-0.83,31.37,-3.91,-5.47,5.68,0.86,0.83,32.0,12.1,9.41,"Closed loop, using oxygen sensor feedback to determine fuel mix/",29.0,38
2026-08-17 09:15:47.454,1938.5,38.0,85.0,32.0,24.0,99.0,-0.75,31.37,-5.47,-5.47,5.99,0.14,0.84,46.0,12.0,10.59,"Closed loop, using oxygen sensor feedback to determine fuel mix/",29.0,38
2026-08-17 09:15:49.149,1892.75,37.0,85.0,32.0,23.0,99.0,-0.76,31.37,-5.47,-5.47,5.93,0.1,0.84,46.0,12.2,10.98,"Closed loop, using oxygen sensor feedback to determine fuel mix/",29.0,38
2026-08-17 09:15:50.841,1761.75,36.0,85.0,32.0,12.0,99.0,-0.87,27.84,-5.47,-8.59,3.53,0.07,0.84,13.0,12.2,6.67,"Closed loop, using oxygen sensor feedback to determine fuel mix/",29.0,38
2026-08-17 09:15:52.535,1977.0,35.0,85.0,32.0,34.0,99.0,-0.65,30.98,-2.34,-5.47,3.14,0.08,0.84,5.0,12.1,5.88,"Closed loop, using oxygen sensor feedback to determine fuel mix/",29.0,38
2026-08-17 09:15:54.243,1630.5,33.0,85.0,32.0,13.0,99.0,-0.86,27.45,-2.34,-7.03,3.31,0.84,0.84,13.5,12.1,6.67,"Closed loop, using oxygen sensor feedback to determine fuel mix/",29.0,38
2026-08-17 09:15:55.934,1464.25,29.0,85.0,32.0,14.0,99.0,-0.85,27.45,-4.69,-7.03,3.23,0.82,0.85,9.0,12.1,10.98,"Closed loop, using oxygen sensor feedback to determine fuel mix/",29.0,38
2026-08-17 09:15:57.628,1101.25,22.0,85.0,32.0,14.0,99.0,-0.85,25.88,-10.16,-7.81,2.58,0.75,0.85,8.0,12.1,15.69,"Closed loop, using oxygen sensor feedback to determine fuel mix/",29.0,38
2026-08-17 09:15:59.320,936.75,19.0,85.0,32.0,14.0,99.0,-0.85,25.1,-5.47,-7.81,2.29,0.11,0.85,7.0,12.0,16.47,"Closed loop, using oxygen sensor feedback to determine fuel mix/",29.0,38
2026-08-17 09:16:01.013,1037.25,15.0,85.0,32.0,19.0,99.0,-0.8,28.63,-5.47,-5.47,3.74,0.77,0.85,-6.0,12.1,18.82,"Closed loop, using oxygen sensor feedback to determine fuel mix/",29.0,38
2026-08-17 09:16:02.738,781.5,11.0,85.0,32.0,16.0,99.0,-0.83,24.31,-6.25,-10.16,2.06,0.09,0.84,1.0,12.1,17.25,"Closed loop, using oxygen sensor feedback to determine fuel mix/",29.0,38
2026-08-17 09:16:04.432,764.5,10.0,85.0,32.0,17.0,99.0,-0.82,24.31,-6.25,-9.38,2.12,0.09,0.84,-0.5,12.1,17.65,"Closed loop, using oxygen sensor feedback to determine fuel mix/",29.0,38
2026-08-17 09:16:06.142,741.0,7.0,85.0,32.0,18.0,99.0,-0.81,25.88,-1.56,-8.59,2.38,0.11,0.85,2.5,12.1,20.0,"Closed loop, using oxygen sensor feedback to determine fuel mix/",29.0,38
2026-08-17 09:16:07.831,691.75,0.0,85.0,32.0,19.0,99.0,-0.8,25.49,-5.47,-7.81,2.33,0.09,0.85,6.0,12.1,20.39,"Closed loop, using oxygen sensor feedback to determine fuel mix/",29.0,38
2026-08-17 09:16:09.526,676.75,0.0,85.0,32.0,21.0,99.0,-0.78,25.88,-5.47,-7.81,2.42,0.08,0.85,2.5,12.1,21.57,"Closed loop, using oxygen sensor feedback to determine fuel mix/",29.0,38
2026-08-17 09:16:11.217,680.75,0.0,85.0,32.0,20.0,99.0,-0.79,25.88,-1.56,-7.81,2.46,0.09,0.84,1.5,12.0,21.96,"Closed loop, using oxygen sensor feedback to determine fuel mix/",29.0,38
2026-08-17 09:16:12.910,678.25,0.0,85.0,32.0,21.0,99.0,-0.78,25.88,-4.69,-7.81,2.47,0.09,0.84,3.5,12.0,21.57,"Closed loop, using oxygen sensor feedback to determine fuel mix/",29.0,38
2026-08-17 09:16:14.602,678.25,0.0,85.0,32.0,21.0,99.0,-0.78,25.88,-4.69,-7.81,2.47,0.09,0.84,1.0,12.0,21.96,"Closed loop, using oxygen sensor feedback to determine fuel mix/",29.0,38
2026-08-17 09:16:16.296,680.25,0.0,85.0,32.0,22.0,99.0,-0.77,25.88,-0.78,-7.81,2.46,0.1,0.84,1.0,12.1,21.96,"Closed loop, using oxygen sensor feedback to determine fuel mix/",29.0,38
2026-08-17 09:16:17.987,682.5,0.0,85.0,32.0,22.0,99.0,-0.77,25.88,-3.91,-7.81,2.46,0.09,0.84,0.5,12.0,21.96,"Closed loop, using oxygen sensor feedback to determine fuel mix/",29.0,38
2026-08-17 09:16:19.684,680.0,0.0,86.0,32.0,21.0,99.0,-0.78,25.88,-3.91,-7.81,2.47,0.09,0.84,1.5,12.1,21.96,"Closed loop, using oxygen sensor feedback to determine fuel mix/",29.0,38
2026-08-17 09:16:21.377,685.75,0.0,86.0,32.0,22.0,99.0,-0.77,25.88,0.78,-7.81,2.47,0.18,0.84,0.0,12.1,21.96,"Closed loop, using oxygen sensor feedback to determine fuel mix/",29.0,38
2026-08-17 09:16:23.070,675.75,0.0,86.0,32.0,21.0,99.0,-0.78,25.88,-3.12,-7.81,2.48,0.1,0.84,0.0,12.1,21.96,"Closed loop, using oxygen sensor feedback to determine fuel mix/",29.0,38
2026-08-17 09:16:24.798,677.25,0.0,86.0,32.0,21.0,99.0,-0.78,25.88,-3.12,-7.81,2.44,0.1,0.84,1.0,12.1,21.57,"Closed loop, using oxygen sensor feedback to determine fuel mix/",29.0,38
2026-08-17 09:16:26.491,2062.75,5.0,86.0,32.0,42.0,99.0,-0.57,34.9,-1.56,-5.47,9.34,0.08,0.82,35.0,12.1,12.94,"Closed loop, using oxygen sensor feedback to determine fuel mix/",29.0,38
2026-08-17 09:16:28.245,1752.25,12.0,86.0,32.0,38.0,99.0,-0.61,35.69,-1.56,-6.25,13.17,0.07,0.81,23.5,12.1,22.75,"Closed loop, using oxygen sensor feedback to determine fuel mix/",29.0,39
2026-08-17 09:16:29.953,1920.75,18.0,86.0,32.0,43.0,99.0,-0.56,36.47,-0.78,-7.81,16.23,0.07,0.81,15.0,12.0,28.24,"Closed loop, using oxygen sensor feedback to determine fuel mix/",29.0,39
2026-08-17 09:16:31.647,1683.0,24.0,87.0,32.0,54.0,99.0,-0.45,38.43,6.25,-7.81,17.08,0.7,0.79,4.0,12.1,40.78,"Closed loop, using oxygen sensor feedback to determine fuel mix/",29.0,39
2026-08-17 09:16:33.354,1938.75,31.0,86.0,32.0,88.0,99.0,-0.11,63.14,-3.12,-6.25,41.72,0.07,0.82,-3.0,12.1,65.1,"Closed loop, using oxygen sensor feedback to determine fuel mix/",29.0,39
2026-08-17 09:16:35.049,1996.0,40.0,87.0,31.0,19.0,99.0,-0.8,30.59,-3.91,-3.91,4.29,0.82,0.84,-8.5,12.1,8.24,"Closed loop, using oxygen sensor feedback to determine fuel mix/",29.0,39
2026-08-17 09:16:36.743,1544.75,40.0,87.0,32.0,18.0,99.0,-0.81,27.84,-4.69,-7.81,3.54,0.12,0.84,33.5,12.1,7.84,"Closed loop, using oxygen sensor feedback to determine fuel mix/",29.0,39
2026-08-17 09:16:38.435,1724.25,42.0,87.0,32.0,65.0,99.0,-0.34,70.59,0.78,-6.25,30.34,0.09,0.7,1.0,12.1,62.35,"Closed loop, using oxygen sensor feedback to determine fuel mix/",29.0,39
2026-08-17 09:16:40.143,1752.0,49.0,86.0,32.0,16.0,99.0,-0.83,28.63,-0.78,-3.12,2.95,0.88,0.81,-4.0,12.0,12.16,"Closed loop, using oxygen sensor feedback to determine fuel mix/",29.0,39
2026-08-17 09:16:41.837,1219.25,47.0,86.0,32.0,18.0,99.0,-0.81,27.45,0.0,0.78,3.19,0.03,0.81,-2.5,12.1,14.12,Open loop due to engine load OR fuel cut due to deceleration/,29.0,39
2026-08-17 09:16:43.528,1198.25,45.0,86.0,32.0,18.0,99.0,-0.81,27.45,0.0,0.78,3.2,0.01,0.04,-2.5,13.3,15.29,Open loop due to engine load OR fuel cut due to deceleration/,29.0,39
2026-08-17 09:16:45.237,1171.25,44.0,86.0,32.0,18.0,99.0,-0.81,27.06,0.0,-0.78,3.08,0.01,0.01,26.5,13.9,20.39,Open loop due to engine load OR fuel cut due to deceleration/,29.0,39
2026-08-17 09:16:46.930,1543.25,46.0,86.0,32.0,67.0,99.0,-0.32,63.92,7.81,-6.25,28.18,0.08,0.07,-3.0,12.7,63.53,Open loop due to engine load OR fuel cut due to deceleration/,29.0,39
2026-08-17 09:16:48.620,1302.5,50.0,86.0,31.0,29.0,99.0,-0.7,27.84,4.69,0.78,1.79,0.89,0.14,2.5,12.1,7.84,Open loop due to engine load OR fuel cut due to deceleration/,29.0,39
2026-08-17 09:16:50.317,1272.75,49.0,86.0,32.0,18.0,99.0,-0.81,27.84,0.0,0.78,3.35,0.01,0.23,-4.0,12.4,13.33,Open loop due to engine load OR fuel cut due to deceleration/,29.0,39
2026-08-17 09:16:52.023,1243.75,47.0,86.0,32.0,18.0,99.0,-0.81,27.45,0.0,0.78,3.29,0.01,0.01,-3.0,13.7,14.51,Open loop due to engine load OR fuel cut due to deceleration/,29.0,39
2026-08-17 09:16:53.718,1188.25,45.0,86.0,32.0,18.0,99.0,-0.81,27.06,0.0,0.78,3.06,0.01,0.01,-2.5,14.0,14.9,Open loop due to engine load OR fuel cut due to deceleration/,29.0,39
2026-08-17 09:16:55.410,1141.0,43.0,86.0,32.0,17.0,99.0,-0.82,27.06,0.0,0.78,2.99,0.01,0.01,-4.0,14.1,15.69,Open loop due to engine load OR fuel cut due to deceleration/,29.0,39
2026-08-17 09:16:57.101,1462.75,41.0,86.0,32.0,18.0,99.0,-0.81,31.37,7.81,-4.69,9.02,0.02,0.01,23.5,14.1,14.9,Open loop due to engine load OR fuel cut due to deceleration/,29.0,39
2026-08-17 09:16:58.815,1530.5,40.0,86.0,32.0,16.0,99.0,-0.83,30.59,7.81,-4.69,5.1,0.72,0.07,24.5,13.8,10.98,Open loop due to engine load OR fuel cut due to deceleration/,29.0,39
2026-08-17 09:17:00.520,1531.75,40.0,86.0,32.0,22.0,99.0,-0.77,30.59,7.81,-4.69,4.87,0.9,0.1,21.0,13.3,8.63,Open loop due to engine load OR fuel cut due to deceleration/,29.0,39
2026-08-17 09:17:02.217,1576.75,40.0,86.0,32.0,25.0,99.0,-0.74,32.55,7.81,-4.69,7.9,0.81,0.13,21.5,12.8,23.53,Open loop due to engine load OR fuel cut due to deceleration/,29.0,39
2026-08-17 09:17:03.919,1564.5,41.0,85.0,32.0,17.0,99.0,-0.82,28.63,7.81,-4.69,3.19,0.83,0.14,12.5,12.3,8.24,Open loop due to engine load OR fuel cut due to deceleration/,29.0,39
2026-08-17 09:17:05.615,1512.75,40.0,85.0,32.0,13.0,99.0,-0.86,27.84,7.03,-4.69,3.46,0.9,0.15,1.5,12.3,8.63,Open loop due to engine load OR fuel cut due to deceleration/,29.0,39
2026-08-17 09:17:07.322,1467.0,39.0,85.0,32.0,15.0,99.0,-0.84,27.45,7.81,-2.34,3.2,0.02,0.17,-1.5,12.2,9.02,Open loop due to engine load OR fuel cut due to deceleration/,29.0,39
2026-08-17 09:17:09.032,1418.75,37.0,85.0,32.0,14.0,99.0,-0.85,29.8,7.81,-4.69,4.39,0.9,0.18,21.5,12.2,12.55,Open loop due to engine load OR fuel cut due to deceleration/,29.0,39
2026-08-17 09:17:10.742,1346.75,36.0,85.0,32.0,13.0,99.0,-0.86,26.67,6.25,-4.69,2.78,0.9,0.19,6.0,12.1,9.8,Open loop due to engine load OR fuel cut due to deceleration/,29.0,39
2026-08-17 09:17:12.434,1370.5,35.0,85.0,32.0,19.0,99.0,-0.8,25.49,3.91,-2.34,2.78,0.89,0.2,-1.0,12.0,9.41,Open loop due to engine load OR fuel cut due to deceleration/,29.0,40
2026-08-17 09:17:14.127,1144.5,33.0,85.0,32.0,16.0,99.0,-0.83,25.88,0.0,0.78,2.62,0.01,0.24,1.0,12.2,12.94,Open loop due to engine load OR fuel cut due to deceleration/,29.0,40
2026-08-17 09:17:15.821,1157.75,30.0,85.0,32.0,17.0,99.0,-0.82,26.67,0.0,0.78,2.87,0.01,0.03,-3.0,13.3,14.9,Open loop due to engine load OR fuel cut due to deceleration/,29.0,40
2026-08-17 09:17:17.531,1161.0,23.0,84.0,32.0,15.0,99.0,-0.84,28.24,7.81,0.78,3.44,0.81,0.03,-7.5,12.4,23.14,Open loop due to engine load OR fuel cut due to deceleration/,29.0,40
2026-08-17 09:17:19.237,1157.0,13.0,84.0,32.0,17.0,99.0,-0.82,26.27,7.81,0.78,2.67,0.91,0.08,-7.0,12.1,16.86,Open loop due to engine load OR fuel cut due to deceleration/,29.0,40
2026-08-17 09:17:20.929,763.75,9.0,84.0,32.0,16.0,99.0,-0.83,24.31,7.81,0.78,2.34,0.92,0.11,3.5,12.0,20.0,Open loop due to engine load OR fuel cut due to deceleration/,29.0,40
2026-08-17 09:17:22.636,706.25,3.0,84.0,32.0,21.0,99.0,-0.78,26.27,7.81,0.0,2.55,0.91,0.13,0.0,11.9,22.35,Open loop due to engine load OR fuel cut due to deceleration/,29.0,40
2026-08-17 09:17:24.331,697.75,0.0,84.0,32.0,20.0,99.0,-0.79,26.27,7.81,0.0,2.52,0.9,0.14,2.5,12.1,21.96,Open loop due to engine load OR fuel cut due to deceleration/,29.0,40
2026-08-17 09:17:26.022,688.25,0.0,84.0,32.0,20.0,99.0,-0.79,26.27,7.81,0.0,2.52,0.9,0.15,0.5,12.1,22.35,Open loop due to engine load OR fuel cut due to deceleration/,29.0,40
2026-08-17 09:17:27.716,676.5,0.0,84.0,32.0,21.0,99.0,-0.78,26.27,7.81,0.0,2.52,0.9,0.17,2.0,12.0,22.35,Open loop due to engine load OR fuel cut due to deceleration/,29.0,40
2026-08-17 09:17:29.408,679.25,0.0,84.0,32.0,20.0,99.0,-0.79,26.27,7.81,0.0,2.52,0.9,0.44,0.5,12.1,22.35,Open loop due to engine load OR fuel cut due to deceleration/,29.0,40
2026-08-17 09:17:31.102,684.0,0.0,84.0,32.0,22.0,99.0,-0.77,26.27,-2.34,-3.12,2.52,0.85,0.88,1.0,12.0,22.35,"Closed loop, using oxygen sensor feedback to determine fuel mix/",29.0,40
2026-08-17 09:17:32.795,679.5,0.0,84.0,32.0,21.0,99.0,-0.78,26.27,-7.03,-7.03,2.52,0.33,0.9,1.5,12.0,22.35,"Closed loop, using oxygen sensor feedback to determine fuel mix/",29.0,40
2026-08-17 09:17:34.490,675.75,0.0,84.0,32.0,21.0,99.0,-0.78,26.27,-5.47,-7.81,2.53,0.07,0.89,1.0,12.1,22.75,"Closed loop, using oxygen sensor feedback to determine fuel mix/",29.0,40
2026-08-17 09:17:36.180,680.25,0.0,84.0,32.0,22.0,99.0,-0.77,26.27,-5.47,-7.81,2.53,0.07,0.88,3.5,12.1,22.35,"Closed loop, using oxygen sensor feedback to determine fuel mix/",29.0,41
2026-08-17 09:17:37.874,682.25,0.0,84.0,32.0,23.0,99.0,-0.76,26.27,-0.78,-7.81,2.52,0.21,0.88,-1.0,12.0,22.35,"Closed loop, using oxygen sensor feedback to determine fuel mix/",29.0,41
2026-08-17 09:17:39.567,1264.25,2.0,84.0,32.0,42.0,99.0,-0.57,34.9,-1.56,-6.25,9.65,0.06,0.87,24.0,12.1,24.71,"Closed loop, using oxygen sensor feedback to determine fuel mix/",29.0,41
2026-08-17 09:17:41.272,1454.75,9.0,84.0,32.0,36.0,99.0,-0.63,33.33,3.91,-7.03,7.92,0.1,0.85,27.5,12.1,17.25,"Closed loop, using oxygen sensor feedback to determine fuel mix/",29.0,41
2026-08-17 09:17:42.969,2058.5,14.0,84.0,32.0,38.0,99.0,-0.61,35.29,6.25,-7.81,12.63,0.1,0.83,2.0,12.1,23.53,"Closed loop, using oxygen sensor feedback to determine fuel mix/",29.0,41
2026-08-17 09:17:44.662,1784.75,19.0,85.0,32.0,38.0,99.0,-0.61,34.9,6.25,-7.81,11.5,0.68,0.81,24.0,12.1,21.18,"Closed loop, using oxygen sensor feedback to determine fuel mix/",29.0,41
2026-08-17 09:17:46.367,1614.5,22.0,85.0,32.0,40.0,99.0,-0.59,34.12,1.56,-7.81,9.25,0.06,0.81,18.0,12.1,36.08,"Closed loop, using oxygen sensor feedback to determine fuel mix/",29.0,41
2026-08-17 09:17:48.063,1276.5,24.0,85.0,32.0,41.0,99.0,-0.58,33.73,1.56,-7.03,8.1,0.08,0.8,18.0,12.1,34.12,"Closed loop, using oxygen sensor feedback to determine fuel mix/",29.0,41
2026-08-17 09:17:49.769,1530.5,28.0,85.0,32.0,55.0,99.0,-0.44,37.25,-1.56,-6.25,15.44,0.09,0.78,8.5,12.1,31.76,"Closed loop, using oxygen sensor feedback to determine fuel mix/",29.0,41
2026-08-17 09:17:51.463,1723.25,33.0,85.0,31.0,57.0,99.0,-0.42,38.04,-2.34,-6.25,18.09,0.07,0.74,8.0,12.1,34.9,"Closed loop, using oxygen sensor feedback to determine fuel mix/",29.0,41
2026-08-17 09:17:53.154,1828.0,36.0,85.0,31.0,38.0,99.0,-0.61,34.9,6.25,-5.47,11.52,0.76,0.59,5.0,12.0,23.92,"Closed loop, using oxygen sensor feedback to determine fuel mix/",29.0,41
2026-08-17 09:17:54.855,1534.5,39.0,85.0,31.0,53.0,99.0,-0.46,36.86,-5.47,-6.25,14.37,0.08,0.6,11.0,12.1,22.75,"Closed loop, using oxygen sensor feedback to determine fuel mix/",29.0,41
2026-08-17 09:17:56.574,1520.5,40.0,85.0,31.0,24.0,99.0,-0.75,31.37,-2.34,-6.25,5.74,0.79,0.64,39.0,12.1,16.86,"Closed loop, using oxygen sensor feedback to determine fuel mix/",29.0,41
2026-08-17 09:17:58.286,1632.0,40.0,85.0,31.0,48.0,99.0,-0.51,36.86,0.0,-5.47,15.11,0.12,0.61,11.0,12.1,30.2,"Closed loop, using oxygen sensor feedback to determine fuel mix/",29.0,41
2026-08-17 09:17:59.994,1645.5,43.0,85.0,31.0,39.0,99.0,-0.6,34.12,-0.78,-6.25,7.85,0.7,0.64,33.5,12.1,14.12,"Closed loop, using oxygen sensor feedback to determine fuel mix/",29.0,41
2026-08-17 09:18:01.702,1660.25,44.0,85.0,31.0,37.0,99.0,-0.62,32.94,1.56,-6.25,7.64,0.19,0.66,34.0,12.0,14.9,"Closed loop, using oxygen sensor feedback to determine fuel mix/",29.0,42
2026-08-17 09:18:03.393,1667.5,44.0,86.0,31.0,34.0,99.0,-0.65,29.8,-4.69,-6.25,3.6,0.07,0.62,5.5,12.0,7.45,"Closed loop, using oxygen sensor feedback to determine fuel mix/",29.0,42
2026-08-17 09:18:05.100,1578.5,42.0,86.0,31.0,15.0,99.0,-0.84,27.84,0.0,0.78,3.52,0.01,0.06,-5.0,12.6,7.84,Open loop due to engine load OR fuel cut due to deceleration/,29.0,42
2026-08-17 09:18:06.794,1432.75,38.0,86.0,32.0,16.0,99.0,-0.83,27.45,0.0,0.78,3.23,0.01,0.01,-4.0,13.8,10.59,Open loop due to engine load OR fuel cut due to deceleration/,29.0,42
2026-08-17 09:18:08.501,1314.5,35.0,86.0,32.0,17.0,99.0,-0.82,28.24,7.81,-3.91,3.69,0.02,0.01,21.5,13.6,27.06,Open loop due to engine load OR fuel cut due to deceleration/,29.0,42
2026-08-17 09:18:10.196,1496.75,35.0,86.0,31.0,50.0,99.0,-0.49,36.86,7.81,-4.69,14.09,0.86,0.09,8.0,12.5,36.08,Open loop due to engine load OR fuel cut due to deceleration/,29.0,42
2026-08-17 09:18:11.904,1456.5,38.0,86.0,31.0,41.0,99.0,-0.58,34.51,7.81,-4.69,10.36,0.1,0.12,19.0,12.2,27.06,Open loop due to engine load OR fuel cut due to deceleration/,29.0,42
2026-08-17 09:18:13.596,1471.5,39.0,86.0,31.0,18.0,99.0,-0.81,27.84,3.91,-4.69,3.9,0.91,0.14,20.0,12.1,7.45,Open loop due to engine load OR fuel cut due to deceleration/,29.0,42
2026-08-17 09:18:15.307,1509.25,38.0,86.0,32.0,19.0,99.0,-0.8,30.2,3.91,-4.69,4.91,0.89,0.15,41.5,12.1,11.76,Open loop due to engine load OR fuel cut due to deceleration/,29.0,42
2026-08-17 09:18:17.000,1433.75,38.0,86.0,31.0,23.0,99.0,-0.76,30.2,3.91,-4.69,4.75,0.88,0.17,40.0,12.1,13.73,"Closed loop, using oxygen sensor feedback to determine fuel mix/",29.0,42
2026-08-17 09:18:18.709,1404.75,37.0,86.0,31.0,15.0,99.0,-0.84,28.63,0.78,-5.47,3.91,0.83,0.18,28.0,12.0,11.37,"Closed loop, using oxygen sensor feedback to determine fuel mix/",29.0,42
2026-08-17 09:18:20.419,1481.5,37.0,86.0,31.0,39.0,99.0,-0.6,34.12,4.69,-5.47,9.38,0.07,0.19,24.0,12.1,23.53,"Closed loop, using oxygen sensor feedback to determine fuel mix/",29.0,42
2026-08-17 09:18:22.144,1439.0,38.0,86.0,31.0,13.0,99.0,-0.86,27.06,4.69,-10.16,2.97,0.89,0.2,-2.0,12.0,9.02,"Closed loop, using oxygen sensor feedback to determine fuel mix/",29.0,42
2026-08-17 09:18:23.849,1299.75,34.0,85.0,32.0,17.0,99.0,-0.82,27.06,0.0,0.78,3.08,0.01,0.2,0.5,12.4,13.73,Open loop due to engine load OR fuel cut due to deceleration/,29.0,42
2026-08-17 09:18:25.542,1072.75,26.0,85.0,32.0,17.0,99.0,-0.82,27.84,7.81,0.78,3.45,0.89,0.07,-3.0,11.9,15.29,Open loop due to engine load OR fuel cut due to deceleration/,29.0,42
2026-08-17 09:18:27.233,1014.25,17.0,85.0,32.0,20.0,99.0,-0.79,29.8,7.81,0.78,4.26,0.92,0.12,-5.0,11.9,19.61,Open loop due to engine load OR fuel cut due to deceleration/,29.0,42
2026-08-17 09:18:28.928,747.5,8.0,85.0,32.0,18.0,99.0,-0.81,26.27,7.81,0.78,2.51,0.93,0.14,2.5,11.9,21.57,Open loop due to engine load OR fuel cut due to deceleration/,29.0,42
2026-08-17 09:18:30.620,700.25,1.0,85.0,32.0,19.0,99.0,-0.8,25.1,7.81,0.0,2.29,0.92,0.16,5.5,11.9,20.0,Open loop due to engine load OR fuel cut due to deceleration/,29.0,43
2026-08-17 09:18:32.313,692.75,1.0,85.0,32.0,19.0,99.0,-0.8,25.49,7.81,0.0,2.36,0.91,0.18,5.0,11.9,20.78,Open loop due to engine load OR fuel cut due to deceleration/,29.0,43
2026-08-17 09:18:34.007,688.75,0.0,85.0,32.0,21.0,99.0,-0.78,25.49,7.81,0.0,2.38,0.91,0.22,3.5,11.9,20.78,Open loop due to engine load OR fuel cut due to deceleration/,29.0,43
2026-08-17 09:18:35.713,680.75,0.0,85.0,32.0,21.0,99.0,-0.78,25.49,7.81,0.0,2.38,0.91,0.71,1.5,11.9,20.78,"Closed loop, using oxygen sensor feedback to determine fuel mix/",29.0,43
2026-08-17 09:18:37.408,686.75,0.0,85.0,32.0,19.0,99.0,-0.8,25.49,-3.12,-3.12,2.33,0.86,0.91,1.5,11.8,20.39,"Closed loop, using oxygen sensor feedback to determine fuel mix/",29.0,43
2026-08-17 09:18:39.099,677.75,0.0,85.0,32.0,20.0,99.0,-0.79,25.1,-7.81,-6.25,2.28,0.8,0.92,6.0,11.8,20.39,"Closed loop, using oxygen sensor feedback to determine fuel mix/",29.0,43
2026-08-17 09:18:40.792,673.25,0.0,85.0,32.0,21.0,99.0,-0.78,25.49,-6.25,-7.03,2.36,0.09,0.91,2.5,11.8,21.18,"Closed loop, using oxygen sensor feedback to determine fuel mix/",29.0,43
2026-08-17 09:18:42.487,678.75,0.0,85.0,32.0,21.0,99.0,-0.78,25.88,-6.25,-6.25,2.44,0.1,0.9,2.0,11.9,21.57,"Closed loop, using oxygen sensor feedback to determine fuel mix/",29.0,43
2026-08-17 09:18:44.178,685.0,0.0,85.0,32.0,21.0,99.0,-0.78,25.88,-6.25,-7.03,2.44,0.75,0.89,3.5,12.0,21.57,"Closed loop, using oxygen sensor feedback to determine fuel mix/",29.0,43
2026-08-17 09:18:45.871,675.0,0.0,85.0,32.0,21.0,99.0,-0.78,25.88,-6.25,-7.03,2.52,0.09,0.88,0.0,12.0,22.35,"Closed loop, using oxygen sensor feedback to determine fuel mix/",29.0,43
2026-08-17 09:18:47.565,683.5,0.0,85.0,32.0,21.0,99.0,-0.78,26.27,-6.25,-7.03,2.52,0.09,0.88,1.5,11.9,22.35,"Closed loop, using oxygen sensor feedback to determine fuel mix/",29.0,43
2026-08-17 09:18:49.274,680.5,0.0,85.0,32.0,21.0,99.0,-0.78,25.88,-1.56,-7.81,2.49,0.3,0.87,-0.5,11.9,21.96,"Closed loop, using oxygen sensor feedback to determine fuel mix/",29.0,43
2026-08-17 09:18:50.966,679.5,0.0,85.0,32.0,21.0,99.0,-0.78,25.88,-5.47,-7.81,2.48,0.09,0.86,2.5,12.0,22.35,"Closed loop, using oxygen sensor feedback to determine fuel mix/",29.0,43
2026-08-17 09:18:52.660,679.75,0.0,86.0,32.0,21.0,99.0,-0.78,26.27,-5.47,-7.81,2.53,0.08,0.86,-0.5,11.9,22.35,"Closed loop, using oxygen sensor feedback to determine fuel mix/",29.0,43
2026-08-17 09:18:54.351,684.0,0.0,86.0,32.0,22.0,99.0,-0.77,25.88,-0.78,-7.81,2.49,0.45,0.85,1.0,11.9,21.96,"Closed loop, using oxygen sensor feedback to determine fuel mix/",29.0,44
2026-08-17 09:18:56.061,678.25,0.0,86.0,32.0,21.0,99.0,-0.78,25.88,-3.91,-7.81,2.47,0.09,0.85,2.0,11.9,21.96,"Closed loop, using oxygen sensor feedback to determine fuel mix/",29.0,44
2026-08-17 09:18:57.753,693.0,1.0,86.0,32.0,21.0,99.0,-0.78,26.27,-3.91,-7.81,2.74,0.09,0.85,11.0,12.1,43.53,"Closed loop, using oxygen sensor feedback to determine fuel mix/",29.0,44
2026-08-17 09:18:59.447,1432.5,6.0,86.0,32.0,37.0,99.0,-0.62,35.69,9.38,-5.47,13.08,0.08,0.84,11.5,12.0,33.33,"Closed loop, using oxygen sensor feedback to determine fuel mix/",29.0,44
2026-08-17 09:19:01.137,2443.25,18.0,86.0,32.0,46.0,99.0,-0.53,38.82,-3.12,-7.03,25.53,0.07,0.84,13.5,12.0,44.31,"Closed loop, using oxygen sensor feedback to determine fuel mix/",29.0,45
2026-08-17 09:19:02.849,2588.0,28.0,86.0,31.0,37.0,99.0,-0.62,34.51,-3.91,-5.47,9.58,0.07,0.8,27.5,11.9,15.69,"Closed loop, using oxygen sensor feedback to determine fuel mix/",29.0,45
2026-08-17 09:19:04.558,1804.5,32.0,86.0,31.0,72.0,99.0,-0.27,68.24,-3.12,-6.25,37.63,0.1,0.79,-0.5,12.0,71.76,"Closed loop, using oxygen sensor feedback to determine fuel mix/",29.0,45
2026-08-17 09:19:06.263,1991.5,39.0,86.0,31.0,26.0,99.0,-0.73,30.98,-3.91,-6.25,4.31,0.81,0.71,3.5,12.0,21.18,"Closed loop, using oxygen sensor feedback to determine fuel mix/",29.0,45
2026-08-17 09:19:07.957,2159.25,42.0,86.0,31.0,82.0,98.0,-0.16,83.53,-2.34,-6.25,65.72,0.17,0.69,-0.5,12.1,65.88,"Closed loop, using oxygen sensor feedback to determine fuel mix/",29.0,45
2026-08-17 09:19:09.651,2588.0,51.0,86.0,31.0,65.0,99.0,-0.34,40.78,2.34,-6.25,28.16,0.76,0.7,13.5,12.0,32.94,"Closed loop, using oxygen sensor feedback to determine fuel mix/",29.0,45
2026-08-17 09:19:11.344,2461.0,53.0,86.0,31.0,15.0,99.0,-0.84,30.59,-3.12,-12.5,4.84,0.07,0.7,-1.0,12.0,6.67,"Closed loop, using oxygen sensor feedback to determine fuel mix/",29.0,45
2026-08-17 09:19:13.035,1576.75,52.0,87.0,31.0,14.0,99.0,-0.85,33.33,3.12,-6.25,10.05,0.09,0.71,11.5,11.9,39.61,"Closed loop, using oxygen sensor feedback to determine fuel mix/",29.0,45
2026-08-17 09:19:14.729,1854.5,54.0,87.0,31.0,83.0,99.0,-0.16,83.53,-2.34,-6.25,60.53,0.77,0.74,-4.0,12.0,100.0,"Closed loop, using oxygen sensor feedback to determine fuel mix/",29.0,45
2026-08-17 09:19:16.422,3053.5,60.0,87.0,31.0,34.0,99.0,-0.65,34.9,-10.16,-3.12,8.65,0.49,0.74,12.0,12.0,6.67,"Closed loop, using oxygen sensor feedback to determine fuel mix/",29.0,46
2026-08-17 09:19:18.133,1574.0,60.0,87.0,31.0,14.0,99.0,-0.85,28.24,0.0,-2.34,3.73,0.17,0.76,-5.5,11.9,8.24,Open loop due to engine load OR fuel cut due to deceleration/,29.0,46
2026-08-17 09:19:19.855,1396.0,53.0,87.0,31.0,16.0,99.0,-0.83,27.45,0.0,0.78,3.12,0.01,0.08,-3.0,13.1,12.55,Open loop due to engine load OR fuel cut due to deceleration/,29.0,46
2026-08-17 09:19:21.549,1280.25,37.0,87.0,31.0,14.0,99.0,-0.85,26.67,7.81,0.78,3.25,0.01,0.01,-1.5,13.5,14.51,Open loop due to engine load OR fuel cut due to deceleration/,29.0,45
2026-08-17 09:19:23.242,941.5,16.0,87.0,31.0,20.0,99.0,-0.79,29.8,7.81,0.78,4.14,0.91,0.07,-7.0,12.4,21.57,Open loop due to engine load OR fuel cut due to deceleration/,29.0,46
2026-08-17 09:19:24.952,888.25,10.0,87.0,31.0,16.0,99.0,-0.83,26.27,7.81,0.78,2.68,0.92,0.11,0.5,12.0,20.78,Open loop due to engine load OR fuel cut due to deceleration/,29.0,46
2026-08-17 09:19:26.659,729.25,0.0,87.0,31.0,23.0,99.0,-0.76,27.06,7.81,0.0,2.82,0.9,0.14,-0.5,12.3,24.71,Open loop due to engine load OR fuel cut due to deceleration/,29.0,46
2026-08-17 09:19:28.350,693.75,0.0,88.0,31.0,22.0,99.0,-0.77,26.67,7.81,0.0,2.72,0.89,0.15,-0.5,12.3,23.53,Open loop due to engine load OR fuel cut due to deceleration/,29.0,46
2026-08-17 09:19:30.045,1661.5,2.0,88.0,31.0,59.0,99.0,-0.4,40.39,6.25,-6.25,19.53,0.89,0.34,16.0,12.3,21.96,Open loop due to engine load OR fuel cut due to deceleration/,29.0,46
2026-08-17 09:19:31.735,1818.5,13.0,88.0,31.0,38.0,99.0,-0.61,35.69,-3.91,-5.47,13.59,0.07,0.86,21.5,12.3,23.92,"Closed loop, using oxygen sensor feedback to determine fuel mix/",29.0,46
2026-08-17 09:19:33.429,1836.75,18.0,88.0,31.0,43.0,99.0,-0.56,36.08,-2.34,-7.03,14.84,0.07,0.82,15.5,12.3,27.45,"Closed loop, using oxygen sensor feedback to determine fuel mix/",29.0,47
2026-08-17 09:19:35.139,1527.0,22.0,88.0,31.0,15.0,99.0,-0.84,27.06,-0.78,-14.06,2.05,0.07,0.81,5.0,12.2,18.04,"Closed loop, using oxygen sensor feedback to determine fuel mix/",29.0,47
2026-08-17 09:19:36.831,1035.75,20.0,88.0,32.0,14.0,99.0,-0.85,25.49,2.34,-10.16,2.38,0.1,0.8,6.5,12.2,19.61,"Closed loop, using oxygen sensor feedback to determine fuel mix/",29.0,47
2026-08-17 09:19:38.525,941.75,12.0,88.0,32.0,15.0,99.0,-0.84,25.49,-1.56,-10.94,2.29,0.86,0.8,1.0,12.2,16.47,"Closed loop, using oxygen sensor feedback to determine fuel mix/",29.0,47
2026-08-17 09:19:40.231,1585.25,14.0,88.0,32.0,38.0,99.0,-0.61,34.9,-3.12,-5.47,11.21,0.06,0.8,17.0,12.2,27.06,"Closed loop, using oxygen sensor feedback to determine fuel mix/",29.0,47
2026-08-17 09:19:41.925,1751.5,20.0,88.0,31.0,39.0,99.0,-0.6,33.73,-3.12,-7.03,7.39,0.07,0.78,16.5,12.2,5.88,"Closed loop, using oxygen sensor feedback to determine fuel mix/",29.0,47
2026-08-17 09:19:43.619,1185.0,20.0,88.0,32.0,15.0,99.0,-0.84,25.49,0.78,-12.5,2.14,0.12,0.78,4.0,12.1,15.69,"Closed loop, using oxygen sensor feedback to determine fuel mix/",29.0,47
2026-08-17 09:19:45.310,1103.0,12.0,88.0,32.0,18.0,99.0,-0.81,24.71,-3.12,-9.38,2.18,0.83,0.77,2.5,12.2,19.61,"Closed loop, using oxygen sensor feedback to determine fuel mix/",29.0,48
2026-08-17 09:19:47.017,678.25,3.0,88.0,32.0,27.0,99.0,-0.72,27.45,-4.69,-7.03,3.08,0.1,0.77,-9.0,12.1,27.45,"Closed loop, using oxygen sensor feedback to determine fuel mix/",29.0,48
2026-08-17 09:19:48.714,755.25,2.0,88.0,32.0,32.0,99.0,-0.67,31.76,-2.34,-6.25,5.99,0.09,0.77,33.5,12.2,27.84,"Closed loop, using oxygen sensor feedback to determine fuel mix/",29.0,48
2026-08-17 09:19:50.404,1151.0,6.0,88.0,32.0,31.0,99.0,-0.68,30.2,-3.12,-7.03,4.44,0.1,0.77,24.5,12.2,22.75,"Closed loop, using oxygen sensor feedback to determine fuel mix/",29.0,48
2026-08-17 09:19:52.097,1260.0,9.0,88.0,32.0,21.0,99.0,-0.78,26.67,-3.91,-12.5,3.66,0.12,0.77,17.5,12.2,15.29,"Closed loop, using oxygen sensor feedback to determine fuel mix/",29.0,48
2026-08-17 09:19:53.807,961.5,7.0,88.0,32.0,19.0,99.0,-0.8,27.06,0.78,-8.59,3.0,0.08,0.77,15.0,12.1,23.53,"Closed loop, using oxygen sensor feedback to determine fuel mix/",29.0,48
2026-08-17 09:19:55.498,773.5,0.0,89.0,32.0,23.0,99.0,-0.76,27.06,-2.34,-7.81,2.86,0.12,0.77,0.5,12.2,24.31,"Closed loop, using oxygen sensor feedback to determine fuel mix/",29.0,49
2026-08-17 09:19:57.193,713.75,0.0,89.0,32.0,22.0,99.0,-0.77,26.67,1.56,-7.81,2.69,0.76,0.77,-1.5,12.1,23.53,"Closed loop, using oxygen sensor feedback to determine fuel mix/",29.0,49
2026-08-17 09:19:58.902,691.25,0.0,89.0,32.0,23.0,99.0,-0.76,26.27,-3.12,-7.81,2.63,0.12,0.77,-0.5,12.0,23.14,"Closed loop, using oxygen sensor feedback to determine fuel mix/",29.0,49
2026-08-17 09:20:00.593,687.25,0.0,89.0,32.0,23.0,99.0,-0.76,26.27,0.78,-7.81,2.59,0.11,0.77,-1.5,12.1,22.75,"Closed loop, using oxygen sensor feedback to determine fuel mix/",29.0,49
2026-08-17 09:20:02.286,690.5,0.0,89.0,32.0,21.0,99.0,-0.78,26.27,-3.91,-7.81,2.54,0.67,0.76,-2.0,12.1,22.35,"Closed loop, using oxygen sensor feedback to determine fuel mix/",29.0,49
2026-08-17 09:20:03.980,673.0,0.0,89.0,32.0,21.0,99.0,-0.78,26.27,-3.91,-7.81,2.53,0.1,0.76,1.0,12.1,22.35,"Closed loop, using oxygen sensor feedback to determine fuel mix/",29.0,49
2026-08-17 09:20:05.687,699.75,1.0,89.0,32.0,21.0,99.0,-0.78,26.27,-3.91,-7.81,2.51,0.18,0.76,3.0,12.1,21.96,"Closed loop, using oxygen sensor feedback to determine fuel mix/",29.0,49
2026-08-17 09:20:07.380,714.25,2.0,89.0,32.0,23.0,99.0,-0.76,26.67,-3.91,-7.81,2.68,0.09,0.76,1.5,12.0,23.14,"Closed loop, using oxygen sensor feedback to determine fuel mix/",29.0,49
2026-08-17 09:20:09.074,711.0,2.0,89.0,32.0,23.0,99.0,-0.76,26.67,-3.12,-7.81,2.72,0.1,0.76,0.5,12.0,23.53,"Closed loop, using oxygen sensor feedback to determine fuel mix/",29.0,49
2026-08-17 09:20:10.766,694.75,0.0,89.0,32.0,22.0,99.0,-0.77,26.27,-3.12,-7.81,2.58,0.1,0.76,0.0,12.0,22.35,"Closed loop, using oxygen sensor feedback to determine fuel mix/",29.0,49
2026-08-17 09:20:12.459,693.75,0.0,89.0,32.0,23.0,99.0,-0.76,26.27,-3.91,-7.81,2.56,0.12,0.76,0.5,12.1,22.75,"Closed loop, using oxygen sensor feedback to determine fuel mix/",29.0,49
2026-08-17 09:20:14.150,685.5,0.0,89.0,32.0,21.0,99.0,-0.78,26.27,0.0,-7.81,2.53,0.1,0.76,-0.5,12.1,22.35,"Closed loop, using oxygen sensor feedback to determine fuel mix/",29.0,50
2026-08-17 09:20:15.846,677.25,0.0,89.0,32.0,23.0,99.0,-0.76,26.27,-4.69,-7.81,2.54,0.1,0.76,2.0,12.1,22.35,"Closed loop, using oxygen sensor feedback to determine fuel mix/",29.0,50
2026-08-17 09:20:17.536,682.25,0.0,89.0,32.0,22.0,99.0,-0.77,26.27,-0.78,-7.81,2.53,0.09,0.76,-1.5,12.0,22.35,"Closed loop, using oxygen sensor feedback to determine fuel mix/",29.0,50
2026-08-17 09:20:19.229,674.75,0.0,90.0,32.0,22.0,99.0,-0.77,25.88,-4.69,-7.81,2.51,0.1,0.76,1.5,12.1,22.35,"Closed loop, using oxygen sensor feedback to determine fuel mix/",29.0,50
2026-08-17 09:20:20.925,685.25,0.0,90.0,32.0,21.0,99.0,-0.78,25.88,-0.78,-7.81,2.52,0.09,0.76,0.5,12.0,21.96,"Closed loop, using oxygen sensor feedback to determine fuel mix/",29.0,50
2026-08-17 09:20:22.633,673.75,0.0,90.0,32.0,22.0,99.0,-0.77,25.88,-4.69,-7.81,2.5,0.1,0.76,0.0,12.1,21.96,"Closed loop, using oxygen sensor feedback to determine fuel mix/",29.0,50
2026-08-17 09:20:24.325,675.75,0.0,90.0,32.0,21.0,99.0,-0.78,26.27,-0.78,-7.81,2.52,0.09,0.76,1.0,12.1,21.96,"Closed loop, using oxygen sensor feedback to determine fuel mix/",29.0,50
2026-08-17 09:20:26.033,681.25,0.0,90.0,32.0,22.0,99.0,-0.77,25.88,-3.91,-7.81,2.48,0.1,0.76,1.5,12.1,21.96,"Closed loop, using oxygen sensor feedback to determine fuel mix/",29.0,51
2026-08-17 09:20:27.727,682.75,0.0,90.0,32.0,21.0,99.0,-0.78,25.88,0.0,-7.81,2.43,0.1,0.76,0.0,12.0,21.57,"Closed loop, using oxygen sensor feedback to determine fuel mix/",29.0,51
2026-08-17 09:20:29.418,673.5,0.0,90.0,32.0,21.0,99.0,-0.78,25.88,-3.91,-7.81,2.45,0.1,0.76,1.0,12.1,21.57,"Closed loop, using oxygen sensor feedback to determine fuel mix/",29.0,51
2026-08-17 09:20:31.115,682.25,0.0,90.0,32.0,21.0,99.0,-0.78,25.88,0.0,-7.81,2.48,0.1,0.76,0.5,12.1,21.96,"Closed loop, using oxygen sensor feedback to determine fuel mix/",29.0,51
2026-08-17 09:20:32.820,673.75,0.0,90.0,32.0,21.0,99.0,-0.78,26.27,-3.91,-7.81,2.5,0.1,0.76,2.5,12.0,22.35,"Closed loop, using oxygen sensor feedback to determine fuel mix/",29.0,51
2026-08-17 09:20:34.530,692.25,2.0,90.0,32.0,21.0,99.0,-0.78,26.27,0.0,-7.81,2.64,0.09,0.76,2.0,12.0,22.75,"Closed loop, using oxygen sensor feedback to determine fuel mix/",29.0,51
2026-08-17 09:20:36.220,716.0,3.0,90.0,32.0,23.0,99.0,-0.76,26.67,-3.12,-7.81,2.68,0.09,0.76,2.5,12.1,23.14,"Closed loop, using oxygen sensor feedback to determine fuel mix/",29.0,51
2026-08-17 09:20:37.914,709.25,1.0,90.0,32.0,22.0,99.0,-0.77,26.67,0.78,-7.81,2.65,0.09,0.76,0.5,12.0,22.75,"Closed loop, using oxygen sensor feedback to determine fuel mix/",29.0,52
2026-08-17 09:20:39.608,690.75,0.0,90.0,32.0,23.0,99.0,-0.76,26.27,-3.12,-7.81,2.54,0.1,0.76,0.0,12.0,22.35,"Closed loop, using oxygen sensor feedback to determine fuel mix/",29.0,52
2026-08-17 09:20:41.315,680.5,0.0,90.0,32.0,21.0,99.0,-0.78,26.27,0.78,-7.81,2.58,0.1,0.76,-1.5,12.0,22.35,"Closed loop, using oxygen sensor feedback to determine fuel mix/",29.0,52
2026-08-17 09:20:43.010,687.25,0.0,90.0,32.0,21.0,99.0,-0.78,25.88,-3.12,-7.81,2.49,0.1,0.76,1.0,12.0,21.96,"Closed loop, using oxygen sensor feedback to determine fuel mix/",29.0,52
2026-08-17 09:20:44.699,674.25,0.0,90.0,32.0,22.0,99.0,-0.77,25.88,0.78,-7.81,2.49,0.1,0.76,-1.0,12.0,21.96,"Closed loop, using oxygen sensor feedback to determine fuel mix/",29.0,52
2026-08-17 09:20:46.397,680.5,0.0,90.0,32.0,21.0,99.0,-0.78,25.88,-3.91,-7.81,2.49,0.09,0.76,2.0,12.1,21.96,"Closed loop, using oxygen sensor feedback to determine fuel mix/",29.0,52
2026-08-17 09:20:48.104,686.0,0.0,90.0,32.0,22.0,99.0,-0.77,25.88,0.0,-7.81,2.47,0.11,0.76,-1.0,12.0,21.57,"Closed loop, using oxygen sensor feedback to determine fuel mix/",29.0,52
2026-08-17 09:20:49.794,684.5,0.0,90.0,32.0,21.0,99.0,-0.78,25.88,-3.12,-7.81,2.45,0.1,0.76,0.5,12.0,21.57,"Closed loop, using oxygen sensor feedback to determine fuel mix/",29.0,52
2026-08-17 09:20:51.492,681.0,0.0,91.0,32.0,22.0,99.0,-0.77,25.88,0.78,-7.81,2.45,0.36,0.76,0.5,12.0,21.57,"Closed loop, using oxygen sensor feedback to determine fuel mix/",29.0,52
2026-08-17 09:20:53.198,679.75,0.0,90.0,33.0,21.0,99.0,-0.78,25.88,-3.91,-7.81,2.49,0.09,0.76,0.5,12.0,22.35,"Closed loop, using oxygen sensor feedback to determine fuel mix/",29.0,52
2026-08-17 09:20:54.890,685.0,0.0,91.0,33.0,21.0,99.0,-0.78,25.88,0.0,-7.81,2.5,0.28,0.76,1.5,12.0,21.96,"Closed loop, using oxygen sensor feedback to determine fuel mix/",29.0,52
2026-08-17 09:20:56.602,684.25,0.0,91.0,33.0,22.0,99.0,-0.77,25.88,-3.12,-7.81,2.49,0.1,0.76,2.5,12.0,21.96,"Closed loop, using oxygen sensor feedback to determine fuel mix/",29.0,52
2026-08-17 09:20:58.325,689.0,0.0,91.0,33.0,22.0,99.0,-0.77,25.88,-3.12,-7.81,2.46,0.76,0.76,2.0,12.0,21.96,"Closed loop, using oxygen sensor feedback to determine fuel mix/",29.0,53
2026-08-17 09:21:00.033,679.5,0.0,91.0,33.0,22.0,99.0,-0.77,25.88,-3.12,-7.81,2.47,0.09,0.76,5.5,12.0,21.96,"Closed loop, using oxygen sensor feedback to determine fuel mix/",29.0,53
2026-08-17 09:21:01.726,689.25,0.0,91.0,33.0,22.0,99.0,-0.77,25.88,-2.34,-7.81,2.45,0.76,0.76,1.5,12.0,21.96,"Closed loop, using oxygen sensor feedback to determine fuel mix/",29.0,53
2026-08-17 09:21:03.450,686.75,0.0,91.0,33.0,22.0,99.0,-0.77,25.88,-3.12,-7.81,2.48,0.1,0.76,0.5,12.0,22.35,"Closed loop, using oxygen sensor feedback to determine fuel mix/",29.0,53
2026-08-17 09:21:05.160,680.0,0.0,91.0,33.0,21.0,99.0,-0.78,25.88,-3.12,-7.81,2.45,0.73,0.76,2.0,12.0,21.96,"Closed loop, using oxygen sensor feedback to determine fuel mix/",29.0,53
2026-08-17 09:21:06.851,682.0,0.0,91.0,33.0,22.0,99.0,-0.77,25.88,-3.12,-7.81,2.47,0.1,0.76,3.5,12.1,21.96,"Closed loop, using oxygen sensor feedback to determine fuel mix/",29.0,53
2026-08-17 09:21:08.542,670.75,0.0,91.0,33.0,22.0,99.0,-0.77,25.88,-3.12,-7.81,2.47,0.18,0.76,1.5,12.0,21.96,"Closed loop, using oxygen sensor feedback to determine fuel mix/",29.0,53
2026-08-17 09:21:10.236,682.5,0.0,91.0,33.0,21.0,99.0,-0.78,25.88,-3.12,-7.81,2.51,0.1,0.75,0.0,12.0,21.96,"Closed loop, using oxygen sensor feedback to determine fuel mix/",29.0,53
2026-08-17 09:21:11.927,685.25,0.0,91.0,33.0,23.0,99.0,-0.76,25.88,-3.12,-7.81,2.46,0.1,0.76,0.5,12.0,21.96,"Closed loop, using oxygen sensor feedback to determine fuel mix/",29.0,53
2026-08-17 09:21:13.624,673.0,0.0,91.0,33.0,21.0,99.0,-0.78,26.27,0.78,-7.81,2.5,0.1,0.76,1.5,12.0,21.96,"Closed loop, using oxygen sensor feedback to determine fuel mix/",29.0,53
2026-08-17 09:21:15.316,678.75,0.0,91.0,33.0,21.0,99.0,-0.78,25.88,-3.12,-7.81,2.47,0.09,0.76,1.0,12.1,22.35,"Closed loop, using oxygen sensor feedback to determine fuel mix/",29.0,53
2026-08-17 09:21:17.010,680.75,0.0,91.0,33.0,22.0,99.0,-0.77,25.88,0.78,-7.81,2.49,0.12,0.75,0.0,12.0,21.96,"Closed loop, using oxygen sensor feedback to determine fuel mix/",29.0,54
2026-08-17 09:21:18.702,679.25,0.0,91.0,33.0,21.0,99.0,-0.78,25.88,-2.34,-7.81,2.45,0.1,0.76,3.0,12.1,21.96,"Closed loop, using oxygen sensor feedback to determine fuel mix/",29.0,54
2026-08-17 09:21:20.392,1390.75,4.0,91.0,33.0,34.0,99.0,-0.65,31.76,6.25,-6.25,5.69,0.48,0.7,33.0,12.0,23.14,"Closed loop, using oxygen sensor feedback to determine fuel mix/",29.0,54
2026-08-17 09:21:22.102,1553.0,9.0,91.0,33.0,42.0,99.0,-0.57,36.47,6.25,-6.25,14.1,0.16,0.56,17.0,12.0,26.67,"Closed loop, using oxygen sensor feedback to determine fuel mix/",29.0,54
2026-08-17 09:21:23.812,2004.25,16.0,91.0,33.0,42.0,99.0,-0.57,35.29,3.91,-6.25,12.58,0.1,0.62,18.5,12.0,24.31,"Closed loop, using oxygen sensor feedback to determine fuel mix/",29.0,54
2026-08-17 09:21:25.504,1786.5,21.0,91.0,33.0,28.0,99.0,-0.71,31.76,-0.78,-6.25,6.01,0.84,0.64,15.5,12.0,11.76,"Closed loop, using oxygen sensor feedback to determine fuel mix/",29.0,54
2026-08-17 09:21:27.197,1296.75,23.0,91.0,33.0,47.0,99.0,-0.52,35.29,6.25,-5.47,10.73,0.1,0.53,9.5,12.0,38.82,"Closed loop, using oxygen sensor feedback to determine fuel mix/",,54
2026-08-17 09:21:28.859,1311.75,26.0,91.0,33.0,39.0,99.0,-0.6,32.55,4.69,-5.47,7.78,0.79,0.57,17.0,12.0,29.41,"Closed loop, using oxygen sensor feedback to determine fuel mix/",29.0,55
2026-08-17 09:21:30.581,1310.0,27.0,91.0,33.0,15.0,99.0,-0.84,27.45,0.78,-10.16,3.21,0.86,0.6,7.0,12.0,12.16,"Closed loop, using oxygen sensor feedback to determine fuel mix/",29.0,54
2026-08-17 09:21:32.277,1109.5,23.0,91.0,33.0,14.0,99.0,-0.85,26.27,-3.12,-7.81,2.71,0.86,0.62,5.5,12.0,16.47,"Closed loop, using oxygen sensor feedback to determine fuel mix/",29.0,54
2026-08-17 09:21:34.002,1067.0,15.0,92.0,33.0,20.0,99.0,-0.79,28.24,-7.81,-5.47,3.48,0.73,0.63,-8.5,12.0,18.82,"Closed loop, using oxygen sensor feedback to determine fuel mix/",29.0,54
2026-08-17 09:21:35.710,729.0,8.0,92.0,33.0,18.0,99.0,-0.81,23.92,-0.78,-7.81,2.02,0.11,0.64,6.0,12.0,17.25,"Closed loop, using oxygen sensor feedback to determine fuel mix/",29.0,54
2026-08-17 09:21:37.402,748.25,4.0,92.0,33.0,20.0,99.0,-0.79,25.49,-0.78,-7.03,3.02,0.12,0.64,-2.5,12.0,27.45,"Closed loop, using oxygen sensor feedback to determine fuel mix/",29.0,54
2026-08-17 09:21:39.110,698.5,0.0,92.0,33.0,25.0,99.0,-0.74,27.06,0.0,-6.25,2.77,0.1,0.64,-4.5,12.0,23.92,"Closed loop, using oxygen sensor feedback to determine fuel mix/",29.0,54
2026-08-17 09:21:40.802,701.5,0.0,92.0,33.0,21.0,99.0,-0.78,25.88,-3.91,-6.25,2.47,0.69,0.65,1.5,12.0,21.96,"Closed loop, using oxygen sensor feedback to determine fuel mix/",29.0,54
2026-08-17 09:21:42.495,678.75,0.0,92.0,33.0,22.0,99.0,-0.77,25.88,-3.91,-6.25,2.48,0.77,0.65,2.0,11.9,21.96,"Closed loop, using oxygen sensor feedback to determine fuel mix/",29.0,54
2026-08-17 09:21:44.200,684.0,0.0,92.0,33.0,22.0,99.0,-0.77,25.88,-1.56,-7.03,2.47,0.2,0.65,1.5,12.0,21.57,"Closed loop, using oxygen sensor feedback to determine fuel mix/",29.0,54
2026-08-17 09:21:45.913,681.25,0.0,92.0,33.0,21.0,99.0,-0.78,25.88,-0.78,-7.03,2.44,0.13,0.65,1.5,12.0,21.57,"Closed loop, using oxygen sensor feedback to determine fuel mix/",29.0,54
2026-08-17 09:21:47.608,673.5,0.0,92.0,33.0,23.0,99.0,-0.76,25.88,-0.78,-7.03,2.45,0.1,0.66,0.5,12.0,21.57,"Closed loop, using oxygen sensor feedback to determine fuel mix/",29.0,54
2026-08-17 09:21:49.301,673.25,0.0,92.0,33.0,22.0,99.0,-0.77,25.88,-1.56,-7.03,2.45,0.09,0.66,0.5,12.0,21.57,"Closed loop, using oxygen sensor feedback to determine fuel mix/",29.0,54
2026-08-17 09:21:51.009,681.25,0.0,92.0,33.0,21.0,99.0,-0.78,25.88,-3.91,-7.03,2.43,0.1,0.66,2.0,12.0,21.57,"Closed loop, using oxygen sensor feedback to determine fuel mix/",29.0,54
2026-08-17 09:21:52.718,677.25,0.0,92.0,33.0,21.0,99.0,-0.78,25.88,-3.91,-7.03,2.4,0.13,0.66,2.5,12.0,21.18,"Closed loop, using oxygen sensor feedback to determine fuel mix/",29.0,55
2026-08-17 09:21:54.425,680.0,0.0,92.0,33.0,22.0,99.0,-0.77,25.88,-3.91,-7.03,2.39,0.74,0.66,3.0,12.1,21.18,"Closed loop, using oxygen sensor feedback to determine fuel mix/",29.0,55
2026-08-17 09:21:56.118,685.25,0.0,92.0,33.0,21.0,99.0,-0.78,25.88,-3.91,-7.03,2.37,0.76,0.66,2.5,12.0,20.78,"Closed loop, using oxygen sensor feedback to determine fuel mix/",29.0,55
2026-08-17 09:21:57.809,684.5,0.0,92.0,33.0,21.0,99.0,-0.78,25.49,-3.91,-7.03,2.35,0.79,0.66,3.0,12.0,20.78,"Closed loop, using oxygen sensor feedback to determine fuel mix/",29.0,55
2026-08-17 09:21:59.506,688.75,0.0,92.0,33.0,20.0,99.0,-0.79,25.49,-0.78,-7.03,2.33,0.73,0.66,2.0,12.0,20.78,"Closed loop, using oxygen sensor feedback to determine fuel mix/",29.0,55
2026-08-17 09:22:01.212,677.75,0.0,92.0,33.0,22.0,99.0,-0.77,25.49,-1.56,-7.03,2.36,0.13,0.66,2.0,12.0,20.78,"Closed loop, using oxygen sensor feedback to determine fuel mix/",29.0,55
2026-08-17 09:22:02.905,680.0,0.0,92.0,33.0,21.0,99.0,-0.78,25.49,-1.56,-7.03,2.35,0.1,0.66,3.0,11.9,20.78,"Closed loop, using oxygen sensor feedback to determine fuel mix/",29.0,55
2026-08-17 09:22:04.612,679.25,0.0,92.0,33.0,21.0,99.0,-0.78,25.49,-3.91,-7.03,2.33,0.1,0.66,2.5,12.0,20.78,"Closed loop, using oxygen sensor feedback to determine fuel mix/",29.0,55
2026-08-17 09:22:06.306,679.75,0.0,92.0,33.0,20.0,99.0,-0.79,25.49,-3.91,-7.03,2.32,0.1,0.66,3.5,12.0,20.78,"Closed loop, using oxygen sensor feedback to determine fuel mix/",29.0,56
2026-08-17 09:22:07.999,677.5,0.0,92.0,33.0,21.0,99.0,-0.78,25.49,-5.47,-7.03,2.32,0.12,0.66,3.5,12.0,20.78,"Closed loop, using oxygen sensor feedback to determine fuel mix/",29.0,56
2026-08-17 09:22:09.691,685.25,0.0,92.0,33.0,21.0,99.0,-0.78,25.49,-3.91,-7.03,2.31,0.74,0.66,2.0,12.0,20.39,"Closed loop, using oxygen sensor feedback to determine fuel mix/",29.0,56
2026-08-17 09:22:11.383,681.5,0.0,93.0,33.0,20.0,99.0,-0.79,25.49,-3.91,-7.03,2.32,0.77,0.66,4.5,11.9,20.78,"Closed loop, using oxygen sensor feedback to determine fuel mix/",29.0,56
2026-08-17 09:22:13.077,685.75,0.0,92.0,33.0,21.0,99.0,-0.78,25.49,-3.91,-7.03,2.31,0.77,0.66,5.5,12.0,20.78,"Closed loop, using oxygen sensor feedback to determine fuel mix/",29.0,56
2026-08-17 09:22:14.770,682.5,0.0,92.0,33.0,21.0,99.0,-0.78,25.49,-0.78,-7.03,2.33,0.75,0.66,2.0,12.0,20.39,"Closed loop, using oxygen sensor feedback to determine fuel mix/",29.0,56
2026-08-17 09:22:16.461,675.25,0.0,92.0,33.0,20.0,99.0,-0.79,25.49,-0.78,-7.03,2.33,0.1,0.66,1.5,12.0,20.39,"Closed loop, using oxygen sensor feedback to determine fuel mix/",29.0,56
2026-08-17 09:22:18.157,679.75,0.0,92.0,33.0,21.0,99.0,-0.78,25.49,-3.91,-7.03,2.32,0.1,0.66,3.5,12.0,20.39,"Closed loop, using oxygen sensor feedback to determine fuel mix/",29.0,56
2026-08-17 09:22:19.846,968.75,1.0,92.0,33.0,29.0,99.0,-0.7,25.88,0.0,-5.47,3.12,0.1,0.66,18.5,12.0,26.67,"Closed loop, using oxygen sensor feedback to determine fuel mix/",29.0,57
2026-08-17 09:22:21.543,826.0,3.0,92.0,33.0,25.0,99.0,-0.74,28.24,-3.91,-7.03,3.42,0.09,0.66,-3.0,12.0,27.45,"Closed loop, using oxygen sensor feedback to determine fuel mix/",29.0,57
2026-08-17 09:22:23.233,756.5,0.0,92.0,33.0,24.0,99.0,-0.75,27.45,0.78,-7.03,3.01,0.12,0.66,-3.5,12.0,25.49,"Closed loop, using oxygen sensor feedback to determine fuel mix/",29.0,57
2026-08-17 09:22:24.927,714.0,1.0,93.0,33.0,22.0,99.0,-0.77,26.67,0.78,-7.03,2.8,0.1,0.66,-2.0,12.0,23.92,"Closed loop, using oxygen sensor feedback to determine fuel mix/",29.0,57
2026-08-17 09:22:26.620,726.75,2.0,93.0,33.0,22.0,99.0,-0.77,26.67,-2.34,-7.03,2.75,0.1,0.66,0.5,12.0,23.53,"Closed loop, using oxygen sensor feedback to determine fuel mix/",29.0,57
2026-08-17 09:22:28.314,927.75,4.0,93.0,33.0,31.0,99.0,-0.68,30.98,-1.56,-5.47,4.92,0.12,0.66,18.5,12.0,25.49,"Closed loop, using oxygen sensor feedback to determine fuel mix/",29.0,57
2026-08-17 09:22:30.005,984.75,6.0,93.0,33.0,22.0,99.0,-0.77,27.84,-3.12,-8.59,3.29,0.75,0.67,3.5,12.1,22.35,"Closed loop, using oxygen sensor feedback to determine fuel mix/",29.0,57
2026-08-17 09:22:31.699,875.0,7.0,93.0,33.0,19.0,99.0,-0.8,26.67,0.78,-8.59,2.75,0.15,0.66,-1.5,12.0,20.78,"Closed loop, using oxygen sensor feedback to determine fuel mix/",29.0,57
2026-08-17 09:22:33.407,801.0,6.0,93.0,33.0,18.0,99.0,-0.81,25.88,-3.12,-8.59,2.48,0.73,0.66,1.0,12.0,19.61,"Closed loop, using oxygen sensor feedback to determine fuel mix/",29.0,57
2026-08-17 09:22:35.097,1172.75,7.0,93.0,33.0,31.0,99.0,-0.68,30.59,-3.91,-5.47,4.37,0.81,0.66,7.5,12.0,12.16,"Closed loop, using oxygen sensor feedback to determine fuel mix/",29.0,58
2026-08-17 09:22:36.794,955.75,8.0,93.0,33.0,18.0,99.0,-0.81,27.06,-0.78,-8.59,2.96,0.08,0.66,-0.5,12.0,20.39,"Closed loop, using oxygen sensor feedback to determine fuel mix/",29.0,58
2026-08-17 09:22:38.488,841.0,6.0,93.0,33.0,19.0,99.0,-0.8,26.27,-4.69,-8.59,2.6,0.1,0.66,12.0,11.9,21.96,"Closed loop, using oxygen sensor feedback to determine fuel mix/",29.0,58
2026-08-17 09:22:40.192,747.0,0.0,93.0,33.0,21.0,99.0,-0.78,25.88,-4.69,-7.03,2.49,0.68,0.66,6.5,12.0,21.18,"Closed loop, using oxygen sensor feedback to determine fuel mix/",29.0,58
2026-08-17 09:22:41.888,711.75,0.0,93.0,33.0,20.0,99.0,-0.79,25.88,-4.69,-7.03,2.39,0.75,0.66,5.5,12.0,21.18,"Closed loop, using oxygen sensor feedback to determine fuel mix/",29.0,58
2026-08-17 09:22:43.583,693.75,0.0,93.0,33.0,21.0,99.0,-0.78,25.49,-3.12,-7.03,2.33,0.78,0.66,5.5,11.9,20.78,"Closed loop, using oxygen sensor feedback to determine fuel mix/",29.0,58
2026-08-17 09:22:45.288,690.5,0.0,93.0,33.0,21.0,99.0,-0.78,25.49,-0.78,-7.03,2.29,0.71,0.65,4.0,12.0,20.0,"Closed loop, using oxygen sensor feedback to determine fuel mix/",29.0,58
2026-08-17 09:22:46.981,677.75,0.0,93.0,33.0,19.0,99.0,-0.8,25.1,-1.56,-7.03,2.26,0.12,0.66,6.0,12.0,20.0,"Closed loop, using oxygen sensor feedback to determine fuel mix/",29.0,58
2026-08-17 09:22:48.676,673.75,0.0,93.0,33.0,20.0,99.0,-0.79,25.49,-1.56,-7.03,2.28,0.09,0.65,3.5,12.0,20.0,"Closed loop, using oxygen sensor feedback to determine fuel mix/",29.0,58
2026-08-17 09:22:50.368,677.0,0.0,93.0,33.0,19.0,99.0,-0.8,25.1,-4.69,-7.03,2.25,0.1,0.66,4.5,12.0,20.0,"Closed loop, using oxygen sensor feedback to determine fuel mix/",29.0,58
2026-08-17 09:22:52.077,678.5,0.0,93.0,33.0,20.0,99.0,-0.79,25.1,-4.69,-7.03,2.22,0.17,0.65,5.0,12.0,19.61,"Closed loop, using oxygen sensor feedback to determine fuel mix/",29.0,58
2026-08-17 09:22:53.769,682.25,0.0,93.0,33.0,21.0,99.0,-0.78,25.1,-3.12,-7.03,2.24,0.72,0.65,6.0,12.0,20.0,"Closed loop, using oxygen sensor feedback to determine fuel mix/",29.0,58
2026-08-17 09:22:55.498,681.25,0.0,93.0,33.0,19.0,99.0,-0.8,25.1,-3.12,-7.03,2.25,0.76,0.65,5.5,12.0,20.0,"Closed loop, using oxygen sensor feedback to determine fuel mix/",29.0,58
2026-08-17 09:22:57.184,680.75,0.0,93.0,33.0,21.0,99.0,-0.78,25.1,-3.12,-7.03,2.25,0.76,0.65,5.5,12.0,20.0,"Closed loop, using oxygen sensor feedback to determine fuel mix/",29.0,58
2026-08-17 09:22:58.899,678.75,0.0,93.0,33.0,21.0,99.0,-0.78,25.1,0.0,-7.03,2.26,0.72,0.65,5.0,12.0,20.0,"Closed loop, using oxygen sensor feedback to determine fuel mix/",29.0,58
2026-08-17 09:23:00.602,683.25,0.0,93.0,33.0,19.0,99.0,-0.8,25.1,-0.78,-7.03,2.26,0.14,0.65,6.0,12.0,20.0,"Closed loop, using oxygen sensor feedback to determine fuel mix/",29.0,58
2026-08-17 09:23:02.295,681.5,0.0,93.0,33.0,20.0,99.0,-0.79,25.49,-0.78,-7.03,2.25,0.1,0.65,6.0,12.0,20.0,"Closed loop, using oxygen sensor feedback to determine fuel mix/",29.0,58
2026-08-17 09:23:03.993,680.5,0.0,93.0,33.0,19.0,99.0,-0.8,25.49,-0.78,-7.03,2.28,0.1,0.65,6.0,12.0,20.39,"Closed loop, using oxygen sensor feedback to determine fuel mix/",29.0,58
2026-08-17 09:23:05.697,680.25,0.0,94.0,33.0,20.0,99.0,-0.79,25.49,-4.69,-7.03,2.26,0.11,0.65,8.0,12.0,20.39,"Closed loop, using oxygen sensor feedback to determine fuel mix/",29.0,58
2026-08-17 09:23:07.391,679.5,0.0,93.0,34.0,20.0,99.0,-0.79,25.1,-3.12,-7.03,2.24,0.55,0.65,6.0,11.9,20.0,"Closed loop, using oxygen sensor feedback to determine fuel mix/",29.0,59
2026-08-17 09:23:09.082,678.75,0.0,93.0,34.0,19.0,99.0,-0.8,25.1,-3.12,-7.03,2.23,0.74,0.65,7.5,12.0,20.0,"Closed loop, using oxygen sensor feedback to determine fuel mix/",29.0,59
2026-08-17 09:23:10.793,681.75,0.0,93.0,34.0,20.0,99.0,-0.79,29.8,-3.12,-5.47,4.54,0.74,0.65,12.0,12.1,40.0,"Closed loop, using oxygen sensor feedback to determine fuel mix/",29.0,59
2026-08-17 09:23:12.487,1481.75,6.0,93.0,33.0,36.0,99.0,-0.63,32.94,7.81,-5.47,7.23,0.76,0.65,31.0,12.0,21.57,"Closed loop, using oxygen sensor feedback to determine fuel mix/",29.0,59
2026-08-17 09:23:14.178,1415.5,10.0,94.0,34.0,25.0,99.0,-0.74,30.2,-0.78,-5.47,4.72,0.85,0.65,40.5,11.9,12.55,"Closed loop, using oxygen sensor feedback to determine fuel mix/",29.0,59
2026-08-17 09:23:15.869,1292.5,11.0,94.0,34.0,14.0,99.0,-0.85,27.84,1.56,-6.25,3.6,0.09,0.65,27.0,12.0,12.55,"Closed loop, using oxygen sensor feedback to determine fuel mix/",29.0,59
2026-08-17 09:23:17.578,1495.75,11.0,93.0,34.0,20.0,99.0,-0.79,29.02,-2.34,-5.47,4.06,0.84,0.65,43.0,12.0,11.37,"Closed loop, using oxygen sensor feedback to determine fuel mix/",29.0,59
2026-08-17 09:23:19.272,1722.75,13.0,94.0,34.0,38.0,99.0,-0.61,35.29,1.56,-5.47,12.1,0.07,0.65,24.5,12.0,21.96,"Closed loop, using oxygen sensor feedback to determine fuel mix/",29.0,60
2026-08-17 09:23:20.963,1707.75,17.0,94.0,34.0,42.0,99.0,-0.57,35.29,2.34,-5.47,12.45,0.76,0.64,20.0,12.0,23.14,"Closed loop, using oxygen sensor feedback to determine fuel mix/",29.0,60
2026-08-17 09:23:22.656,1658.5,20.0,94.0,34.0,15.0,99.0,-0.84,29.02,0.78,-5.47,3.98,0.89,0.65,31.5,12.0,8.24,"Closed loop, using oxygen sensor feedback to determine fuel mix/",29.0,60
2026-08-17 09:23:24.367,1555.5,20.0,94.0,34.0,13.0,99.0,-0.86,27.45,-4.69,-8.59,3.47,0.81,0.65,6.5,11.9,12.94,"Closed loop, using oxygen sensor feedback to determine fuel mix/",29.0,60
2026-08-17 09:23:26.078,991.0,12.0,94.0,34.0,15.0,99.0,-0.84,23.53,-1.56,-10.16,1.98,0.85,0.65,0.5,12.0,16.86,"Closed loop, using oxygen sensor feedback to determine fuel mix/",29.0,60
2026-08-17 09:23:27.766,746.5,11.0,93.0,34.0,16.0,99.0,-0.83,23.14,-5.47,-7.81,1.85,0.81,0.65,9.5,12.0,16.08,"Closed loop, using oxygen sensor feedback to determine fuel mix/",29.0,60
2026-08-17 09:23:29.469,735.5,9.0,94.0,34.0,17.0,99.0,-0.82,23.53,-0.78,-7.81,1.9,0.1,0.65,9.0,12.0,16.47,"Closed loop, using oxygen sensor feedback to determine fuel mix/",29.0,60
2026-08-17 09:23:31.168,742.25,9.0,94.0,34.0,16.0,99.0,-0.83,24.71,-4.69,-7.03,2.16,0.77,0.65,11.0,12.0,18.04,"Closed loop, using oxygen sensor feedback to determine fuel mix/",29.0,60
2026-08-17 09:23:32.859,795.75,8.0,94.0,34.0,17.0,99.0,-0.82,24.71,-3.91,-7.81,2.17,0.78,0.65,10.0,12.0,18.04,"Closed loop, using oxygen sensor feedback to determine fuel mix/",29.0,60
2026-08-17 09:23:34.554,792.0,7.0,94.0,34.0,18.0,99.0,-0.81,24.71,-0.78,-7.81,2.15,0.71,0.65,8.5,12.0,17.65,"Closed loop, using oxygen sensor feedback to determine fuel mix/",29.0,60
2026-08-17 09:23:36.246,792.25,7.0,94.0,34.0,17.0,99.0,-0.82,24.71,-0.78,-7.81,2.14,0.11,0.64,10.0,12.0,17.65,"Closed loop, using oxygen sensor feedback to determine fuel mix/",29.0,60
2026-08-17 09:23:37.942,778.0,7.0,94.0,34.0,17.0,99.0,-0.82,27.06,0.78,-5.47,3.01,0.1,0.64,2.0,12.0,22.75,"Closed loop, using oxygen sensor feedback to determine fuel mix/",29.0,60
2026-08-17 09:23:39.631,1008.5,7.0,94.0,34.0,21.0,99.0,-0.78,28.24,-3.12,-5.47,3.86,0.8,0.65,29.5,12.0,24.71,"Closed loop, using oxygen sensor feedback to determine fuel mix/",29.0,60
2026-08-17 09:23:41.325,1223.0,9.0,94.0,33.0,27.0,99.0,-0.72,30.2,-4.69,-5.47,4.67,0.09,0.65,36.5,12.0,16.47,"Closed loop, using oxygen sensor feedback to determine fuel mix/",29.0,60
2026-08-17 09:23:43.018,1490.5,11.0,94.0,33.0,35.0,99.0,-0.64,34.12,1.56,-4.69,9.0,0.06,0.64,2.0,12.0,38.82,"Closed loop, using oxygen sensor feedback to determine fuel mix/",29.0,60
2026-08-17 09:23:44.713,1901.0,16.0,94.0,33.0,44.0,99.0,-0.55,34.51,0.78,-5.47,8.61,0.79,0.64,40.5,11.9,10.2,"Closed loop, using oxygen sensor feedback to determine fuel mix/",29.0,60
2026-08-17 09:23:46.403,1498.0,18.0,94.0,33.0,14.0,99.0,-0.85,28.63,0.78,-10.16,3.77,0.83,0.64,11.5,12.0,11.37,"Closed loop, using oxygen sensor feedback to determine fuel mix/",29.0,60
2026-08-17 09:23:48.098,1374.5,17.0,94.0,33.0,15.0,99.0,-0.84,27.84,-0.78,-7.81,3.43,0.85,0.64,5.5,12.0,11.76,"Closed loop, using oxygen sensor feedback to determine fuel mix/",29.0,60
2026-08-17 09:23:49.798,1276.0,16.0,94.0,33.0,15.0,99.0,-0.84,27.45,-4.69,-7.81,3.29,0.73,0.64,4.5,12.1,13.33,"Closed loop, using oxygen sensor feedback to determine fuel mix/",29.0,60
2026-08-17 09:23:51.500,1372.75,16.0,94.0,33.0,20.0,99.0,-0.79,30.98,-3.12,-5.47,5.0,0.84,0.64,21.0,12.0,15.29,"Closed loop, using oxygen sensor feedback to determine fuel mix/",29.0,60
2026-08-17 09:23:53.191,1359.5,17.0,94.0,33.0,17.0,99.0,-0.82,28.63,-7.03,-5.47,3.88,0.73,0.64,27.0,11.9,12.16,"Closed loop, using oxygen sensor feedback to determine fuel mix/",29.0,60
2026-08-17 09:23:54.883,1557.5,17.0,94.0,33.0,34.0,99.0,-0.65,33.33,2.34,-4.69,8.35,0.08,0.64,29.0,12.0,16.86,"Closed loop, using oxygen sensor feedback to determine fuel mix/",29.0,60
2026-08-17 09:23:56.593,1443.5,18.0,94.0,33.0,15.0,99.0,-0.84,28.63,-0.78,-8.59,3.83,0.73,0.64,6.5,12.0,10.2,"Closed loop, using oxygen sensor feedback to determine fuel mix/",29.0,60
2026-08-17 09:23:58.285,1380.0,18.0,94.0,33.0,16.0,99.0,-0.83,28.24,-6.25,-7.81,3.53,0.2,0.64,4.0,12.0,11.37,"Closed loop, using oxygen sensor feedback to determine fuel mix/",29.0,61
2026-08-17 09:23:59.998,1282.75,16.0,94.0,33.0,15.0,99.0,-0.84,27.84,-3.12,-7.81,3.34,0.72,0.64,3.5,12.0,14.51,"Closed loop, using oxygen sensor feedback to determine fuel mix/",29.0,60
2026-08-17 09:24:01.701,1165.25,15.0,94.0,33.0,17.0,99.0,-0.82,27.45,-3.91,-7.81,3.08,0.23,0.64,0.0,12.0,15.69,"Closed loop, using oxygen sensor feedback to determine fuel mix/",29.0,61
2026-08-17 09:24:03.397,963.0,12.0,94.0,33.0,15.0,99.0,-0.84,23.92,-4.69,-8.59,2.03,0.76,0.64,3.5,12.0,17.65,"Closed loop, using oxygen sensor feedback to determine fuel mix/",29.0,61
2026-08-17 09:24:05.107,684.5,3.0,95.0,33.0,26.0,99.0,-0.73,27.06,-5.47,-5.47,2.86,0.82,0.64,-6.0,12.0,24.71,"Closed loop, using oxygen sensor feedback to determine fuel mix/",29.0,61
2026-08-17 09:24:06.797,669.25,0.0,94.0,33.0,21.0,99.0,-0.78,25.88,-1.56,-7.81,2.49,0.09,0.64,1.5,12.0,21.96,"Closed loop, using oxygen sensor feedback to determine fuel mix/",29.0,61
2026-08-17 09:24:08.493,677.75,0.0,94.0,33.0,22.0,99.0,-0.77,25.49,-4.69,-7.81,2.37,0.67,0.64,5.0,12.0,21.18,"Closed loop, using oxygen sensor feedback to determine fuel mix/",29.0,61
2026-08-17 09:24:10.182,679.75,0.0,94.0,33.0,20.0,99.0,-0.79,25.49,-3.91,-7.81,2.35,0.74,0.64,5.0,12.0,21.18,"Closed loop, using oxygen sensor feedback to determine fuel mix/",29.0,61
2026-08-17 09:24:11.877,676.75,0.0,94.0,33.0,21.0,99.0,-0.78,25.49,-3.12,-7.81,2.34,0.73,0.64,6.0,12.0,20.78,"Closed loop, using oxygen sensor feedback to determine fuel mix/",29.0,61
2026-08-17 09:24:13.587,682.25,0.0,95.0,33.0,20.0,99.0,-0.79,25.49,-3.12,-7.81,2.33,0.62,0.64,3.0,12.0,20.78,"Closed loop, using oxygen sensor feedback to determine fuel mix/",29.0,61
2026-08-17 09:24:15.278,672.75,0.0,95.0,33.0,20.0,99.0,-0.79,25.49,-3.12,-7.81,2.34,0.34,0.64,3.0,11.9,20.78,"Closed loop, using oxygen sensor feedback to determine fuel mix/",29.0,61
2026-08-17 09:24:16.989,675.25,0.0,95.0,33.0,20.0,99.0,-0.79,25.49,-4.69,-7.81,2.31,0.1,0.64,4.0,12.0,20.39,"Closed loop, using oxygen sensor feedback to determine fuel mix/",29.0,61
2026-08-17 09:24:18.677,675.0,0.0,95.0,34.0,20.0,99.0,-0.79,25.49,-3.91,-7.81,2.28,0.1,0.64,13.0,12.0,36.86,"Closed loop, using oxygen sensor feedback to determine fuel mix/",29.0,61
2026-08-17 09:24:20.394,1348.75,4.0,95.0,33.0,35.0,99.0,-0.64,32.16,7.03,-5.47,6.07,0.46,0.64,33.0,11.9,23.53,"Closed loop, using oxygen sensor feedback to determine fuel mix/",29.0,62
2026-08-17 09:24:22.114,803.5,8.0,95.0,33.0,22.0,99.0,-0.77,26.67,0.0,-10.16,2.79,0.8,0.64,-1.0,12.0,23.53,"Closed loop, using oxygen sensor feedback to determine fuel mix/",29.0,62
2026-08-17 09:24:23.805,740.5,5.0,95.0,34.0,22.0,99.0,-0.77,26.67,0.0,-8.59,2.72,0.78,0.64,2.5,11.9,23.14,"Closed loop, using oxygen sensor feedback to determine fuel mix/",29.0,62
2026-08-17 09:24:25.499,701.0,0.0,95.0,34.0,21.0,99.0,-0.78,26.27,-2.34,-7.81,2.55,0.7,0.64,2.0,12.0,22.35,"Closed loop, using oxygen sensor feedback to determine fuel mix/",29.0,62
2026-08-17 09:24:27.207,695.0,0.0,95.0,34.0,22.0,99.0,-0.77,25.88,-2.34,-7.81,2.43,0.78,0.64,2.0,11.9,21.57,"Closed loop, using oxygen sensor feedback to determine fuel mix/",29.0,62
2026-08-17 09:24:28.899,687.25,0.0,95.0,34.0,22.0,99.0,-0.77,25.49,-3.12,-7.81,2.32,0.79,0.64,4.5,12.0,20.78,"Closed loop, using oxygen sensor feedback to determine fuel mix/",29.0,62
2026-08-17 09:24:30.609,685.75,0.0,95.0,34.0,20.0,99.0,-0.79,25.49,-3.91,-7.81,2.31,0.77,0.65,3.5,12.0,20.39,"Closed loop, using oxygen sensor feedback to determine fuel mix/",29.0,62
2026-08-17 09:24:32.316,685.5,0.0,96.0,34.0,21.0,99.0,-0.78,25.49,0.0,-7.81,2.26,0.12,0.64,6.5,12.0,20.0,"Closed loop, using oxygen sensor feedback to determine fuel mix/",29.0,62
2026-08-17 09:24:34.010,680.0,0.0,95.0,34.0,20.0,99.0,-0.79,25.49,0.78,-7.81,2.27,0.1,0.64,5.0,12.0,20.0,"Closed loop, using oxygen sensor feedback to determine fuel mix/",29.0,63
2026-08-17 09:24:35.717,681.0,0.0,95.0,34.0,21.0,99.0,-0.78,25.1,0.78,-7.81,2.25,0.12,0.64,3.5,12.0,19.61,"Closed loop, using oxygen sensor feedback to determine fuel mix/",29.0,63
2026-08-17 09:24:37.428,678.5,0.0,95.0,34.0,20.0,99.0,-0.79,25.1,0.78,-7.81,2.24,0.11,0.64,4.0,12.0,19.61,"Closed loop, using oxygen sensor feedback to determine fuel mix/",29.0,63
2026-08-17 09:24:39.122,680.25,0.0,95.0,34.0,19.0,99.0,-0.8,25.1,0.78,-7.81,2.24,0.12,0.65,5.0,12.0,19.61,"Closed loop, using oxygen sensor feedback to determine fuel mix/",29.0,63
2026-08-17 09:24:40.832,682.0,0.0,95.0,34.0,20.0,99.0,-0.79,25.1,0.0,-7.81,2.25,0.12,0.65,5.0,12.0,20.0,"Closed loop, using oxygen sensor feedback to determine fuel mix/",29.0,63
2026-08-17 09:24:42.537,679.75,0.0,96.0,34.0,19.0,99.0,-0.8,25.1,0.78,-7.81,2.23,0.11,0.65,5.0,12.0,20.0,"Closed loop, using oxygen sensor feedback to determine fuel mix/",29.0,63
2026-08-17 09:24:44.231,680.0,0.0,96.0,34.0,21.0,99.0,-0.78,25.1,0.78,-7.81,2.25,0.12,0.65,8.0,12.0,20.0,"Closed loop, using oxygen sensor feedback to determine fuel mix/",29.0,63
2026-08-17 09:24:45.924,679.25,0.0,96.0,34.0,20.0,99.0,-0.79,25.1,0.0,-7.81,2.25,0.1,0.65,4.5,12.0,20.0,"Closed loop, using oxygen sensor feedback to determine fuel mix/",29.0,63
2026-08-17 09:24:47.616,678.25,0.0,96.0,34.0,20.0,99.0,-0.79,25.1,0.0,-7.81,2.25,0.1,0.65,4.5,12.0,20.0,"Closed loop, using oxygen sensor feedback to determine fuel mix/",29.0,63
2026-08-17 09:24:49.324,678.5,0.0,96.0,34.0,19.0,99.0,-0.8,25.1,0.0,-7.81,2.25,0.1,0.65,5.5,12.0,20.0,"Closed loop, using oxygen sensor feedback to determine fuel mix/",29.0,63
2026-08-17 09:24:51.016,678.5,0.0,96.0,34.0,21.0,99.0,-0.78,25.1,-3.91,-7.81,2.23,0.11,0.65,7.0,12.0,20.0,"Closed loop, using oxygen sensor feedback to determine fuel mix/",29.0,63
2026-08-17 09:24:52.709,677.75,0.0,96.0,34.0,20.0,99.0,-0.79,25.1,-3.12,-7.81,2.24,0.14,0.65,8.0,11.9,20.0,"Closed loop, using oxygen sensor feedback to determine fuel mix/",29.0,63
2026-08-17 09:24:54.403,673.5,0.0,96.0,34.0,19.0,99.0,-0.8,25.1,-3.12,-7.81,2.24,0.69,0.66,5.5,12.0,20.0,"Closed loop, using oxygen sensor feedback to determine fuel mix/",29.0,64
2026-08-17 09:24:56.095,689.0,0.0,96.0,34.0,20.0,99.0,-0.79,25.1,-3.12,-7.81,2.25,0.77,0.66,6.5,12.0,19.61,"Closed loop, using oxygen sensor feedback to determine fuel mix/",29.0,64
2026-08-17 09:24:57.789,685.0,0.0,96.0,34.0,19.0,99.0,-0.8,25.1,0.78,-7.81,2.22,0.73,0.66,6.0,11.9,19.61,"Closed loop, using oxygen sensor feedback to determine fuel mix/",29.0,64
2026-08-17 09:24:59.486,681.5,0.0,96.0,34.0,20.0,99.0,-0.79,25.1,0.0,-7.81,2.23,0.13,0.67,4.0,12.0,19.61,"Closed loop, using oxygen sensor feedback to determine fuel mix/",29.0,64
2026-08-17 09:25:01.190,675.5,0.0,96.0,34.0,19.0,99.0,-0.8,25.1,0.0,-7.81,2.24,0.09,0.67,4.0,12.0,20.0,"Closed loop, using oxygen sensor feedback to determine fuel mix/",29.0,64
2026-08-17 09:25:02.881,677.25,0.0,96.0,34.0,20.0,99.0,-0.79,25.1,-3.91,-7.81,2.24,0.11,0.67,6.5,12.0,20.0,"Closed loop, using oxygen sensor feedback to determine fuel mix/",29.0,64
2026-08-17 09:25:04.591,687.75,0.0,96.0,34.0,19.0,99.0,-0.8,25.1,-3.12,-7.81,2.23,0.76,0.67,8.5,12.0,20.0,"Closed loop, using oxygen sensor feedback to determine fuel mix/",29.0,64
2026-08-17 09:25:06.282,684.0,0.0,96.0,34.0,21.0,99.0,-0.78,25.1,0.0,-7.81,2.23,0.7,0.68,7.0,12.0,20.0,"Closed loop, using oxygen sensor feedback to determine fuel mix/",29.0,64
2026-08-17 09:25:07.974,674.0,0.0,96.0,34.0,20.0,99.0,-0.79,25.1,0.0,-7.81,2.24,0.1,0.68,4.5,12.0,20.0,"Closed loop, using oxygen sensor feedback to determine fuel mix/",29.0,64
2026-08-17 09:25:09.668,676.75,0.0,96.0,34.0,20.0,99.0,-0.79,25.1,-3.91,-7.81,2.25,0.1,0.68,5.0,12.0,20.39,"Closed loop, using oxygen sensor feedback to determine fuel mix/",29.0,64
2026-08-17 09:25:11.361,682.0,0.0,96.0,34.0,21.0,99.0,-0.78,25.1,-3.12,-7.81,2.25,0.67,0.69,4.5,12.0,20.0,"Closed loop, using oxygen sensor feedback to determine fuel mix/",29.0,64
2026-08-17 09:25:13.060,686.0,0.0,96.0,34.0,21.0,99.0,-0.78,25.1,-3.12,-7.81,2.24,0.78,0.69,3.5,12.0,20.0,"Closed loop, using oxygen sensor feedback to determine fuel mix/",29.0,65
2026-08-17 09:25:14.765,682.0,0.0,96.0,34.0,21.0,99.0,-0.78,25.1,0.0,-7.81,2.23,0.12,0.7,4.0,12.0,19.61,"Closed loop, using oxygen sensor feedback to determine fuel mix/",29.0,65
2026-08-17 09:25:16.457,676.75,0.0,96.0,35.0,21.0,99.0,-0.78,25.1,-3.91,-7.81,2.28,0.1,0.7,4.0,12.0,20.0,"Closed loop, using oxygen sensor feedback to determine fuel mix/",29.0,65
2026-08-17 09:25:18.180,677.0,0.0,96.0,34.0,21.0,99.0,-0.78,25.1,-3.12,-7.81,2.22,0.34,0.71,4.5,12.0,20.0,"Closed loop, using oxygen sensor feedback to determine fuel mix/",29.0,65
2026-08-17 09:25:19.890,683.75,0.0,96.0,35.0,20.0,99.0,-0.79,25.1,0.78,-7.81,2.24,0.31,0.72,3.5,12.0,19.61,"Closed loop, using oxygen sensor feedback to determine fuel mix/",29.0,65
2026-08-17 09:25:21.581,673.75,0.0,96.0,35.0,20.0,99.0,-0.79,25.1,-3.91,-7.81,2.24,0.09,0.72,6.0,12.0,20.0,"Closed loop, using oxygen sensor feedback to determine fuel mix/",29.0,65
2026-08-17 09:25:23.276,679.0,0.0,96.0,35.0,21.0,99.0,-0.78,25.1,-3.12,-7.81,2.24,0.76,0.73,6.0,11.9,20.0,"Closed loop, using oxygen sensor feedback to determine fuel mix/",29.0,65
2026-08-17 09:25:24.967,677.5,0.0,96.0,35.0,20.0,99.0,-0.79,25.1,0.0,-7.81,2.24,0.09,0.73,4.0,12.0,19.61,"Closed loop, using oxygen sensor feedback to determine fuel mix/",29.0,65
2026-08-17 09:25:26.660,1294.75,1.0,96.0,35.0,39.0,99.0,-0.6,34.51,-3.12,-5.47,9.48,0.06,0.76,22.5,11.9,22.35,"Closed loop, using oxygen sensor feedback to determine fuel mix/",29.0,65
2026-08-17 09:25:28.353,1203.0,7.0,96.0,35.0,17.0,99.0,-0.82,26.27,0.0,-12.5,2.46,0.89,0.77,8.0,12.0,21.18,"Closed loop, using oxygen sensor feedback to determine fuel mix/",29.0,65
2026-08-17 09:25:30.048,766.0,8.0,96.0,35.0,19.0,99.0,-0.8,25.88,-3.91,-8.59,2.44,0.18,0.75,4.0,12.0,20.39,"Closed loop, using oxygen sensor feedback to determine fuel mix/",29.0,66
2026-08-17 09:25:31.740,741.25,7.0,96.0,35.0,20.0,99.0,-0.79,25.88,-0.78,-7.81,2.41,0.78,0.76,7.5,12.0,20.78,"Closed loop, using oxygen sensor feedback to determine fuel mix/",29.0,66
2026-08-17 09:25:33.430,713.75,3.0,96.0,35.0,22.0,99.0,-0.77,25.88,-2.34,-7.03,2.46,0.47,0.76,4.0,12.0,21.18,"Closed loop, using oxygen sensor feedback to determine fuel mix/",29.0,66
2026-08-17 09:25:35.132,700.75,0.0,96.0,35.0,21.0,99.0,-0.78,25.49,-3.12,-7.03,2.34,0.71,0.76,4.5,12.0,20.78,"Closed loop, using oxygen sensor feedback to determine fuel mix/",29.0,66
2026-08-17 09:25:36.833,684.25,0.0,96.0,35.0,21.0,99.0,-0.78,25.49,-3.91,-7.03,2.29,0.1,0.76,7.0,12.0,20.39,"Closed loop, using oxygen sensor feedback to determine fuel mix/",29.0,66
2026-08-17 09:25:38.543,687.25,0.0,96.0,35.0,19.0,99.0,-0.8,25.1,-4.69,-7.03,2.21,0.24,0.76,8.5,12.0,19.61,"Closed loop, using oxygen sensor feedback to determine fuel mix/",29.0,66
2026-08-17 09:25:40.251,687.5,1.0,96.0,35.0,21.0,99.0,-0.78,25.49,-0.78,-7.03,2.26,0.08,0.76,4.0,12.0,20.0,"Closed loop, using oxygen sensor feedback to determine fuel mix/",29.0,66
2026-08-17 09:25:41.943,686.0,0.0,96.0,35.0,21.0,99.0,-0.78,25.1,-3.91,-6.25,3.16,0.32,0.76,9.5,12.0,40.78,"Closed loop, using oxygen sensor feedback to determine fuel mix/",29.0,66
2026-08-17 09:25:43.637,1322.0,4.0,96.0,35.0,37.0,99.0,-0.62,32.94,3.91,-4.69,5.6,0.1,0.78,34.0,12.1,16.86,"Closed loop, using oxygen sensor feedback to determine fuel mix/",29.0,66
2026-08-17 09:25:45.347,911.25,7.0,97.0,35.0,21.0,99.0,-0.78,27.84,-1.56,-7.81,3.31,0.73,0.76,3.5,11.9,25.88,"Closed loop, using oxygen sensor feedback to determine fuel mix/",29.0,66
2026-08-17 09:25:47.038,800.75,3.0,97.0,35.0,23.0,99.0,-0.76,27.45,1.56,-7.81,3.14,0.09,0.76,-3.5,12.0,25.88,"Closed loop, using oxygen sensor feedback to determine fuel mix/",29.0,66
2026-08-17 09:25:48.732,733.0,0.0,97.0,35.0,21.0,99.0,-0.78,26.67,-2.34,-7.03,2.71,0.26,0.75,3.5,11.9,23.92,"Closed loop, using oxygen sensor feedback to determine fuel mix/",29.0,66
2026-08-17 09:25:50.424,697.0,0.0,97.0,35.0,23.0,99.0,-0.76,26.67,1.56,-7.03,2.74,0.09,0.76,-1.5,12.0,23.92,"Closed loop, using oxygen sensor feedback to determine fuel mix/",29.0,66
2026-08-17 09:25:52.116,686.5,0.0,97.0,35.0,23.0,99.0,-0.76,26.67,-2.34,-7.03,2.66,0.14,0.75,1.0,12.0,23.53,"Closed loop, using oxygen sensor feedback to determine fuel mix/",29.0,66
2026-08-17 09:25:53.810,681.0,0.0,97.0,35.0,22.0,99.0,-0.77,26.27,1.56,-7.03,2.62,0.1,0.75,0.0,12.0,23.14,"Closed loop, using oxygen sensor feedback to determine fuel mix/",29.0,66
2026-08-17 09:25:55.517,686.25,0.0,97.0,35.0,22.0,99.0,-0.77,26.27,-3.12,-7.03,2.55,0.1,0.75,2.0,12.0,22.75,"Closed loop, using oxygen sensor feedback to determine fuel mix/",29.0,66
2026-08-17 09:25:57.212,693.0,0.0,97.0,35.0,21.0,99.0,-0.78,26.27,0.78,-7.03,2.51,0.15,0.75,1.0,12.0,22.35,"Closed loop, using oxygen sensor feedback to determine fuel mix/",29.0,66
2026-08-17 09:25:58.922,680.75,0.0,97.0,35.0,22.0,99.0,-0.77,26.27,-3.12,-7.03,2.51,0.1,0.75,3.0,11.9,22.35,"Closed loop, using oxygen sensor feedback to determine fuel mix/",29.0,66
2026-08-17 09:26:00.629,687.25,0.0,97.0,35.0,21.0,99.0,-0.78,25.88,1.56,-7.03,2.5,0.72,0.75,1.5,11.9,21.96,"Closed loop, using oxygen sensor feedback to determine fuel mix/",29.0,66
2026-08-17 09:26:02.322,677.0,0.0,97.0,35.0,22.0,99.0,-0.77,25.88,-3.12,-7.03,2.48,0.1,0.75,2.0,12.0,22.35,"Closed loop, using oxygen sensor feedback to determine fuel mix/",29.0,67
2026-08-17 09:26:04.012,677.5,0.0,97.0,35.0,21.0,99.0,-0.78,25.88,-2.34,-7.03,2.45,0.77,0.75,2.5,12.0,21.96,"Closed loop, using oxygen sensor feedback to determine fuel mix/",29.0,67
2026-08-17 09:26:05.724,679.0,0.0,97.0,35.0,21.0,99.0,-0.78,25.88,-3.12,-7.03,2.48,0.1,0.75,2.5,11.9,21.96,"Closed loop, using oxygen sensor feedback to determine fuel mix/",29.0,67
2026-08-17 09:26:07.416,683.5,0.0,97.0,35.0,21.0,99.0,-0.78,25.88,-2.34,-7.03,2.4,0.73,0.75,11.0,12.1,52.55,"Closed loop, using oxygen sensor feedback to determine fuel mix/",29.0,67
2026-08-17 09:26:09.108,1551.5,3.0,97.0,34.0,35.0,99.0,-0.64,32.16,3.91,-4.69,5.98,0.1,0.76,21.0,12.0,20.78,"Closed loop, using oxygen sensor feedback to determine fuel mix/",29.0,67
2026-08-17 09:26:10.799,924.5,6.0,97.0,35.0,23.0,99.0,-0.76,28.24,-0.78,-7.81,3.52,0.75,0.75,4.0,12.0,27.06,"Closed loop, using oxygen sensor feedback to determine fuel mix/",29.0,67
2026-08-17 09:26:12.509,789.75,0.0,96.0,35.0,25.0,99.0,-0.74,27.84,-0.78,-7.03,3.22,0.1,0.74,-3.0,12.0,27.06,"Closed loop, using oxygen sensor feedback to determine fuel mix/",29.0,67
2026-08-17 09:26:14.201,728.25,0.0,96.0,35.0,23.0,99.0,-0.76,27.06,-1.56,-7.03,2.88,0.64,0.74,-0.5,12.0,24.71,"Closed loop, using oxygen sensor feedback to determine fuel mix/",29.0,67
2026-08-17 09:26:15.911,705.25,0.0,96.0,35.0,23.0,99.0,-0.76,26.67,2.34,-7.03,2.7,0.11,0.74,0.5,12.0,23.53,"Closed loop, using oxygen sensor feedback to determine fuel mix/",29.0,67
2026-08-17 09:26:17.605,694.25,0.0,95.0,35.0,23.0,99.0,-0.76,26.27,-2.34,-7.03,2.63,0.29,0.74,1.5,12.0,23.14,"Closed loop, using oxygen sensor feedback to determine fuel mix/",29.0,67
2026-08-17 09:26:19.297,687.5,0.0,95.0,35.0,23.0,99.0,-0.76,26.27,1.56,-7.03,2.58,0.12,0.74,-0.5,12.0,22.35,"Closed loop, using oxygen sensor feedback to determine fuel mix/",29.0,67
2026-08-17 09:26:20.994,1593.5,1.0,94.0,34.0,41.0,99.0,-0.58,34.51,1.56,-1.56,9.16,0.07,0.7,34.5,12.0,13.33,"Closed loop, using oxygen sensor feedback to determine fuel mix/",29.0,67
2026-08-17 09:26:22.698,958.75,6.0,94.0,35.0,27.0,99.0,-0.72,30.2,2.34,-6.25,4.56,0.2,0.67,5.0,12.0,30.59,"Closed loop, using oxygen sensor feedback to determine fuel mix/",29.0,67
2026-08-17 09:26:24.392,1310.5,9.0,94.0,35.0,38.0,99.0,-0.61,33.33,-0.78,-5.47,7.62,0.07,0.69,29.5,12.0,24.31,"Closed loop, using oxygen sensor feedback to determine fuel mix/",29.0,67
2026-08-17 09:26:26.083,1427.25,12.0,94.0,34.0,29.0,99.0,-0.7,27.06,0.78,-10.16,2.51,0.82,0.61,-0.5,12.0,18.04,"Closed loop, using oxygen sensor feedback to determine fuel mix/",29.0,67
2026-08-17 09:26:27.791,995.5,13.0,93.0,35.0,16.0,99.0,-0.83,25.49,3.91,-8.59,2.4,0.57,0.65,1.0,12.0,16.08,"Closed loop, using oxygen sensor feedback to determine fuel mix/",29.0,67
2026-08-17 09:26:29.504,756.5,9.0,93.0,35.0,16.0,99.0,-0.83,22.35,-0.78,-8.59,1.81,0.87,0.67,16.0,12.0,25.1,"Closed loop, using oxygen sensor feedback to determine fuel mix/",29.0,67
2026-08-17 09:26:31.195,696.75,2.0,93.0,35.0,23.0,99.0,-0.76,26.27,-6.25,-7.03,2.6,0.81,0.68,3.0,12.0,23.14,"Closed loop, using oxygen sensor feedback to determine fuel mix/",29.0,67
2026-08-17 09:26:32.920,1098.25,5.0,92.0,35.0,31.0,99.0,-0.68,29.8,-3.12,-5.47,4.08,0.84,0.68,16.5,12.0,22.75,"Closed loop, using oxygen sensor feedback to determine fuel mix/",29.0,67
2026-08-17 09:26:34.611,1050.5,7.0,92.0,35.0,25.0,99.0,-0.74,28.63,-4.69,-5.47,3.88,0.09,0.69,30.0,12.0,21.18,"Closed loop, using oxygen sensor feedback to determine fuel mix/",29.0,67
2026-08-17 09:26:36.305,1051.5,8.0,91.0,35.0,18.0,99.0,-0.81,27.45,0.0,-9.38,3.1,0.06,0.68,6.0,12.0,21.18,"Closed loop, using oxygen sensor feedback to determine fuel mix/",29.0,67
2026-08-17 09:26:37.997,837.75,5.0,91.0,35.0,21.0,99.0,-0.78,27.45,-2.34,-7.81,3.04,0.79,0.68,3.0,12.0,25.1,"Closed loop, using oxygen sensor feedback to determine fuel mix/",29.0,67
2026-08-17 09:26:39.690,828.5,5.0,91.0,35.0,28.0,99.0,-0.71,30.59,0.78,-5.47,4.86,0.17,0.68,16.5,12.0,28.63,"Closed loop, using oxygen sensor feedback to determine fuel mix/",29.0,67
2026-08-17 09:26:41.382,1277.25,8.0,91.0,35.0,35.0,99.0,-0.64,32.55,3.12,-5.47,7.23,0.1,0.68,30.5,12.0,20.78,"Closed loop, using oxygen sensor feedback to determine fuel mix/",29.0,67
2026-08-17 09:26:43.077,1346.5,11.0,91.0,35.0,13.0,99.0,-0.86,26.67,0.0,-9.38,2.79,0.83,0.68,30.0,12.0,10.98,"Closed loop, using oxygen sensor feedback to determine fuel mix/",29.0,67
2026-08-17 09:26:44.766,1106.75,8.0,90.0,35.0,17.0,99.0,-0.82,27.06,2.34,-7.81,3.01,0.6,0.68,1.5,12.0,20.0,"Closed loop, using oxygen sensor feedback to determine fuel mix/",29.0,67
2026-08-17 09:26:46.460,856.0,6.0,90.0,35.0,21.0,99.0,-0.78,27.06,-2.34,-7.81,2.98,0.56,0.68,2.5,11.9,23.53,"Closed loop, using oxygen sensor feedback to determine fuel mix/",29.0,67
2026-08-17 09:26:48.154,812.75,6.0,90.0,35.0,24.0,99.0,-0.75,35.29,-3.12,-4.69,10.13,0.06,0.68,6.0,12.1,29.8,"Closed loop, using oxygen sensor feedback to determine fuel mix/",29.0,67
2026-08-17 09:26:49.846,1663.0,12.0,90.0,35.0,33.0,99.0,-0.66,33.33,-0.78,-5.47,9.98,0.2,0.67,25.5,12.0,19.61,"Closed loop, using oxygen sensor feedback to determine fuel mix/",29.0,68
2026-08-17 09:26:51.540,2165.0,17.0,90.0,35.0,33.0,99.0,-0.66,33.73,0.0,-5.47,7.41,0.21,0.67,42.5,12.0,9.8,"Closed loop, using oxygen sensor feedback to determine fuel mix/",29.0,68
2026-08-17 09:26:53.247,2343.25,18.0,90.0,35.0,31.0,99.0,-0.68,35.69,-2.34,-4.69,13.82,0.08,0.67,26.5,11.9,20.39,"Closed loop, using oxygen sensor feedback to determine fuel mix/",29.0,68
2026-08-17 09:26:54.942,2722.5,21.0,90.0,35.0,32.0,99.0,-0.67,34.9,-0.78,-5.47,12.5,0.74,0.66,35.5,11.9,14.9,"Closed loop, using oxygen sensor feedback to determine fuel mix/",29.0,68
2026-08-17 09:26:56.651,3145.5,25.0,90.0,35.0,38.0,99.0,-0.61,36.86,4.69,-7.81,21.5,0.53,0.53,24.0,12.0,25.49,"Closed loop, using oxygen sensor feedback to determine fuel mix/",29.0,68
2026-08-17 09:26:58.376,3373.5,28.0,90.0,35.0,18.0,99.0,-0.81,34.51,-6.25,-5.47,12.51,0.26,0.7,26.5,12.0,17.25,"Closed loop, using oxygen sensor feedback to determine fuel mix/",29.0,68
2026-08-17 09:27:00.069,3383.5,28.0,91.0,35.0,12.0,99.0,-0.87,31.76,-2.34,-10.94,5.73,0.04,0.66,8.5,11.9,5.88,"Closed loop, using oxygen sensor feedback to determine fuel mix/",29.0,68
2026-08-17 09:27:01.760,2990.75,25.0,91.0,35.0,12.0,99.0,-0.87,31.37,-3.12,-7.81,5.77,0.32,0.65,3.0,12.0,6.67,"Closed loop, using oxygen sensor feedback to determine fuel mix/",29.0,68
2026-08-17 09:27:03.470,2479.75,20.0,91.0,35.0,12.0,99.0,-0.87,30.59,-0.78,-7.81,4.8,0.52,0.64,11.0,11.9,7.45,"Closed loop, using oxygen sensor feedback to determine fuel mix/",29.0,68
2026-08-17 09:27:05.163,2052.0,16.0,91.0,35.0,14.0,99.0,-0.85,30.2,-1.56,-7.81,4.69,0.08,0.64,36.0,12.0,8.63,"Closed loop, using oxygen sensor feedback to determine fuel mix/",29.0,68
2026-08-17 09:27:06.855,1749.0,14.0,91.0,35.0,14.0,99.0,-0.85,28.24,-3.91,-8.59,3.73,0.68,0.64,34.0,11.9,7.06,"Closed loop, using oxygen sensor feedback to determine fuel mix/",29.0,68
2026-08-17 09:27:08.547,1447.25,11.0,91.0,35.0,15.0,99.0,-0.84,30.2,0.78,-5.47,4.9,0.64,0.63,23.0,12.0,15.69,"Closed loop, using oxygen sensor feedback to determine fuel mix/",29.0,68
2026-08-17 09:27:10.241,1763.25,14.0,92.0,35.0,16.0,99.0,-0.83,29.41,-1.56,-9.38,3.41,0.8,0.63,35.5,12.0,7.06,"Closed loop, using oxygen sensor feedback to determine fuel mix/",29.0,68
2026-08-17 09:27:11.948,1784.75,14.0,92.0,35.0,14.0,99.0,-0.85,30.98,-1.56,-5.47,5.79,0.77,0.63,30.5,12.0,10.98,"Closed loop, using oxygen sensor feedback to determine fuel mix/",29.0,68
2026-08-17 09:27:13.641,2203.75,16.0,92.0,35.0,39.0,99.0,-0.6,36.86,2.34,-5.47,16.41,0.08,0.63,22.5,12.0,25.1,"Closed loop, using oxygen sensor feedback to determine fuel mix/",29.0,68
2026-08-17 09:27:15.332,2891.25,23.0,92.0,35.0,40.0,99.0,-0.59,36.86,4.69,-7.03,18.9,0.78,0.64,25.0,12.0,20.0,"Closed loop, using oxygen sensor feedback to determine fuel mix/",29.0,68
2026-08-17 09:27:17.027,3480.5,28.0,92.0,34.0,33.0,99.0,-0.66,36.47,7.03,-6.25,19.13,0.58,0.64,29.5,12.0,20.0,"Closed loop, using oxygen sensor feedback to determine fuel mix/",29.0,68
2026-08-17 09:27:18.721,4076.5,33.0,92.0,34.0,30.0,99.0,-0.69,36.08,0.0,-4.69,9.86,0.84,0.64,19.0,12.0,4.71,"Closed loop, using oxygen sensor feedback to determine fuel mix/",29.0,69
2026-08-17 09:27:20.413,2829.75,35.0,93.0,34.0,38.0,99.0,-0.61,38.04,3.91,-6.25,23.5,0.75,0.64,19.0,12.0,32.94,"Closed loop, using oxygen sensor feedback to determine fuel mix/",29.0,69
2026-08-17 09:27:22.104,2561.0,40.0,93.0,34.0,55.0,99.0,-0.44,39.22,0.0,-6.25,22.88,0.73,0.64,14.5,12.0,28.24,"Closed loop, using oxygen sensor feedback to determine fuel mix/",29.0,69
2026-08-17 09:27:23.799,1569.25,43.0,93.0,34.0,13.0,99.0,-0.86,27.45,-2.34,-7.03,3.46,0.89,0.64,11.0,12.0,6.27,"Closed loop, using oxygen sensor feedback to determine fuel mix/",29.0,69
2026-08-17 09:27:25.507,2092.25,41.0,93.0,35.0,36.0,99.0,-0.63,38.04,1.56,-6.25,20.41,0.08,0.63,17.0,12.0,31.76,"Closed loop, using oxygen sensor feedback to determine fuel mix/",29.0,69
2026-08-17 09:27:27.200,2668.0,45.0,93.0,34.0,65.0,99.0,-0.34,41.96,0.0,-6.25,34.27,0.1,0.64,7.5,12.0,43.14,"Closed loop, using oxygen sensor feedback to determine fuel mix/",29.0,69
2026-08-17 09:27:28.892,2732.5,52.0,93.0,34.0,54.0,99.0,-0.45,38.82,0.0,-6.25,21.18,0.28,0.64,18.5,12.0,24.71,"Closed loop, using oxygen sensor feedback to determine fuel mix/",29.0,69
2026-08-17 09:27:30.600,2767.25,55.0,94.0,34.0,41.0,99.0,-0.58,37.65,4.69,-6.25,20.65,0.75,0.63,20.0,12.1,27.45,"Closed loop, using oxygen sensor feedback to determine fuel mix/",29.0,69
2026-08-17 09:27:32.296,3059.5,58.0,94.0,34.0,62.0,99.0,-0.37,42.35,-5.47,-6.25,41.6,0.07,0.64,3.5,12.0,65.88,"Closed loop, using oxygen sensor feedback to determine fuel mix/",29.0,69
2026-08-17 09:27:34.003,3171.75,63.0,94.0,34.0,25.0,99.0,-0.74,34.51,-5.47,-4.69,11.32,0.54,0.64,37.5,12.0,11.76,"Closed loop, using oxygen sensor feedback to determine fuel mix/",29.0,69
2026-08-17 09:27:35.728,3150.25,63.0,94.0,34.0,20.0,99.0,-0.79,32.94,-4.69,-4.69,5.91,0.74,0.64,10.0,11.9,6.67,"Closed loop, using oxygen sensor feedback to determine fuel mix/",29.0,69
2026-08-17 09:27:37.420,3018.5,60.0,94.0,34.0,14.0,99.0,-0.85,31.37,0.0,0.78,6.29,0.01,0.05,-1.0,12.5,7.06,Open loop due to engine load OR fuel cut due to deceleration/,29.0,69
2026-08-17 09:27:39.114,2875.25,57.0,94.0,34.0,14.0,99.0,-0.85,32.94,7.81,-4.69,9.92,0.03,0.01,23.0,13.3,21.18,Open loop due to engine load OR fuel cut due to deceleration/,29.0,69
2026-08-17 09:27:40.836,2955.0,59.0,94.0,34.0,42.0,99.0,-0.57,37.65,7.81,-6.25,22.7,0.86,0.1,20.5,12.2,26.27,Open loop due to engine load OR fuel cut due to deceleration/,29.0,70
2026-08-17 09:27:42.544,3088.75,61.0,94.0,34.0,38.0,99.0,-0.61,37.25,6.25,-6.25,19.97,0.81,0.14,27.0,12.0,16.86,"Closed loop, using oxygen sensor feedback to determine fuel mix/",29.0,70
2026-08-17 09:27:44.242,3062.5,61.0,94.0,34.0,15.0,99.0,-0.84,33.33,7.81,-4.69,8.71,0.07,0.15,20.0,12.1,9.41,Open loop due to engine load OR fuel cut due to deceleration/,29.0,70
2026-08-17 09:27:45.932,3070.25,61.0,94.0,34.0,26.0,99.0,-0.73,36.08,7.81,-4.69,17.36,0.89,0.17,26.5,12.0,21.57,Open loop due to engine load OR fuel cut due to deceleration/,29.0,70
2026-08-17 09:27:47.656,3320.25,64.0,94.0,34.0,60.0,99.0,-0.39,44.31,-3.12,-6.25,46.43,0.76,0.84,8.5,12.0,43.53,"Closed loop, using oxygen sensor feedback to determine fuel mix/",29.0,70
2026-08-17 09:27:49.350,3512.25,70.0,94.0,34.0,27.0,99.0,-0.72,34.12,-3.91,0.78,6.89,0.89,0.79,17.0,12.0,6.67,"Closed loop, using oxygen sensor feedback to determine fuel mix/",29.0,70
2026-08-17 09:27:51.058,3431.0,68.0,94.0,34.0,12.0,99.0,-0.87,31.76,-11.72,0.78,6.24,0.89,0.78,8.0,12.0,6.27,Open loop due to engine load OR fuel cut due to deceleration/,29.0,70
2026-08-17 09:27:52.752,3301.75,66.0,94.0,34.0,13.0,99.0,-0.86,31.76,0.0,0.78,6.34,0.01,0.95,1.5,11.8,6.27,Open loop due to engine load OR fuel cut due to deceleration/,29.0,70
2026-08-17 09:27:54.444,3166.0,63.0,94.0,34.0,13.0,99.0,-0.86,31.37,0.0,0.78,6.05,0.01,0.02,0.5,12.9,6.67,Open loop due to engine load OR fuel cut due to deceleration/,29.0,71
2026-08-17 09:27:56.158,3102.75,61.0,93.0,34.0,15.0,99.0,-0.84,32.94,7.81,-4.69,7.14,0.86,0.09,18.5,12.0,6.67,Open loop due to engine load OR fuel cut due to deceleration/,29.0,71
2026-08-17 09:27:57.862,2980.5,60.0,93.0,34.0,14.0,99.0,-0.85,31.37,0.0,0.0,6.06,0.01,0.01,-1.5,12.1,6.67,Open loop due to engine load OR fuel cut due to deceleration/,29.0,71
2026-08-17 09:27:59.571,2932.5,58.0,93.0,34.0,29.0,99.0,-0.7,36.47,7.81,-4.69,17.19,0.84,0.06,29.0,11.9,13.73,Open loop due to engine load OR fuel cut due to deceleration/,29.0,71
2026-08-17 09:28:01.266,2886.0,58.0,93.0,34.0,13.0,99.0,-0.86,31.37,7.81,-3.91,7.51,0.06,0.07,22.0,11.8,9.02,Open loop due to engine load OR fuel cut due to deceleration/,29.0,71
2026-08-17 09:28:02.971,2838.5,57.0,93.0,34.0,15.0,99.0,-0.84,32.94,7.81,-4.69,7.63,0.88,0.11,30.5,11.8,9.02,Open loop due to engine load OR fuel cut due to deceleration/,29.0,71
2026-08-17 09:28:04.664,2861.0,57.0,93.0,34.0,15.0,99.0,-0.84,31.37,7.03,-4.69,5.1,0.89,0.13,9.0,11.7,6.27,Open loop due to engine load OR fuel cut due to deceleration/,29.0,71
2026-08-17 09:28:06.374,2769.25,55.0,92.0,34.0,13.0,99.0,-0.86,30.98,0.0,0.78,5.63,0.01,0.02,-2.5,12.2,6.67,Open loop due to engine load OR fuel cut due to deceleration/,29.0,71
2026-08-17 09:28:08.066,2692.75,54.0,92.0,34.0,12.0,99.0,-0.87,30.59,7.81,-4.69,5.26,0.85,0.05,36.0,11.8,6.67,Open loop due to engine load OR fuel cut due to deceleration/,29.0,71
2026-08-17 09:28:09.759,2590.75,52.0,92.0,34.0,12.0,99.0,-0.87,30.59,0.0,-0.78,5.29,0.42,0.1,-2.5,11.8,6.67,Open loop due to engine load OR fuel cut due to deceleration/,29.0,71
2026-08-17 09:28:11.451,2537.75,50.0,92.0,34.0,12.0,99.0,-0.87,30.59,7.81,-3.91,4.82,0.03,0.0,36.5,12.1,6.67,Open loop due to engine load OR fuel cut due to deceleration/,29.0,71
2026-08-17 09:28:13.174,2500.25,50.0,92.0,34.0,14.0,99.0,-0.85,31.37,7.81,-4.69,5.76,0.86,0.07,29.5,11.8,7.84,Open loop due to engine load OR fuel cut due to deceleration/,29.0,71
2026-08-17 09:28:14.871,2433.0,49.0,92.0,34.0,11.0,99.0,-0.88,30.2,7.81,-3.91,4.81,0.89,0.1,8.0,11.8,7.06,Open loop due to engine load OR fuel cut due to deceleration/,29.0,71
2026-08-17 09:28:16.562,2374.5,47.0,91.0,34.0,11.0,99.0,-0.88,29.8,7.81,-4.69,4.57,0.89,0.11,1.5,11.8,7.06,Open loop due to engine load OR fuel cut due to deceleration/,29.0,71
2026-08-17 09:28:18.277,2297.75,46.0,91.0,34.0,12.0,99.0,-0.87,29.8,7.81,-4.69,4.56,0.66,0.12,12.0,11.8,6.67,Open loop due to engine load OR fuel cut due to deceleration/,29.0,71
2026-08-17 09:28:19.979,2243.0,45.0,91.0,34.0,12.0,99.0,-0.87,29.8,7.81,-4.69,4.5,0.89,0.12,37.0,11.8,7.84,Open loop due to engine load OR fuel cut due to deceleration/,29.0,71
2026-08-17 09:28:21.671,2292.5,45.0,91.0,34.0,33.0,99.0,-0.66,35.69,5.47,-4.69,14.28,0.85,0.14,24.0,11.7,22.35,Open loop due to engine load OR fuel cut due to deceleration/,29.0,71
2026-08-17 09:28:23.376,2299.5,46.0,90.0,34.0,12.0,99.0,-0.87,29.8,0.0,0.78,4.36,0.89,0.14,-3.5,11.9,6.67,Open loop due to engine load OR fuel cut due to deceleration/,29.0,72
2026-08-17 09:28:25.075,2275.75,45.0,90.0,34.0,19.0,99.0,-0.8,34.12,5.47,-4.69,10.41,0.83,0.14,32.0,12.2,16.47,Open loop due to engine load OR fuel cut due to deceleration/,29.0,71
2026-08-17 09:28:26.783,2295.25,46.0,90.0,34.0,14.0,99.0,-0.85,29.8,3.91,-4.69,4.26,0.88,0.15,22.5,12.5,6.67,Open loop due to engine load OR fuel cut due to deceleration/,29.0,72
2026-08-17 09:28:28.491,2199.25,44.0,90.0,35.0,12.0,99.0,-0.87,29.41,-2.34,-4.69,4.54,0.85,0.15,32.5,13.1,8.63,"Closed loop, using oxygen sensor feedback to determine fuel mix/",29.0,72
2026-08-17 09:28:30.185,2193.25,43.0,90.0,34.0,25.0,99.0,-0.74,34.51,-3.12,-4.69,10.93,0.76,0.15,31.0,13.4,17.25,"Closed loop, using oxygen sensor feedback to determine fuel mix/",29.0,72
2026-08-17 09:28:31.876,2248.5,44.0,90.0,34.0,31.0,99.0,-0.68,30.2,3.12,-4.69,3.81,0.83,0.16,7.5,13.4,5.88,"Closed loop, using oxygen sensor feedback to determine fuel mix/",29.0,72
2026-08-17 09:28:33.568,2163.25,43.0,90.0,35.0,14.0,99.0,-0.85,29.41,0.0,0.0,4.32,0.01,0.16,-2.0,14.0,7.06,Open loop due to engine load OR fuel cut due to deceleration/,29.0,72
2026-08-17 09:28:35.261,2090.25,41.0,90.0,35.0,17.0,99.0,-0.82,32.16,7.81,-4.69,6.65,0.73,0.06,21.0,13.5,10.98,Open loop due to engine load OR fuel cut due to deceleration/,29.0,72
2026-08-17 09:28:36.955,2073.0,41.0,90.0,34.0,13.0,99.0,-0.86,29.41,7.81,-0.78,4.18,0.89,0.1,2.5,13.5,7.06,Open loop due to engine load OR fuel cut due to deceleration/,29.0,72
2026-08-17 09:28:38.662,2004.0,40.0,90.0,34.0,15.0,99.0,-0.84,30.59,7.81,-4.69,5.13,0.64,0.04,34.0,13.5,9.02,Open loop due to engine load OR fuel cut due to deceleration/,29.0,72
2026-08-17 09:28:40.359,1992.5,39.0,90.0,34.0,15.0,99.0,-0.84,30.98,7.81,-4.69,4.03,0.88,0.1,2.0,13.5,7.06,Open loop due to engine load OR fuel cut due to deceleration/,29.0,72
2026-08-17 09:28:42.066,1889.25,37.0,90.0,34.0,12.0,99.0,-0.87,28.63,7.81,0.0,3.82,0.92,0.12,1.5,13.5,7.06,Open loop due to engine load OR fuel cut due to deceleration/,29.0,72
2026-08-17 09:28:43.774,1812.75,36.0,90.0,34.0,12.0,99.0,-0.87,28.24,7.81,0.0,3.61,0.92,0.12,5.0,13.4,6.67,Open loop due to engine load OR fuel cut due to deceleration/,29.0,72
2026-08-17 09:28:45.466,1462.0,29.0,90.0,34.0,14.0,99.0,-0.85,27.06,7.81,0.0,3.13,0.91,0.14,2.5,13.4,13.33,Open loop due to engine load OR fuel cut due to deceleration/,29.0,72
2026-08-17 09:28:47.156,918.25,16.0,90.0,34.0,18.0,99.0,-0.81,28.63,7.81,0.78,3.62,0.92,0.14,-5.5,13.4,18.43,Open loop due to engine load OR fuel cut due to deceleration/,29.0,72
2026-08-17 09:28:48.853,724.5,9.0,90.0,34.0,19.0,99.0,-0.8,26.67,6.25,0.78,2.73,0.92,0.14,-6.5,13.4,27.06,Open loop due to engine load OR fuel cut due to deceleration/,29.0,72
2026-08-17 09:28:50.561,683.75,2.0,90.0,34.0,23.0,99.0,-0.76,26.67,-2.34,-0.78,2.74,0.89,0.88,-4.0,13.5,23.92,"Closed loop, using oxygen sensor feedback to determine fuel mix/",29.0,72
2026-08-17 09:28:52.270,675.0,0.0,89.0,34.0,21.0,99.0,-0.78,26.27,-4.69,-3.12,2.55,0.83,0.89,2.0,13.4,22.35,"Closed loop, using oxygen sensor feedback to determine fuel mix/",29.0,72
2026-08-17 09:28:53.976,679.75,0.0,90.0,34.0,21.0,99.0,-0.78,26.27,-6.25,-5.47,2.54,0.07,0.88,3.5,13.5,22.75,"Closed loop, using oxygen sensor feedback to determine fuel mix/",29.0,72
2026-08-17 09:28:55.671,678.5,0.0,90.0,34.0,23.0,99.0,-0.76,26.27,-6.25,-5.47,2.55,0.08,0.87,2.0,13.5,22.75,"Closed loop, using oxygen sensor feedback to determine fuel mix/",29.0,72
2026-08-17 09:28:57.379,683.25,0.0,90.0,34.0,21.0,99.0,-0.78,26.27,-2.34,-5.47,2.54,0.1,0.85,3.0,13.5,22.75,"Closed loop, using oxygen sensor feedback to determine fuel mix/",29.0,72
2026-08-17 09:28:59.071,679.5,0.0,90.0,34.0,23.0,99.0,-0.76,25.88,-3.91,-6.25,2.51,0.1,0.84,4.0,13.5,22.35,"Closed loop, using oxygen sensor feedback to determine fuel mix/",29.0,73
2026-08-17 09:29:00.764,685.25,0.0,90.0,34.0,22.0,99.0,-0.77,25.88,-3.91,-6.25,2.49,0.09,0.84,5.0,13.4,22.35,"Closed loop, using oxygen sensor feedback to determine fuel mix/",29.0,73
2026-08-17 09:29:02.457,683.0,0.0,90.0,34.0,22.0,99.0,-0.77,25.88,-0.78,-6.25,2.48,0.17,0.83,2.0,13.5,21.96,"Closed loop, using oxygen sensor feedback to determine fuel mix/",29.0,73
2026-08-17 09:29:04.166,676.5,0.0,90.0,34.0,23.0,99.0,-0.76,27.06,-3.91,-5.47,2.89,0.09,0.83,-5.0,13.0,25.88,"Closed loop, using oxygen sensor feedback to determine fuel mix/",29.0,73
2026-08-17 09:29:05.861,691.25,0.0,90.0,34.0,23.0,99.0,-0.76,26.67,-3.91,-6.25,2.79,0.08,0.82,-7.5,12.8,24.71,"Closed loop, using oxygen sensor feedback to determine fuel mix/",29.0,73
2026-08-17 09:29:07.552,685.0,0.0,90.0,34.0,19.0,99.0,-0.8,24.31,-3.12,-7.03,2.04,0.79,0.82,4.5,12.6,18.04,"Closed loop, using oxygen sensor feedback to determine fuel mix/",29.0,73
2026-08-17 09:29:09.242,1242.0,2.0,90.0,34.0,41.0,99.0,-0.58,34.51,-2.34,-4.69,9.35,0.06,0.82,34.0,12.5,15.29,"Closed loop, using oxygen sensor feedback to determine fuel mix/",29.0,73
2026-08-17 09:29:10.936,1287.0,8.0,90.0,34.0,46.0,99.0,-0.53,36.86,-2.34,-4.69,14.42,0.06,0.81,12.0,12.4,30.98,"Closed loop, using oxygen sensor feedback to determine fuel mix/",29.0,74
2026-08-17 09:29:12.630,2508.5,18.0,91.0,34.0,49.0,99.0,-0.5,38.82,3.12,-6.25,17.55,0.75,0.76,21.0,12.3,16.86,"Closed loop, using oxygen sensor feedback to determine fuel mix/",29.0,74
2026-08-17 09:29:14.322,1805.25,22.0,90.0,35.0,13.0,99.0,-0.86,27.84,1.56,-10.16,3.2,0.06,0.77,13.5,12.2,6.67,"Closed loop, using oxygen sensor feedback to determine fuel mix/",29.0,74
2026-08-17 09:29:16.018,1033.75,15.0,91.0,35.0,15.0,99.0,-0.84,23.53,-0.78,-8.59,2.0,0.82,0.77,14.5,12.1,15.69,"Closed loop, using oxygen sensor feedback to determine fuel mix/",29.0,74
2026-08-17 09:29:17.723,792.75,5.0,91.0,35.0,18.0,99.0,-0.81,25.1,-3.12,-7.03,2.26,0.85,0.77,6.5,12.1,18.43,"Closed loop, using oxygen sensor feedback to determine fuel mix/",29.0,73
2026-08-17 09:29:19.415,709.0,1.0,91.0,35.0,19.0,99.0,-0.8,24.31,-8.59,-6.25,2.11,0.69,0.77,7.5,12.0,18.43,"Closed loop, using oxygen sensor feedback to determine fuel mix/",29.0,73
2026-08-17 09:29:21.110,697.0,0.0,91.0,35.0,18.0,99.0,-0.81,24.31,-3.91,-6.25,2.09,0.2,0.77,6.0,11.9,18.43,"Closed loop, using oxygen sensor feedback to determine fuel mix/",29.0,74
2026-08-17 09:29:22.800,694.0,2.0,91.0,35.0,18.0,99.0,-0.81,24.71,-5.47,-6.25,2.17,0.1,0.77,7.5,11.9,19.22,"Closed loop, using oxygen sensor feedback to determine fuel mix/",29.0,74
2026-08-17 09:29:24.497,701.25,0.0,92.0,35.0,19.0,99.0,-0.8,24.71,-1.56,-5.47,2.14,0.09,0.77,6.5,11.9,18.43,"Closed loop, using oxygen sensor feedback to determine fuel mix/",29.0,74
2026-08-17 09:29:26.202,689.75,0.0,92.0,35.0,20.0,99.0,-0.79,24.31,-5.47,-6.25,2.09,0.11,0.77,8.0,11.8,18.43,"Closed loop, using oxygen sensor feedback to determine fuel mix/",29.0,73
2026-08-17 09:29:27.913,681.0,0.0,92.0,35.0,20.0,99.0,-0.79,24.31,-5.47,-6.25,2.09,0.09,0.78,2.0,11.8,18.43,"Closed loop, using oxygen sensor feedback to determine fuel mix/",29.0,74
2026-08-17 09:29:29.604,682.75,0.0,92.0,35.0,19.0,99.0,-0.8,24.31,-5.47,-6.25,2.05,0.57,0.78,2.0,11.8,18.43,"Closed loop, using oxygen sensor feedback to determine fuel mix/",29.0,74
2026-08-17 09:29:31.299,683.25,0.0,92.0,35.0,19.0,99.0,-0.8,24.31,-5.47,-6.25,2.05,0.09,0.78,8.5,11.7,18.43,"Closed loop, using oxygen sensor feedback to determine fuel mix/",29.0,74
2026-08-17 09:29:33.023,683.5,0.0,92.0,35.0,18.0,99.0,-0.81,24.31,-4.69,-6.25,2.04,0.76,0.78,7.0,11.7,18.43,"Closed loop, using oxygen sensor feedback to determine fuel mix/",29.0,74
2026-08-17 09:29:34.732,679.25,0.0,93.0,35.0,19.0,99.0,-0.8,24.31,-5.47,-7.03,2.04,0.09,0.78,3.0,11.7,18.04,"Closed loop, using oxygen sensor feedback to determine fuel mix/",29.0,74
2026-08-17 09:29:36.423,686.75,0.0,93.0,35.0,19.0,99.0,-0.8,24.31,-0.78,-7.03,2.04,0.16,0.77,3.0,11.7,18.04,"Closed loop, using oxygen sensor feedback to determine fuel mix/",29.0,74
2026-08-17 09:29:38.118,678.0,0.0,93.0,35.0,18.0,99.0,-0.81,24.31,-5.47,-7.03,2.04,0.09,0.78,4.0,11.7,18.04,"Closed loop, using oxygen sensor feedback to determine fuel mix/",29.0,74
2026-08-17 09:29:39.808,681.5,0.0,93.0,35.0,19.0,99.0,-0.8,24.31,-1.56,-7.03,2.04,0.09,0.78,7.0,11.7,18.04,"Closed loop, using oxygen sensor feedback to determine fuel mix/",29.0,74
2026-08-17 09:29:41.502,679.5,0.0,93.0,35.0,48.0,99.0,-0.51,44.71,-2.34,-4.69,12.83,0.06,0.77,0.5,11.7,39.22,"Closed loop, using oxygen sensor feedback to determine fuel mix/",29.0,74
2026-08-17 09:29:43.196,1143.25,9.0,93.0,35.0,13.0,99.0,-0.86,25.1,-3.12,-11.72,1.95,0.79,0.73,25.5,11.7,24.71,"Closed loop, using oxygen sensor feedback to determine fuel mix/",29.0,74
2026-08-17 09:29:44.891,2004.75,14.0,93.0,35.0,33.0,99.0,-0.66,35.69,3.12,-4.69,16.14,0.08,0.66,6.5,11.7,28.63,"Closed loop, using oxygen sensor feedback to determine fuel mix/",29.0,75
2026-08-17 09:29:46.581,2254.25,22.0,93.0,34.0,43.0,99.0,-0.56,34.9,-2.34,-4.69,9.66,0.08,0.66,34.5,11.7,9.02,"Closed loop, using oxygen sensor feedback to determine fuel mix/",29.0,75
2026-08-17 09:29:48.274,1361.75,25.0,94.0,35.0,43.0,99.0,-0.56,35.29,-3.12,-4.69,11.06,0.07,0.67,22.5,11.7,20.78,"Closed loop, using oxygen sensor feedback to determine fuel mix/",29.0,75
2026-08-17 09:29:49.967,1261.25,26.0,94.0,35.0,15.0,99.0,-0.84,27.45,-1.56,-8.59,2.99,0.76,0.64,29.5,11.7,12.16,"Closed loop, using oxygen sensor feedback to determine fuel mix/",29.0,75
2026-08-17 09:29:51.691,1717.75,27.0,94.0,35.0,40.0,99.0,-0.59,34.51,7.03,-4.69,9.03,0.79,0.51,40.0,11.7,9.8,"Closed loop, using oxygen sensor feedback to determine fuel mix/",29.0,74
2026-08-17 09:29:53.387,1441.0,28.0,94.0,35.0,15.0,99.0,-0.84,27.84,0.78,-5.47,3.44,0.87,0.56,30.5,11.7,10.2,"Closed loop, using oxygen sensor feedback to determine fuel mix/",29.0,74
2026-08-17 09:29:55.091,1546.0,28.0,94.0,35.0,26.0,99.0,-0.73,30.98,-3.12,-5.47,5.26,0.75,0.58,41.5,11.8,11.76,"Closed loop, using oxygen sensor feedback to determine fuel mix/",29.0,74
2026-08-17 09:29:56.785,1527.0,29.0,94.0,34.0,26.0,99.0,-0.73,30.98,-2.34,-5.47,5.2,0.72,0.59,7.0,11.8,8.63,"Closed loop, using oxygen sensor feedback to determine fuel mix/",29.0,74
2026-08-17 09:29:58.481,1360.0,27.0,94.0,34.0,15.0,99.0,-0.84,27.06,1.56,-7.81,2.98,0.26,0.6,1.5,11.8,11.76,"Closed loop, using oxygen sensor feedback to determine fuel mix/",29.0,
2026-08-17 09:30:00.171,1117.75,23.0,94.0,34.0,15.0,99.0,-0.84,25.88,-3.12,-7.81,2.48,0.81,0.61,5.0,11.8,13.73,"Closed loop, using oxygen sensor feedback to determine fuel mix/",29.0,74
2026-08-17 09:30:01.866,1026.25,21.0,94.0,34.0,14.0,99.0,-0.85,25.88,-7.03,-7.81,2.43,0.45,0.62,2.0,11.8,15.29,"Closed loop, using oxygen sensor feedback to determine fuel mix/",29.0,74
2026-08-17 09:30:03.559,952.0,19.0,94.0,34.0,15.0,99.0,-0.84,24.71,-4.69,-7.81,2.15,0.83,0.63,5.0,11.9,15.69,"Closed loop, using oxygen sensor feedback to determine fuel mix/",29.0,74
2026-08-17 09:30:05.249,875.5,18.0,95.0,34.0,15.0,99.0,-0.84,24.31,-7.03,-7.81,2.11,0.32,0.64,7.0,11.9,16.47,"Closed loop, using oxygen sensor feedback to determine fuel mix/",29.0,74
2026-08-17 09:30:06.975,1146.75,14.0,94.0,34.0,17.0,99.0,-0.82,26.67,-0.78,-7.03,2.53,0.14,0.64,-7.5,11.8,15.69,"Closed loop, using oxygen sensor feedback to determine fuel mix/",29.0,74
2026-08-17 09:30:08.683,777.5,11.0,95.0,35.0,16.0,99.0,-0.83,23.14,0.0,-8.59,1.85,0.77,0.65,3.0,12.0,15.69,"Closed loop, using oxygen sensor feedback to determine fuel mix/",29.0,74
2026-08-17 09:30:10.374,1883.25,13.0,95.0,34.0,64.0,99.0,-0.35,75.69,-2.34,-6.25,38.95,0.81,0.64,-4.0,11.9,68.63,"Closed loop, using oxygen sensor feedback to determine fuel mix/",29.0,75
2026-08-17 09:30:12.069,2516.0,23.0,95.0,34.0,34.0,99.0,-0.65,35.69,-4.69,-5.47,14.12,0.23,0.64,18.0,12.0,23.92,"Closed loop, using oxygen sensor feedback to determine fuel mix/",29.0,75
2026-08-17 09:30:13.759,1765.75,26.0,95.0,34.0,43.0,99.0,-0.56,35.69,-1.56,-5.47,13.25,0.07,0.63,14.5,12.0,25.49,"Closed loop, using oxygen sensor feedback to determine fuel mix/",29.0,75
2026-08-17 09:30:15.470,1791.0,31.0,95.0,34.0,46.0,99.0,-0.53,36.86,-3.91,-5.47,16.15,0.72,0.62,7.5,12.0,30.98,"Closed loop, using oxygen sensor feedback to determine fuel mix/",29.0,75
2026-08-17 09:30:17.165,1814.0,35.0,95.0,34.0,44.0,99.0,-0.55,35.69,1.56,-5.47,13.51,0.07,0.62,17.0,12.0,25.1,"Closed loop, using oxygen sensor feedback to determine fuel mix/",29.0,75
2026-08-17 09:30:18.856,1727.0,39.0,95.0,34.0,79.0,99.0,-0.2,59.22,3.12,-6.25,35.02,0.78,0.63,-7.0,11.9,56.47,"Closed loop, using oxygen sensor feedback to determine fuel mix/",29.0,75
2026-08-17 09:30:20.565,1747.5,45.0,95.0,34.0,66.0,99.0,-0.33,39.61,5.47,-6.25,24.11,0.76,0.62,-3.0,11.9,50.59,"Closed loop, using oxygen sensor feedback to determine fuel mix/",29.0,75
2026-08-17 09:30:22.255,1908.25,50.0,95.0,33.0,62.0,99.0,-0.37,41.18,3.91,-6.25,24.75,0.84,0.62,1.0,12.0,42.75,"Closed loop, using oxygen sensor feedback to determine fuel mix/",29.0,75
2026-08-17 09:30:23.966,2097.0,55.0,95.0,33.0,52.0,99.0,-0.47,38.04,4.69,-6.25,21.18,0.77,0.62,8.5,12.0,34.9,"Closed loop, using oxygen sensor feedback to determine fuel mix/",29.0,75
2026-08-17 09:30:25.656,1636.25,57.0,95.0,33.0,51.0,99.0,-0.48,37.65,9.38,-5.47,18.92,0.72,0.62,-1.0,12.0,40.39,"Closed loop, using oxygen sensor feedback to determine fuel mix/",29.0,76
2026-08-17 09:30:27.351,1567.0,60.0,96.0,34.0,21.0,99.0,-0.78,27.84,3.91,-1.56,2.7,0.86,0.62,-2.0,12.0,6.67,"Closed loop, using oxygen sensor feedback to determine fuel mix/",29.0,76
2026-08-17 09:30:29.050,1531.25,58.0,96.0,34.0,16.0,99.0,-0.83,28.24,0.0,0.0,3.65,0.01,0.27,-6.5,12.7,8.63,Open loop due to engine load OR fuel cut due to deceleration/,29.0,76
2026-08-17 09:30:30.754,1476.75,56.0,96.0,34.0,16.0,99.0,-0.83,27.84,0.0,0.0,3.36,0.02,0.01,-6.0,14.0,9.02,Open loop due to engine load OR fuel cut due to deceleration/,29.0,76
2026-08-17 09:30:32.452,1437.0,54.0,96.0,34.0,17.0,99.0,-0.82,27.45,0.0,0.0,3.32,0.01,0.0,-8.0,14.0,10.2,Open loop due to engine load OR fuel cut due to deceleration/,29.0,76
2026-08-17 09:30:34.155,1362.0,52.0,96.0,34.0,17.0,99.0,-0.82,27.45,0.0,0.0,3.28,0.01,0.0,-4.0,14.0,10.98,Open loop due to engine load OR fuel cut due to deceleration/,29.0,76
2026-08-17 09:30:35.848,1313.75,50.0,96.0,34.0,13.0,99.0,-0.86,26.67,7.81,-4.69,2.84,0.04,0.01,17.5,13.2,10.59,Open loop due to engine load OR fuel cut due to deceleration/,29.0,76
2026-08-17 09:30:37.538,1365.25,49.0,96.0,34.0,18.0,99.0,-0.81,29.02,7.81,-4.69,3.89,0.88,0.06,24.0,12.3,14.51,Open loop due to engine load OR fuel cut due to deceleration/,29.0,76
2026-08-17 09:30:39.250,1265.25,48.0,96.0,34.0,21.0,99.0,-0.78,29.02,7.81,-4.69,4.04,0.89,0.09,37.5,12.3,16.86,Open loop due to engine load OR fuel cut due to deceleration/,29.0,76
2026-08-17 09:30:40.973,1245.25,47.0,96.0,34.0,24.0,99.0,-0.75,29.8,7.81,-4.69,4.34,0.88,0.11,35.5,12.2,18.04,Open loop due to engine load OR fuel cut due to deceleration/,29.0,76
2026-08-17 09:30:42.666,1253.25,48.0,95.0,34.0,39.0,99.0,-0.6,33.33,7.81,-4.69,7.65,0.81,0.12,24.5,12.0,31.37,Open loop due to engine load OR fuel cut due to deceleration/,29.0,76
2026-08-17 09:30:44.358,1267.5,48.0,95.0,34.0,33.0,99.0,-0.66,31.37,4.69,-4.69,5.66,0.87,0.14,33.0,12.0,21.96,Open loop due to engine load OR fuel cut due to deceleration/,29.0,76
2026-08-17 09:30:46.051,1264.0,48.0,95.0,34.0,15.0,99.0,-0.84,26.27,3.91,0.78,2.29,0.89,0.14,17.0,12.0,12.16,Open loop due to engine load OR fuel cut due to deceleration/,29.0,76
2026-08-17 09:30:47.748,1260.25,48.0,95.0,34.0,24.0,99.0,-0.75,29.41,3.91,-4.69,4.1,0.89,0.14,36.5,11.9,17.25,Open loop due to engine load OR fuel cut due to deceleration/,29.0,76
2026-08-17 09:30:49.437,1241.75,47.0,94.0,34.0,24.0,99.0,-0.75,29.8,-3.12,-4.69,4.33,0.71,0.15,36.0,12.1,18.04,"Closed loop, using oxygen sensor feedback to determine fuel mix/",29.0,76
2026-08-17 09:30:51.131,1236.25,47.0,94.0,34.0,16.0,99.0,-0.83,27.45,0.0,-4.69,3.9,0.89,0.16,27.0,12.0,14.12,"Closed loop, using oxygen sensor feedback to determine fuel mix/",29.0,76
2026-08-17 09:30:52.838,1223.0,46.0,94.0,34.0,15.0,99.0,-0.84,26.27,0.0,0.0,2.73,0.02,0.17,1.0,12.3,12.94,Open loop due to engine load OR fuel cut due to deceleration/,29.0,76
2026-08-17 09:30:54.548,1155.75,44.0,94.0,34.0,18.0,99.0,-0.81,27.06,0.0,0.78,2.88,0.01,0.21,-3.0,13.4,14.9,Open loop due to engine load OR fuel cut due to deceleration/,29.0,76
2026-08-17 09:30:56.236,1337.25,41.0,94.0,34.0,17.0,99.0,-0.82,27.45,0.0,0.78,3.04,0.01,0.0,-6.0,14.0,7.84,Open loop due to engine load OR fuel cut due to deceleration/,29.0,76
2026-08-17 09:30:57.933,1318.75,36.0,93.0,34.0,18.0,99.0,-0.81,27.06,0.0,0.78,3.06,0.01,0.0,-3.0,13.9,10.59,Open loop due to engine load OR fuel cut due to deceleration/,29.0,77
2026-08-17 09:30:59.640,1318.0,34.0,93.0,34.0,17.0,99.0,-0.82,27.06,7.81,-1.56,3.16,0.01,0.0,20.5,14.0,25.1,Open loop due to engine load OR fuel cut due to deceleration/,29.0,77
2026-08-17 09:31:01.335,1335.5,35.0,92.0,34.0,38.0,99.0,-0.61,32.55,7.81,-4.69,6.98,0.49,0.06,32.0,13.5,20.0,Open loop due to engine load OR fuel cut due to deceleration/,29.0,77
2026-08-17 09:31:03.028,1370.75,36.0,92.0,34.0,23.0,99.0,-0.76,25.88,7.81,0.0,3.02,0.88,0.09,5.5,13.3,8.63,Open loop due to engine load OR fuel cut due to deceleration/,29.0,77
2026-08-17 09:31:04.721,1302.75,34.0,92.0,34.0,16.0,99.0,-0.83,27.06,0.0,0.78,3.1,0.01,0.05,-4.5,13.6,11.76,Open loop due to engine load OR fuel cut due to deceleration/,29.0,77
2026-08-17 09:31:06.428,1214.25,32.0,92.0,34.0,17.0,99.0,-0.82,26.67,0.0,0.78,2.93,0.01,0.0,27.0,13.9,21.18,Open loop due to engine load OR fuel cut due to deceleration/,29.0,77
2026-08-17 09:31:08.123,1351.25,33.0,91.0,34.0,50.0,99.0,-0.49,36.47,7.81,-4.69,12.86,0.79,0.07,5.5,13.0,41.18,Open loop due to engine load OR fuel cut due to deceleration/,29.0,77
2026-08-17 09:31:09.814,1377.5,36.0,91.0,34.0,42.0,99.0,-0.57,33.33,7.81,-4.69,6.33,0.07,0.07,34.5,13.0,18.82,Open loop due to engine load OR fuel cut due to deceleration/,29.0,77
2026-08-17 09:31:11.509,1383.5,36.0,91.0,34.0,13.0,99.0,-0.86,27.06,0.0,0.78,3.06,0.06,0.1,-3.5,13.1,9.8,Open loop due to engine load OR fuel cut due to deceleration/,29.0,77
2026-08-17 09:31:13.217,1314.5,34.0,91.0,34.0,17.0,99.0,-0.82,27.06,0.0,0.78,3.02,0.02,0.0,-2.0,14.0,11.37,Open loop due to engine load OR fuel cut due to deceleration/,29.0,77
2026-08-17 09:31:14.922,1243.75,33.0,90.0,34.0,16.0,99.0,-0.83,26.67,0.0,0.78,2.88,0.01,0.0,-1.5,14.0,12.94,Open loop due to engine load OR fuel cut due to deceleration/,29.0,77
2026-08-17 09:31:16.631,1140.25,30.0,90.0,34.0,16.0,99.0,-0.83,26.27,0.0,0.78,2.65,0.01,0.0,0.0,13.8,14.51,Open loop due to engine load OR fuel cut due to deceleration/,29.0,77
2026-08-17 09:31:18.347,967.25,26.0,90.0,34.0,14.0,99.0,-0.85,25.49,7.81,0.78,2.36,0.82,0.03,11.0,13.0,16.47,Open loop due to engine load OR fuel cut due to deceleration/,29.0,77
2026-08-17 09:31:20.048,1241.0,24.0,90.0,34.0,19.0,99.0,-0.8,30.59,7.81,-4.69,5.18,0.9,0.07,14.5,13.4,17.25,Open loop due to engine load OR fuel cut due to deceleration/,29.0,77
2026-08-17 09:31:21.744,1578.0,25.0,90.0,34.0,36.0,99.0,-0.63,34.12,7.81,-4.69,9.55,0.84,0.1,22.5,12.9,19.22,Open loop due to engine load OR fuel cut due to deceleration/,29.0,77
2026-08-17 09:31:23.438,1522.0,28.0,89.0,34.0,43.0,99.0,-0.56,34.9,6.25,-4.69,10.91,0.81,0.12,17.5,12.7,25.88,Open loop due to engine load OR fuel cut due to deceleration/,29.0,77
2026-08-17 09:31:25.130,1590.25,31.0,90.0,34.0,38.0,99.0,-0.61,34.12,3.91,-4.69,9.89,0.72,0.12,23.0,12.5,18.82,Open loop due to engine load OR fuel cut due to deceleration/,29.0,77
2026-08-17 09:31:26.821,1294.75,34.0,89.0,34.0,34.0,99.0,-0.65,31.76,3.91,-4.69,6.02,0.76,0.13,33.0,12.5,22.75,"Closed loop, using oxygen sensor feedback to determine fuel mix/",29.0,77
2026-08-17 09:31:28.531,1317.75,34.0,90.0,34.0,29.0,99.0,-0.7,30.98,-0.78,-4.69,5.4,0.87,0.14,34.5,12.4,21.18,"Closed loop, using oxygen sensor feedback to determine fuel mix/",29.0,77
2026-08-17 09:31:30.222,1364.5,36.0,89.0,34.0,42.0,99.0,-0.57,34.12,7.03,-4.69,8.9,0.78,0.14,22.5,12.3,27.84,"Closed loop, using oxygen sensor feedback to determine fuel mix/",29.0,77
2026-08-17 09:31:31.916,1421.25,37.0,89.0,34.0,30.0,99.0,-0.69,30.98,-0.78,-3.91,5.36,0.87,0.14,38.0,12.3,14.9,"Closed loop, using oxygen sensor feedback to determine fuel mix/",29.0,77
2026-08-17 09:31:33.608,1447.5,38.0,89.0,34.0,35.0,99.0,-0.64,32.94,3.91,-3.91,7.43,0.1,0.14,30.5,12.2,19.61,"Closed loop, using oxygen sensor feedback to determine fuel mix/",29.0,77
2026-08-17 09:31:35.317,1481.0,39.0,89.0,34.0,23.0,99.0,-0.76,26.67,0.0,-7.81,3.03,0.84,0.15,5.5,12.1,5.88,"Closed loop, using oxygen sensor feedback to determine fuel mix/",29.0,77
2026-08-17 09:31:37.028,1392.0,37.0,89.0,34.0,15.0,99.0,-0.84,26.67,0.0,0.0,2.9,0.02,0.15,-2.0,12.3,10.59,Open loop due to engine load OR fuel cut due to deceleration/,29.0,77
2026-08-17 09:31:38.733,1151.0,30.0,89.0,34.0,14.0,99.0,-0.85,25.88,7.81,0.78,2.5,0.04,0.01,-5.5,12.1,18.43,Open loop due to engine load OR fuel cut due to deceleration/,29.0,77
2026-08-17 09:31:40.428,1157.75,21.0,89.0,34.0,15.0,99.0,-0.84,26.27,7.81,0.78,2.6,0.91,0.07,-5.5,12.0,18.82,Open loop due to engine load OR fuel cut due to deceleration/,29.0,77
2026-08-17 09:31:42.120,693.25,8.0,89.0,34.0,18.0,99.0,-0.81,25.88,7.81,0.78,2.55,0.92,0.1,-8.0,12.1,22.35,Open loop due to engine load OR fuel cut due to deceleration/,29.0,77
2026-08-17 09:31:43.815,772.0,6.0,89.0,34.0,17.0,99.0,-0.82,25.1,7.81,0.78,2.25,0.92,0.11,-1.5,12.0,18.04,Open loop due to engine load OR fuel cut due to deceleration/,29.0,77
2026-08-17 09:31:45.522,846.25,6.0,89.0,34.0,17.0,99.0,-0.82,25.88,7.81,-4.69,2.51,0.9,0.12,13.5,12.0,21.18,Open loop due to engine load OR fuel cut due to deceleration/,29.0,78
2026-08-17 09:31:47.212,919.25,6.0,89.0,34.0,19.0,99.0,-0.8,26.27,7.81,-1.56,2.32,0.89,0.12,3.5,11.9,18.43,Open loop due to engine load OR fuel cut due to deceleration/,29.0,78
2026-08-17 09:31:48.909,827.75,6.0,89.0,34.0,17.0,99.0,-0.82,25.1,7.81,0.0,2.24,0.91,0.13,4.0,11.8,17.65,Open loop due to engine load OR fuel cut due to deceleration/,29.0,78
2026-08-17 09:31:50.616,718.5,1.0,89.0,34.0,22.0,99.0,-0.77,26.67,7.81,0.0,2.79,0.91,0.14,-8.5,11.9,23.14,Open loop due to engine load OR fuel cut due to deceleration/,29.0,78
2026-08-17 09:31:52.322,697.0,0.0,89.0,34.0,19.0,99.0,-0.8,25.49,7.03,0.0,2.29,0.91,0.14,-0.5,11.8,19.61,Open loop due to engine load OR fuel cut due to deceleration/,29.0,78
2026-08-17 09:31:54.033,691.75,0.0,90.0,34.0,18.0,99.0,-0.81,24.71,-1.56,-0.78,2.15,0.91,0.85,2.5,11.7,19.22,"Closed loop, using oxygen sensor feedback to determine fuel mix/",29.0,78
2026-08-17 09:31:55.727,676.0,0.0,89.0,34.0,18.0,99.0,-0.81,24.71,-3.91,-3.12,2.11,0.86,0.91,2.5,11.8,18.82,"Closed loop, using oxygen sensor feedback to determine fuel mix/",29.0,78
2026-08-17 09:31:57.417,675.0,0.0,90.0,34.0,19.0,99.0,-0.8,24.71,-8.59,-5.47,2.11,0.62,0.91,5.5,11.7,19.22,"Closed loop, using oxygen sensor feedback to determine fuel mix/",29.0,78
2026-08-17 09:31:59.128,692.5,0.0,90.0,34.0,21.0,99.0,-0.78,25.49,-6.25,-5.47,2.35,0.08,0.9,1.5,11.8,20.78,"Closed loop, using oxygen sensor feedback to determine fuel mix/",29.0,78
2026-08-17 09:32:00.835,684.25,0.0,90.0,34.0,20.0,99.0,-0.79,25.49,-6.25,-5.47,2.31,0.09,0.88,0.5,11.8,20.78,"Closed loop, using oxygen sensor feedback to determine fuel mix/",29.0,78
2026-08-17 09:32:02.545,674.25,0.0,90.0,34.0,21.0,99.0,-0.78,25.49,-6.25,-6.25,2.32,0.59,0.88,4.5,11.8,20.78,"Closed loop, using oxygen sensor feedback to determine fuel mix/",29.0,78
2026-08-17 09:32:04.235,678.5,0.0,90.0,34.0,20.0,99.0,-0.79,25.49,-6.25,-6.25,2.32,0.09,0.87,5.5,11.7,20.78,"Closed loop, using oxygen sensor feedback to determine fuel mix/",29.0,78
2026-08-17 09:32:05.929,683.5,0.0,90.0,34.0,20.0,99.0,-0.79,25.49,-6.25,-6.25,2.36,0.09,0.86,0.5,11.8,20.78,"Closed loop, using oxygen sensor feedback to determine fuel mix/",29.0,78
2026-08-17 09:32:07.624,680.0,0.0,90.0,34.0,20.0,99.0,-0.79,25.49,-5.47,-7.03,2.33,0.11,0.85,2.0,11.9,20.78,"Closed loop, using oxygen sensor feedback to determine fuel mix/",29.0,78
2026-08-17 09:32:09.346,683.5,0.0,90.0,34.0,22.0,99.0,-0.77,25.49,-5.47,-7.03,2.34,0.09,0.85,2.0,11.9,21.18,"Closed loop, using oxygen sensor feedback to determine fuel mix/",29.0,78
2026-08-17 09:32:11.041,677.25,0.0,90.0,34.0,21.0,99.0,-0.78,25.49,-1.56,-7.03,2.39,0.1,0.84,1.5,11.9,21.18,"Closed loop, using oxygen sensor feedback to determine fuel mix/",29.0,78
2026-08-17 09:32:12.747,683.5,0.0,91.0,34.0,21.0,99.0,-0.78,25.49,-5.47,-7.03,2.34,0.1,0.84,0.0,11.9,20.78,"Closed loop, using oxygen sensor feedback to determine fuel mix/",29.0,78
2026-08-17 09:32:14.444,691.5,1.0,91.0,34.0,21.0,99.0,-0.78,28.63,0.78,-4.69,4.51,0.08,0.84,7.0,12.0,45.88,"Closed loop, using oxygen sensor feedback to determine fuel mix/",29.0,78
2026-08-17 09:32:16.150,1439.5,7.0,91.0,34.0,37.0,99.0,-0.62,32.94,1.56,-4.69,7.24,0.21,0.83,29.5,12.0,22.75,"Closed loop, using oxygen sensor feedback to determine fuel mix/",29.0,79
2026-08-17 09:32:17.846,1715.75,12.0,91.0,34.0,35.0,99.0,-0.64,33.73,1.56,-4.69,9.28,0.73,0.82,31.0,12.0,17.25,"Closed loop, using oxygen sensor feedback to determine fuel mix/",29.0,79
2026-08-17 09:32:19.540,1546.0,16.0,91.0,34.0,38.0,99.0,-0.61,33.73,1.56,-4.69,5.67,0.77,0.81,21.0,12.0,7.84,"Closed loop, using oxygen sensor feedback to determine fuel mix/",29.0,79
2026-08-17 09:32:21.234,1315.25,17.0,91.0,34.0,15.0,99.0,-0.84,27.45,0.0,-7.81,3.19,0.82,0.81,4.5,12.0,12.16,"Closed loop, using oxygen sensor feedback to determine fuel mix/",29.0,79
2026-08-17 09:32:22.924,1228.0,16.0,92.0,34.0,14.0,99.0,-0.85,27.06,-6.25,-7.03,3.02,0.73,0.81,4.0,12.0,14.12,"Closed loop, using oxygen sensor feedback to determine fuel mix/",29.0,78
2026-08-17 09:32:24.616,1042.0,13.0,92.0,34.0,13.0,99.0,-0.86,24.71,-2.34,-7.03,2.33,0.85,0.81,5.5,12.0,15.29,"Closed loop, using oxygen sensor feedback to determine fuel mix/",29.0,78
2026-08-17 09:32:26.310,823.0,12.0,92.0,34.0,14.0,99.0,-0.85,23.14,-5.47,-7.03,1.83,0.81,0.81,2.0,12.0,15.69,"Closed loop, using oxygen sensor feedback to determine fuel mix/",29.0,78
2026-08-17 09:32:28.002,1197.25,11.0,92.0,34.0,29.0,99.0,-0.7,30.2,-4.69,-4.69,4.35,0.88,0.8,32.0,12.0,20.78,"Closed loop, using oxygen sensor feedback to determine fuel mix/",29.0,78
2026-08-17 09:32:29.694,907.75,12.0,92.0,34.0,16.0,99.0,-0.83,28.24,-4.69,-5.47,4.01,0.1,0.8,21.0,12.0,20.39,"Closed loop, using oxygen sensor feedback to determine fuel mix/",29.0,78
2026-08-17 09:32:31.389,922.25,12.0,92.0,34.0,15.0,99.0,-0.84,25.88,-3.12,-8.59,2.45,0.81,0.81,-1.0,12.0,17.65,"Closed loop, using oxygen sensor feedback to determine fuel mix/",29.0,78
2026-08-17 09:32:33.080,749.0,10.0,92.0,34.0,15.0,99.0,-0.84,23.53,-3.91,-8.59,1.95,0.8,0.8,8.0,12.0,16.47,"Closed loop, using oxygen sensor feedback to determine fuel mix/",29.0,78
2026-08-17 09:32:34.773,719.0,6.0,92.0,34.0,17.0,99.0,-0.82,23.92,-5.47,-8.59,2.0,0.09,0.8,21.0,12.0,18.82,"Closed loop, using oxygen sensor feedback to determine fuel mix/",29.0,78
2026-08-17 09:32:36.487,685.25,1.0,93.0,34.0,24.0,99.0,-0.75,26.67,-5.47,-7.81,2.67,0.07,0.8,-1.5,12.0,23.14,"Closed loop, using oxygen sensor feedback to determine fuel mix/",29.0,78
2026-08-17 09:32:38.194,691.0,0.0,93.0,34.0,21.0,99.0,-0.78,25.88,-0.78,-8.59,2.44,0.1,0.81,-0.5,11.9,21.57,"Closed loop, using oxygen sensor feedback to determine fuel mix/",29.0,78
2026-08-17 09:32:39.899,679.75,0.0,93.0,34.0,20.0,99.0,-0.79,25.49,-3.91,-7.81,2.36,0.1,0.81,1.5,12.0,20.78,"Closed loop, using oxygen sensor feedback to determine fuel mix/",29.0,78
2026-08-17 09:32:41.593,683.25,0.0,93.0,34.0,21.0,99.0,-0.78,25.49,-3.91,-7.81,2.34,0.09,0.81,3.5,12.0,20.78,"Closed loop, using oxygen sensor feedback to determine fuel mix/",29.0,78
2026-08-17 09:32:43.286,683.0,0.0,93.0,34.0,20.0,99.0,-0.79,25.49,0.78,-7.81,2.29,0.71,0.81,3.5,11.9,20.39,"Closed loop, using oxygen sensor feedback to determine fuel mix/",29.0,78
2026-08-17 09:32:44.979,681.0,0.0,93.0,34.0,21.0,99.0,-0.78,25.49,-3.12,-7.81,2.27,0.09,0.81,4.5,12.0,20.0,"Closed loop, using oxygen sensor feedback to determine fuel mix/",29.0,78
2026-08-17 09:32:46.671,677.0,0.0,93.0,34.0,21.0,99.0,-0.78,25.49,0.78,-7.81,2.26,0.09,0.81,2.5,11.9,19.61,"Closed loop, using oxygen sensor feedback to determine fuel mix/",29.0,79
2026-08-17 09:32:48.380,678.0,0.0,94.0,34.0,21.0,99.0,-0.78,25.1,-3.12,-7.81,2.25,0.1,0.81,5.0,12.0,20.0,"Closed loop, using oxygen sensor feedback to determine fuel mix/",29.0,79
2026-08-17 09:32:50.071,672.25,0.0,94.0,34.0,20.0,99.0,-0.79,25.1,-3.12,-7.81,2.26,0.09,0.81,4.5,12.0,20.0,"Closed loop, using oxygen sensor feedback to determine fuel mix/",29.0,79
2026-08-17 09:32:51.766,752.25,0.0,94.0,34.0,40.0,99.0,-0.59,34.9,2.34,-5.47,10.0,0.14,0.81,19.5,12.1,22.75,"Closed loop, using oxygen sensor feedback to determine fuel mix/",29.0,79
2026-08-17 09:32:53.459,1449.5,9.0,94.0,34.0,29.0,99.0,-0.7,29.8,2.34,-6.25,4.03,0.12,0.8,30.0,12.0,13.73,"Closed loop, using oxygen sensor feedback to determine fuel mix/",29.0,79
2026-08-17 09:32:55.152,1504.75,11.0,94.0,34.0,29.0,99.0,-0.7,31.76,-0.78,-5.47,6.76,0.56,0.8,34.5,12.0,16.86,"Closed loop, using oxygen sensor feedback to determine fuel mix/",29.0,79
2026-08-17 09:32:56.844,1906.0,14.0,94.0,34.0,37.0,99.0,-0.62,34.51,0.0,-5.47,9.94,0.07,0.8,20.5,12.0,21.96,"Closed loop, using oxygen sensor feedback to determine fuel mix/",29.0,79
2026-08-17 09:32:58.551,1400.5,18.0,94.0,34.0,16.0,99.0,-0.83,28.24,0.78,-11.72,3.43,0.2,0.79,9.0,12.0,11.37,"Closed loop, using oxygen sensor feedback to determine fuel mix/",29.0,79
2026-08-17 09:33:00.246,1334.5,17.0,94.0,34.0,15.0,99.0,-0.84,27.45,0.78,-8.59,3.18,0.81,0.79,4.5,12.0,12.16,"Closed loop, using oxygen sensor feedback to determine fuel mix/",29.0,79
2026-08-17 09:33:01.939,982.25,13.0,94.0,34.0,15.0,99.0,-0.84,23.53,-1.56,-9.38,1.99,0.85,0.79,-2.0,11.9,15.69,"Closed loop, using oxygen sensor feedback to determine fuel mix/",29.0,79
2026-08-17 09:33:03.632,712.0,9.0,94.0,34.0,15.0,99.0,-0.84,21.96,-7.81,-8.59,1.7,0.81,0.79,22.0,12.0,16.47,"Closed loop, using oxygen sensor feedback to determine fuel mix/",29.0,79
2026-08-17 09:33:05.338,789.75,8.0,95.0,34.0,18.0,99.0,-0.81,25.49,-3.12,-7.81,2.36,0.09,0.79,3.0,12.0,19.22,"Closed loop, using oxygen sensor feedback to determine fuel mix/",29.0,79
2026-08-17 09:33:07.033,762.5,5.0,94.0,34.0,18.0,99.0,-0.81,25.1,-2.34,-8.59,2.2,0.77,0.79,19.5,12.0,20.0,"Closed loop, using oxygen sensor feedback to determine fuel mix/",29.0,79
2026-08-17 09:33:08.724,706.75,1.0,95.0,34.0,20.0,99.0,-0.79,25.49,-3.12,-7.03,2.36,0.08,0.79,7.0,12.0,20.39,"Closed loop, using oxygen sensor feedback to determine fuel mix/",29.0,79
2026-08-17 09:33:10.419,699.0,0.0,95.0,34.0,20.0,99.0,-0.79,25.49,0.78,-7.03,2.32,0.49,0.79,2.0,12.0,20.39,"Closed loop, using oxygen sensor feedback to determine fuel mix/",29.0,79
2026-08-17 09:33:12.126,683.25,0.0,95.0,34.0,22.0,99.0,-0.77,25.49,-3.12,-7.03,2.32,0.1,0.78,3.0,12.0,20.78,"Closed loop, using oxygen sensor feedback to determine fuel mix/",29.0,79
2026-08-17 09:33:13.834,681.25,0.0,95.0,34.0,20.0,99.0,-0.79,25.49,0.78,-7.03,2.31,0.1,0.78,2.5,12.0,20.39,"Closed loop, using oxygen sensor feedback to determine fuel mix/",29.0,79
2026-08-17 09:33:15.531,679.25,0.0,95.0,34.0,22.0,99.0,-0.77,25.49,-3.91,-7.03,2.29,0.1,0.78,5.0,12.0,20.39,"Closed loop, using oxygen sensor feedback to determine fuel mix/",29.0,79
2026-08-17 09:33:17.221,676.5,0.0,95.0,34.0,21.0,99.0,-0.78,25.49,-3.91,-7.03,2.29,0.09,0.78,3.5,12.0,20.39,"Closed loop, using oxygen sensor feedback to determine fuel mix/",29.0,79
2026-08-17 09:33:18.914,679.0,0.0,96.0,34.0,21.0,99.0,-0.78,25.49,-3.12,-7.03,2.29,0.38,0.78,3.5,12.0,20.39,"Closed loop, using oxygen sensor feedback to determine fuel mix/",29.0,79
2026-08-17 09:33:20.622,680.0,0.0,96.0,34.0,20.0,99.0,-0.79,25.49,-3.12,-7.03,2.29,0.09,0.78,3.5,12.0,20.39,"Closed loop, using oxygen sensor feedback to determine fuel mix/",29.0,79
2026-08-17 09:33:22.318,686.0,0.0,96.0,34.0,21.0,99.0,-0.78,25.49,-2.34,-7.03,2.28,0.76,0.78,2.5,12.0,20.39,"Closed loop, using oxygen sensor feedback to determine fuel mix/",29.0,79
2026-08-17 09:33:24.007,1190.75,3.0,96.0,34.0,35.0,99.0,-0.64,31.37,0.78,-4.69,5.32,0.1,0.78,33.0,12.0,23.53,"Closed loop, using oxygen sensor feedback to determine fuel mix/",29.0,80
2026-08-17 09:33:25.702,940.25,7.0,96.0,34.0,21.0,99.0,-0.78,27.45,-3.12,-8.59,3.17,0.09,0.77,-1.5,12.0,22.35,"Closed loop, using oxygen sensor feedback to determine fuel mix/",29.0,80
2026-08-17 09:33:27.409,870.0,7.0,96.0,34.0,17.0,99.0,-0.82,26.27,0.78,-8.59,2.57,0.12,0.77,0.0,12.0,20.0,"Closed loop, using oxygen sensor feedback to determine fuel mix/",29.0,80
2026-08-17 09:33:29.119,806.0,6.0,96.0,34.0,17.0,99.0,-0.82,25.1,-3.12,-8.59,2.26,0.1,0.77,4.5,12.0,18.43,"Closed loop, using oxygen sensor feedback to determine fuel mix/",29.0,80
2026-08-17 09:33:30.845,795.75,6.0,96.0,34.0,17.0,99.0,-0.82,24.71,0.78,-7.81,2.11,0.65,0.77,6.0,12.0,17.25,"Closed loop, using oxygen sensor feedback to determine fuel mix/",29.0,80
2026-08-17 09:33:32.568,773.25,6.0,96.0,34.0,16.0,99.0,-0.83,24.31,-3.12,-7.81,2.08,0.1,0.77,10.5,12.1,17.25,"Closed loop, using oxygen sensor feedback to determine fuel mix/",29.0,80
2026-08-17 09:33:34.260,781.0,6.0,96.0,34.0,17.0,99.0,-0.82,23.92,-2.34,-7.81,2.03,0.76,0.77,9.5,12.1,17.25,"Closed loop, using oxygen sensor feedback to determine fuel mix/",29.0,80
2026-08-17 09:33:35.952,768.25,6.0,96.0,34.0,16.0,99.0,-0.83,23.92,-3.12,-7.81,2.0,0.1,0.77,12.0,12.0,16.86,"Closed loop, using oxygen sensor feedback to determine fuel mix/",29.0,80
2026-08-17 09:33:37.663,769.75,5.0,96.0,34.0,18.0,99.0,-0.81,25.88,-2.34,-5.47,2.49,0.77,0.77,5.0,12.0,20.78,"Closed loop, using oxygen sensor feedback to determine fuel mix/",29.0,80
2026-08-17 09:33:39.354,845.75,6.0,97.0,34.0,19.0,99.0,-0.8,27.06,-3.12,-5.47,2.83,0.09,0.77,4.5,12.0,21.57,"Closed loop, using oxygen sensor feedback to determine fuel mix/",29.0,80
2026-08-17 09:33:41.048,849.0,6.0,97.0,34.0,20.0,99.0,-0.79,26.27,-2.34,-7.81,2.62,0.08,0.77,2.5,11.9,20.78,"Closed loop, using oxygen sensor feedback to determine fuel mix/",29.0,80
2026-08-17 09:33:42.756,779.75,5.0,97.0,34.0,21.0,99.0,-0.78,26.27,1.56,-7.81,2.61,0.68,0.77,6.0,12.0,21.96,"Closed loop, using oxygen sensor feedback to determine fuel mix/",29.0,80
2026-08-17 09:33:44.449,740.75,4.0,97.0,34.0,21.0,99.0,-0.78,26.67,-2.34,-7.81,2.68,0.09,0.77,5.0,12.0,22.75,"Closed loop, using oxygen sensor feedback to determine fuel mix/",29.0,80
2026-08-17 09:33:46.159,752.25,5.0,97.0,34.0,21.0,99.0,-0.78,26.67,-0.78,-7.81,2.7,0.65,0.77,5.0,11.9,22.75,"Closed loop, using oxygen sensor feedback to determine fuel mix/",29.0,80
2026-08-17 09:33:47.851,721.75,2.0,97.0,34.0,21.0,99.0,-0.78,26.27,-0.78,-7.03,2.59,0.09,0.77,1.5,12.0,22.35,"Closed loop, using oxygen sensor feedback to determine fuel mix/",29.0,80
2026-08-17 09:33:49.547,695.75,0.0,97.0,34.0,22.0,99.0,-0.77,26.27,-0.78,-7.03,2.52,0.71,0.77,0.5,12.0,22.35,"Closed loop, using oxygen sensor feedback to determine fuel mix/",29.0,80
2026-08-17 09:33:51.251,686.0,0.0,97.0,34.0,23.0,99.0,-0.76,25.88,-1.56,-7.03,2.49,0.09,0.76,2.0,12.0,21.96,"Closed loop, using oxygen sensor feedback to determine fuel mix/",29.0,80
2026-08-17 09:33:52.947,687.75,0.0,97.0,34.0,22.0,99.0,-0.77,25.88,-0.78,-7.03,2.42,0.76,0.76,2.0,12.0,21.57,"Closed loop, using oxygen sensor feedback to determine fuel mix/",29.0,80
2026-08-17 09:33:54.652,683.0,0.0,97.0,34.0,21.0,99.0,-0.78,25.88,-1.56,-7.03,2.42,0.1,0.76,3.0,12.0,21.57,"Closed loop, using oxygen sensor feedback to determine fuel mix/",29.0,80
2026-08-17 09:33:56.346,682.0,0.0,97.0,34.0,20.0,99.0,-0.79,25.88,-0.78,-7.03,2.38,0.77,0.76,3.5,12.0,21.18,"Closed loop, using oxygen sensor feedback to determine fuel mix/",29.0,80
2026-08-17 09:33:58.056,680.5,0.0,97.0,34.0,22.0,99.0,-0.77,25.49,-1.56,-7.03,2.36,0.1,0.76,3.5,12.0,21.18,"Closed loop, using oxygen sensor feedback to determine fuel mix/",29.0,80
2026-08-17 09:33:59.765,677.5,0.0,97.0,34.0,20.0,99.0,-0.79,25.88,-0.78,-7.03,2.37,0.76,0.76,4.0,12.0,21.18,"Closed loop, using oxygen sensor feedback to determine fuel mix/",29.0,80
2026-08-17 09:34:01.458,680.0,0.0,97.0,34.0,20.0,99.0,-0.79,25.49,-1.56,-7.03,2.35,0.1,0.76,5.5,12.0,21.18,"Closed loop, using oxygen sensor feedback to determine fuel mix/",29.0,80
2026-08-17 09:34:03.166,683.25,0.0,97.0,34.0,20.0,99.0,-0.79,25.49,-0.78,-7.03,2.38,0.74,0.76,3.5,12.0,21.18,"Closed loop, using oxygen sensor feedback to determine fuel mix/",29.0,80
2026-08-17 09:34:04.860,679.0,0.0,97.0,34.0,21.0,99.0,-0.78,25.88,-1.56,-7.03,2.39,0.1,0.76,3.5,12.0,21.18,"Closed loop, using oxygen sensor feedback to determine fuel mix/",29.0,80
2026-08-17 09:34:06.582,682.0,0.0,97.0,34.0,22.0,99.0,-0.77,25.88,3.12,,2.39,0.69,0.76,2.5,12.0,21.18,"Closed loop, using oxygen sensor feedback to determine fuel mix/",29.0,80
2026-08-17 09:34:08.245,675.25,0.0,96.0,34.0,22.0,99.0,-0.77,25.88,-1.56,-7.03,2.37,0.1,0.76,5.0,11.9,21.18,"Closed loop, using oxygen sensor feedback to determine fuel mix/",29.0,80
2026-08-17 09:34:09.935,684.75,0.0,96.0,34.0,21.0,99.0,-0.78,25.88,2.34,-7.03,2.37,0.56,0.76,3.0,11.9,20.78,"Closed loop, using oxygen sensor feedback to determine fuel mix/",29.0,80
2026-08-17 09:34:11.629,675.25,0.0,96.0,34.0,22.0,99.0,-0.77,25.88,-1.56,-7.03,2.39,0.1,0.76,4.0,12.0,21.18,"Closed loop, using oxygen sensor feedback to determine fuel mix/",29.0,80
2026-08-17 09:34:13.338,685.25,0.0,95.0,34.0,21.0,99.0,-0.78,25.88,2.34,-7.03,2.41,0.26,0.76,3.0,12.0,21.18,"Closed loop, using oxygen sensor feedback to determine fuel mix/",29.0,80
2026-08-17 09:34:15.046,676.25,0.0,95.0,34.0,22.0,99.0,-0.77,25.88,-1.56,-7.03,2.41,0.1,0.76,3.5,12.0,21.57,"Closed loop, using oxygen sensor feedback to determine fuel mix/",29.0,80
2026-08-17 09:34:16.740,685.5,0.0,94.0,34.0,21.0,99.0,-0.78,25.88,2.34,-7.03,2.42,0.13,,1.5,12.0,21.57,"Closed loop, using oxygen sensor feedback to determine fuel mix/",29.0,80
2026-08-17 09:34:18.398,680.75,0.0,94.0,34.0,22.0,99.0,-0.77,25.88,-1.56,-7.03,2.4,0.1,0.76,4.5,12.0,21.18,"Closed loop, using oxygen sensor feedback to determine fuel mix/",29.0,80
2026-08-17 09:34:20.093,694.0,1.0,94.0,34.0,27.0,99.0,-0.72,30.98,2.34,-5.47,5.15,0.08,0.76,10.5,12.0,34.12,"Closed loop, using oxygen sensor feedback to determine fuel mix/",29.0,80
2026-08-17 09:34:21.786,1223.25,6.0,94.0,34.0,33.0,99.0,-0.66,30.98,-0.78,-5.47,5.23,0.09,0.75,26.5,12.0,23.14,"Closed loop, using oxygen sensor feedback to determine fuel mix/",29.0,81
2026-08-17 09:34:23.482,1130.25,9.0,94.0,34.0,17.0,99.0,-0.82,27.06,0.0,-10.16,2.92,0.76,0.75,12.5,12.0,16.08,"Closed loop, using oxygen sensor feedback to determine fuel mix/",29.0,81
2026-08-17 09:34:25.185,927.75,8.0,93.0,34.0,18.0,99.0,-0.81,26.27,3.12,-7.81,2.66,,0.75,-0.5,12.0,19.22,"Closed loop, using oxygen sensor feedback to determine fuel mix/",29.0,81
2026-08-17 09:34:26.852,899.25,8.0,93.0,34.0,18.0,99.0,-0.81,27.06,-0.78,-5.47,2.98,0.81,0.74,8.5,12.0,18.82,"Closed loop, using oxygen sensor feedback to determine fuel mix/",29.0,81
2026-08-17 09:34:28.540,945.75,8.0,92.0,34.0,17.0,99.0,-0.82,26.27,-1.56,-7.81,2.63,0.09,0.74,0.5,11.9,19.61,"Closed loop, using oxygen sensor feedback to determine fuel mix/",29.0,81
2026-08-17 09:34:30.235,814.25,5.0,92.0,34.0,18.0,99.0,-0.81,25.88,-1.56,-7.81,2.5,0.75,0.74,13.5,12.0,21.18,"Closed loop, using oxygen sensor feedback to determine fuel mix/",29.0,81
2026-08-17 09:34:31.942,735.25,0.0,92.0,34.0,20.0,99.0,-0.79,25.88,-1.56,-7.03,2.41,0.09,0.74,4.5,11.9,20.78,"Closed loop, using oxygen sensor feedback to determine fuel mix/",29.0,81
2026-08-17 09:34:33.651,695.75,0.0,91.0,34.0,21.0,99.0,-0.78,25.49,-1.56,-7.03,2.33,0.11,0.74,3.0,12.0,20.78,"Closed loop, using oxygen sensor feedback to determine fuel mix/",29.0,81
2026-08-17 09:34:35.344,689.25,0.0,91.0,34.0,21.0,99.0,-0.78,25.49,1.56,-7.03,2.29,0.1,0.74,3.5,12.0,20.39,"Closed loop, using oxygen sensor feedback to determine fuel mix/",29.0,81
2026-08-17 09:34:37.036,681.75,0.0,90.0,34.0,19.0,99.0,-0.8,25.49,-2.34,-7.03,2.27,0.1,0.73,6.0,12.0,20.39,"Closed loop, using oxygen sensor feedback to determine fuel mix/",29.0,81
2026-08-17 09:34:38.728,688.75,0.0,90.0,34.0,20.0,99.0,-0.79,25.1,0.78,-7.03,2.25,0.13,0.73,4.5,12.0,20.0,"Closed loop, using oxygen sensor feedback to determine fuel mix/",29.0,81
2026-08-17 09:34:40.421,670.0,0.0,90.0,34.0,20.0,99.0,-0.79,25.1,-2.34,-7.03,2.25,0.09,0.73,3.5,12.0,20.0,"Closed loop, using oxygen sensor feedback to determine fuel mix/",29.0,81
2026-08-17 09:34:42.117,683.0,0.0,90.0,34.0,20.0,99.0,-0.79,25.1,1.56,-7.03,2.26,0.36,0.73,3.0,12.0,20.0,"Closed loop, using oxygen sensor feedback to determine fuel mix/",29.0,81
2026-08-17 09:34:43.822,680.75,0.0,90.0,34.0,20.0,99.0,-0.79,25.1,-2.34,-7.03,2.25,0.09,0.73,5.0,12.0,20.0,"Closed loop, using oxygen sensor feedback to determine fuel mix/",29.0,81
2026-08-17 09:34:45.533,679.5,0.0,90.0,34.0,19.0,99.0,-0.8,25.1,1.56,-7.03,2.22,0.72,0.73,5.5,12.0,20.0,"Closed loop, using oxygen sensor feedback to determine fuel mix/",29.0,80
2026-08-17 09:34:47.224,684.25,0.0,90.0,34.0,19.0,99.0,-0.8,25.1,-1.56,-7.03,2.23,0.09,0.73,4.5,12.1,20.0,"Closed loop, using oxygen sensor feedback to determine fuel mix/",29.0,80
2026-08-17 09:34:48.935,1023.75,1.0,90.0,34.0,34.0,99.0,-0.65,32.16,3.12,-4.69,5.78,0.12,0.7,33.0,12.0,23.92,"Closed loop, using oxygen sensor feedback to determine fuel mix/",29.0,81
2026-08-17 09:34:50.644,1115.75,7.0,90.0,34.0,30.0,99.0,-0.69,30.59,-0.78,-5.47,5.0,0.49,0.7,32.5,12.0,28.24,"Closed loop, using oxygen sensor feedback to determine fuel mix/",29.0,81
2026-08-17 09:34:52.339,1704.75,12.0,90.0,34.0,27.0,99.0,-0.72,28.63,9.38,-3.91,3.6,0.69,0.37,11.0,12.0,6.67,"Closed loop, using oxygen sensor feedback to determine fuel mix/",29.0,81
2026-08-17 09:34:54.045,1735.5,15.0,90.0,35.0,37.0,99.0,-0.62,32.94,11.72,-3.12,5.43,0.34,0.31,13.5,12.0,8.24,"Closed loop, using oxygen sensor feedback to determine fuel mix/",29.0,81
2026-08-17 09:34:55.735,1320.75,16.0,90.0,35.0,16.0,99.0,-0.83,27.84,6.25,-7.03,3.33,0.88,0.4,4.5,12.1,12.55,"Closed loop, using oxygen sensor feedback to determine fuel mix/",29.0,81
2026-08-17 09:34:57.432,1235.5,16.0,90.0,35.0,15.0,99.0,-0.84,27.06,3.91,-6.25,2.97,0.88,0.45,2.5,12.0,14.12,"Closed loop, using oxygen sensor feedback to determine fuel mix/",29.0,81
2026-08-17 09:34:59.138,1130.25,15.0,90.0,35.0,15.0,99.0,-0.84,26.27,-1.56,-6.25,2.76,0.85,0.49,-0.5,12.0,14.9,"Closed loop, using oxygen sensor feedback to determine fuel mix/",29.0,81
2026-08-17 09:35:00.832,1047.75,14.0,90.0,35.0,15.0,99.0,-0.84,25.49,-3.12,-6.25,2.48,0.83,0.52,1.5,12.0,15.69,"Closed loop, using oxygen sensor feedback to determine fuel mix/",29.0,81
2026-08-17 09:35:02.539,939.0,12.0,91.0,35.0,15.0,99.0,-0.84,23.53,-4.69,-6.25,1.98,0.41,0.53,7.0,12.0,14.51,"Closed loop, using oxygen sensor feedback to determine fuel mix/",29.0,81
2026-08-17 09:35:04.233,830.5,11.0,91.0,35.0,15.0,99.0,-0.84,25.1,3.91,-3.12,2.9,0.89,0.55,9.5,12.0,19.61,"Closed loop, using oxygen sensor feedback to determine fuel mix/",29.0,81
2026-08-17 09:35:05.926,1064.25,11.0,91.0,35.0,22.0,99.0,-0.77,28.24,-1.56,-3.12,3.36,0.9,0.58,35.5,12.0,18.82,"Closed loop, using oxygen sensor feedback to determine fuel mix/",29.0,81
2026-08-17 09:35:07.616,1152.25,12.0,91.0,34.0,27.0,99.0,-0.72,29.8,-7.03,-3.12,4.53,0.42,0.58,32.0,12.1,22.75,"Closed loop, using oxygen sensor feedback to determine fuel mix/",29.0,81
2026-08-17 09:35:09.344,1377.25,15.0,92.0,34.0,33.0,99.0,-0.66,31.76,3.91,-3.91,5.86,0.1,0.57,27.5,12.0,11.37,"Closed loop, using oxygen sensor feedback to determine fuel mix/",29.0,81
2026-08-17 09:35:11.037,1238.0,15.0,91.0,34.0,17.0,99.0,-0.82,27.84,0.0,-7.03,3.26,0.72,0.57,26.5,12.0,15.29,"Closed loop, using oxygen sensor feedback to determine fuel mix/",29.0,81
2026-08-17 09:35:12.746,1330.0,16.0,92.0,34.0,17.0,99.0,-0.82,29.02,-3.12,-3.12,4.03,0.73,0.57,18.0,12.0,13.73,"Closed loop, using oxygen sensor feedback to determine fuel mix/",29.0,81
2026-08-17 09:35:14.451,1300.25,16.0,92.0,34.0,17.0,99.0,-0.82,28.24,-2.34,-3.12,3.55,0.86,0.58,20.0,12.0,12.16,"Closed loop, using oxygen sensor feedback to determine fuel mix/",29.0,81
2026-08-17 09:35:16.146,1225.5,16.0,92.0,34.0,16.0,99.0,-0.83,27.84,0.0,-6.25,3.38,0.09,0.58,1.0,12.0,14.9,"Closed loop, using oxygen sensor feedback to determine fuel mix/",29.0,81
2026-08-17 09:35:17.838,1164.25,15.0,92.0,34.0,16.0,99.0,-0.83,27.06,-3.12,-6.25,2.97,0.75,0.58,1.5,12.0,15.69,"Closed loop, using oxygen sensor feedback to determine fuel mix/",29.0,81
2026-08-17 09:35:19.531,755.0,10.0,92.0,34.0,15.0,99.0,-0.84,22.75,0.78,-7.03,1.8,0.87,0.57,9.0,12.0,15.69,"Closed loop, using oxygen sensor feedback to determine fuel mix/",29.0,81
2026-08-17 09:35:21.240,691.75,5.0,92.0,34.0,19.0,99.0,-0.8,25.1,-3.91,-6.25,2.22,0.81,0.58,6.5,12.0,18.82,"Closed loop, using oxygen sensor feedback to determine fuel mix/",29.0,81
2026-08-17 09:35:22.933,749.5,5.0,92.0,35.0,19.0,99.0,-0.8,25.1,0.0,-6.25,2.25,0.11,0.58,7.0,12.0,18.82,"Closed loop, using oxygen sensor feedback to determine fuel mix/",29.0,81
2026-08-17 09:35:24.642,748.5,5.0,93.0,34.0,19.0,99.0,-0.8,25.1,-3.12,-6.25,2.23,0.76,0.58,10.5,12.0,19.61,"Closed loop, using oxygen sensor feedback to determine fuel mix/",29.0,81
2026-08-17 09:35:26.332,744.75,5.0,93.0,34.0,19.0,99.0,-0.8,25.49,0.0,-6.25,2.37,0.13,0.58,5.5,12.0,20.0,"Closed loop, using oxygen sensor feedback to determine fuel mix/",29.0,81
2026-08-17 09:35:28.029,759.0,5.0,93.0,34.0,18.0,99.0,-0.81,25.49,1.56,-6.25,2.35,0.77,0.57,5.0,12.0,19.61,"Closed loop, using oxygen sensor feedback to determine fuel mix/",29.0,81
2026-08-17 09:35:29.720,765.5,5.0,93.0,34.0,19.0,99.0,-0.8,25.49,1.56,-6.25,2.25,0.7,0.57,4.5,12.0,19.22,"Closed loop, using oxygen sensor feedback to determine fuel mix/",29.0,81
2026-08-17 09:35:31.430,759.5,5.0,93.0,34.0,19.0,99.0,-0.8,25.1,-2.34,-6.25,2.21,0.72,0.57,5.0,12.0,18.82,"Closed loop, using oxygen sensor feedback to determine fuel mix/",29.0,81
2026-08-17 09:35:33.121,766.75,5.0,93.0,34.0,18.0,99.0,-0.81,25.1,1.56,-6.25,2.19,0.8,0.57,5.5,12.1,18.43,"Closed loop, using oxygen sensor feedback to determine fuel mix/",29.0,81
2026-08-17 09:35:34.823,760.0,5.0,93.0,34.0,18.0,99.0,-0.81,24.71,0.78,-6.25,2.17,0.1,0.57,4.0,12.0,18.04,"Closed loop, using oxygen sensor feedback to determine fuel mix/",29.0,81
2026-08-17 09:35:36.525,710.25,3.0,93.0,34.0,19.0,99.0,-0.8,25.1,-2.34,-5.47,2.19,0.76,0.57,15.0,12.0,19.22,"Closed loop, using oxygen sensor feedback to determine fuel mix/",29.0,81
2026-08-17 09:35:38.232,697.5,0.0,93.0,34.0,18.0,99.0,-0.81,25.1,2.34,-5.47,2.16,0.77,0.57,6.5,12.0,19.22,"Closed loop, using oxygen sensor feedback to determine fuel mix/",29.0,81
2026-08-17 09:35:39.942,682.0,0.0,94.0,34.0,19.0,99.0,-0.8,25.1,1.56,-5.47,2.2,0.12,0.58,5.0,11.9,19.61,"Closed loop, using oxygen sensor feedback to determine fuel mix/",29.0,81
2026-08-17 09:35:41.648,681.5,0.0,94.0,34.0,19.0,99.0,-0.8,25.1,-1.56,-5.47,2.19,0.82,0.58,4.0,12.0,19.61,"Closed loop, using oxygen sensor feedback to determine fuel mix/",29.0,81
2026-08-17 09:35:43.341,679.75,0.0,94.0,34.0,19.0,99.0,-0.8,25.1,2.34,-5.47,2.2,0.74,0.58,4.0,12.0,19.61,"Closed loop, using oxygen sensor feedback to determine fuel mix/",29.0,81
2026-08-17 09:35:45.034,678.5,0.0,94.0,34.0,20.0,99.0,-0.79,25.1,-2.34,-5.47,2.19,0.69,0.58,6.0,12.0,19.61,"Closed loop, using oxygen sensor feedback to determine fuel mix/",29.0,81
2026-08-17 09:35:46.727,680.75,0.0,94.0,34.0,19.0,99.0,-0.8,25.1,2.34,-5.47,2.17,0.81,0.58,5.0,12.0,19.22,"Closed loop, using oxygen sensor feedback to determine fuel mix/",29.0,81
2026-08-17 09:35:48.418,677.25,0.0,94.0,34.0,19.0,99.0,-0.8,25.1,1.56,-5.47,2.19,0.11,0.58,4.0,12.0,19.22,"Closed loop, using oxygen sensor feedback to determine fuel mix/",29.0,81
2026-08-17 09:35:50.114,678.0,0.0,94.0,34.0,19.0,99.0,-0.8,25.1,-1.56,-5.47,2.19,0.73,0.58,5.5,12.0,19.61,"Closed loop, using oxygen sensor feedback to determine fuel mix/",29.0,81
2026-08-17 09:35:51.823,677.0,0.0,94.0,35.0,21.0,99.0,-0.78,25.1,2.34,-5.47,2.18,0.81,0.58,5.0,12.0,19.22,"Closed loop, using oxygen sensor feedback to determine fuel mix/",29.0,81
2026-08-17 09:35:53.514,679.75,0.0,95.0,35.0,20.0,99.0,-0.79,25.1,1.56,-5.47,2.19,0.1,0.59,5.0,11.9,19.61,"Closed loop, using oxygen sensor feedback to determine fuel mix/",29.0,81
2026-08-17 09:35:55.207,676.5,0.0,95.0,35.0,19.0,99.0,-0.8,25.1,-2.34,-5.47,2.19,0.5,0.6,5.0,12.0,19.61,"Closed loop, using oxygen sensor feedback to determine fuel mix/",29.0,81
2026-08-17 09:35:56.898,683.25,0.0,95.0,35.0,21.0,99.0,-0.78,25.1,-2.34,-5.47,2.2,0.74,0.65,4.0,12.0,19.61,"Closed loop, using oxygen sensor feedback to determine fuel mix/",29.0,81
2026-08-17 09:35:58.594,680.25,0.0,95.0,35.0,20.0,99.0,-0.79,25.1,1.56,-5.47,2.2,0.17,0.7,3.0,12.0,19.61,"Closed loop, using oxygen sensor feedback to determine fuel mix/",29.0,81
2026-08-17 09:36:00.287,675.0,0.0,95.0,35.0,20.0,99.0,-0.79,25.1,-3.12,-5.47,2.19,0.09,0.75,4.0,12.0,19.61,"Closed loop, using oxygen sensor feedback to determine fuel mix/",29.0,81
2026-08-17 09:36:01.996,682.25,0.0,95.0,35.0,20.0,99.0,-0.79,25.1,0.78,-5.47,2.22,0.12,0.77,4.0,11.9,19.61,"Closed loop, using oxygen sensor feedback to determine fuel mix/",29.0,81
2026-08-17 09:36:03.686,675.5,0.0,95.0,35.0,20.0,99.0,-0.79,25.1,-3.12,-5.47,2.22,0.09,0.77,4.5,12.0,20.0,"Closed loop, using oxygen sensor feedback to determine fuel mix/",29.0,81
2026-08-17 09:36:05.381,676.75,0.0,95.0,35.0,21.0,99.0,-0.78,25.1,0.78,-5.47,2.23,0.09,0.78,2.0,12.0,19.61,"Closed loop, using oxygen sensor feedback to determine fuel mix/",29.0,82
2026-08-17 09:36:07.074,675.25,0.0,95.0,35.0,19.0,99.0,-0.8,25.49,-2.34,-5.47,2.25,0.1,0.79,5.0,12.0,20.0,"Closed loop, using oxygen sensor feedback to determine fuel mix/",29.0,82
2026-08-17 09:36:08.764,704.25,2.0,95.0,35.0,21.0,99.0,-0.78,27.06,0.78,-3.12,2.92,0.09,0.79,0.0,12.1,25.49,"Closed loop, using oxygen sensor feedback to determine fuel mix/",29.0,82
2026-08-17 09:36:10.459,913.75,4.0,96.0,35.0,30.0,99.0,-0.69,29.02,-2.34,-3.12,4.25,0.86,0.8,20.5,12.0,27.84,"Closed loop, using oxygen sensor feedback to determine fuel mix/",29.0,82
2026-08-17 09:36:12.183,1183.25,7.0,96.0,35.0,30.0,99.0,-0.69,30.59,-3.12,-3.12,4.76,0.08,0.82,26.0,12.1,20.39,"Closed loop, using oxygen sensor feedback to determine fuel mix/",29.0,82
2026-08-17 09:36:13.890,1351.0,10.0,96.0,35.0,26.0,99.0,-0.73,30.59,0.78,-3.12,4.78,0.26,0.82,39.5,12.0,13.73,"Closed loop, using oxygen sensor feedback to determine fuel mix/",29.0,82
2026-08-17 09:36:15.583,1531.75,12.0,96.0,35.0,22.0,99.0,-0.77,30.59,-2.34,-3.12,4.95,0.1,0.82,42.5,12.0,10.2,"Closed loop, using oxygen sensor feedback to determine fuel mix/",29.0,82
2026-08-17 09:36:17.293,1361.75,13.0,96.0,35.0,14.0,99.0,-0.85,26.67,-2.34,-7.81,2.78,0.08,0.81,13.5,11.9,14.51,"Closed loop, using oxygen sensor feedback to determine fuel mix/",29.0,82
2026-08-17 09:36:18.988,818.0,11.0,96.0,35.0,17.0,99.0,-0.82,23.92,0.78,-7.03,2.07,0.25,0.8,1.5,12.0,17.65,"Closed loop, using oxygen sensor feedback to determine fuel mix/",29.0,82
2026-08-17 09:36:20.678,743.5,8.0,96.0,35.0,17.0,99.0,-0.82,24.31,-3.12,-6.25,2.09,0.62,0.8,10.5,12.0,18.04,"Closed loop, using oxygen sensor feedback to determine fuel mix/",29.0,82
2026-08-17 09:36:22.385,792.75,7.0,96.0,35.0,17.0,99.0,-0.82,24.71,0.78,-6.25,2.19,0.09,0.8,3.5,12.0,18.43,"Closed loop, using oxygen sensor feedback to determine fuel mix/",29.0,82
2026-08-17 09:36:24.079,778.25,6.0,96.0,35.0,17.0,99.0,-0.82,24.71,-3.12,-6.25,2.11,0.68,0.8,6.5,12.0,18.04,"Closed loop, using oxygen sensor feedback to determine fuel mix/",29.0,82
2026-08-17 09:36:25.773,758.75,5.0,96.0,35.0,18.0,99.0,-0.81,25.1,0.78,-5.47,2.43,0.09,0.8,14.0,12.0,32.94,"Closed loop, using oxygen sensor feedback to determine fuel mix/",29.0,82
2026-08-17 09:36:27.470,990.75,7.0,96.0,35.0,22.0,99.0,-0.77,27.84,-3.12,-5.47,3.32,0.77,0.8,-1.5,12.0,21.96,"Closed loop, using oxygen sensor feedback to determine fuel mix/",29.0,82
2026-08-17 09:36:29.176,877.0,7.0,97.0,35.0,18.0,99.0,-0.81,26.27,-3.12,-6.25,2.67,0.1,0.8,-1.0,12.0,20.78,"Closed loop, using oxygen sensor feedback to determine fuel mix/",29.0,82
2026-08-17 09:36:30.865,827.25,6.0,97.0,35.0,17.0,99.0,-0.82,25.1,-3.12,-6.25,2.24,0.78,0.8,5.0,11.8,18.43,"Closed loop, using oxygen sensor feedback to determine fuel mix/",29.0,82
2026-08-17 09:36:32.561,780.75,6.0,97.0,35.0,18.0,99.0,-0.81,25.49,-3.12,-6.25,2.28,0.09,0.8,4.5,12.0,19.22,"Closed loop, using oxygen sensor feedback to determine fuel mix/",29.0,82
2026-08-17 09:36:34.251,770.0,6.0,97.0,35.0,17.0,99.0,-0.82,25.1,-3.12,-6.25,2.2,0.77,0.79,20.0,11.9,19.22,"Closed loop, using oxygen sensor feedback to determine fuel mix/",29.0,82
2026-08-17 09:36:35.945,700.0,2.0,97.0,35.0,25.0,99.0,-0.74,27.45,-3.12,-5.47,3.0,0.07,0.8,-5.0,12.0,25.88,"Closed loop, using oxygen sensor feedback to determine fuel mix/",29.0,82
2026-08-17 09:36:37.637,708.0,2.0,97.0,35.0,23.0,99.0,-0.76,26.67,0.0,-5.47,2.8,0.09,0.79,-0.5,12.0,24.31,"Closed loop, using oxygen sensor feedback to determine fuel mix/",29.0,82
2026-08-17 09:36:39.330,739.25,4.0,97.0,35.0,23.0,99.0,-0.76,26.67,2.34,-5.47,2.78,0.72,0.8,1.0,12.0,23.92,"Closed loop, using oxygen sensor feedback to determine fuel mix/",29.0,82
2026-08-17 09:36:41.022,755.0,5.0,97.0,35.0,22.0,99.0,-0.77,27.06,-1.56,-5.47,2.8,0.09,0.79,1.5,12.0,23.53,"Closed loop, using oxygen sensor feedback to determine fuel mix/",29.0,82
2026-08-17 09:36:42.733,775.25,5.0,97.0,35.0,20.0,99.0,-0.79,26.67,1.56,-5.47,2.69,0.12,0.79,0.0,12.0,22.35,"Closed loop, using oxygen sensor feedback to determine fuel mix/",29.0,82
2026-08-17 09:36:44.444,775.5,5.0,97.0,35.0,20.0,99.0,-0.79,26.27,-1.56,-5.47,2.52,0.69,0.79,0.5,12.0,21.18,"Closed loop, using oxygen sensor feedback to determine fuel mix/",29.0,82
2026-08-17 09:36:46.133,826.0,6.0,97.0,35.0,20.0,99.0,-0.79,27.84,0.78,-3.12,3.58,0.1,0.79,2.0,12.0,28.24,"Closed loop, using oxygen sensor feedback to determine fuel mix/",29.0,82
2026-08-17 09:36:47.844,1187.25,7.0,97.0,35.0,33.0,99.0,-0.66,31.37,-3.91,-3.91,5.18,0.09,0.79,33.0,12.0,20.78,"Closed loop, using oxygen sensor feedback to determine fuel mix/",29.0,82
2026-08-17 09:36:49.534,1149.25,9.0,98.0,35.0,15.0,99.0,-0.84,26.67,-4.69,-7.81,2.78,0.73,0.79,8.5,12.0,17.25,"Closed loop, using oxygen sensor feedback to determine fuel mix/",29.0,83
2026-08-17 09:36:51.230,925.25,9.0,98.0,35.0,19.0,99.0,-0.8,26.67,-1.56,-6.25,2.7,0.07,0.79,0.5,12.0,20.0,"Closed loop, using oxygen sensor feedback to determine fuel mix/",29.0,83
2026-08-17 09:36:52.920,849.0,8.0,97.0,35.0,18.0,99.0,-0.81,25.49,-3.91,-6.25,2.4,0.74,0.79,4.5,11.9,19.22,"Closed loop, using oxygen sensor feedback to determine fuel mix/",29.0,83
2026-08-17 09:36:54.613,794.0,6.0,97.0,35.0,18.0,99.0,-0.81,25.49,-4.69,-6.25,2.3,0.08,0.79,6.5,12.0,19.22,"Closed loop, using oxygen sensor feedback to determine fuel mix/",29.0,83
2026-08-17 09:36:56.307,772.5,5.0,97.0,35.0,18.0,99.0,-0.81,25.1,0.78,-6.25,2.23,0.2,0.79,10.5,11.9,18.82,"Closed loop, using oxygen sensor feedback to determine fuel mix/",29.0,83
2026-08-17 09:36:57.999,708.0,4.0,97.0,35.0,20.0,99.0,-0.79,26.27,-3.12,-6.25,2.49,0.07,0.79,10.0,12.0,21.96,"Closed loop, using oxygen sensor feedback to determine fuel mix/",29.0,83
2026-08-17 09:36:59.692,704.0,0.0,96.0,35.0,21.0,99.0,-0.78,25.88,0.78,-5.47,2.46,0.09,0.79,3.5,12.0,21.57,"Closed loop, using oxygen sensor feedback to determine fuel mix/",29.0,83
2026-08-17 09:37:01.383,694.75,0.0,96.0,35.0,21.0,99.0,-0.78,25.88,-2.34,-5.47,2.43,0.74,0.79,3.5,11.9,21.96,"Closed loop, using oxygen sensor feedback to determine fuel mix/",29.0,83
2026-08-17 09:37:03.078,682.25,0.0,96.0,35.0,22.0,99.0,-0.77,25.88,-2.34,-5.47,2.46,0.09,0.79,3.0,12.0,21.96,"Closed loop, using oxygen sensor feedback to determine fuel mix/",29.0,83
2026-08-17 09:37:04.770,684.5,0.0,95.0,35.0,21.0,99.0,-0.78,25.88,2.34,-5.47,2.47,0.36,0.79,0.0,12.0,21.96,"Closed loop, using oxygen sensor feedback to determine fuel mix/",29.0,83
2026-08-17 09:37:06.464,678.5,0.0,95.0,35.0,23.0,99.0,-0.76,25.88,-2.34,-5.47,2.47,0.09,0.79,1.0,12.0,21.96,"Closed loop, using oxygen sensor feedback to determine fuel mix/",29.0,82
2026-08-17 09:37:08.154,679.5,0.0,95.0,35.0,22.0,99.0,-0.77,25.88,1.56,-5.47,2.45,0.09,0.79,-0.5,12.0,21.57,"Closed loop, using oxygen sensor feedback to determine fuel mix/",29.0,83
2026-08-17 09:37:09.848,918.25,1.0,95.0,35.0,36.0,99.0,-0.63,32.55,-2.34,-3.91,6.63,0.07,0.79,29.5,12.0,23.92,"Closed loop, using oxygen sensor feedback to determine fuel mix/",29.0,83
2026-08-17 09:37:11.541,1056.25,7.0,94.0,35.0,28.0,99.0,-0.71,29.41,-1.56,-3.12,3.94,0.86,0.78,29.5,12.0,20.78,"Closed loop, using oxygen sensor feedback to determine fuel mix/",29.0,83
2026-08-17 09:37:13.254,1237.0,9.0,94.0,35.0,28.0,99.0,-0.71,30.2,-3.12,-3.12,4.24,0.09,0.78,12.5,12.0,10.98,"Closed loop, using oxygen sensor feedback to determine fuel mix/",29.0,83
2026-08-17 09:37:14.962,1025.5,9.0,94.0,35.0,17.0,99.0,-0.82,27.06,1.56,-6.25,2.92,0.06,0.78,0.5,12.0,19.61,"Closed loop, using oxygen sensor feedback to determine fuel mix/",29.0,83
2026-08-17 09:37:16.670,867.75,7.0,94.0,35.0,19.0,99.0,-0.8,26.27,-1.56,-6.25,2.63,0.74,0.78,2.5,12.0,20.78,"Closed loop, using oxygen sensor feedback to determine fuel mix/",29.0,83
2026-08-17 09:37:18.378,794.75,6.0,93.0,35.0,18.0,99.0,-0.81,25.49,1.56,-6.25,2.32,0.09,0.78,2.0,12.1,19.22,"Closed loop, using oxygen sensor feedback to determine fuel mix/",29.0,83
2026-08-17 09:37:20.076,1041.5,6.0,93.0,35.0,25.0,99.0,-0.74,25.88,-2.34,-3.12,2.53,0.86,0.78,14.5,12.0,16.86,"Closed loop, using oxygen sensor feedback to determine fuel mix/",29.0,83
2026-08-17 09:37:21.777,956.75,7.0,92.0,36.0,16.0,99.0,-0.83,26.27,-6.25,-3.12,2.62,0.16,0.78,10.5,12.1,17.65,"Closed loop, using oxygen sensor feedback to determine fuel mix/",29.0,83
2026-08-17 09:37:23.487,952.25,7.0,92.0,36.0,16.0,99.0,-0.83,26.27,-3.91,-3.12,2.55,0.76,0.78,12.0,12.0,17.65,"Closed loop, using oxygen sensor feedback to determine fuel mix/",29.0,83
2026-08-17 09:37:25.197,1013.0,7.0,92.0,36.0,20.0,99.0,-0.79,29.41,-5.47,-3.91,4.44,0.08,0.78,11.0,12.0,23.92,"Closed loop, using oxygen sensor feedback to determine fuel mix/",29.0,83
2026-08-17 09:37:26.887,1296.75,9.0,91.0,35.0,36.0,99.0,-0.63,34.12,-7.03,-3.91,8.79,0.05,0.78,26.5,12.0,13.33,"Closed loop, using oxygen sensor feedback to determine fuel mix/",29.0,83
2026-08-17 09:37:28.597,1518.75,12.0,91.0,35.0,23.0,99.0,-0.76,30.2,-3.12,-3.91,4.65,0.07,0.77,43.0,12.0,10.2,"Closed loop, using oxygen sensor feedback to determine fuel mix/",29.0,83
2026-08-17 09:37:30.290,1642.0,13.0,91.0,35.0,21.0,99.0,-0.78,30.2,-4.69,-3.91,4.37,0.34,0.69,7.0,12.0,17.65,"Closed loop, using oxygen sensor feedback to determine fuel mix/",29.0,83
2026-08-17 09:37:31.986,1083.25,13.0,91.0,35.0,18.0,99.0,-0.81,27.45,-4.69,-7.03,3.1,0.06,0.73,-3.0,12.0,19.22,"Closed loop, using oxygen sensor feedback to determine fuel mix/",29.0,83
2026-08-17 09:37:33.694,975.25,13.0,91.0,35.0,15.0,99.0,-0.84,25.49,0.0,-7.03,2.36,0.73,0.54,1.0,12.0,15.69,"Closed loop, using oxygen sensor feedback to determine fuel mix/",29.0,83
2026-08-17 09:37:35.399,850.0,12.0,90.0,36.0,14.0,99.0,-0.85,23.53,-3.91,-6.25,1.96,0.83,0.59,1.0,12.0,16.08,"Closed loop, using oxygen sensor feedback to determine fuel mix/",29.0,83
2026-08-17 09:37:37.094,736.75,10.0,90.0,36.0,17.0,99.0,-0.82,23.14,-7.81,-7.03,1.88,0.51,0.62,6.5,12.0,16.47,"Closed loop, using oxygen sensor feedback to determine fuel mix/",29.0,83
2026-08-17 09:37:38.817,722.75,9.0,90.0,36.0,16.0,99.0,-0.83,23.53,-0.78,-7.03,1.93,0.1,0.65,16.0,12.0,17.25,"Closed loop, using oxygen sensor feedback to determine fuel mix/",29.0,83
2026-08-17 09:37:40.512,806.5,8.0,90.0,36.0,16.0,99.0,-0.83,24.71,-3.12,-7.03,2.12,0.78,0.68,12.0,12.0,17.65,"Closed loop, using oxygen sensor feedback to determine fuel mix/",29.0,83
2026-08-17 09:37:42.217,785.5,7.0,90.0,36.0,17.0,99.0,-0.82,24.71,0.0,-7.03,2.14,0.1,0.7,4.0,12.0,17.65,"Closed loop, using oxygen sensor feedback to determine fuel mix/",29.0,83
2026-08-17 09:37:43.910,758.5,5.0,90.0,36.0,17.0,99.0,-0.82,24.31,-2.34,-7.81,2.08,0.54,0.71,13.0,12.0,18.04,"Closed loop, using oxygen sensor feedback to determine fuel mix/",29.0,83
2026-08-17 09:37:45.605,743.75,5.0,90.0,36.0,18.0,99.0,-0.81,25.49,1.56,-7.03,2.25,0.1,0.71,16.0,12.0,20.0,"Closed loop, using oxygen sensor feedback to determine fuel mix/",29.0,83
2026-08-17 09:37:47.312,715.25,0.0,91.0,36.0,19.0,99.0,-0.8,25.1,-1.56,-6.25,2.19,0.75,0.69,8.5,12.0,19.22,"Closed loop, using oxygen sensor feedback to determine fuel mix/",29.0,83
2026-08-17 09:37:49.023,687.25,0.0,91.0,36.0,19.0,99.0,-0.8,25.1,1.56,-6.25,2.23,0.09,0.69,4.0,12.0,19.61,"Closed loop, using oxygen sensor feedback to determine fuel mix/",29.0,83
2026-08-17 09:37:50.714,683.0,0.0,91.0,36.0,20.0,99.0,-0.79,25.1,2.34,-6.25,2.22,0.1,0.64,4.0,12.0,19.61,"Closed loop, using oxygen sensor feedback to determine fuel mix/",29.0,83
2026-08-17 09:37:52.424,682.75,0.0,91.0,36.0,21.0,99.0,-0.78,25.1,-1.56,-6.25,2.22,0.1,0.65,5.0,12.0,19.61,"Closed loop, using oxygen sensor feedback to determine fuel mix/",29.0,83
2026-08-17 09:37:54.116,676.0,0.0,91.0,36.0,19.0,99.0,-0.8,25.1,-0.78,-6.25,2.21,0.52,0.66,5.0,12.0,19.61,"Closed loop, using oxygen sensor feedback to determine fuel mix/",29.0,83
2026-08-17 09:37:55.807,679.75,0.0,91.0,36.0,20.0,99.0,-0.79,25.1,3.12,-6.25,2.21,0.73,0.67,7.0,12.0,19.61,"Closed loop, using oxygen sensor feedback to determine fuel mix/",29.0,83
2026-08-17 09:37:57.503,678.0,0.0,91.0,36.0,20.0,99.0,-0.79,25.1,2.34,-6.25,2.21,0.09,0.68,4.0,12.0,19.61,"Closed loop, using oxygen sensor feedback to determine fuel mix/",29.0,83
2026-08-17 09:37:59.193,680.0,0.0,91.0,36.0,19.0,99.0,-0.8,25.1,-1.56,-6.25,2.2,0.1,0.68,6.0,12.0,19.61,"Closed loop, using oxygen sensor feedback to determine fuel mix/",29.0,83
2026-08-17 09:38:00.887,694.0,1.0,91.0,36.0,21.0,99.0,-0.78,27.06,3.12,-4.69,2.88,0.16,0.69,-0.5,12.0,24.71,"Closed loop, using oxygen sensor feedback to determine fuel mix/",29.0,83
2026-08-17 09:38:02.595,758.5,3.0,92.0,36.0,22.0,99.0,-0.77,27.45,3.12,-4.69,2.98,0.62,0.69,0.0,12.0,24.71,"Closed loop, using oxygen sensor feedback to determine fuel mix/",29.0,83
2026-08-17 09:38:04.321,1143.0,5.0,92.0,36.0,31.0,99.0,-0.68,29.8,3.12,-4.69,4.15,0.82,0.66,15.0,12.0,23.92,"Closed loop, using oxygen sensor feedback to determine fuel mix/",29.0,83
2026-08-17 09:38:06.013,1083.0,8.0,92.0,36.0,22.0,99.0,-0.77,27.45,-1.56,-4.69,3.15,0.83,0.66,29.0,12.0,16.47,"Closed loop, using oxygen sensor feedback to determine fuel mix/",29.0,83
2026-08-17 09:38:07.706,1086.5,8.0,92.0,36.0,17.0,99.0,-0.82,27.06,1.56,-7.81,2.88,0.07,0.67,1.0,12.0,18.82,"Closed loop, using oxygen sensor feedback to determine fuel mix/",29.0,83
2026-08-17 09:38:09.413,902.75,8.0,92.0,36.0,17.0,99.0,-0.82,26.27,,-7.81,2.53,0.67,0.69,1.5,12.0,19.22,"Closed loop, using oxygen sensor feedback to determine fuel mix/",29.0,83
2026-08-17 09:38:11.079,826.75,7.0,92.0,36.0,17.0,99.0,-0.82,25.1,-0.78,-7.81,2.25,0.77,0.69,8.0,12.0,18.04,"Closed loop, using oxygen sensor feedback to determine fuel mix/",29.0,83
2026-08-17 09:38:12.768,783.25,5.0,92.0,36.0,17.0,99.0,-0.82,24.71,2.34,-7.81,2.18,0.2,0.69,20.5,11.9,19.22,"Closed loop, using oxygen sensor feedback to determine fuel mix/",29.0,83
2026-08-17 09:38:14.461,739.25,4.0,93.0,36.0,20.0,99.0,-0.79,25.88,2.34,-7.03,2.43,0.09,0.69,4.5,12.0,20.78,"Closed loop, using oxygen sensor feedback to determine fuel mix/",29.0,83
2026-08-17 09:38:16.155,789.25,5.0,93.0,36.0,20.0,99.0,-0.79,27.06,3.12,-4.69,2.84,0.1,0.69,1.0,12.0,23.14,"Closed loop, using oxygen sensor feedback to determine fuel mix/",29.0,83
2026-08-17 09:38:17.847,858.0,6.0,93.0,36.0,20.0,99.0,-0.79,27.06,-1.56,-4.69,3.03,0.18,0.69,8.0,12.0,23.53,"Closed loop, using oxygen sensor feedback to determine fuel mix/",29.0,83
2026-08-17 09:38:19.541,977.25,7.0,93.0,36.0,19.0,99.0,-0.8,27.84,-1.56,-4.69,3.24,0.64,0.69,9.0,12.0,20.78,"Closed loop, using oxygen sensor feedback to determine fuel mix/",29.0,83
2026-08-17 09:38:21.232,1059.25,8.0,93.0,36.0,18.0,99.0,-0.81,27.84,-2.34,-4.69,3.3,0.23,0.69,9.0,12.0,18.82,"Closed loop, using oxygen sensor feedback to determine fuel mix/",29.0,83
2026-08-17 09:38:22.974,1106.75,8.0,93.0,36.0,18.0,99.0,-0.81,28.24,2.34,-4.69,3.45,0.1,0.68,7.5,11.9,18.04,"Closed loop, using oxygen sensor feedback to determine fuel mix/",29.0,83
2026-08-17 09:38:24.681,1154.5,9.0,94.0,36.0,17.0,99.0,-0.82,28.63,1.56,-4.69,3.65,0.39,0.68,5.0,12.0,17.65,"Closed loop, using oxygen sensor feedback to determine fuel mix/",29.0,83
2026-08-17 09:38:26.394,1199.0,9.0,94.0,36.0,18.0,99.0,-0.81,28.63,-1.56,-4.69,3.69,0.7,0.67,4.5,12.0,16.86,"Closed loop, using oxygen sensor feedback to determine fuel mix/",29.0,83
2026-08-17 09:38:28.083,1219.25,9.0,94.0,36.0,19.0,99.0,-0.8,29.02,1.56,-4.69,3.91,0.09,0.67,23.0,12.0,15.29,"Closed loop, using oxygen sensor feedback to determine fuel mix/",29.0,83
2026-08-17 09:38:29.778,1348.0,10.0,94.0,36.0,19.0,99.0,-0.8,29.41,2.34,-4.69,4.13,0.73,0.66,10.0,12.0,10.59,"Closed loop, using oxygen sensor feedback to determine fuel mix/",29.0,83
2026-08-17 09:38:31.489,1201.75,10.0,94.0,36.0,14.0,99.0,-0.85,26.67,2.34,-7.81,2.67,0.1,0.67,5.0,12.0,15.29,"Closed loop, using oxygen sensor feedback to determine fuel mix/",29.0,83
2026-08-17 09:38:33.203,951.0,10.0,94.0,36.0,17.0,99.0,-0.82,26.27,2.34,-7.81,2.56,0.12,0.67,1.0,12.0,18.43,"Closed loop, using oxygen sensor feedback to determine fuel mix/",29.0,83
2026-08-17 09:38:34.903,860.25,9.0,94.0,36.0,17.0,99.0,-0.82,25.1,2.34,-7.81,2.26,0.12,0.68,3.5,12.0,17.65,"Closed loop, using oxygen sensor feedback to determine fuel mix/",29.0,83
2026-08-17 09:38:36.595,816.0,8.0,94.0,36.0,17.0,99.0,-0.82,25.1,-1.56,-7.81,2.2,0.14,0.68,6.5,12.0,18.04,"Closed loop, using oxygen sensor feedback to determine fuel mix/",29.0,83
2026-08-17 09:38:38.305,778.75,5.0,94.0,36.0,16.0,99.0,-0.83,24.31,-0.78,-7.81,2.09,0.77,0.68,11.5,12.0,17.65,"Closed loop, using oxygen sensor feedback to determine fuel mix/",29.0,83
2026-08-17 09:38:39.995,736.75,5.0,95.0,36.0,18.0,99.0,-0.81,25.1,3.12,-7.03,2.18,0.14,0.68,20.0,12.0,19.61,"Closed loop, using oxygen sensor feedback to determine fuel mix/",29.0,83
2026-08-17 09:38:41.710,711.0,1.0,95.0,36.0,20.0,99.0,-0.79,25.49,3.91,-6.25,2.25,0.09,0.68,6.5,12.0,19.22,"Closed loop, using oxygen sensor feedback to determine fuel mix/",29.0,83
2026-08-17 09:38:43.413,693.25,0.0,95.0,36.0,20.0,99.0,-0.79,25.1,0.0,-6.25,2.19,0.4,0.68,6.5,12.0,19.22,"Closed loop, using oxygen sensor feedback to determine fuel mix/",29.0,83
2026-08-17 09:38:45.107,688.75,0.0,95.0,36.0,20.0,99.0,-0.79,25.1,4.69,-6.25,2.18,0.75,0.67,7.0,12.0,19.22,"Closed loop, using oxygen sensor feedback to determine fuel mix/",29.0,83
2026-08-17 09:38:46.798,685.5,0.0,95.0,36.0,20.0,99.0,-0.79,25.1,0.0,-6.25,2.16,0.1,0.67,6.5,12.0,19.22,"Closed loop, using oxygen sensor feedback to determine fuel mix/",29.0,83
2026-08-17 09:38:48.496,676.25,0.0,96.0,37.0,20.0,99.0,-0.79,25.1,0.78,-6.25,2.16,0.66,0.67,5.5,12.0,19.22,"Closed loop, using oxygen sensor feedback to determine fuel mix/",29.0,83
2026-08-17 09:38:50.202,682.0,0.0,96.0,37.0,20.0,99.0,-0.79,24.71,0.78,-6.25,2.15,0.77,0.67,5.5,12.0,19.22,"Closed loop, using oxygen sensor feedback to determine fuel mix/",29.0,83
2026-08-17 09:38:51.907,678.5,0.0,96.0,37.0,20.0,99.0,-0.79,25.1,3.91,-6.25,2.16,0.1,0.67,5.5,12.0,19.22,"Closed loop, using oxygen sensor feedback to determine fuel mix/",29.0,83
2026-08-17 09:38:53.604,677.0,0.0,96.0,37.0,20.0,99.0,-0.79,24.71,0.0,-6.25,2.16,0.12,0.67,6.5,12.0,19.22,"Closed loop, using oxygen sensor feedback to determine fuel mix/",29.0,83
2026-08-17 09:38:55.314,677.25,0.0,96.0,37.0,19.0,99.0,-0.8,25.1,0.78,-6.25,2.16,0.79,0.67,5.5,12.0,19.22,"Closed loop, using oxygen sensor feedback to determine fuel mix/",29.0,83
2026-08-17 09:38:57.007,676.0,0.0,96.0,37.0,19.0,99.0,-0.8,25.1,3.91,-6.25,2.17,0.1,0.67,5.0,12.0,19.22,"Closed loop, using oxygen sensor feedback to determine fuel mix/",29.0,83
2026-08-17 09:38:58.695,678.0,0.0,96.0,37.0,20.0,99.0,-0.79,24.71,0.0,-6.25,2.13,0.11,0.67,6.0,12.0,19.22,"Closed loop, using oxygen sensor feedback to determine fuel mix/",29.0,83
2026-08-17 09:39:00.391,847.0,1.0,97.0,37.0,30.0,99.0,-0.69,30.59,0.78,-4.69,4.29,0.82,0.67,12.0,12.0,24.71,"Closed loop, using oxygen sensor feedback to determine fuel mix/",29.0,83
2026-08-17 09:39:02.098,961.25,5.0,96.0,37.0,30.0,99.0,-0.69,29.8,-1.56,-3.91,4.08,0.18,0.67,26.0,12.0,27.45,"Closed loop, using oxygen sensor feedback to determine fuel mix/",29.0,84
2026-08-17 09:39:03.807,1205.5,8.0,96.0,37.0,29.0,99.0,-0.7,30.59,0.0,-3.91,4.84,0.75,0.66,26.5,12.0,18.43,"Closed loop, using oxygen sensor feedback to determine fuel mix/",29.0,84
2026-08-17 09:39:05.501,1422.75,10.0,97.0,37.0,25.0,99.0,-0.74,30.59,0.0,-3.91,4.8,0.79,0.66,28.5,12.0,12.55,"Closed loop, using oxygen sensor feedback to determine fuel mix/",29.0,84
2026-08-17 09:39:07.192,1588.5,12.0,97.0,37.0,21.0,99.0,-0.78,29.8,3.12,-3.91,4.13,0.12,0.65,6.0,12.0,7.84,"Closed loop, using oxygen sensor feedback to determine fuel mix/",29.0,84
2026-08-17 09:39:08.886,1251.75,12.0,97.0,37.0,15.0,99.0,-0.84,27.45,3.91,-7.03,3.05,0.14,0.65,10.0,12.0,16.86,"Closed loop, using oxygen sensor feedback to determine fuel mix/",29.0,84
2026-08-17 09:39:10.593,904.25,12.0,97.0,37.0,18.0,99.0,-0.81,25.49,0.78,-7.03,2.37,0.84,0.66,0.0,12.0,18.04,"Closed loop, using oxygen sensor feedback to determine fuel mix/",29.0,84
2026-08-17 09:39:12.288,1173.75,12.0,97.0,37.0,31.0,99.0,-0.68,30.59,-3.91,-4.69,4.82,0.82,0.66,33.0,12.0,21.18,"Closed loop, using oxygen sensor feedback to determine fuel mix/",29.0,84
2026-08-17 09:39:13.977,1232.25,13.0,97.0,37.0,26.0,99.0,-0.73,29.8,2.34,-3.91,4.32,0.33,0.66,36.0,11.9,17.65,"Closed loop, using oxygen sensor feedback to determine fuel mix/",29.0,84
2026-08-17 09:39:15.672,1148.0,14.0,97.0,37.0,18.0,99.0,-0.81,28.24,2.34,-7.03,3.51,0.06,0.65,2.0,12.0,17.65,"Closed loop, using oxygen sensor feedback to determine fuel mix/",29.0,84
2026-08-17 09:39:17.380,1075.25,14.0,97.0,37.0,16.0,99.0,-0.83,26.67,-0.78,-6.25,2.84,0.77,0.66,-1.5,11.9,17.25,"Closed loop, using oxygen sensor feedback to determine fuel mix/",29.0,84
2026-08-17 09:39:19.074,908.75,12.0,97.0,37.0,16.0,99.0,-0.83,24.31,-4.69,-7.03,2.15,0.78,0.66,2.0,12.0,16.86,"Closed loop, using oxygen sensor feedback to determine fuel mix/",29.0,84
2026-08-17 09:39:20.767,733.5,9.0,97.0,37.0,18.0,99.0,-0.81,23.53,0.78,-6.25,1.9,0.24,0.66,6.5,12.1,16.47,"Closed loop, using oxygen sensor feedback to determine fuel mix/",29.0,84
2026-08-17 09:39:22.459,770.75,9.0,97.0,37.0,32.0,99.0,-0.67,31.76,1.56,-4.69,6.15,0.09,0.66,29.5,12.0,24.71,"Closed loop, using oxygen sensor feedback to determine fuel mix/",29.0,84
2026-08-17 09:39:24.168,1683.5,12.0,97.0,37.0,35.0,99.0,-0.64,33.73,4.69,-3.91,8.53,0.09,0.65,32.5,12.0,16.08,"Closed loop, using oxygen sensor feedback to determine fuel mix/",29.0,84
2026-08-17 09:39:25.861,1487.5,15.0,98.0,37.0,37.0,99.0,-0.62,33.73,5.47,-3.12,8.5,0.07,0.65,24.5,12.0,18.43,"Closed loop, using oxygen sensor feedback to determine fuel mix/",29.0,84
2026-08-17 09:39:27.555,1420.5,18.0,98.0,37.0,15.0,99.0,-0.84,28.24,3.12,-5.47,3.48,0.85,0.65,4.5,12.0,11.37,"Closed loop, using oxygen sensor feedback to determine fuel mix/",29.0,84
2026-08-17 09:39:29.262,1311.5,17.0,97.0,37.0,16.0,99.0,-0.83,27.84,-0.78,-4.69,3.35,0.83,0.65,4.5,12.0,14.9,"Closed loop, using oxygen sensor feedback to determine fuel mix/",29.0,84
2026-08-17 09:39:30.955,981.25,13.0,97.0,37.0,16.0,99.0,-0.83,24.31,-4.69,-5.47,2.14,0.71,0.65,2.0,12.0,16.47,"Closed loop, using oxygen sensor feedback to determine fuel mix/",29.0,84
2026-08-17 09:39:32.663,714.0,8.0,96.0,37.0,18.0,99.0,-0.81,24.71,-6.25,-4.69,2.16,0.73,0.65,4.5,12.0,19.22,"Closed loop, using oxygen sensor feedback to determine fuel mix/",29.0,84
2026-08-17 09:39:34.373,687.75,4.0,96.0,37.0,24.0,99.0,-0.75,27.45,-1.56,-3.12,3.14,0.67,0.65,-7.5,12.0,27.84,"Closed loop, using oxygen sensor feedback to determine fuel mix/",29.0,84
2026-08-17 09:39:36.065,699.25,0.0,96.0,37.0,23.0,99.0,-0.76,26.67,-3.12,-3.91,2.73,0.53,0.66,-3.0,12.0,23.53,"Closed loop, using oxygen sensor feedback to determine fuel mix/",29.0,84
2026-08-17 09:39:37.759,688.25,0.0,96.0,37.0,23.0,99.0,-0.76,26.27,-3.12,-3.91,2.58,0.77,0.65,-0.5,12.0,23.14,"Closed loop, using oxygen sensor feedback to determine fuel mix/",29.0,84
2026-08-17 09:39:39.469,685.0,0.0,96.0,37.0,21.0,99.0,-0.78,26.27,0.0,-3.91,2.53,0.36,0.65,1.0,12.0,22.75,"Closed loop, using oxygen sensor feedback to determine fuel mix/",29.0,84
2026-08-17 09:39:41.158,686.25,0.0,95.0,37.0,23.0,99.0,-0.76,27.06,0.0,-2.34,3.68,0.09,0.65,8.5,12.1,37.25,"Closed loop, using oxygen sensor feedback to determine fuel mix/",29.0,84
2026-08-17 09:39:42.852,1088.0,4.0,95.0,37.0,27.0,99.0,-0.72,28.24,-2.34,-2.34,3.42,0.85,0.65,20.5,12.0,23.92,"Closed loop, using oxygen sensor feedback to determine fuel mix/",29.0,84
2026-08-17 09:39:44.544,1226.5,7.0,95.0,37.0,34.0,99.0,-0.65,31.76,0.0,-3.12,5.89,0.09,0.65,33.5,12.0,22.75,"Closed loop, using oxygen sensor feedback to determine fuel mix/",29.0,84
2026-08-17 09:39:46.238,1413.5,10.0,95.0,37.0,25.0,99.0,-0.74,30.59,-1.56,-1.56,4.9,0.78,0.65,40.0,12.0,12.94,"Closed loop, using oxygen sensor feedback to determine fuel mix/",29.0,84
2026-08-17 09:39:47.930,1569.5,12.0,95.0,37.0,22.0,99.0,-0.77,30.59,-2.34,-1.56,4.96,0.65,0.64,43.5,12.0,9.8,"Closed loop, using oxygen sensor feedback to determine fuel mix/",29.0,84
2026-08-17 09:39:49.625,1357.0,13.0,94.0,37.0,26.0,99.0,-0.73,30.2,0.78,-1.56,4.43,0.81,0.64,35.0,12.0,18.82,"Closed loop, using oxygen sensor feedback to determine fuel mix/",29.0,84
2026-08-17 09:39:51.333,1262.75,14.0,94.0,37.0,25.0,99.0,-0.74,29.8,0.78,-1.56,4.37,0.78,0.64,37.0,12.0,16.86,"Closed loop, using oxygen sensor feedback to determine fuel mix/",29.0,84
2026-08-17 09:39:53.025,1305.5,15.0,94.0,37.0,25.0,99.0,-0.74,28.63,0.0,-1.56,3.55,0.79,0.64,40.5,12.0,12.94,"Closed loop, using oxygen sensor feedback to determine fuel mix/",29.0,84
2026-08-17 09:39:54.719,1210.5,15.0,93.0,37.0,18.0,99.0,-0.81,28.24,0.78,-4.69,3.5,0.07,0.64,-0.5,12.0,16.86,"Closed loop, using oxygen sensor feedback to determine fuel mix/",29.0,84
2026-08-17 09:39:56.412,1239.5,15.0,93.0,37.0,18.0,99.0,-0.81,28.63,-3.12,-1.56,3.63,0.76,0.64,26.0,12.0,15.69,"Closed loop, using oxygen sensor feedback to determine fuel mix/",29.0,84
2026-08-17 09:39:58.120,1323.0,15.0,93.0,37.0,19.0,99.0,-0.8,29.8,-3.91,-2.34,4.38,0.72,0.64,20.5,12.0,15.29,"Closed loop, using oxygen sensor feedback to determine fuel mix/",29.0,84
2026-08-17 09:39:59.828,1409.25,17.0,92.0,37.0,23.0,99.0,-0.76,28.63,0.78,-5.47,4.06,0.07,0.64,-4.0,12.0,16.08,"Closed loop, using oxygen sensor feedback to determine fuel mix/",29.0,84
2026-08-17 09:40:01.538,771.75,9.0,92.0,37.0,17.0,99.0,-0.82,24.31,6.25,-5.47,2.06,0.12,0.64,10.5,12.0,18.04,"Closed loop, using oxygen sensor feedback to determine fuel mix/",29.0,84
2026-08-17 09:40:03.243,910.25,7.0,92.0,38.0,57.0,99.0,-0.42,56.47,3.91,-5.47,22.92,0.13,0.64,5.0,12.0,36.08,"Closed loop, using oxygen sensor feedback to determine fuel mix/",29.0,84
2026-08-17 09:40:04.939,1548.0,14.0,92.0,38.0,14.0,99.0,-0.85,27.06,0.0,-3.12,2.58,0.85,0.65,18.5,12.0,10.2,"Closed loop, using oxygen sensor feedback to determine fuel mix/",29.0,84
2026-08-17 09:40:06.628,1071.25,13.0,91.0,38.0,17.0,99.0,-0.82,26.27,3.12,-4.69,2.66,0.76,0.65,0.0,12.0,17.65,"Closed loop, using oxygen sensor feedback to determine fuel mix/",29.0,84
2026-08-17 09:40:08.323,748.25,10.0,91.0,38.0,15.0,99.0,-0.84,22.35,-1.56,-5.47,1.76,0.87,0.65,23.5,11.9,14.9,"Closed loop, using oxygen sensor feedback to determine fuel mix/",29.0,84
2026-08-17 09:40:10.017,685.5,4.0,91.0,38.0,23.0,99.0,-0.76,26.67,-7.03,-3.91,2.72,0.57,0.65,1.0,11.9,24.31,"Closed loop, using oxygen sensor feedback to determine fuel mix/",29.0,84
2026-08-17 09:40:11.711,687.25,0.0,91.0,38.0,23.0,99.0,-0.76,26.27,-3.12,-3.91,2.58,0.78,0.64,1.0,11.8,22.75,"Closed loop, using oxygen sensor feedback to determine fuel mix/",29.0,84
2026-08-17 09:40:13.402,686.0,0.0,91.0,38.0,21.0,99.0,-0.78,26.27,0.0,-3.91,2.58,0.68,0.64,-0.5,11.8,23.14,"Closed loop, using oxygen sensor feedback to determine fuel mix/",29.0,84
2026-08-17 09:40:15.094,677.5,0.0,91.0,38.0,23.0,99.0,-0.76,26.27,-0.78,-3.91,2.57,0.1,0.64,-1.0,11.8,23.14,"Closed loop, using oxygen sensor feedback to determine fuel mix/",29.0,84
2026-08-17 09:40:16.804,676.5,0.0,91.0,38.0,21.0,99.0,-0.78,26.27,-0.78,-3.91,2.56,0.1,0.64,1.5,11.8,22.75,"Closed loop, using oxygen sensor feedback to determine fuel mix/",29.0,84
2026-08-17 09:40:18.495,678.5,0.0,91.0,38.0,23.0,99.0,-0.76,26.27,-0.78,-3.91,2.57,0.1,0.64,-1.0,11.8,22.75,"Closed loop, using oxygen sensor feedback to determine fuel mix/",29.0,84
2026-08-17 09:40:20.190,680.5,0.0,91.0,37.0,22.0,99.0,-0.77,26.27,-4.69,-3.91,2.54,0.1,0.64,-1.0,11.8,22.75,"Closed loop, using oxygen sensor feedback to determine fuel mix/",29.0,84
2026-08-17 09:40:21.898,677.5,0.0,91.0,37.0,22.0,99.0,-0.77,26.27,-3.91,-3.91,2.53,0.21,0.64,0.5,11.8,22.75,"Closed loop, using oxygen sensor feedback to determine fuel mix/",29.0,84
2026-08-17 09:40:23.592,682.75,0.0,91.0,37.0,21.0,99.0,-0.78,26.27,-3.91,-3.91,2.52,0.6,0.64,0.0,11.9,22.75,"Closed loop, using oxygen sensor feedback to determine fuel mix/",29.0,84
2026-08-17 09:40:25.284,679.0,0.0,91.0,38.0,23.0,99.0,-0.76,25.88,-3.91,-3.91,2.51,0.68,0.64,1.5,11.9,22.35,"Closed loop, using oxygen sensor feedback to determine fuel mix/",29.0,84
2026-08-17 09:40:26.978,682.25,0.0,92.0,37.0,21.0,99.0,-0.78,25.88,-3.91,-3.91,2.48,0.73,0.64,0.5,12.0,22.35,"Closed loop, using oxygen sensor feedback to determine fuel mix/",29.0,84
2026-08-17 09:40:28.686,680.5,0.0,92.0,38.0,21.0,99.0,-0.78,25.88,-3.91,-3.91,2.51,0.75,0.64,1.5,11.9,22.35,"Closed loop, using oxygen sensor feedback to determine fuel mix/",29.0,84
2026-08-17 09:40:30.376,684.5,0.0,92.0,38.0,21.0,99.0,-0.78,25.88,-3.91,-3.91,2.49,0.76,0.64,2.0,11.9,22.35,"Closed loop, using oxygen sensor feedback to determine fuel mix/",29.0,84
2026-08-17 09:40:32.068,680.75,0.0,92.0,38.0,22.0,99.0,-0.77,25.88,-3.91,-3.91,2.48,0.77,0.64,-0.5,11.9,22.35,"Closed loop, using oxygen sensor feedback to determine fuel mix/",29.0,84
2026-08-17 09:40:33.766,683.75,0.0,92.0,38.0,22.0,99.0,-0.77,25.88,-3.91,-3.91,2.49,0.74,0.64,2.5,12.0,22.35,"Closed loop, using oxygen sensor feedback to determine fuel mix/",29.0,84
2026-08-17 09:40:35.491,683.25,0.0,92.0,38.0,22.0,99.0,-0.77,25.88,-3.91,-3.91,2.49,0.75,0.64,3.0,12.0,22.35,"Closed loop, using oxygen sensor feedback to determine fuel mix/",29.0,84
2026-08-17 09:40:37.196,682.0,0.0,92.0,38.0,21.0,99.0,-0.78,25.88,-3.91,-3.91,2.46,0.76,0.64,1.5,12.0,22.35,"Closed loop, using oxygen sensor feedback to determine fuel mix/",29.0,84
2026-08-17 09:40:38.888,678.25,0.0,92.0,38.0,21.0,99.0,-0.78,25.88,-3.91,-3.91,2.47,0.74,0.64,1.0,12.0,22.35,"Closed loop, using oxygen sensor feedback to determine fuel mix/",29.0,84
2026-08-17 09:40:40.582,679.75,0.0,93.0,38.0,21.0,99.0,-0.78,25.88,-3.12,-3.91,2.47,0.77,0.64,0.5,12.0,21.96,"Closed loop, using oxygen sensor feedback to determine fuel mix/",29.0,84
2026-08-17 09:40:42.292,696.25,1.0,93.0,38.0,22.0,99.0,-0.77,26.27,-3.91,-3.91,2.54,0.74,0.64,4.5,12.0,22.75,"Closed loop, using oxygen sensor feedback to determine fuel mix/",29.0,84
2026-08-17 09:40:43.993,841.0,3.0,93.0,38.0,27.0,99.0,-0.72,29.02,-1.56,-2.34,3.77,0.88,0.64,10.0,12.2,26.27,"Closed loop, using oxygen sensor feedback to determine fuel mix/",29.0,84
2026-08-17 09:40:45.692,926.75,5.0,93.0,38.0,26.0,99.0,-0.73,29.02,-3.91,-2.34,3.98,0.76,0.77,4.0,12.1,30.2,"Closed loop, using oxygen sensor feedback to determine fuel mix/",29.0,84
2026-08-17 09:40:47.386,1221.75,8.0,93.0,38.0,35.0,99.0,-0.64,32.55,-4.69,-2.34,6.86,0.07,0.72,28.5,12.1,24.71,"Closed loop, using oxygen sensor feedback to determine fuel mix/",29.0,84
2026-08-17 09:40:49.078,1707.5,12.0,94.0,38.0,35.0,99.0,-0.64,34.12,0.0,-3.12,9.45,0.1,0.69,28.0,12.1,17.65,"Closed loop, using oxygen sensor feedback to determine fuel mix/",29.0,84
2026-08-17 09:40:50.772,1549.75,16.0,94.0,38.0,38.0,99.0,-0.61,34.12,5.47,-2.34,9.48,0.08,0.67,17.5,12.1,22.75,"Closed loop, using oxygen sensor feedback to determine fuel mix/",29.0,84
2026-08-17 09:40:52.465,1784.75,21.0,94.0,38.0,39.0,99.0,-0.6,34.9,0.78,-1.56,11.21,0.8,0.67,10.5,12.2,22.35,"Closed loop, using oxygen sensor feedback to determine fuel mix/",29.0,84
2026-08-17 09:40:54.173,1340.0,25.0,94.0,38.0,48.0,99.0,-0.51,35.69,0.0,-1.56,11.61,0.79,0.68,6.0,12.1,39.61,"Closed loop, using oxygen sensor feedback to determine fuel mix/",29.0,84
2026-08-17 09:40:55.866,1483.5,29.0,94.0,38.0,47.0,99.0,-0.52,35.69,-3.91,-0.78,12.74,0.08,0.76,9.5,12.2,27.84,"Closed loop, using oxygen sensor feedback to determine fuel mix/",29.0,84
2026-08-17 09:40:57.575,1672.5,33.0,94.0,38.0,41.0,99.0,-0.58,34.9,-3.12,0.0,9.93,0.18,0.76,22.5,12.2,18.04,"Closed loop, using oxygen sensor feedback to determine fuel mix/",29.0,84
2026-08-17 09:40:59.267,1360.75,35.0,94.0,38.0,42.0,99.0,-0.57,33.33,-2.34,0.0,7.93,0.07,0.77,26.0,12.2,26.27,"Closed loop, using oxygen sensor feedback to determine fuel mix/",29.0,84
2026-08-17 09:41:00.976,1399.0,37.0,95.0,38.0,40.0,99.0,-0.59,33.33,-2.34,-0.78,8.08,0.09,0.77,26.0,12.2,23.92,"Closed loop, using oxygen sensor feedback to determine fuel mix/",29.0,84
2026-08-17 09:41:02.684,1450.25,38.0,95.0,38.0,39.0,99.0,-0.6,33.33,3.12,-0.78,7.75,0.75,0.77,28.0,12.2,20.39,"Closed loop, using oxygen sensor feedback to determine fuel mix/",29.0,84
2026-08-17 09:41:04.394,1500.25,39.0,95.0,38.0,35.0,99.0,-0.64,32.94,-1.56,-0.78,7.25,0.52,0.77,32.5,12.3,17.25,"Closed loop, using oxygen sensor feedback to determine fuel mix/",29.0,84
2026-08-17 09:41:06.086,1523.5,40.0,95.0,38.0,14.0,99.0,-0.85,27.06,-2.34,1.56,2.93,0.88,0.76,34.5,12.3,7.45,"Closed loop, using oxygen sensor feedback to determine fuel mix/",29.0,84
2026-08-17 09:41:07.792,1479.5,39.0,95.0,38.0,14.0,99.0,-0.85,27.06,-6.25,0.0,3.0,0.85,0.76,34.0,12.3,7.84,"Closed loop, using oxygen sensor feedback to determine fuel mix/",29.0,84
2026-08-17 09:41:09.491,1447.0,38.0,95.0,38.0,13.0,99.0,-0.86,26.67,-10.16,-1.56,2.89,0.68,0.76,15.0,12.0,8.63,"Closed loop, using oxygen sensor feedback to determine fuel mix/",29.0,84
2026-08-17 09:41:11.195,1415.75,37.0,95.0,38.0,13.0,99.0,-0.86,26.67,-6.25,-1.56,2.8,0.85,0.76,14.0,12.1,8.63,"Closed loop, using oxygen sensor feedback to determine fuel mix/",29.0,84
2026-08-17 09:41:12.904,1450.75,37.0,96.0,38.0,18.0,99.0,-0.81,30.98,-10.16,-3.91,5.28,0.14,0.76,22.0,12.0,14.12,"Closed loop, using oxygen sensor feedback to determine fuel mix/",29.0,84
2026-08-17 09:41:14.616,1402.75,37.0,95.0,38.0,40.0,99.0,-0.59,34.12,-1.56,-3.91,9.11,0.06,0.77,21.0,12.1,28.24,"Closed loop, using oxygen sensor feedback to determine fuel mix/",29.0,84
2026-08-17 09:41:16.321,1467.5,38.0,96.0,38.0,43.0,99.0,-0.56,34.9,-1.56,-3.91,10.13,0.06,0.77,16.5,12.1,25.1,"Closed loop, using oxygen sensor feedback to determine fuel mix/",29.0,84
2026-08-17 09:41:18.014,1544.0,41.0,95.0,38.0,39.0,99.0,-0.6,34.51,1.56,-3.91,9.95,0.09,0.77,20.0,12.1,21.18,"Closed loop, using oxygen sensor feedback to determine fuel mix/",29.0,84
2026-08-17 09:41:19.725,1594.75,42.0,96.0,38.0,24.0,99.0,-0.75,30.59,0.78,-2.34,4.81,0.89,0.76,43.0,12.1,10.2,"Closed loop, using oxygen sensor feedback to determine fuel mix/",29.0,84
2026-08-17 09:41:21.415,1597.0,42.0,95.0,38.0,24.0,99.0,-0.75,30.98,-5.47,-3.12,5.36,0.71,0.76,42.5,12.1,10.98,"Closed loop, using oxygen sensor feedback to determine fuel mix/",29.0,84
2026-08-17 09:41:23.139,1601.25,42.0,95.0,38.0,24.0,99.0,-0.75,30.98,-2.34,-3.12,5.36,0.76,0.76,42.5,12.1,10.59,"Closed loop, using oxygen sensor feedback to determine fuel mix/",29.0,84
2026-08-17 09:41:24.850,1575.5,41.0,95.0,38.0,14.0,99.0,-0.85,27.45,0.0,-0.78,3.21,0.02,0.76,-3.0,12.2,7.06,Open loop due to engine load OR fuel cut due to deceleration/,29.0,84
2026-08-17 09:41:26.558,1580.25,40.0,95.0,38.0,21.0,99.0,-0.78,32.55,7.81,-4.69,9.64,0.68,0.21,17.0,12.1,27.45,Open loop due to engine load OR fuel cut due to deceleration/,29.0,84
2026-08-17 09:41:28.251,1715.25,43.0,95.0,38.0,70.0,99.0,-0.29,57.25,3.91,-6.25,21.23,0.73,0.32,-1.0,12.1,28.24,"Closed loop, using oxygen sensor feedback to determine fuel mix/",29.0,84
2026-08-17 09:41:29.944,1747.5,46.0,94.0,38.0,37.0,99.0,-0.62,33.33,3.12,-3.91,8.34,0.82,0.35,1.5,12.0,21.18,"Closed loop, using oxygen sensor feedback to determine fuel mix/",29.0,84
2026-08-17 09:41:31.636,1280.75,46.0,95.0,38.0,39.0,99.0,-0.6,33.33,7.03,-3.12,7.6,0.62,0.36,24.5,12.1,30.59,"Closed loop, using oxygen sensor feedback to determine fuel mix/",29.0,84
2026-08-17 09:41:33.346,1421.5,47.0,94.0,38.0,54.0,99.0,-0.45,39.61,6.25,-3.91,16.46,0.88,0.38,-9.0,12.1,58.04,"Closed loop, using oxygen sensor feedback to determine fuel mix/",29.0,84
2026-08-17 09:41:35.057,1351.25,49.0,94.0,38.0,69.0,99.0,-0.3,59.22,2.34,-6.25,25.69,0.15,0.4,-12.0,12.2,79.22,"Closed loop, using oxygen sensor feedback to determine fuel mix/",29.0,84
2026-08-17 09:41:36.746,1529.5,52.0,94.0,37.0,89.0,99.0,-0.1,60.78,2.34,-6.25,35.11,0.81,0.42,-12.5,12.0,78.04,"Closed loop, using oxygen sensor feedback to determine fuel mix/",29.0,84
2026-08-17 09:41:38.440,1635.25,57.0,94.0,37.0,105.0,99.0,0.06,54.12,0.78,-6.25,39.23,0.07,0.45,-10.5,12.0,86.27,"Closed loop, using oxygen sensor feedback to determine fuel mix/",29.0,85
2026-08-17 09:41:40.132,1684.0,62.0,94.0,37.0,86.0,99.0,-0.13,54.9,0.0,-6.25,31.89,0.68,0.47,-9.5,12.0,61.57,"Closed loop, using oxygen sensor feedback to determine fuel mix/",29.0,85
2026-08-17 09:41:41.823,1704.25,65.0,94.0,37.0,57.0,99.0,-0.42,37.65,-0.78,-6.25,16.87,0.64,0.48,4.0,12.0,33.33,"Closed loop, using oxygen sensor feedback to determine fuel mix/",29.0,85
2026-08-17 09:41:43.517,1708.75,67.0,94.0,37.0,35.0,99.0,-0.64,31.37,3.91,-4.69,5.16,0.77,0.48,34.0,12.0,19.22,"Closed loop, using oxygen sensor feedback to determine fuel mix/",29.0,85
2026-08-17 09:41:45.212,1273.25,65.0,94.0,37.0,13.0,99.0,-0.86,26.27,-1.56,-1.56,2.64,0.88,0.48,0.5,12.0,11.37,Open loop due to engine load OR fuel cut due to deceleration/,29.0,84
2026-08-17 09:41:46.919,1241.0,63.0,94.0,37.0,13.0,99.0,-0.86,25.88,7.81,-4.69,2.62,0.05,0.48,8.5,12.0,11.37,Open loop due to engine load OR fuel cut due to deceleration/,29.0,84
2026-08-17 09:41:48.612,1208.25,62.0,94.0,37.0,15.0,99.0,-0.84,26.27,0.0,-3.91,2.76,0.04,0.49,0.5,12.0,12.94,Open loop due to engine load OR fuel cut due to deceleration/,29.0,84
2026-08-17 09:41:50.304,1197.25,60.0,94.0,37.0,17.0,99.0,-0.82,27.06,0.0,-2.34,3.03,0.01,0.06,33.0,13.0,6.27,Open loop due to engine load OR fuel cut due to deceleration/,29.0,84
2026-08-17 09:41:52.015,1547.25,59.0,94.0,37.0,22.0,99.0,-0.77,30.59,7.81,-4.69,5.1,0.88,0.08,41.0,12.0,10.98,Open loop due to engine load OR fuel cut due to deceleration/,29.0,84
2026-08-17 09:41:53.706,1550.75,59.0,93.0,37.0,40.0,99.0,-0.59,34.9,7.81,-4.69,10.32,0.11,0.14,28.5,12.0,12.16,Open loop due to engine load OR fuel cut due to deceleration/,29.0,84
2026-08-17 09:41:55.409,1533.75,58.0,93.0,38.0,15.0,99.0,-0.84,27.45,0.0,0.78,3.15,0.01,0.15,-3.0,12.2,7.45,Open loop due to engine load OR fuel cut due to deceleration/,29.0,84
2026-08-17 09:41:57.107,1474.0,56.0,93.0,38.0,15.0,99.0,-0.84,27.06,0.0,0.78,2.97,0.01,0.01,-3.5,13.4,7.84,Open loop due to engine load OR fuel cut due to deceleration/,29.0,84
2026-08-17 09:41:58.800,1414.0,54.0,93.0,38.0,15.0,99.0,-0.84,26.67,0.0,0.78,3.06,0.01,0.0,-3.5,14.0,9.8,Open loop due to engine load OR fuel cut due to deceleration/,29.0,85
2026-08-17 09:42:00.510,1357.5,52.0,92.0,37.0,16.0,99.0,-0.83,27.06,0.0,0.78,3.12,0.01,0.0,-3.0,14.0,10.98,Open loop due to engine load OR fuel cut due to deceleration/,29.0,84
2026-08-17 09:42:02.218,1299.25,49.0,92.0,37.0,16.0,99.0,-0.83,27.06,0.0,0.78,2.98,0.01,0.0,-1.5,14.0,11.76,Open loop due to engine load OR fuel cut due to deceleration/,29.0,84
2026-08-17 09:42:03.998,1238.25,47.0,92.0,37.0,17.0,99.0,-0.82,26.67,0.0,0.78,2.9,0.01,0.0,-0.5,14.0,12.94,Open loop due to engine load OR fuel cut due to deceleration/,29.0,84
2026-08-17 09:42:05.697,1179.0,45.0,91.0,37.0,16.0,99.0,-0.83,26.67,0.0,0.78,2.79,0.01,0.0,-2.5,14.0,14.9,Open loop due to engine load OR fuel cut due to deceleration/,29.0,84
2026-08-17 09:42:07.409,1578.5,41.0,91.0,37.0,14.0,99.0,-0.85,27.84,0.0,0.78,3.35,0.01,0.0,-4.0,14.0,7.45,Open loop due to engine load OR fuel cut due to deceleration/,29.0,84
2026-08-17 09:42:09.099,1537.75,40.0,91.0,37.0,19.0,99.0,-0.8,34.9,7.81,-4.69,14.08,0.03,0.04,13.0,13.8,29.8,Open loop due to engine load OR fuel cut due to deceleration/,29.0,84
2026-08-17 09:42:10.794,1642.5,42.0,90.0,37.0,47.0,99.0,-0.52,38.04,7.81,-4.69,17.88,0.86,0.07,4.0,13.3,36.08,Open loop due to engine load OR fuel cut due to deceleration/,29.0,85
2026-08-17 09:42:12.502,1732.5,45.0,90.0,37.0,37.0,99.0,-0.62,33.33,4.69,-4.69,6.42,0.69,0.1,41.5,12.8,7.84,Open loop due to engine load OR fuel cut due to deceleration/,29.0,85
2026-08-17 09:42:14.195,1226.5,46.0,89.0,38.0,22.0,99.0,-0.77,29.41,3.91,-4.69,4.11,0.77,0.11,37.5,12.5,16.86,Open loop due to engine load OR fuel cut due to deceleration/,29.0,85
2026-08-17 09:42:15.901,1144.75,45.0,89.0,38.0,14.0,99.0,-0.85,24.71,0.0,0.78,2.32,0.1,0.12,9.0,12.4,15.29,Open loop due to engine load OR fuel cut due to deceleration/,29.0,85
2026-08-17 09:42:17.596,1149.5,44.0,89.0,38.0,12.0,99.0,-0.87,25.49,0.0,0.78,2.51,0.08,0.12,-0.5,12.3,12.55,Open loop due to engine load OR fuel cut due to deceleration/,29.0,85
2026-08-17 09:42:19.289,1114.5,42.0,89.0,38.0,15.0,99.0,-0.84,25.49,0.0,0.78,2.43,0.01,0.11,1.5,12.8,9.8,Open loop due to engine load OR fuel cut due to deceleration/,29.0,85
2026-08-17 09:42:20.987,1456.25,38.0,88.0,37.0,16.0,99.0,-0.83,26.67,0.0,0.78,2.89,0.01,0.0,-3.5,13.9,10.59,Open loop due to engine load OR fuel cut due to deceleration/,29.0,85
2026-08-17 09:42:22.691,1188.0,31.0,88.0,37.0,14.0,99.0,-0.85,26.27,7.81,0.78,2.7,0.03,0.0,6.0,13.4,17.65,Open loop due to engine load OR fuel cut due to deceleration/,29.0,85
2026-08-17 09:42:24.401,1211.25,24.0,88.0,37.0,17.0,99.0,-0.82,27.45,7.81,0.78,3.13,0.9,0.04,-4.0,12.4,16.47,Open loop due to engine load OR fuel cut due to deceleration/,29.0,85
2026-08-17 09:42:26.109,1089.25,22.0,88.0,37.0,14.0,99.0,-0.85,27.84,7.81,-4.69,3.45,0.91,0.07,16.5,12.4,15.69,Open loop due to engine load OR fuel cut due to deceleration/,29.0,85
2026-08-17 09:42:27.799,1079.0,21.0,87.0,37.0,15.0,99.0,-0.84,26.27,7.81,0.0,2.59,0.91,0.09,3.5,12.3,14.9,Open loop due to engine load OR fuel cut due to deceleration/,29.0,85
2026-08-17 09:42:29.509,1173.0,21.0,87.0,37.0,18.0,99.0,-0.81,30.59,7.81,-4.69,7.07,0.88,0.1,9.0,12.2,31.76,Open loop due to engine load OR fuel cut due to deceleration/,29.0,85
2026-08-17 09:42:31.218,1166.0,23.0,87.0,37.0,13.0,99.0,-0.86,24.71,7.81,0.78,2.21,0.92,0.12,1.0,12.1,14.9,Open loop due to engine load OR fuel cut due to deceleration/,29.0,85
2026-08-17 09:42:32.912,1128.25,15.0,87.0,38.0,16.0,99.0,-0.83,27.45,6.25,0.78,3.09,0.89,0.12,-5.5,12.0,15.29,Open loop due to engine load OR fuel cut due to deceleration/,29.0,85
2026-08-17 09:42:34.620,669.75,3.0,87.0,38.0,19.0,99.0,-0.8,25.1,4.69,0.0,2.24,0.91,0.12,-1.5,12.0,20.39,Open loop due to engine load OR fuel cut due to deceleration/,29.0,85
2026-08-17 09:42:36.312,685.75,2.0,87.0,38.0,19.0,99.0,-0.8,25.49,3.91,0.0,2.31,0.9,0.23,6.5,11.9,20.39,Open loop due to engine load OR fuel cut due to deceleration/,29.0,85
2026-08-17 09:42:38.005,729.25,3.0,87.0,38.0,20.0,99.0,-0.79,25.49,-2.34,-0.78,2.31,0.85,0.88,8.0,11.9,20.0,"Closed loop, using oxygen sensor feedback to determine fuel mix/",29.0,85
2026-08-17 09:42:39.696,1482.5,5.0,87.0,37.0,59.0,99.0,-0.4,67.06,-4.69,-6.25,30.56,0.09,0.86,-0.5,11.8,58.82,"Closed loop, using oxygen sensor feedback to determine fuel mix/",29.0,85
2026-08-17 09:42:41.392,2872.5,21.0,87.0,37.0,67.0,99.0,-0.32,43.92,2.34,-6.25,42.73,0.7,0.78,10.5,11.8,40.78,"Closed loop, using oxygen sensor feedback to determine fuel mix/",29.0,86
2026-08-17 09:42:43.097,2944.75,33.0,87.0,36.0,68.0,99.0,-0.31,43.53,1.56,-6.25,40.85,0.69,0.74,9.0,11.8,41.18,"Closed loop, using oxygen sensor feedback to determine fuel mix/",29.0,86
2026-08-17 09:42:44.792,2434.0,42.0,87.0,36.0,78.0,99.0,-0.21,55.29,1.56,-6.25,38.51,0.7,0.72,3.5,11.8,44.71,"Closed loop, using oxygen sensor feedback to determine fuel mix/",29.0,86
2026-08-17 09:42:46.487,2462.75,49.0,87.0,36.0,47.0,99.0,-0.52,38.43,3.12,-5.47,22.07,0.2,0.7,17.0,11.9,30.2,"Closed loop, using oxygen sensor feedback to determine fuel mix/",29.0,86
2026-08-17 09:42:48.197,2005.25,52.0,87.0,36.0,30.0,100.0,-0.7,32.16,-0.78,-0.78,8.46,0.81,0.69,8.0,11.9,5.88,"Closed loop, using oxygen sensor feedback to determine fuel mix/",29.0,86
2026-08-17 09:42:49.902,1347.75,52.0,88.0,36.0,14.0,99.0,-0.85,26.27,-4.69,-0.78,2.73,0.88,0.68,6.0,12.0,9.41,"Closed loop, using oxygen sensor feedback to determine fuel mix/",29.0,86
2026-08-17 09:42:51.612,1315.75,50.0,88.0,37.0,13.0,99.0,-0.86,26.27,-9.38,-2.34,2.81,0.83,0.67,4.0,12.0,9.8,"Closed loop, using oxygen sensor feedback to determine fuel mix/",29.0,85
2026-08-17 09:42:53.304,1293.25,49.0,88.0,36.0,13.0,99.0,-0.86,25.88,0.0,-3.12,2.67,0.83,0.67,-2.5,12.0,10.98,Open loop due to engine load OR fuel cut due to deceleration/,29.0,85
2026-08-17 09:42:54.996,1228.0,47.0,89.0,36.0,16.0,99.0,-0.83,27.06,0.0,0.0,3.05,0.01,0.66,-2.0,13.0,14.9,Open loop due to engine load OR fuel cut due to deceleration/,29.0,85
2026-08-17 09:42:56.690,1541.0,40.0,89.0,36.0,14.0,99.0,-0.85,27.06,0.0,0.78,3.02,0.01,0.01,-8.5,13.9,7.45,Open loop due to engine load OR fuel cut due to deceleration/,29.0,85
2026-08-17 09:42:58.401,1289.5,34.0,89.0,36.0,18.0,99.0,-0.81,27.06,0.0,0.78,2.97,0.01,0.0,1.0,13.8,12.55,Open loop due to engine load OR fuel cut due to deceleration/,29.0,85
2026-08-17 09:43:00.107,1028.5,28.0,89.0,36.0,16.0,99.0,-0.83,26.67,7.81,0.78,2.86,0.61,0.03,12.5,12.7,12.94,Open loop due to engine load OR fuel cut due to deceleration/,29.0,85
2026-08-17 09:43:01.800,1272.0,26.0,89.0,36.0,14.0,99.0,-0.85,26.67,7.81,0.78,2.84,0.9,0.06,1.5,12.1,12.16,Open loop due to engine load OR fuel cut due to deceleration/,29.0,85
2026-08-17 09:43:03.496,1163.75,23.0,89.0,36.0,14.0,99.0,-0.85,25.88,7.81,0.78,2.55,0.9,0.09,2.0,12.1,13.33,Open loop due to engine load OR fuel cut due to deceleration/,29.0,85
2026-08-17 09:43:05.202,2295.75,26.0,89.0,36.0,64.0,99.0,-0.35,40.39,-1.56,-6.25,20.04,0.89,0.9,7.5,12.0,29.02,"Closed loop, using oxygen sensor feedback to determine fuel mix/",29.0,85
2026-08-17 09:43:06.911,1904.0,32.0,89.0,36.0,40.0,99.0,-0.59,36.08,-7.81,-5.47,13.58,0.06,0.84,14.0,12.0,26.27,"Closed loop, using oxygen sensor feedback to determine fuel mix/",29.0,86
2026-08-17 09:43:08.602,1798.5,35.0,89.0,36.0,38.0,99.0,-0.61,34.51,-3.91,-3.91,10.67,0.06,0.81,23.5,12.0,20.0,"Closed loop, using oxygen sensor feedback to determine fuel mix/",29.0,86
2026-08-17 09:43:10.296,1486.0,37.0,89.0,36.0,42.0,99.0,-0.57,34.9,4.69,-3.12,10.63,0.12,0.8,17.5,12.0,25.1,"Closed loop, using oxygen sensor feedback to determine fuel mix/",29.0,86
2026-08-17 09:43:12.034,1441.5,39.0,89.0,36.0,13.0,99.0,-0.86,26.67,-1.56,-6.25,2.93,0.75,0.79,-5.0,12.2,8.24,Open loop due to engine load OR fuel cut due to deceleration/,29.0,85
2026-08-17 09:43:13.726,1314.25,34.0,89.0,37.0,16.0,99.0,-0.83,27.06,0.0,0.0,3.17,0.01,0.36,-2.5,13.2,12.55,Open loop due to engine load OR fuel cut due to deceleration/,29.0,85
2026-08-17 09:43:15.421,1208.0,32.0,89.0,36.0,16.0,99.0,-0.83,26.67,0.0,0.0,2.92,0.01,0.0,-1.0,14.0,14.12,Open loop due to engine load OR fuel cut due to deceleration/,29.0,85
2026-08-17 09:43:17.117,1181.25,30.0,89.0,36.0,19.0,99.0,-0.8,32.94,7.81,-4.69,7.31,0.04,0.0,23.0,13.4,32.16,Open loop due to engine load OR fuel cut due to deceleration/,29.0,85
2026-08-17 09:43:18.807,1371.0,32.0,89.0,36.0,54.0,99.0,-0.45,37.25,7.81,-4.69,13.52,0.86,0.07,2.5,12.4,42.75,Open loop due to engine load OR fuel cut due to deceleration/,29.0,85
2026-08-17 09:43:20.514,1315.0,34.0,89.0,36.0,19.0,99.0,-0.8,27.84,7.81,-4.69,6.09,0.89,0.1,27.5,12.3,24.31,Open loop due to engine load OR fuel cut due to deceleration/,29.0,85
2026-08-17 09:43:22.225,1342.25,35.0,89.0,36.0,29.0,99.0,-0.7,30.98,4.69,-4.69,5.09,0.81,0.12,36.5,12.3,17.25,Open loop due to engine load OR fuel cut due to deceleration/,29.0,85
2026-08-17 09:43:23.918,1381.25,36.0,89.0,36.0,44.0,99.0,-0.55,34.9,3.91,-4.69,9.87,0.07,0.13,17.5,12.3,30.2,Open loop due to engine load OR fuel cut due to deceleration/,29.0,85
2026-08-17 09:43:25.624,1464.25,38.0,89.0,36.0,40.0,99.0,-0.59,34.12,3.91,-4.69,9.53,0.09,0.14,21.0,12.2,23.92,"Closed loop, using oxygen sensor feedback to determine fuel mix/",29.0,85
2026-08-17 09:43:27.318,1508.5,39.0,89.0,36.0,12.0,99.0,-0.87,26.67,5.47,-3.91,2.72,0.91,0.14,0.5,12.3,7.45,"Closed loop, using oxygen sensor feedback to determine fuel mix/",29.0,85
2026-08-17 09:43:29.011,1424.25,38.0,89.0,37.0,15.0,99.0,-0.84,26.67,7.81,-3.12,2.87,0.01,0.14,14.5,12.2,8.63,Open loop due to engine load OR fuel cut due to deceleration/,29.0,85
2026-08-17 09:43:30.703,1419.25,37.0,89.0,37.0,17.0,99.0,-0.82,29.41,7.81,-4.69,4.2,0.87,0.1,27.0,12.2,11.37,Open loop due to engine load OR fuel cut due to deceleration/,29.0,85
2026-08-17 09:43:32.396,1384.75,36.0,89.0,36.0,18.0,99.0,-0.81,29.8,7.81,-4.69,4.32,0.88,0.12,23.0,12.2,14.12,Open loop due to engine load OR fuel cut due to deceleration/,29.0,85
2026-08-17 09:43:34.090,1365.5,36.0,89.0,36.0,19.0,99.0,-0.8,28.63,7.81,-4.69,3.94,0.89,0.13,41.0,12.2,12.94,Open loop due to engine load OR fuel cut due to deceleration/,29.0,85
2026-08-17 09:43:35.797,1363.25,36.0,89.0,36.0,20.0,99.0,-0.79,28.24,7.81,-4.69,2.74,0.88,0.14,-3.0,12.2,11.76,Open loop due to engine load OR fuel cut due to deceleration/,29.0,85
2026-08-17 09:43:37.495,1311.0,34.0,89.0,36.0,13.0,99.0,-0.86,26.67,7.81,-4.69,2.81,0.18,0.14,15.0,12.2,10.2,Open loop due to engine load OR fuel cut due to deceleration/,29.0,85
2026-08-17 09:43:39.184,1298.75,34.0,89.0,36.0,13.0,99.0,-0.86,26.27,7.81,-4.69,2.67,0.89,0.14,0.5,12.2,12.94,Open loop due to engine load OR fuel cut due to deceleration/,29.0,85
2026-08-17 09:43:40.877,1220.25,32.0,89.0,36.0,17.0,99.0,-0.82,26.67,0.0,0.0,2.99,0.01,0.15,-0.5,12.7,14.12,Open loop due to engine load OR fuel cut due to deceleration/,29.0,85
2026-08-17 09:43:42.588,1149.5,30.0,89.0,36.0,18.0,99.0,-0.81,26.67,0.0,0.0,2.8,0.01,0.0,-2.5,13.9,14.51,Open loop due to engine load OR fuel cut due to deceleration/,29.0,85
2026-08-17 09:43:44.308,1082.25,28.0,89.0,36.0,14.0,99.0,-0.85,25.88,7.81,0.78,2.51,0.03,0.0,9.5,13.2,15.69,Open loop due to engine load OR fuel cut due to deceleration/,29.0,85
2026-08-17 09:43:46.003,906.75,24.0,89.0,36.0,15.0,99.0,-0.84,26.27,7.81,0.78,2.99,0.9,0.04,-5.5,12.2,17.65,Open loop due to engine load OR fuel cut due to deceleration/,29.0,85
2026-08-17 09:43:47.694,1105.25,17.0,89.0,36.0,17.0,99.0,-0.82,28.24,7.81,0.78,3.42,0.9,0.07,27.0,12.2,13.73,Open loop due to engine load OR fuel cut due to deceleration/,29.0,85
2026-08-17 09:43:49.389,1684.75,18.0,89.0,36.0,39.0,99.0,-0.6,35.69,7.81,-4.69,12.29,0.68,0.1,20.5,12.2,23.53,Open loop due to engine load OR fuel cut due to deceleration/,29.0,85
2026-08-17 09:43:51.080,1910.0,22.0,89.0,36.0,37.0,99.0,-0.62,34.9,5.47,-4.69,10.84,0.75,0.11,7.5,12.2,35.69,Open loop due to engine load OR fuel cut due to deceleration/,29.0,86
2026-08-17 09:43:52.775,1275.5,25.0,89.0,36.0,39.0,99.0,-0.6,33.33,3.91,-4.69,8.87,0.07,0.12,11.5,12.2,38.82,Open loop due to engine load OR fuel cut due to deceleration/,29.0,86
2026-08-17 09:43:54.465,1523.0,29.0,89.0,36.0,50.0,99.0,-0.49,36.47,-3.12,-3.91,13.83,0.61,0.12,8.0,12.2,27.84,"Closed loop, using oxygen sensor feedback to determine fuel mix/",29.0,86
2026-08-17 09:43:56.159,1696.0,33.0,89.0,36.0,43.0,99.0,-0.56,35.69,6.25,-3.91,12.9,0.76,0.14,17.0,12.3,23.14,"Closed loop, using oxygen sensor feedback to determine fuel mix/",29.0,86
2026-08-17 09:43:57.871,1467.25,36.0,89.0,36.0,40.0,99.0,-0.59,33.73,4.69,-2.34,8.74,0.72,0.14,23.0,12.2,25.1,"Closed loop, using oxygen sensor feedback to determine fuel mix/",29.0,86
2026-08-17 09:43:59.561,1484.25,38.0,89.0,36.0,31.0,99.0,-0.68,25.88,6.25,-0.78,2.16,0.9,0.14,8.5,12.2,6.27,"Closed loop, using oxygen sensor feedback to determine fuel mix/",29.0,86
2026-08-17 09:44:01.255,1424.5,37.0,89.0,36.0,15.0,99.0,-0.84,26.67,0.0,0.0,3.04,0.01,0.14,-3.0,12.7,9.8,Open loop due to engine load OR fuel cut due to deceleration/,29.0,86
2026-08-17 09:44:02.961,1348.5,35.0,89.0,36.0,17.0,99.0,-0.82,26.67,7.81,-4.69,2.83,0.01,0.0,18.0,13.4,10.59,Open loop due to engine load OR fuel cut due to deceleration/,29.0,86
2026-08-17 09:44:04.657,1305.0,34.0,89.0,36.0,14.0,99.0,-0.85,27.84,7.81,-4.69,3.5,0.88,0.04,28.0,12.3,12.55,Open loop due to engine load OR fuel cut due to deceleration/,29.0,85
2026-08-17 09:44:06.347,1350.5,34.0,89.0,36.0,16.0,99.0,-0.83,28.24,7.81,-4.69,3.62,0.88,0.07,27.5,12.2,12.94,Open loop due to engine load OR fuel cut due to deceleration/,29.0,85
2026-08-17 09:44:08.041,1282.75,34.0,89.0,36.0,19.0,99.0,-0.8,29.8,7.81,-4.69,4.04,0.87,0.09,27.0,12.2,14.9,Open loop due to engine load OR fuel cut due to deceleration/,29.0,85
2026-08-17 09:44:09.749,1285.5,34.0,89.0,36.0,22.0,99.0,-0.77,30.2,7.81,-4.69,4.64,0.88,0.1,36.5,12.2,18.04,Open loop due to engine load OR fuel cut due to deceleration/,29.0,85
2026-08-17 09:44:11.443,1304.25,34.0,89.0,35.0,27.0,99.0,-0.72,30.98,7.81,-4.69,5.09,0.86,0.12,35.5,12.2,18.43,Open loop due to engine load OR fuel cut due to deceleration/,29.0,85
2026-08-17 09:44:13.136,1325.0,35.0,89.0,35.0,29.0,99.0,-0.7,30.98,5.47,-4.69,5.31,0.84,0.12,35.0,12.2,19.22,Open loop due to engine load OR fuel cut due to deceleration/,29.0,85
2026-08-17 09:44:14.829,1348.25,35.0,89.0,35.0,30.0,99.0,-0.69,31.76,3.91,-4.69,5.76,0.72,0.12,34.5,12.2,20.78,Open loop due to engine load OR fuel cut due to deceleration/,29.0,85
2026-08-17 09:44:16.537,1377.25,36.0,89.0,35.0,33.0,99.0,-0.66,32.16,3.91,-4.69,6.28,0.12,0.13,34.0,12.0,20.0,Open loop due to engine load OR fuel cut due to deceleration/,29.0,85
2026-08-17 09:44:18.247,1422.25,37.0,89.0,35.0,33.0,99.0,-0.66,32.16,3.91,-4.69,6.26,0.12,0.14,35.0,11.9,18.82,"Closed loop, using oxygen sensor feedback to determine fuel mix/",29.0,85
2026-08-17 09:44:19.955,1453.0,38.0,89.0,35.0,43.0,99.0,-0.56,36.08,3.91,-4.69,11.95,0.06,0.14,15.5,12.0,30.2,"Closed loop, using oxygen sensor feedback to determine fuel mix/",29.0,85
2026-08-17 09:44:21.646,1537.25,40.0,89.0,36.0,42.0,99.0,-0.57,35.29,8.59,-3.91,11.34,0.85,0.14,16.5,12.0,23.92,"Closed loop, using oxygen sensor feedback to determine fuel mix/",29.0,85
2026-08-17 09:44:23.339,1637.5,43.0,89.0,36.0,40.0,99.0,-0.59,34.9,3.12,-3.12,11.05,0.73,0.15,19.5,12.0,22.75,"Closed loop, using oxygen sensor feedback to determine fuel mix/",29.0,85
2026-08-17 09:44:25.032,1721.0,45.0,90.0,36.0,43.0,99.0,-0.56,35.69,6.25,-2.34,12.76,0.82,0.15,16.0,12.0,25.88,"Closed loop, using oxygen sensor feedback to determine fuel mix/",29.0,85
2026-08-17 09:44:26.726,1820.5,48.0,89.0,36.0,45.0,99.0,-0.54,36.47,-2.34,-2.34,14.87,0.07,0.81,13.5,12.0,28.63,"Closed loop, using oxygen sensor feedback to determine fuel mix/",29.0,86
2026-08-17 09:44:28.421,1390.75,50.0,89.0,35.0,66.0,99.0,-0.33,40.0,3.12,-4.69,16.69,0.76,0.8,-2.5,12.0,50.59,"Closed loop, using oxygen sensor feedback to determine fuel mix/",29.0,86
2026-08-17 09:44:30.109,1362.0,52.0,89.0,35.0,16.0,99.0,-0.83,26.27,-0.78,0.0,1.9,0.85,0.78,-1.0,12.1,8.63,"Closed loop, using oxygen sensor feedback to determine fuel mix/",29.0,86
2026-08-17 09:44:31.804,1330.5,50.0,89.0,36.0,16.0,99.0,-0.83,27.06,0.0,0.0,3.14,0.01,0.77,-3.0,12.7,11.37,Open loop due to engine load OR fuel cut due to deceleration/,29.0,86
2026-08-17 09:44:33.511,1277.0,48.0,89.0,36.0,17.0,99.0,-0.82,26.67,0.0,0.0,2.97,0.01,0.01,-1.5,14.0,12.55,Open loop due to engine load OR fuel cut due to deceleration/,29.0,86
2026-08-17 09:44:35.204,1244.25,43.0,89.0,36.0,17.0,99.0,-0.82,27.45,0.0,0.78,3.31,0.01,0.0,-7.5,14.0,8.24,Open loop due to engine load OR fuel cut due to deceleration/,29.0,85
2026-08-17 09:44:36.898,1196.0,34.0,89.0,36.0,16.0,99.0,-0.83,26.27,7.81,0.78,2.73,0.01,0.0,7.0,13.7,12.94,Open loop due to engine load OR fuel cut due to deceleration/,29.0,85
2026-08-17 09:44:38.605,1074.5,27.0,89.0,36.0,16.0,99.0,-0.83,27.84,7.81,0.78,3.32,0.89,0.04,2.5,12.5,13.33,Open loop due to engine load OR fuel cut due to deceleration/,29.0,85
2026-08-17 09:44:40.314,1240.75,25.0,89.0,36.0,14.0,99.0,-0.85,26.27,7.81,0.78,2.66,0.91,0.07,-1.5,12.2,13.73,Open loop due to engine load OR fuel cut due to deceleration/,29.0,85
2026-08-17 09:44:42.007,899.0,18.0,89.0,36.0,14.0,99.0,-0.85,24.71,7.81,0.78,2.45,0.92,0.09,5.5,12.1,16.08,Open loop due to engine load OR fuel cut due to deceleration/,29.0,85
2026-08-17 09:44:43.732,1011.0,14.0,89.0,36.0,15.0,99.0,-0.84,25.49,7.81,0.78,2.32,0.91,0.1,-3.5,12.0,14.9,Open loop due to engine load OR fuel cut due to deceleration/,29.0,86
2026-08-17 09:44:45.422,777.5,10.0,89.0,36.0,14.0,99.0,-0.85,22.75,7.81,0.78,1.82,0.91,0.12,4.5,12.0,15.69,Open loop due to engine load OR fuel cut due to deceleration/,29.0,86
2026-08-17 09:44:47.119,700.5,5.0,89.0,36.0,19.0,99.0,-0.8,25.1,7.81,0.78,2.26,0.92,0.12,17.0,12.2,20.39,Open loop due to engine load OR fuel cut due to deceleration/,29.0,86
2026-08-17 09:44:48.825,699.25,2.0,89.0,36.0,19.0,99.0,-0.8,25.49,7.81,0.0,2.38,0.9,0.13,7.5,12.1,21.18,Open loop due to engine load OR fuel cut due to deceleration/,29.0,86
2026-08-17 09:44:50.521,699.75,1.0,89.0,35.0,20.0,99.0,-0.79,25.49,7.81,0.0,2.42,0.9,0.14,5.0,12.1,21.18,Open loop due to engine load OR fuel cut due to deceleration/,29.0,86
2026-08-17 09:44:52.211,693.0,1.0,89.0,35.0,21.0,99.0,-0.78,25.88,6.25,0.0,2.43,0.9,0.14,4.0,12.1,21.57,Open loop due to engine load OR fuel cut due to deceleration/,29.0,86
2026-08-17 09:44:53.921,691.75,0.0,89.0,35.0,21.0,99.0,-0.78,25.88,-1.56,0.0,2.43,0.89,0.76,2.0,12.1,21.57,"Closed loop, using oxygen sensor feedback to determine fuel mix/",29.0,86
2026-08-17 09:44:55.611,929.0,2.0,89.0,35.0,36.0,99.0,-0.63,29.8,-3.12,-3.91,4.13,0.83,0.9,19.0,12.2,29.8,"Closed loop, using oxygen sensor feedback to determine fuel mix/",29.0,86
2026-08-17 09:44:57.304,1251.5,6.0,89.0,35.0,43.0,99.0,-0.56,34.9,-4.69,-3.91,10.41,0.04,0.88,19.0,12.2,24.31,"Closed loop, using oxygen sensor feedback to determine fuel mix/",29.0,86
2026-08-17 09:44:59.001,1698.5,13.0,89.0,35.0,17.0,99.0,-0.82,27.45,-0.78,-3.91,2.61,0.87,0.83,17.5,12.1,7.06,"Closed loop, using oxygen sensor feedback to determine fuel mix/",29.0,86
2026-08-17 09:45:00.706,1027.0,13.0,89.0,36.0,19.0,99.0,-0.8,27.84,-1.56,-3.12,3.27,0.11,0.82,-4.5,12.1,20.0,"Closed loop, using oxygen sensor feedback to determine fuel mix/",29.0,86
2026-08-17 09:45:02.418,748.0,8.0,89.0,36.0,20.0,99.0,-0.79,25.88,-3.12,-3.12,2.47,0.85,0.81,2.5,12.0,21.57,"Closed loop, using oxygen sensor feedback to determine fuel mix/",29.0,86
2026-08-17 09:45:04.125,711.25,4.0,89.0,36.0,20.0,99.0,-0.79,25.88,-8.59,-3.12,2.54,0.74,0.81,8.5,12.1,21.96,"Closed loop, using oxygen sensor feedback to determine fuel mix/",29.0,86
2026-08-17 09:45:05.820,734.75,4.0,90.0,36.0,22.0,99.0,-0.77,26.27,-4.69,-3.12,2.64,0.1,0.81,4.0,12.0,22.75,"Closed loop, using oxygen sensor feedback to determine fuel mix/",29.0,86
2026-08-17 09:45:07.541,745.25,5.0,90.0,36.0,22.0,99.0,-0.77,26.27,-4.69,-3.12,2.69,0.13,0.8,2.0,12.0,23.14,"Closed loop, using oxygen sensor feedback to determine fuel mix/",29.0,86
2026-08-17 09:45:09.236,725.0,2.0,90.0,36.0,22.0,99.0,-0.77,26.67,-4.69,-3.12,2.75,0.09,0.8,5.5,12.0,23.92,"Closed loop, using oxygen sensor feedback to determine fuel mix/",29.0,86
2026-08-17 09:45:10.927,735.0,3.0,90.0,36.0,23.0,99.0,-0.76,27.06,0.0,-3.12,2.85,0.2,0.8,12.0,12.1,30.98,"Closed loop, using oxygen sensor feedback to determine fuel mix/",29.0,86
2026-08-17 09:45:12.622,1341.25,6.0,90.0,35.0,42.0,99.0,-0.57,36.47,2.34,-3.91,13.74,0.06,0.79,12.0,12.1,30.2,"Closed loop, using oxygen sensor feedback to determine fuel mix/",29.0,86
2026-08-17 09:45:14.313,2322.5,16.0,90.0,35.0,64.0,99.0,-0.35,43.14,-2.34,-6.25,33.98,0.08,0.77,-6.5,12.0,47.84,"Closed loop, using oxygen sensor feedback to determine fuel mix/",29.0,87
2026-08-17 09:45:16.021,2459.75,27.0,91.0,35.0,55.0,99.0,-0.44,40.0,3.91,-6.25,25.97,0.62,0.72,14.5,12.0,32.16,"Closed loop, using oxygen sensor feedback to determine fuel mix/",29.0,87
2026-08-17 09:45:17.716,1947.5,34.0,91.0,35.0,66.0,99.0,-0.33,39.61,0.78,-6.25,23.23,0.8,0.71,3.0,12.1,41.18,"Closed loop, using oxygen sensor feedback to determine fuel mix/",29.0,87
2026-08-17 09:45:19.423,2043.25,40.0,91.0,34.0,52.0,99.0,-0.47,38.04,1.56,-5.47,21.46,0.14,0.7,10.0,12.0,34.9,"Closed loop, using oxygen sensor feedback to determine fuel mix/",29.0,86
2026-08-17 09:45:21.117,2288.25,45.0,91.0,34.0,49.0,99.0,-0.5,37.65,-0.78,-3.91,20.89,0.39,0.69,15.0,12.1,32.16,"Closed loop, using oxygen sensor feedback to determine fuel mix/",29.0,86
2026-08-17 09:45:22.808,1855.0,48.0,91.0,34.0,36.0,99.0,-0.63,34.51,-4.69,,10.34,0.09,0.69,3.0,12.1,20.78,"Closed loop, using oxygen sensor feedback to determine fuel mix/",29.0,86
2026-08-17 09:45:24.471,1431.5,50.0,92.0,35.0,48.0,99.0,-0.51,35.29,-2.34,-0.78,11.39,0.09,0.69,9.5,12.0,33.33,"Closed loop, using oxygen sensor feedback to determine fuel mix/",29.0,86
2026-08-17 09:45:26.162,1388.75,51.0,92.0,35.0,35.0,99.0,-0.64,29.02,-3.12,1.56,3.0,0.86,0.68,18.0,12.0,10.2,"Closed loop, using oxygen sensor feedback to determine fuel mix/",29.0,86
2026-08-17 09:45:27.888,1337.25,51.0,92.0,35.0,19.0,99.0,-0.8,28.63,-8.59,0.78,4.15,0.88,0.68,40.5,12.0,12.94,"Closed loop, using oxygen sensor feedback to determine fuel mix/",29.0,86
2026-08-17 09:45:29.612,1319.5,50.0,93.0,35.0,21.0,99.0,-0.78,29.02,-3.12,-1.56,4.26,0.27,0.67,35.5,12.1,28.24,"Closed loop, using oxygen sensor feedback to determine fuel mix/",29.0,86
2026-08-17 09:45:31.322,1345.0,51.0,93.0,35.0,55.0,99.0,-0.44,39.22,4.69,-3.91,14.56,0.07,0.65,2.0,12.1,47.84,"Closed loop, using oxygen sensor feedback to determine fuel mix/",29.0,86
2026-08-17 09:45:33.015,1381.0,52.0,93.0,35.0,42.0,99.0,-0.57,33.73,-0.78,-1.56,6.97,0.66,0.6,34.5,12.1,13.73,"Closed loop, using oxygen sensor feedback to determine fuel mix/",29.0,86
2026-08-17 09:45:34.707,1364.25,52.0,93.0,35.0,16.0,99.0,-0.83,,0.0,0.0,2.91,0.04,0.61,-2.0,12.1,9.41,Open loop due to engine load OR fuel cut due to deceleration/,29.0,86
2026-08-17 09:45:36.367,1324.5,50.0,93.0,35.0,13.0,99.0,-0.86,26.67,7.81,-4.69,2.86,0.61,0.06,31.0,12.0,10.2,Open loop due to engine load OR fuel cut due to deceleration/,29.0,86
2026-08-17 09:45:38.082,1330.75,49.0,93.0,35.0,14.0,99.0,-0.85,26.67,7.81,-4.69,2.94,0.89,0.12,30.5,12.1,10.59,Open loop due to engine load OR fuel cut due to deceleration/,29.0,86
2026-08-17 09:45:39.786,1364.5,48.0,93.0,35.0,20.0,99.0,-0.79,29.02,7.81,-4.69,3.99,0.89,0.14,28.0,12.1,13.33,Open loop due to engine load OR fuel cut due to deceleration/,29.0,86
2026-08-17 09:45:41.477,1260.5,48.0,93.0,35.0,20.0,99.0,-0.79,29.02,7.81,-4.69,3.87,0.89,0.17,38.0,12.0,15.69,Open loop due to engine load OR fuel cut due to deceleration/,29.0,86
2026-08-17 09:45:43.169,1250.5,48.0,93.0,34.0,21.0,99.0,-0.78,29.02,7.81,-4.69,3.87,0.88,0.18,38.0,12.0,16.08,Open loop due to engine load OR fuel cut due to deceleration/,29.0,86
2026-08-17 09:45:44.865,1225.0,47.0,93.0,34.0,17.0,99.0,-0.82,26.27,0.0,0.78,2.72,0.01,0.19,0.5,12.2,12.94,Open loop due to engine load OR fuel cut due to deceleration/,29.0,86
2026-08-17 09:45:46.570,1177.0,45.0,92.0,35.0,17.0,99.0,-0.82,27.06,0.0,0.78,2.97,0.01,0.02,-2.5,13.4,14.9,Open loop due to engine load OR fuel cut due to deceleration/,29.0,86
2026-08-17 09:45:48.271,1107.0,42.0,92.0,34.0,17.0,99.0,-0.82,26.27,0.0,0.78,2.82,0.01,0.0,-1.0,14.0,11.37,Open loop due to engine load OR fuel cut due to deceleration/,29.0,86
2026-08-17 09:45:49.974,1272.75,35.0,92.0,35.0,16.0,99.0,-0.83,27.06,0.0,0.78,2.86,0.01,0.0,-2.0,14.0,14.12,Open loop due to engine load OR fuel cut due to deceleration/,29.0,86
2026-08-17 09:45:51.668,1083.25,29.0,92.0,35.0,15.0,99.0,-0.84,26.27,7.81,0.78,2.61,0.08,0.02,12.0,12.9,15.29,Open loop due to engine load OR fuel cut due to deceleration/,29.0,86
2026-08-17 09:45:53.358,1223.5,25.0,92.0,35.0,14.0,99.0,-0.85,26.67,7.81,0.78,2.82,0.9,0.06,4.0,13.2,16.08,Open loop due to engine load OR fuel cut due to deceleration/,29.0,86
2026-08-17 09:45:55.069,1031.75,21.0,92.0,35.0,15.0,99.0,-0.84,27.06,7.81,0.78,2.99,0.91,0.08,21.0,12.8,32.55,Open loop due to engine load OR fuel cut due to deceleration/,29.0,86
2026-08-17 09:45:56.760,1874.75,23.0,91.0,34.0,49.0,99.0,-0.5,37.25,6.25,-6.25,18.45,0.92,0.57,7.5,12.3,30.98,Open loop due to engine load OR fuel cut due to deceleration/,29.0,86
2026-08-17 09:45:58.453,1789.0,28.0,91.0,34.0,45.0,99.0,-0.54,36.47,0.0,-4.69,15.21,0.17,0.83,8.0,12.2,30.2,"Closed loop, using oxygen sensor feedback to determine fuel mix/",29.0,87
2026-08-17 09:46:00.145,1714.75,33.0,90.0,34.0,43.0,99.0,-0.56,36.08,3.91,-3.91,14.32,0.15,0.8,13.0,12.1,27.45,"Closed loop, using oxygen sensor feedback to determine fuel mix/",29.0,87
2026-08-17 09:46:01.838,1672.5,36.0,90.0,35.0,15.0,99.0,-0.84,26.67,0.0,-5.47,1.81,0.89,0.78,3.0,12.1,9.8,"Closed loop, using oxygen sensor feedback to determine fuel mix/",29.0,87
2026-08-17 09:46:03.531,1224.5,34.0,90.0,35.0,13.0,99.0,-0.86,25.88,0.0,-2.34,2.6,0.8,0.78,-0.5,12.1,12.55,Open loop due to engine load OR fuel cut due to deceleration/,29.0,87
2026-08-17 09:46:05.223,1197.5,31.0,90.0,35.0,14.0,99.0,-0.85,25.49,7.81,0.78,2.51,0.03,0.77,4.5,11.9,12.94,Open loop due to engine load OR fuel cut due to deceleration/,29.0,87
2026-08-17 09:46:06.934,1172.5,24.0,90.0,35.0,15.0,99.0,-0.84,26.27,7.81,0.78,2.72,0.91,0.64,2.0,11.9,14.9,Open loop due to engine load OR fuel cut due to deceleration/,29.0,87
2026-08-17 09:46:08.625,1100.25,21.0,90.0,35.0,15.0,99.0,-0.84,25.88,7.03,-1.56,2.73,0.91,0.69,3.0,11.8,16.08,Open loop due to engine load OR fuel cut due to deceleration/,29.0,87
2026-08-17 09:46:10.318,1014.75,20.0,90.0,35.0,14.0,99.0,-0.85,24.71,5.47,0.0,2.27,0.91,0.71,4.0,11.8,14.51,Open loop due to engine load OR fuel cut due to deceleration/,29.0,87
2026-08-17 09:46:12.010,1385.75,17.0,90.0,35.0,24.0,99.0,-0.75,35.29,3.91,-4.69,14.9,0.82,0.69,10.0,11.8,30.2,Open loop due to engine load OR fuel cut due to deceleration/,29.0,87
2026-08-17 09:46:13.703,2072.25,22.0,90.0,34.0,39.0,99.0,-0.6,34.51,-5.47,-3.91,7.84,0.07,0.67,5.0,11.8,20.39,"Closed loop, using oxygen sensor feedback to determine fuel mix/",29.0,87
2026-08-17 09:46:15.399,1423.5,26.0,90.0,34.0,46.0,99.0,-0.53,35.69,-3.91,-3.91,11.94,0.62,0.65,7.5,11.8,34.51,"Closed loop, using oxygen sensor feedback to determine fuel mix/",29.0,87
2026-08-17 09:46:17.091,1531.25,30.0,90.0,34.0,44.0,99.0,-0.55,34.9,3.12,-3.12,11.03,0.17,0.65,18.5,11.8,23.14,"Closed loop, using oxygen sensor feedback to determine fuel mix/",29.0,87
