Timestamp,RPM(rpm),Speed(km/h),CoolantTemp(C),IntakeTemp(C),MAP(kPa),BaroPressure(kPa),BoostPressure(bar),ThrottlePos(%),STFT(%),LTFT(%),MAF(g/s),O2_B1S1(V),O2_B1S2(V),TimingAdvance(deg),Voltage(V),EngineLoad(%),FuelStatus,AmbAirTemp(C),TFT(C)
2026-08-17 12:04:54.998,677.75,0.0,91.0,37.0,17.0,99.0,-0.82,23.53,0.78,-1.56,1.91,0.76,0.77,4.5,12.1,17.25,"Closed loop, using oxygen sensor feedback to determine fuel mix/",4.0,67
2026-08-17 12:04:57.005,687.25,0.0,91.0,37.0,16.0,99.0,-0.83,23.53,0.0,-1.56,1.92,0.12,0.79,2.5,12.1,17.25,"Closed loop, using oxygen sensor feedback to determine fuel mix/",4.0,67
2026-08-17 12:04:58.704,674.5,0.0,91.0,37.0,18.0,99.0,-0.81,23.53,-3.12,-1.56,1.93,0.45,0.81,6.5,12.2,17.25,"Closed loop, using oxygen sensor feedback to determine fuel mix/",4.0,67
2026-08-17 12:05:00.399,679.0,0.0,91.0,37.0,17.0,99.0,-0.82,23.53,-2.34,-1.56,1.88,0.76,0.77,3.0,12.1,16.86,"Closed loop, using oxygen sensor feedback to determine fuel mix/",4.0,67
2026-08-17 12:05:02.092,687.75,0.0,91.0,37.0,17.0,99.0,-0.82,23.53,0.78,-1.56,1.84,0.2,0.76,4.5,12.2,16.47,"Closed loop, using oxygen sensor feedback to determine fuel mix/",4.0,67
2026-08-17 12:05:03.786,680.5,0.0,91.0,37.0,18.0,99.0,-0.81,23.53,0.78,-1.56,1.84,0.09,0.77,4.0,12.1,16.47,"Closed loop, using oxygen sensor feedback to determine fuel mix/",4.0,67
2026-08-17 12:05:05.474,687.5,0.0,91.0,37.0,16.0,99.0,-0.83,23.53,-0.78,-1.56,1.84,0.76,0.6,6.5,12.1,16.47,"Closed loop, using oxygen sensor feedback to determine fuel mix/",4.0,67
2026-08-17 12:05:07.163,681.0,0.0,91.0,37.0,18.0,99.0,-0.81,23.53,2.34,-1.56,1.85,0.16,0.74,5.5,12.2,16.47,"Closed loop, using oxygen sensor feedback to determine fuel mix/",4.0,67
2026-08-17 12:05:08.858,678.25,0.0,91.0,37.0,17.0,99.0,-0.82,23.53,1.56,-1.56,1.88,0.1,0.78,1.5,12.1,16.47,"Closed loop, using oxygen sensor feedback to determine fuel mix/",4.0,67
2026-08-17 12:05:10.570,673.5,0.0,91.0,37.0,18.0,99.0,-0.81,23.53,-1.56,-1.56,1.87,0.71,0.76,5.5,12.2,16.86,"Closed loop, using oxygen sensor feedback to determine fuel mix/",4.0,67
2026-08-17 12:05:12.258,686.0,0.0,91.0,38.0,17.0,99.0,-0.82,23.53,-0.78,-1.56,1.89,0.8,0.74,4.5,12.2,16.86,"Closed loop, using oxygen sensor feedback to determine fuel mix/",4.0,67
2026-08-17 12:05:13.956,690.75,0.0,91.0,37.0,17.0,99.0,-0.82,23.53,1.56,-1.56,1.88,0.51,0.78,4.0,12.2,16.86,"Closed loop, using oxygen sensor feedback to determine fuel mix/",4.0,67
2026-08-17 12:05:15.679,672.25,0.0,91.0,37.0,17.0,99.0,-0.82,23.53,0.78,-1.56,1.9,0.1,0.81,2.5,12.1,16.86,"Closed loop, using oxygen sensor feedback to determine fuel mix/",4.0,68
2026-08-17 12:05:17.372,674.0,0.0,91.0,37.0,18.0,99.0,-0.81,23.53,-2.34,-1.56,1.92,0.73,0.78,2.5,12.2,16.86,"Closed loop, using oxygen sensor feedback to determine fuel mix/",4.0,68
2026-08-17 12:05:19.063,689.75,0.0,91.0,37.0,16.0,99.0,-0.83,23.53,-1.56,-1.56,1.89,0.79,0.75,5.5,12.1,16.86,"Closed loop, using oxygen sensor feedback to determine fuel mix/",4.0,68
2026-08-17 12:05:20.758,682.0,0.0,91.0,37.0,17.0,99.0,-0.82,23.53,0.78,-1.56,1.9,0.18,0.79,4.0,12.2,16.86,"Closed loop, using oxygen sensor feedback to determine fuel mix/",4.0,68
2026-08-17 12:05:22.449,678.25,0.0,91.0,37.0,18.0,99.0,-0.81,23.53,0.78,-1.56,1.91,0.15,0.8,3.5,12.1,16.86,"Closed loop, using oxygen sensor feedback to determine fuel mix/",4.0,68
2026-08-17 12:05:24.142,678.5,0.0,91.0,37.0,16.0,99.0,-0.83,23.53,-2.34,-1.56,1.91,0.76,0.78,3.0,12.2,17.25,"Closed loop, using oxygen sensor feedback to determine fuel mix/",4.0,68
2026-08-17 12:05:25.835,683.75,0.0,91.0,37.0,18.0,99.0,-0.81,23.53,-1.56,-1.56,1.89,0.79,0.78,3.5,12.1,16.86,"Closed loop, using oxygen sensor feedback to determine fuel mix/",4.0,68
2026-08-17 12:05:27.545,675.0,0.0,91.0,37.0,16.0,99.0,-0.83,23.53,0.78,-1.56,1.91,0.1,0.81,3.0,12.1,16.86,"Closed loop, using oxygen sensor feedback to determine fuel mix/",4.0,68
2026-08-17 12:05:29.257,676.5,0.0,91.0,37.0,17.0,99.0,-0.82,23.53,-2.34,-1.56,1.9,0.69,0.81,3.5,12.2,17.25,"Closed loop, using oxygen sensor feedback to determine fuel mix/",4.0,68
2026-08-17 12:05:30.961,678.75,0.0,91.0,37.0,18.0,99.0,-0.81,23.53,-1.56,-1.56,1.91,0.8,0.77,6.0,12.2,17.25,"Closed loop, using oxygen sensor feedback to determine fuel mix/",4.0,68
2026-08-17 12:05:32.666,683.25,0.0,91.0,37.0,17.0,99.0,-0.82,23.53,0.0,-1.56,1.92,0.13,0.79,2.5,12.2,17.25,"Closed loop, using oxygen sensor feedback to determine fuel mix/",4.0,68
2026-08-17 12:05:34.364,676.75,0.0,91.0,37.0,18.0,99.0,-0.81,23.53,0.0,-1.56,1.92,0.17,0.8,3.5,12.1,17.25,"Closed loop, using oxygen sensor feedback to determine fuel mix/",4.0,68
2026-08-17 12:05:36.057,673.25,0.0,91.0,37.0,16.0,99.0,-0.83,23.53,-3.12,-1.56,1.92,0.73,0.77,4.0,12.2,17.25,"Closed loop, using oxygen sensor feedback to determine fuel mix/",4.0,68
2026-08-17 12:05:37.749,680.0,0.0,91.0,37.0,17.0,99.0,-0.82,23.53,-2.34,-1.56,1.91,0.79,0.77,4.5,12.1,16.86,"Closed loop, using oxygen sensor feedback to determine fuel mix/",4.0,68
2026-08-17 12:05:39.446,685.25,0.0,91.0,37.0,16.0,99.0,-0.83,23.53,0.0,-1.56,1.93,0.12,0.79,5.0,12.2,17.25,"Closed loop, using oxygen sensor feedback to determine fuel mix/",4.0,68
2026-08-17 12:05:41.151,679.0,0.0,91.0,37.0,17.0,99.0,-0.82,23.53,0.0,-1.56,1.92,0.14,0.8,2.0,12.2,17.25,"Closed loop, using oxygen sensor feedback to determine fuel mix/",4.0,68
2026-08-17 12:05:42.841,670.0,0.0,91.0,37.0,16.0,99.0,-0.83,23.53,-2.34,-1.56,1.93,0.77,0.77,4.0,12.1,17.25,"Closed loop, using oxygen sensor feedback to determine fuel mix/",4.0,68
2026-08-17 12:05:44.538,686.75,0.0,91.0,37.0,16.0,99.0,-0.83,23.53,-2.34,-1.56,1.93,0.78,0.77,5.0,12.2,17.25,"Closed loop, using oxygen sensor feedback to determine fuel mix/",4.0,68
2026-08-17 12:05:46.229,680.25,0.0,91.0,37.0,17.0,99.0,-0.82,23.53,0.0,-1.56,1.9,0.12,0.8,3.5,12.1,16.86,"Closed loop, using oxygen sensor feedback to determine fuel mix/",4.0,68
2026-08-17 12:05:47.920,681.25,0.0,91.0,37.0,16.0,99.0,-0.83,23.53,0.0,-1.56,1.93,0.15,0.81,3.0,12.1,16.86,"Closed loop, using oxygen sensor feedback to determine fuel mix/",4.0,68
2026-08-17 12:05:49.614,679.5,0.0,91.0,37.0,16.0,99.0,-0.83,23.53,-3.12,-1.56,1.92,0.75,0.77,4.0,12.1,17.25,"Closed loop, using oxygen sensor feedback to determine fuel mix/",4.0,68
2026-08-17 12:05:51.309,680.5,0.0,91.0,37.0,17.0,99.0,-0.82,23.53,-2.34,-1.56,1.92,0.8,0.76,4.0,12.1,17.25,"Closed loop, using oxygen sensor feedback to determine fuel mix/",4.0,68
2026-08-17 12:05:53.000,687.5,0.0,91.0,37.0,16.0,99.0,-0.83,23.53,0.0,-1.56,1.92,0.14,0.79,4.5,12.2,17.25,"Closed loop, using oxygen sensor feedback to determine fuel mix/",4.0,68
2026-08-17 12:05:54.691,676.75,0.0,91.0,37.0,18.0,99.0,-0.81,23.53,0.0,-1.56,1.93,0.13,0.81,3.5,12.1,17.25,"Closed loop, using oxygen sensor feedback to determine fuel mix/",4.0,68
2026-08-17 12:05:56.386,675.25,0.0,91.0,37.0,17.0,99.0,-0.82,23.53,-3.12,-1.56,1.92,0.75,0.77,5.0,12.1,17.25,"Closed loop, using oxygen sensor feedback to determine fuel mix/",4.0,68
2026-08-17 12:05:58.077,684.75,0.0,92.0,38.0,17.0,99.0,-0.82,23.53,-2.34,-1.56,1.9,0.79,0.77,3.0,12.1,17.25,"Closed loop, using oxygen sensor feedback to determine fuel mix/",4.0,68
2026-08-17 12:05:59.771,677.5,0.0,92.0,38.0,18.0,99.0,-0.81,23.53,0.0,-1.56,1.91,0.12,0.8,3.0,12.1,16.86,"Closed loop, using oxygen sensor feedback to determine fuel mix/",4.0,68
2026-08-17 12:06:01.465,677.0,0.0,92.0,38.0,17.0,99.0,-0.82,23.53,-3.12,-1.56,1.93,0.2,0.81,2.0,12.1,16.86,"Closed loop, using oxygen sensor feedback to determine fuel mix/",4.0,68
2026-08-17 12:06:03.169,674.25,0.0,92.0,38.0,17.0,99.0,-0.82,23.53,-3.12,-1.56,1.92,0.76,0.77,2.5,12.1,17.25,"Closed loop, using oxygen sensor feedback to determine fuel mix/",4.0,68
2026-08-17 12:06:04.865,688.0,0.0,92.0,38.0,16.0,99.0,-0.83,23.53,-2.34,-1.56,1.9,0.79,0.77,3.5,12.2,16.86,"Closed loop, using oxygen sensor feedback to determine fuel mix/",4.0,69
2026-08-17 12:06:06.564,680.0,0.0,92.0,38.0,17.0,99.0,-0.82,23.53,0.0,-1.56,1.91,0.15,0.79,3.0,12.1,16.86,"Closed loop, using oxygen sensor feedback to determine fuel mix/",4.0,69
2026-08-17 12:06:08.254,671.5,0.0,92.0,38.0,16.0,99.0,-0.83,23.53,0.0,-1.56,1.92,0.11,0.81,5.5,12.2,17.25,"Closed loop, using oxygen sensor feedback to determine fuel mix/",4.0,69
2026-08-17 12:06:09.960,678.0,0.0,92.0,38.0,17.0,99.0,-0.82,23.53,-3.12,-1.56,1.93,0.71,0.78,5.5,12.1,17.25,"Closed loop, using oxygen sensor feedback to determine fuel mix/",4.0,69
2026-08-17 12:06:11.681,686.25,0.0,92.0,38.0,17.0,99.0,-0.82,23.53,-2.34,-1.56,1.9,0.79,0.76,2.5,12.1,17.25,"Closed loop, using oxygen sensor feedback to determine fuel mix/",4.0,69
2026-08-17 12:06:13.379,682.0,0.0,92.0,38.0,17.0,99.0,-0.82,23.53,0.78,-1.56,1.9,0.22,0.79,3.5,12.1,16.86,"Closed loop, using oxygen sensor feedback to determine fuel mix/",4.0,69
2026-08-17 12:06:15.068,680.5,0.0,92.0,38.0,18.0,99.0,-0.81,23.53,0.0,-1.56,1.92,0.11,0.81,2.5,12.2,16.86,"Closed loop, using oxygen sensor feedback to determine fuel mix/",4.0,69
2026-08-17 12:06:16.784,671.5,0.0,92.0,38.0,18.0,99.0,-0.81,23.53,-3.12,-1.56,1.92,0.73,0.79,3.0,12.1,17.25,"Closed loop, using oxygen sensor feedback to determine fuel mix/",4.0,69
2026-08-17 12:06:18.504,689.5,0.0,92.0,38.0,17.0,99.0,-0.82,23.53,-2.34,-1.56,1.9,0.8,0.77,6.0,12.2,17.25,"Closed loop, using oxygen sensor feedback to determine fuel mix/",4.0,69
2026-08-17 12:06:20.215,688.0,0.0,92.0,38.0,17.0,99.0,-0.82,23.53,0.0,-1.56,1.9,0.2,0.79,2.0,12.1,16.86,"Closed loop, using oxygen sensor feedback to determine fuel mix/",4.0,69
2026-08-17 12:06:21.922,683.75,0.0,92.0,38.0,18.0,99.0,-0.81,23.53,0.0,-1.56,1.91,0.1,0.81,2.0,12.2,16.86,"Closed loop, using oxygen sensor feedback to determine fuel mix/",4.0,69
2026-08-17 12:06:23.613,675.75,0.0,92.0,38.0,17.0,99.0,-0.82,23.53,-3.12,-1.56,1.91,0.69,0.8,5.0,12.2,17.25,"Closed loop, using oxygen sensor feedback to determine fuel mix/",4.0,69
2026-08-17 12:06:25.303,677.75,0.0,92.0,38.0,18.0,99.0,-0.81,23.53,-2.34,-1.56,1.91,0.8,0.76,1.5,12.1,17.25,"Closed loop, using oxygen sensor feedback to determine fuel mix/",4.0,69
2026-08-17 12:06:27.001,676.5,0.0,92.0,38.0,18.0,99.0,-0.81,23.53,0.78,-1.56,1.92,0.71,0.78,2.5,12.1,17.25,"Closed loop, using oxygen sensor feedback to determine fuel mix/",4.0,69
2026-08-17 12:06:28.705,679.25,0.0,92.0,38.0,18.0,99.0,-0.81,23.53,0.0,-1.56,1.92,0.1,0.8,3.0,12.2,16.86,"Closed loop, using oxygen sensor feedback to determine fuel mix/",4.0,69
2026-08-17 12:06:30.403,679.0,0.0,92.0,38.0,17.0,99.0,-0.82,23.53,-3.12,-1.56,1.93,0.67,0.8,2.0,12.1,17.25,"Closed loop, using oxygen sensor feedback to determine fuel mix/",4.0,69
2026-08-17 12:06:32.102,681.0,0.0,92.0,38.0,18.0,99.0,-0.81,23.53,-2.34,-1.56,1.91,0.79,0.77,3.0,12.1,16.86,"Closed loop, using oxygen sensor feedback to determine fuel mix/",4.0,69
2026-08-17 12:06:33.805,679.25,0.0,92.0,38.0,18.0,99.0,-0.81,23.53,0.78,-1.56,1.92,0.5,0.78,3.5,12.2,16.86,"Closed loop, using oxygen sensor feedback to determine fuel mix/",4.0,69
2026-08-17 12:06:35.513,673.5,0.0,92.0,38.0,17.0,99.0,-0.82,23.53,0.0,-1.56,1.91,0.1,0.8,3.5,12.2,17.25,"Closed loop, using oxygen sensor feedback to determine fuel mix/",4.0,69
2026-08-17 12:06:37.219,675.25,0.0,92.0,38.0,18.0,99.0,-0.81,23.53,-3.12,-1.56,1.91,0.72,0.8,3.5,12.1,17.25,"Closed loop, using oxygen sensor feedback to determine fuel mix/",4.0,69
2026-08-17 12:06:38.914,679.0,0.0,92.0,38.0,17.0,99.0,-0.82,23.53,-2.34,-1.56,1.91,0.8,0.77,4.5,12.2,17.25,"Closed loop, using oxygen sensor feedback to determine fuel mix/",4.0,69
2026-08-17 12:06:40.607,688.25,0.0,92.0,38.0,16.0,99.0,-0.83,23.53,0.78,-1.56,1.91,0.65,0.79,2.0,12.1,16.86,"Closed loop, using oxygen sensor feedback to determine fuel mix/",4.0,69
2026-08-17 12:06:42.302,675.75,0.0,92.0,38.0,18.0,99.0,-0.81,23.53,0.0,-1.56,1.92,0.1,0.81,3.0,12.0,17.25,"Closed loop, using oxygen sensor feedback to determine fuel mix/",4.0,69
2026-08-17 12:06:44.006,673.25,0.0,92.0,38.0,20.0,99.0,-0.79,25.88,0.78,-1.56,2.48,0.09,0.78,2.5,12.1,22.35,"Closed loop, using oxygen sensor feedback to determine fuel mix/",4.0,69
2026-08-17 12:06:45.704,665.5,0.0,92.0,38.0,22.0,99.0,-0.77,26.27,1.56,-1.56,2.62,0.1,0.76,3.0,12.2,23.53,"Closed loop, using oxygen sensor feedback to determine fuel mix/",4.0,70
2026-08-17 12:06:47.395,669.75,0.0,92.0,37.0,23.0,99.0,-0.76,26.67,1.56,-1.56,2.63,0.12,0.74,-0.5,12.2,23.92,"Closed loop, using oxygen sensor feedback to determine fuel mix/",4.0,70
2026-08-17 12:06:49.086,676.25,0.0,92.0,37.0,22.0,99.0,-0.77,26.67,1.56,-1.56,2.68,0.1,0.76,0.5,12.1,24.31,"Closed loop, using oxygen sensor feedback to determine fuel mix/",4.0,70
2026-08-17 12:06:50.793,687.0,0.0,92.0,37.0,23.0,99.0,-0.76,26.67,2.34,-1.56,2.72,0.1,0.66,-0.5,12.1,23.92,"Closed loop, using oxygen sensor feedback to determine fuel mix/",4.0,71
2026-08-17 12:06:52.503,689.75,0.0,92.0,37.0,21.0,99.0,-0.78,26.67,2.34,-1.56,2.7,0.12,0.73,-0.5,12.1,23.92,"Closed loop, using oxygen sensor feedback to determine fuel mix/",4.0,70
2026-08-17 12:06:54.197,706.75,0.0,92.0,37.0,23.0,99.0,-0.76,26.67,2.34,-1.56,2.68,0.62,0.74,-1.5,12.1,23.53,"Closed loop, using oxygen sensor feedback to determine fuel mix/",4.0,70
2026-08-17 12:06:55.891,694.5,0.0,92.0,37.0,22.0,99.0,-0.77,26.27,1.56,-1.56,2.62,0.71,0.72,0.0,12.2,23.14,"Closed loop, using oxygen sensor feedback to determine fuel mix/",4.0,70
2026-08-17 12:06:57.590,696.0,0.0,92.0,37.0,21.0,99.0,-0.78,26.27,-1.56,-1.56,2.59,0.76,0.74,1.0,12.1,22.75,"Closed loop, using oxygen sensor feedback to determine fuel mix/",4.0,70
2026-08-17 12:06:59.290,686.75,0.0,92.0,37.0,22.0,99.0,-0.77,26.27,-0.78,-1.56,2.57,0.77,0.69,0.5,12.0,22.75,"Closed loop, using oxygen sensor feedback to determine fuel mix/",4.0,70
2026-08-17 12:07:00.986,738.5,0.0,92.0,37.0,19.0,99.0,-0.8,25.1,1.56,-1.56,2.21,0.64,0.76,7.5,12.1,19.61,"Closed loop, using oxygen sensor feedback to determine fuel mix/",4.0,70
2026-08-17 12:07:02.680,672.25,0.0,93.0,37.0,22.0,99.0,-0.77,25.88,0.78,-1.56,2.45,0.1,0.79,4.5,12.0,21.96,"Closed loop, using oxygen sensor feedback to determine fuel mix/",4.0,70
2026-08-17 12:07:04.371,671.75,0.0,93.0,37.0,23.0,99.0,-0.76,26.67,1.56,-1.56,2.72,0.09,0.74,8.0,12.1,25.49,"Closed loop, using oxygen sensor feedback to determine fuel mix/",4.0,70
2026-08-17 12:07:06.064,697.25,1.0,93.0,37.0,23.0,99.0,-0.76,27.06,3.91,-1.56,2.91,0.17,0.3,-2.0,12.2,25.49,"Closed loop, using oxygen sensor feedback to determine fuel mix/",4.0,70
2026-08-17 12:07:07.752,713.25,1.0,93.0,37.0,23.0,99.0,-0.76,26.67,0.78,-1.56,2.76,0.78,0.39,-1.0,12.2,24.31,"Closed loop, using oxygen sensor feedback to determine fuel mix/",4.0,70
2026-08-17 12:07:09.462,705.75,1.0,92.0,37.0,23.0,99.0,-0.76,26.67,0.0,-1.56,2.77,0.78,0.67,2.5,12.1,24.71,"Closed loop, using oxygen sensor feedback to determine fuel mix/",4.0,70
2026-08-17 12:07:11.169,721.25,3.0,93.0,37.0,23.0,99.0,-0.76,27.06,-0.78,-1.56,2.88,0.75,0.68,0.5,12.2,24.71,"Closed loop, using oxygen sensor feedback to determine fuel mix/",4.0,70
2026-08-17 12:07:12.866,737.5,4.0,93.0,37.0,23.0,99.0,-0.76,27.06,-0.78,-1.56,2.91,0.11,0.68,-1.5,12.2,24.71,"Closed loop, using oxygen sensor feedback to determine fuel mix/",4.0,70
2026-08-17 12:07:14.554,754.5,4.0,93.0,37.0,21.0,99.0,-0.78,27.06,1.56,-1.56,2.85,0.12,0.78,-0.5,12.2,23.92,"Closed loop, using oxygen sensor feedback to determine fuel mix/",4.0,70
2026-08-17 12:07:16.252,757.5,5.0,93.0,37.0,21.0,99.0,-0.78,26.67,0.78,-1.56,2.75,0.11,0.79,-0.5,12.1,23.14,"Closed loop, using oxygen sensor feedback to determine fuel mix/",4.0,70
2026-08-17 12:07:17.961,773.75,5.0,93.0,36.0,19.0,99.0,-0.8,26.27,0.0,-1.56,2.57,0.14,0.79,0.0,12.1,21.57,"Closed loop, using oxygen sensor feedback to determine fuel mix/",4.0,70
2026-08-17 12:07:19.652,768.75,5.0,93.0,36.0,19.0,99.0,-0.8,25.88,-0.78,-1.56,2.46,0.13,0.79,2.0,12.2,20.78,"Closed loop, using oxygen sensor feedback to determine fuel mix/",4.0,70
2026-08-17 12:07:21.347,781.5,5.0,93.0,37.0,18.0,99.0,-0.81,25.88,-0.78,-2.34,2.52,0.12,0.76,1.0,12.2,20.78,"Closed loop, using oxygen sensor feedback to determine fuel mix/",4.0,70
2026-08-17 12:07:23.035,826.75,6.0,93.0,37.0,20.0,99.0,-0.79,27.06,0.0,-0.78,2.8,0.2,0.72,4.5,12.2,22.75,"Closed loop, using oxygen sensor feedback to determine fuel mix/",4.0,70
2026-08-17 12:07:24.730,887.0,6.0,93.0,37.0,20.0,99.0,-0.79,27.84,0.0,-4.69,3.25,0.08,0.44,3.0,12.2,23.92,"Closed loop, using oxygen sensor feedback to determine fuel mix/",4.0,70
2026-08-17 12:07:26.424,942.75,6.0,93.0,36.0,21.0,99.0,-0.78,27.84,4.69,-4.69,3.31,0.73,0.17,3.0,12.1,23.53,"Closed loop, using oxygen sensor feedback to determine fuel mix/",4.0,70
2026-08-17 12:07:28.134,954.0,7.0,93.0,36.0,20.0,99.0,-0.79,27.84,2.34,-4.69,3.29,0.26,0.22,-0.5,12.2,21.18,"Closed loop, using oxygen sensor feedback to determine fuel mix/",4.0,70
2026-08-17 12:07:29.838,876.5,6.0,93.0,36.0,19.0,99.0,-0.8,26.27,-1.56,0.0,2.65,0.85,0.77,1.0,12.1,20.78,"Closed loop, using oxygen sensor feedback to determine fuel mix/",4.0,70
2026-08-17 12:07:31.536,746.0,3.0,93.0,36.0,20.0,99.0,-0.79,26.27,-7.81,-0.78,2.64,0.11,0.81,5.0,12.2,22.35,"Closed loop, using oxygen sensor feedback to determine fuel mix/",4.0,70
2026-08-17 12:07:33.242,713.25,0.0,93.0,36.0,19.0,99.0,-0.8,25.88,-2.34,-1.56,2.44,0.66,0.77,3.0,12.1,21.57,"Closed loop, using oxygen sensor feedback to determine fuel mix/",4.0,70
2026-08-17 12:07:34.935,696.5,0.0,93.0,37.0,20.0,99.0,-0.79,25.88,-2.34,-1.56,2.41,0.74,0.76,1.0,12.1,21.18,"Closed loop, using oxygen sensor feedback to determine fuel mix/",4.0,70
2026-08-17 12:07:36.629,686.25,0.0,93.0,37.0,21.0,99.0,-0.78,25.88,-2.34,-1.56,2.38,0.74,0.76,3.0,12.1,21.18,"Closed loop, using oxygen sensor feedback to determine fuel mix/",4.0,70
2026-08-17 12:07:38.324,683.5,0.0,93.0,37.0,21.0,99.0,-0.78,25.49,-2.34,-1.56,2.35,0.74,0.76,2.5,12.1,20.78,"Closed loop, using oxygen sensor feedback to determine fuel mix/",4.0,70
2026-08-17 12:07:40.032,677.5,0.0,93.0,37.0,20.0,99.0,-0.79,25.49,-2.34,-1.56,2.32,0.77,0.76,4.0,12.1,20.78,"Closed loop, using oxygen sensor feedback to determine fuel mix/",4.0,70
2026-08-17 12:07:41.724,680.25,0.0,93.0,37.0,21.0,99.0,-0.78,25.49,-2.34,-1.56,2.32,0.76,0.77,5.0,12.2,20.78,"Closed loop, using oxygen sensor feedback to determine fuel mix/",4.0,70
2026-08-17 12:07:43.416,685.25,0.0,94.0,37.0,20.0,99.0,-0.79,25.49,-2.34,-1.56,2.31,0.76,0.76,4.5,12.1,20.78,"Closed loop, using oxygen sensor feedback to determine fuel mix/",4.0,70
2026-08-17 12:07:45.105,679.0,0.0,94.0,37.0,19.0,99.0,-0.8,25.49,0.78,-1.56,2.3,0.18,0.77,2.0,12.2,20.39,"Closed loop, using oxygen sensor feedback to determine fuel mix/",4.0,70
2026-08-17 12:07:46.801,679.25,0.0,94.0,37.0,21.0,99.0,-0.78,25.49,0.78,-1.56,2.31,0.12,0.79,3.0,12.1,20.39,"Closed loop, using oxygen sensor feedback to determine fuel mix/",4.0,70
2026-08-17 12:07:48.494,676.25,0.0,94.0,37.0,21.0,99.0,-0.78,25.49,0.78,-1.56,2.32,0.1,0.8,3.0,12.1,20.78,"Closed loop, using oxygen sensor feedback to determine fuel mix/",4.0,70
2026-08-17 12:07:50.191,682.0,0.0,94.0,37.0,21.0,99.0,-0.78,25.49,-3.12,-1.56,2.32,0.27,0.79,4.0,12.1,20.78,"Closed loop, using oxygen sensor feedback to determine fuel mix/",4.0,70
2026-08-17 12:07:51.913,679.0,0.0,93.0,37.0,20.0,99.0,-0.79,25.49,-2.34,-1.56,2.31,0.72,0.78,3.5,12.1,20.78,"Closed loop, using oxygen sensor feedback to determine fuel mix/",4.0,71
2026-08-17 12:07:53.606,685.25,0.0,94.0,37.0,21.0,99.0,-0.78,25.49,-2.34,-1.56,2.31,0.76,0.76,4.0,12.1,20.78,"Closed loop, using oxygen sensor feedback to determine fuel mix/",4.0,71
2026-08-17 12:07:55.316,677.5,0.0,94.0,37.0,20.0,99.0,-0.79,25.49,-2.34,-1.56,2.3,0.77,0.76,5.0,12.1,20.78,"Closed loop, using oxygen sensor feedback to determine fuel mix/",4.0,71
2026-08-17 12:07:57.021,681.0,0.0,94.0,37.0,19.0,99.0,-0.8,25.49,-2.34,-1.56,2.3,0.76,0.76,3.5,12.1,20.78,"Closed loop, using oxygen sensor feedback to determine fuel mix/",4.0,71
2026-08-17 12:07:58.715,679.5,0.0,94.0,37.0,20.0,99.0,-0.79,25.49,1.56,-1.56,2.31,0.53,0.77,1.0,12.1,20.39,"Closed loop, using oxygen sensor feedback to determine fuel mix/",4.0,71
2026-08-17 12:08:00.420,677.75,0.0,94.0,37.0,19.0,99.0,-0.8,25.49,0.78,-1.56,2.33,0.12,0.79,4.0,12.1,20.78,"Closed loop, using oxygen sensor feedback to determine fuel mix/",4.0,71
2026-08-17 12:08:02.116,680.0,0.0,94.0,37.0,21.0,99.0,-0.78,25.49,0.78,-1.56,2.32,0.1,0.8,3.5,12.1,20.78,"Closed loop, using oxygen sensor feedback to determine fuel mix/",4.0,71
2026-08-17 12:08:03.809,667.25,0.0,94.0,37.0,19.0,99.0,-0.8,25.49,-3.12,-1.56,2.33,0.17,0.8,2.5,12.1,20.78,"Closed loop, using oxygen sensor feedback to determine fuel mix/",4.0,71
2026-08-17 12:08:05.521,680.5,0.0,94.0,37.0,20.0,99.0,-0.79,25.49,-3.12,-1.56,2.34,0.59,0.79,3.0,12.1,20.78,"Closed loop, using oxygen sensor feedback to determine fuel mix/",4.0,71
2026-08-17 12:08:07.223,679.5,0.0,94.0,37.0,20.0,99.0,-0.79,25.49,-2.34,-1.56,2.32,0.73,0.78,4.0,12.2,20.78,"Closed loop, using oxygen sensor feedback to determine fuel mix/",4.0,71
2026-08-17 12:08:08.921,682.0,0.0,94.0,37.0,19.0,99.0,-0.8,25.49,-2.34,-1.56,2.32,0.78,0.77,4.5,12.2,20.78,"Closed loop, using oxygen sensor feedback to determine fuel mix/",4.0,71
2026-08-17 12:08:10.628,682.75,0.0,94.0,37.0,21.0,99.0,-0.78,25.49,-2.34,-1.56,2.33,0.74,0.77,4.0,12.1,20.78,"Closed loop, using oxygen sensor feedback to determine fuel mix/",4.0,71
2026-08-17 12:08:12.322,686.75,0.0,94.0,37.0,19.0,99.0,-0.8,25.49,0.78,-1.56,2.32,0.49,0.78,3.0,12.1,20.78,"Closed loop, using oxygen sensor feedback to determine fuel mix/",4.0,71
2026-08-17 12:08:14.030,678.25,0.0,94.0,37.0,21.0,99.0,-0.78,25.49,0.78,-1.56,2.34,0.1,0.79,3.5,12.1,20.78,"Closed loop, using oxygen sensor feedback to determine fuel mix/",4.0,71
2026-08-17 12:08:15.718,679.0,0.0,94.0,37.0,20.0,99.0,-0.79,25.49,0.78,-1.56,2.33,0.14,0.8,2.5,12.2,20.78,"Closed loop, using oxygen sensor feedback to determine fuel mix/",4.0,71
2026-08-17 12:08:17.453,678.75,0.0,94.0,37.0,20.0,99.0,-0.79,25.49,-3.12,-1.56,2.34,0.21,0.79,3.0,12.1,21.18,"Closed loop, using oxygen sensor feedback to determine fuel mix/",4.0,71
2026-08-17 12:08:19.151,677.0,0.0,94.0,37.0,21.0,99.0,-0.78,25.49,-3.12,-1.56,2.32,0.69,0.79,4.5,12.2,20.78,"Closed loop, using oxygen sensor feedback to determine fuel mix/",4.0,72
2026-08-17 12:08:20.846,681.75,0.0,94.0,37.0,20.0,99.0,-0.79,25.49,-2.34,-1.56,2.34,0.78,0.77,2.5,12.1,20.78,"Closed loop, using oxygen sensor feedback to determine fuel mix/",4.0,72
2026-08-17 12:08:22.577,684.75,0.0,94.0,37.0,19.0,99.0,-0.8,25.49,-2.34,-1.56,2.32,0.78,0.77,3.5,12.1,20.78,"Closed loop, using oxygen sensor feedback to determine fuel mix/",4.0,72
2026-08-17 12:08:24.272,679.25,0.0,94.0,37.0,20.0,99.0,-0.79,25.49,1.56,-1.56,2.32,0.73,0.78,3.5,12.1,20.78,"Closed loop, using oxygen sensor feedback to determine fuel mix/",4.0,72
2026-08-17 12:08:25.975,683.0,0.0,94.0,37.0,21.0,99.0,-0.78,25.49,0.78,-1.56,2.33,0.14,0.79,3.0,12.1,20.78,"Closed loop, using oxygen sensor feedback to determine fuel mix/",4.0,72
2026-08-17 12:08:27.701,680.0,0.0,94.0,37.0,21.0,99.0,-0.78,25.49,0.78,-1.56,2.33,0.1,0.8,3.0,12.1,20.78,"Closed loop, using oxygen sensor feedback to determine fuel mix/",4.0,72
2026-08-17 12:08:29.424,675.5,0.0,94.0,37.0,21.0,99.0,-0.78,25.49,-3.12,-1.56,2.34,0.15,0.8,2.0,12.1,20.78,"Closed loop, using oxygen sensor feedback to determine fuel mix/",4.0,72
2026-08-17 12:08:31.132,678.0,0.0,94.0,37.0,20.0,99.0,-0.79,25.49,-3.12,-1.56,2.33,0.71,0.8,5.0,12.2,20.78,"Closed loop, using oxygen sensor feedback to determine fuel mix/",4.0,72
2026-08-17 12:08:32.856,678.0,0.0,95.0,37.0,19.0,99.0,-0.8,25.49,-2.34,-1.56,2.34,0.77,0.77,2.5,12.1,20.78,"Closed loop, using oxygen sensor feedback to determine fuel mix/",4.0,72
2026-08-17 12:08:34.545,683.75,0.0,95.0,37.0,20.0,99.0,-0.79,25.49,-2.34,-1.56,2.34,0.77,0.77,4.0,12.1,20.78,"Closed loop, using oxygen sensor feedback to determine fuel mix/",4.0,72
2026-08-17 12:08:36.260,685.75,0.0,95.0,37.0,19.0,99.0,-0.8,25.49,1.56,-1.56,2.35,0.53,0.77,3.5,12.1,20.78,"Closed loop, using oxygen sensor feedback to determine fuel mix/",4.0,72
2026-08-17 12:08:37.965,677.0,0.0,95.0,37.0,21.0,99.0,-0.78,25.88,0.78,-1.56,2.38,0.15,0.77,-3.5,12.1,20.39,"Closed loop, using oxygen sensor feedback to determine fuel mix/",4.0,72
2026-08-17 12:08:39.670,668.75,0.0,95.0,37.0,20.0,99.0,-0.79,25.88,0.78,-1.56,2.37,0.1,0.8,3.5,12.1,21.18,"Closed loop, using oxygen sensor feedback to determine fuel mix/",4.0,73
2026-08-17 12:08:41.367,678.75,0.0,95.0,37.0,20.0,99.0,-0.79,26.27,1.56,-1.56,2.53,0.1,0.77,7.0,12.2,22.35,"Closed loop, using oxygen sensor feedback to determine fuel mix/",4.0,73
2026-08-17 12:08:43.059,702.0,1.0,95.0,37.0,21.0,99.0,-0.78,26.27,-1.56,-1.56,2.61,0.7,0.7,2.0,12.1,23.14,"Closed loop, using oxygen sensor feedback to determine fuel mix/",4.0,73
2026-08-17 12:08:44.770,705.0,2.0,95.0,37.0,22.0,99.0,-0.77,26.67,-0.78,-1.56,2.71,0.43,0.76,5.5,12.1,24.31,"Closed loop, using oxygen sensor feedback to determine fuel mix/",4.0,73
2026-08-17 12:08:46.460,706.5,1.0,95.0,37.0,22.0,99.0,-0.77,26.67,2.34,-1.56,2.69,0.11,0.79,1.0,12.1,23.92,"Closed loop, using oxygen sensor feedback to determine fuel mix/",4.0,73
2026-08-17 12:08:48.158,703.75,1.0,95.0,37.0,21.0,99.0,-0.78,26.67,2.34,-1.56,2.66,0.1,0.79,0.5,12.2,23.14,"Closed loop, using oxygen sensor feedback to determine fuel mix/",4.0,73
2026-08-17 12:08:49.861,691.0,0.0,95.0,37.0,22.0,99.0,-0.77,26.27,1.56,-1.56,2.6,0.1,0.79,-0.5,12.0,23.14,"Closed loop, using oxygen sensor feedback to determine fuel mix/",4.0,73
2026-08-17 12:08:51.553,676.5,0.0,95.0,37.0,22.0,99.0,-0.77,26.27,1.56,-1.56,2.54,0.1,0.79,1.5,12.1,22.75,"Closed loop, using oxygen sensor feedback to determine fuel mix/",4.0,73
2026-08-17 12:08:53.250,677.0,0.0,95.0,37.0,22.0,99.0,-0.77,26.27,1.56,-1.56,2.55,0.11,0.79,2.5,12.1,22.75,"Closed loop, using oxygen sensor feedback to determine fuel mix/",4.0,73
2026-08-17 12:08:54.957,678.5,0.0,95.0,37.0,22.0,99.0,-0.77,26.27,0.78,-1.56,2.54,0.11,0.79,0.5,12.1,22.75,"Closed loop, using oxygen sensor feedback to determine fuel mix/",4.0,73
2026-08-17 12:08:56.651,680.0,0.0,95.0,37.0,21.0,99.0,-0.78,26.27,1.56,-1.56,2.51,0.1,0.78,1.5,12.1,22.35,"Closed loop, using oxygen sensor feedback to determine fuel mix/",4.0,73
2026-08-17 12:08:58.359,677.5,0.0,95.0,37.0,21.0,99.0,-0.78,25.88,1.56,-1.56,2.51,0.1,0.79,1.5,12.1,22.35,"Closed loop, using oxygen sensor feedback to determine fuel mix/",4.0,73
2026-08-17 12:09:00.069,676.0,0.0,95.0,37.0,21.0,99.0,-0.78,26.27,0.78,-1.56,2.53,0.1,0.79,2.0,12.2,22.35,"Closed loop, using oxygen sensor feedback to determine fuel mix/",4.0,73
2026-08-17 12:09:01.780,681.75,0.0,95.0,37.0,21.0,99.0,-0.78,26.27,0.78,-1.56,2.52,0.1,0.8,1.0,12.1,22.35,"Closed loop, using oxygen sensor feedback to determine fuel mix/",4.0,74
2026-08-17 12:09:03.488,679.75,0.0,95.0,37.0,21.0,99.0,-0.78,25.88,0.78,-1.56,2.51,0.11,0.79,1.5,12.1,22.35,"Closed loop, using oxygen sensor feedback to determine fuel mix/",4.0,74
2026-08-17 12:09:05.175,683.5,0.0,95.0,37.0,22.0,99.0,-0.77,25.88,-3.12,-1.56,2.48,0.16,0.79,3.0,12.2,22.35,"Closed loop, using oxygen sensor feedback to determine fuel mix/",4.0,74
2026-08-17 12:09:06.870,669.75,0.0,95.0,37.0,21.0,99.0,-0.78,25.88,-2.34,-1.56,2.5,0.2,0.78,2.0,12.1,21.96,"Closed loop, using oxygen sensor feedback to determine fuel mix/",4.0,74
2026-08-17 12:09:08.563,680.0,0.0,96.0,37.0,22.0,99.0,-0.77,25.88,-2.34,-1.56,2.48,0.69,0.78,2.0,12.2,21.96,"Closed loop, using oxygen sensor feedback to determine fuel mix/",4.0,74
2026-08-17 12:09:10.259,684.0,0.0,95.0,37.0,21.0,99.0,-0.78,25.88,-2.34,-1.56,2.48,0.76,0.77,3.0,12.0,22.35,"Closed loop, using oxygen sensor feedback to determine fuel mix/",4.0,74
2026-08-17 12:09:11.951,682.0,0.0,95.0,37.0,20.0,99.0,-0.79,25.88,-2.34,-1.56,2.47,0.77,0.77,4.0,12.1,21.96,"Closed loop, using oxygen sensor feedback to determine fuel mix/",4.0,74
2026-08-17 12:09:13.644,683.5,0.0,96.0,37.0,20.0,99.0,-0.79,25.88,-2.34,-1.56,2.47,0.77,0.77,4.0,12.1,22.35,"Closed loop, using oxygen sensor feedback to determine fuel mix/",4.0,74
2026-08-17 12:09:15.353,680.0,0.0,96.0,37.0,21.0,99.0,-0.78,25.88,-2.34,-1.56,2.47,0.74,0.77,2.5,12.1,21.96,"Closed loop, using oxygen sensor feedback to determine fuel mix/",4.0,74
2026-08-17 12:09:17.058,678.25,0.0,95.0,37.0,20.0,99.0,-0.79,25.88,1.56,-1.56,2.45,0.64,0.77,2.0,12.1,21.96,"Closed loop, using oxygen sensor feedback to determine fuel mix/",4.0,74
2026-08-17 12:09:18.771,682.25,0.0,96.0,37.0,21.0,99.0,-0.78,25.88,1.56,-1.56,2.47,0.44,0.78,2.0,12.1,21.96,"Closed loop, using oxygen sensor feedback to determine fuel mix/",4.0,74
2026-08-17 12:09:20.463,686.0,0.0,96.0,37.0,22.0,99.0,-0.77,25.88,0.78,-1.56,2.46,0.18,0.78,2.0,12.1,21.96,"Closed loop, using oxygen sensor feedback to determine fuel mix/",4.0,74
2026-08-17 12:09:22.172,681.5,0.0,96.0,37.0,20.0,99.0,-0.79,25.88,0.78,-1.56,2.45,0.17,0.79,1.0,12.2,21.96,"Closed loop, using oxygen sensor feedback to determine fuel mix/",4.0,74
2026-08-17 12:09:23.864,683.25,0.0,96.0,37.0,21.0,99.0,-0.78,25.88,0.78,-1.56,2.46,0.14,0.78,1.0,12.1,21.96,"Closed loop, using oxygen sensor feedback to determine fuel mix/",4.0,74
2026-08-17 12:09:25.593,681.5,0.0,96.0,37.0,21.0,99.0,-0.78,25.88,0.78,-1.56,2.46,0.13,0.78,1.5,12.1,21.96,"Closed loop, using oxygen sensor feedback to determine fuel mix/",4.0,74
2026-08-17 12:09:27.312,679.25,0.0,96.0,37.0,21.0,99.0,-0.78,25.88,0.78,-1.56,2.46,0.1,0.8,2.0,12.1,21.96,"Closed loop, using oxygen sensor feedback to determine fuel mix/",4.0,75
2026-08-17 12:09:29.007,677.5,0.0,96.0,37.0,20.0,99.0,-0.79,25.88,0.78,-1.56,2.45,0.1,0.8,2.5,12.2,21.96,"Closed loop, using oxygen sensor feedback to determine fuel mix/",4.0,75
2026-08-17 12:09:30.715,681.5,0.0,96.0,37.0,22.0,99.0,-0.77,25.88,-3.12,-1.56,2.46,0.14,0.8,2.0,12.2,21.96,"Closed loop, using oxygen sensor feedback to determine fuel mix/",4.0,75
2026-08-17 12:09:32.408,677.25,0.0,96.0,37.0,21.0,99.0,-0.78,25.88,-2.34,-1.56,2.45,0.2,0.78,2.5,12.2,21.96,"Closed loop, using oxygen sensor feedback to determine fuel mix/",4.0,75
2026-08-17 12:09:34.155,676.75,0.0,96.0,37.0,21.0,99.0,-0.78,25.88,-2.34,-1.56,2.43,0.36,0.79,2.5,12.1,21.96,"Closed loop, using oxygen sensor feedback to determine fuel mix/",4.0,75
2026-08-17 12:09:35.851,678.75,0.0,96.0,37.0,20.0,99.0,-0.79,25.88,-2.34,-1.56,2.43,0.27,0.79,4.5,12.2,21.96,"Closed loop, using oxygen sensor feedback to determine fuel mix/",4.0,75
2026-08-17 12:09:37.569,695.75,1.0,96.0,37.0,21.0,99.0,-0.78,26.27,-1.56,-1.56,2.51,0.68,0.78,3.0,12.1,22.35,"Closed loop, using oxygen sensor feedback to determine fuel mix/",4.0,75
2026-08-17 12:09:39.282,692.5,1.0,96.0,37.0,22.0,99.0,-0.77,26.27,-1.56,-1.56,2.53,0.68,0.77,3.0,12.1,22.75,"Closed loop, using oxygen sensor feedback to determine fuel mix/",4.0,75
2026-08-17 12:09:40.985,696.75,1.0,96.0,37.0,21.0,99.0,-0.78,26.27,-0.78,-1.56,2.54,0.69,0.78,3.0,12.0,22.75,"Closed loop, using oxygen sensor feedback to determine fuel mix/",4.0,75
2026-08-17 12:09:42.675,693.0,0.0,96.0,37.0,23.0,99.0,-0.76,26.27,-1.56,-1.56,2.62,0.14,0.8,1.5,12.1,23.14,"Closed loop, using oxygen sensor feedback to determine fuel mix/",4.0,75
2026-08-17 12:09:44.385,692.75,0.0,96.0,37.0,22.0,99.0,-0.77,26.27,2.34,-1.56,2.62,0.1,0.79,2.5,12.1,23.14,"Closed loop, using oxygen sensor feedback to determine fuel mix/",4.0,75
2026-08-17 12:09:46.090,689.5,1.0,96.0,37.0,21.0,99.0,-0.78,26.27,1.56,-1.56,2.61,0.09,0.8,1.0,12.1,22.75,"Closed loop, using oxygen sensor feedback to determine fuel mix/",4.0,75
2026-08-17 12:09:47.785,703.25,1.0,96.0,37.0,22.0,99.0,-0.77,26.27,2.34,-1.56,2.61,0.11,0.79,1.0,12.1,22.75,"Closed loop, using oxygen sensor feedback to determine fuel mix/",4.0,75
2026-08-17 12:09:49.480,694.5,1.0,96.0,37.0,22.0,99.0,-0.77,26.27,1.56,-1.56,2.55,0.12,0.8,2.5,12.1,22.35,"Closed loop, using oxygen sensor feedback to determine fuel mix/",4.0,75
2026-08-17 12:09:51.190,697.75,1.0,96.0,37.0,22.0,99.0,-0.77,26.27,2.34,-1.56,2.61,0.14,0.79,4.5,12.0,23.14,"Closed loop, using oxygen sensor feedback to determine fuel mix/",4.0,75
2026-08-17 12:09:52.897,691.5,0.0,96.0,37.0,22.0,99.0,-0.77,26.27,2.34,-1.56,2.62,0.37,0.78,3.0,12.1,23.53,"Closed loop, using oxygen sensor feedback to determine fuel mix/",4.0,75
2026-08-17 12:09:54.606,696.75,1.0,96.0,37.0,21.0,99.0,-0.78,26.27,-1.56,-1.56,2.59,0.77,0.77,3.0,12.1,23.14,"Closed loop, using oxygen sensor feedback to determine fuel mix/",4.0,75
2026-08-17 12:09:56.314,690.5,0.0,96.0,37.0,23.0,99.0,-0.76,26.27,-1.56,-1.56,2.56,0.79,0.77,3.0,12.1,22.75,"Closed loop, using oxygen sensor feedback to determine fuel mix/",4.0,75
2026-08-17 12:09:58.037,695.0,0.0,96.0,37.0,22.0,99.0,-0.77,26.27,-1.56,-1.56,2.55,0.75,0.77,3.0,12.1,22.75,"Closed loop, using oxygen sensor feedback to determine fuel mix/",4.0,75
2026-08-17 12:09:59.730,692.0,1.0,96.0,37.0,21.0,99.0,-0.78,26.27,-1.56,-1.56,2.62,0.72,0.77,5.5,12.1,23.53,"Closed loop, using oxygen sensor feedback to determine fuel mix/",4.0,75
2026-08-17 12:10:01.422,683.0,0.0,97.0,37.0,22.0,99.0,-0.77,26.27,-1.56,-1.56,2.62,0.18,0.79,2.5,12.1,23.53,"Closed loop, using oxygen sensor feedback to determine fuel mix/",4.0,75
2026-08-17 12:10:03.118,688.75,0.0,97.0,37.0,22.0,99.0,-0.77,26.67,1.56,-1.56,2.65,0.1,0.8,2.0,12.1,23.53,"Closed loop, using oxygen sensor feedback to determine fuel mix/",4.0,75
2026-08-17 12:10:04.810,678.0,0.0,97.0,37.0,23.0,99.0,-0.76,26.67,2.34,-1.56,2.79,0.1,0.79,2.0,12.0,25.1,"Closed loop, using oxygen sensor feedback to determine fuel mix/",4.0,75
2026-08-17 12:10:06.504,679.25,0.0,97.0,37.0,26.0,99.0,-0.73,28.63,2.34,-4.69,3.72,0.09,0.79,17.0,12.2,35.69,"Closed loop, using oxygen sensor feedback to determine fuel mix/",4.0,75
2026-08-17 12:10:08.216,899.5,0.0,97.0,37.0,22.0,99.0,-0.77,28.24,-1.56,-4.69,5.07,0.83,0.86,-7.0,12.1,28.63,"Closed loop, using oxygen sensor feedback to determine fuel mix/",4.0,76
2026-08-17 12:10:09.920,814.75,0.0,97.0,37.0,23.0,99.0,-0.76,27.84,-3.12,-1.56,3.21,0.49,0.84,3.5,12.1,27.06,"Closed loop, using oxygen sensor feedback to determine fuel mix/",4.0,76
2026-08-17 12:10:11.634,738.25,1.0,97.0,37.0,24.0,99.0,-0.75,27.45,-2.34,-1.56,3.04,0.71,0.77,2.0,12.1,26.27,"Closed loop, using oxygen sensor feedback to determine fuel mix/",4.0,76
2026-08-17 12:10:13.355,711.25,1.0,97.0,37.0,24.0,99.0,-0.75,27.06,1.56,-1.56,2.85,0.16,0.71,0.5,12.1,24.71,"Closed loop, using oxygen sensor feedback to determine fuel mix/",4.0,76
2026-08-17 12:10:15.043,695.0,0.0,97.0,37.0,24.0,99.0,-0.75,27.06,1.56,-1.56,2.92,0.2,0.77,2.0,12.1,25.49,"Closed loop, using oxygen sensor feedback to determine fuel mix/",4.0,76
2026-08-17 12:10:16.736,705.0,1.0,97.0,37.0,22.0,99.0,-0.77,26.67,-0.78,-1.56,2.81,0.78,0.73,2.0,12.1,24.71,"Closed loop, using oxygen sensor feedback to determine fuel mix/",4.0,76
2026-08-17 12:10:18.433,706.25,1.0,97.0,37.0,23.0,99.0,-0.76,26.67,-1.56,-1.56,2.75,0.77,0.78,4.0,12.1,23.92,"Closed loop, using oxygen sensor feedback to determine fuel mix/",4.0,76
2026-08-17 12:10:20.143,699.5,0.0,97.0,37.0,21.0,99.0,-0.78,26.27,-1.56,-1.56,2.64,0.77,0.77,2.5,12.2,23.14,"Closed loop, using oxygen sensor feedback to determine fuel mix/",4.0,76
2026-08-17 12:10:21.829,697.75,0.0,97.0,37.0,22.0,99.0,-0.77,26.27,-1.56,-1.56,2.55,0.74,0.77,5.5,12.2,22.75,"Closed loop, using oxygen sensor feedback to determine fuel mix/",4.0,76
2026-08-17 12:10:23.527,684.25,0.0,97.0,37.0,44.0,99.0,-0.55,32.55,1.56,-4.69,4.89,0.06,0.78,-6.0,12.2,38.04,"Closed loop, using oxygen sensor feedback to determine fuel mix/",4.0,76
2026-08-17 12:10:25.229,877.75,1.0,97.0,37.0,23.0,99.0,-0.76,27.84,-3.12,-1.56,3.39,0.34,0.83,3.0,12.2,26.67,"Closed loop, using oxygen sensor feedback to determine fuel mix/",4.0,76
2026-08-17 12:10:26.924,771.0,0.0,96.0,37.0,22.0,99.0,-0.77,27.06,-2.34,-1.56,2.88,0.76,0.76,1.5,12.1,24.31,"Closed loop, using oxygen sensor feedback to determine fuel mix/",4.0,76
2026-08-17 12:10:28.623,686.0,0.0,96.0,37.0,24.0,99.0,-0.75,27.06,-3.12,-1.56,2.82,0.67,0.78,0.5,12.0,24.71,"Closed loop, using oxygen sensor feedback to determine fuel mix/",4.0,76
2026-08-17 12:10:30.329,713.25,2.0,96.0,37.0,23.0,99.0,-0.76,27.06,1.56,-1.56,2.93,0.1,0.73,5.0,12.1,26.27,"Closed loop, using oxygen sensor feedback to determine fuel mix/",4.0,76
2026-08-17 12:10:32.036,708.5,1.0,95.0,37.0,22.0,99.0,-0.77,27.06,-0.78,-1.56,2.88,0.73,0.76,4.0,12.1,25.49,"Closed loop, using oxygen sensor feedback to determine fuel mix/",4.0,76
2026-08-17 12:10:33.726,713.0,2.0,95.0,37.0,23.0,99.0,-0.76,27.06,0.0,-1.56,2.93,0.71,0.77,0.0,12.2,25.49,"Closed loop, using oxygen sensor feedback to determine fuel mix/",4.0,76
2026-08-17 12:10:35.421,723.25,2.0,95.0,37.0,22.0,99.0,-0.77,27.06,-0.78,-1.56,2.82,0.72,0.81,3.0,12.1,24.71,"Closed loop, using oxygen sensor feedback to determine fuel mix/",4.0,76
2026-08-17 12:10:37.134,734.25,3.0,94.0,37.0,22.0,99.0,-0.77,26.67,-0.78,-1.56,2.75,0.7,0.8,3.0,12.2,23.92,"Closed loop, using oxygen sensor feedback to determine fuel mix/",4.0,76
2026-08-17 12:10:38.841,737.0,4.0,94.0,37.0,21.0,99.0,-0.78,26.67,-1.56,-1.56,2.78,0.28,0.8,4.5,12.1,23.92,"Closed loop, using oxygen sensor feedback to determine fuel mix/",4.0,76
2026-08-17 12:10:40.549,720.0,1.0,94.0,37.0,21.0,99.0,-0.78,26.27,-1.56,-1.56,2.61,0.33,0.79,3.5,12.1,22.35,"Closed loop, using oxygen sensor feedback to determine fuel mix/",4.0,76
2026-08-17 12:10:42.257,693.75,0.0,94.0,37.0,21.0,99.0,-0.78,26.27,-1.56,-1.56,2.5,0.29,0.79,4.5,12.2,22.35,"Closed loop, using oxygen sensor feedback to determine fuel mix/",4.0,76
2026-08-17 12:10:43.989,691.25,0.0,93.0,37.0,19.0,99.0,-0.8,25.49,-1.56,-1.56,2.29,0.75,0.8,5.5,12.1,20.39,"Closed loop, using oxygen sensor feedback to determine fuel mix/",4.0,75
2026-08-17 12:10:45.707,690.25,0.0,93.0,38.0,20.0,99.0,-0.79,25.1,-2.34,-1.56,2.24,0.79,0.79,7.0,12.2,20.0,"Closed loop, using oxygen sensor feedback to determine fuel mix/",4.0,75
2026-08-17 12:10:47.395,686.5,0.0,93.0,38.0,19.0,99.0,-0.8,25.1,0.78,-1.56,2.23,0.62,0.79,6.0,12.1,19.61,"Closed loop, using oxygen sensor feedback to determine fuel mix/",4.0,75
2026-08-17 12:10:49.094,685.0,0.0,92.0,38.0,19.0,99.0,-0.8,25.1,0.78,-1.56,2.19,0.11,0.8,6.0,12.1,19.61,"Closed loop, using oxygen sensor feedback to determine fuel mix/",4.0,75
2026-08-17 12:10:50.801,677.5,0.0,92.0,38.0,19.0,99.0,-0.8,25.1,0.78,-1.56,2.21,0.1,0.8,6.0,12.1,19.61,"Closed loop, using oxygen sensor feedback to determine fuel mix/",4.0,75
2026-08-17 12:10:52.494,677.0,0.0,92.0,38.0,20.0,99.0,-0.79,25.1,-3.12,-1.56,2.19,0.73,0.8,7.0,12.2,19.61,"Closed loop, using oxygen sensor feedback to determine fuel mix/",4.0,75
2026-08-17 12:10:54.204,684.75,0.0,91.0,38.0,20.0,99.0,-0.79,25.1,-2.34,-1.56,2.2,0.78,0.78,7.0,12.1,19.61,"Closed loop, using oxygen sensor feedback to determine fuel mix/",4.0,75
2026-08-17 12:10:55.911,679.75,0.0,91.0,38.0,18.0,99.0,-0.81,25.1,-2.34,-1.56,2.17,0.76,0.79,7.0,12.1,19.61,"Closed loop, using oxygen sensor feedback to determine fuel mix/",4.0,75
2026-08-17 12:10:57.608,678.0,0.0,91.0,38.0,19.0,99.0,-0.8,25.1,0.78,-1.56,2.19,0.14,0.8,6.0,12.1,19.22,"Closed loop, using oxygen sensor feedback to determine fuel mix/",4.0,75
2026-08-17 12:10:59.314,680.0,0.0,91.0,38.0,19.0,99.0,-0.8,25.1,0.78,-1.56,2.17,0.1,0.81,7.0,12.1,19.61,"Closed loop, using oxygen sensor feedback to determine fuel mix/",4.0,75
2026-08-17 12:11:01.006,685.25,0.0,90.0,38.0,20.0,99.0,-0.79,25.88,1.56,-1.56,2.42,0.09,0.8,13.5,12.2,36.86,"Closed loop, using oxygen sensor feedback to determine fuel mix/",4.0,75
2026-08-17 12:11:02.699,1069.25,3.0,90.0,38.0,27.0,99.0,-0.72,28.63,-1.56,-4.69,3.6,0.85,0.77,19.0,12.1,25.88,"Closed loop, using oxygen sensor feedback to determine fuel mix/",4.0,76
2026-08-17 12:11:04.393,1178.0,6.0,90.0,38.0,32.0,99.0,-0.67,30.98,2.34,-4.69,5.06,0.07,0.68,32.5,12.1,24.31,"Closed loop, using oxygen sensor feedback to determine fuel mix/",4.0,76
2026-08-17 12:11:06.100,1361.25,9.0,90.0,38.0,33.0,99.0,-0.66,31.76,7.03,-4.69,6.38,0.09,0.14,35.5,12.1,19.61,"Closed loop, using oxygen sensor feedback to determine fuel mix/",4.0,76
2026-08-17 12:11:07.808,1844.5,14.0,90.0,38.0,19.0,99.0,-0.8,28.63,3.12,0.78,3.56,0.87,0.14,40.0,12.2,6.27,"Closed loop, using oxygen sensor feedback to determine fuel mix/",4.0,76
2026-08-17 12:11:09.519,1129.0,14.0,90.0,38.0,18.0,99.0,-0.81,28.24,0.78,0.78,3.64,0.78,0.83,-4.5,12.1,18.04,"Closed loop, using oxygen sensor feedback to determine fuel mix/",4.0,76
2026-08-17 12:11:11.213,875.75,12.0,90.0,38.0,15.0,99.0,-0.84,23.53,-4.69,0.78,1.96,0.88,0.86,-1.5,12.0,16.86,"Closed loop, using oxygen sensor feedback to determine fuel mix/",4.0,76
2026-08-17 12:11:12.921,703.5,4.0,90.0,38.0,23.0,99.0,-0.76,26.67,-6.25,0.78,2.75,0.77,0.82,-2.5,12.1,24.31,"Closed loop, using oxygen sensor feedback to determine fuel mix/",4.0,76
2026-08-17 12:11:14.624,703.25,3.0,90.0,38.0,21.0,99.0,-0.78,26.27,-1.56,-1.56,2.55,0.84,0.78,1.5,12.1,22.35,"Closed loop, using oxygen sensor feedback to determine fuel mix/",4.0,76
2026-08-17 12:11:16.325,740.5,4.0,90.0,38.0,19.0,99.0,-0.8,26.27,-3.12,-4.69,3.97,0.42,0.8,2.0,12.2,69.8,"Closed loop, using oxygen sensor feedback to determine fuel mix/",4.0,76
2026-08-17 12:11:18.026,1692.25,10.0,90.0,38.0,42.0,99.0,-0.57,35.29,7.03,-4.69,12.14,0.53,0.18,24.5,12.1,12.94,"Closed loop, using oxygen sensor feedback to determine fuel mix/",4.0,76
2026-08-17 12:11:19.720,1480.5,14.0,90.0,38.0,27.0,99.0,-0.72,31.37,0.0,-3.91,7.19,0.1,0.8,25.0,12.1,25.1,"Closed loop, using oxygen sensor feedback to determine fuel mix/",4.0,76
2026-08-17 12:11:21.414,1652.5,17.0,90.0,38.0,34.0,99.0,-0.65,32.55,1.56,-3.12,4.4,0.77,0.41,21.5,12.2,8.24,"Closed loop, using oxygen sensor feedback to determine fuel mix/",4.0,76
2026-08-17 12:11:23.107,1452.75,18.0,90.0,38.0,15.0,99.0,-0.84,28.24,-1.56,0.0,3.51,0.84,0.85,7.0,12.1,11.37,"Closed loop, using oxygen sensor feedback to determine fuel mix/",4.0,76
2026-08-17 12:11:24.822,1347.0,17.0,91.0,38.0,16.0,99.0,-0.83,28.24,-6.25,0.0,3.54,0.81,0.83,1.5,12.0,14.9,"Closed loop, using oxygen sensor feedback to determine fuel mix/",4.0,76
2026-08-17 12:11:26.522,1102.0,14.0,91.0,38.0,14.0,99.0,-0.85,26.67,-7.03,0.0,2.61,0.81,0.82,0.5,12.1,14.51,"Closed loop, using oxygen sensor feedback to determine fuel mix/",4.0,76
2026-08-17 12:11:28.220,917.75,12.0,91.0,38.0,14.0,99.0,-0.85,23.14,-3.12,0.0,1.86,0.2,0.83,3.0,12.0,15.29,"Closed loop, using oxygen sensor feedback to determine fuel mix/",4.0,75
2026-08-17 12:11:29.922,752.0,10.0,91.0,38.0,15.0,99.0,-0.84,21.96,-4.69,0.0,1.62,0.87,0.84,17.5,12.1,13.73,"Closed loop, using oxygen sensor feedback to determine fuel mix/",4.0,75
2026-08-17 12:11:31.627,706.5,8.0,91.0,39.0,18.0,99.0,-0.81,25.88,-10.16,-0.78,2.44,0.12,0.82,2.0,12.1,21.18,"Closed loop, using oxygen sensor feedback to determine fuel mix/",4.0,75
2026-08-17 12:11:33.324,791.75,7.0,91.0,39.0,18.0,99.0,-0.81,29.02,0.78,-3.12,6.13,0.77,0.78,5.0,12.1,40.39,"Closed loop, using oxygen sensor feedback to determine fuel mix/",4.0,75
2026-08-17 12:11:35.021,1477.5,11.0,91.0,38.0,23.0,99.0,-0.76,27.84,3.12,-3.12,2.31,0.85,0.28,13.0,12.2,10.2,"Closed loop, using oxygen sensor feedback to determine fuel mix/",4.0,76
2026-08-17 12:11:36.708,1208.5,11.0,92.0,38.0,14.0,99.0,-0.85,26.67,-0.78,-0.78,2.71,0.88,0.89,8.5,12.2,15.29,"Closed loop, using oxygen sensor feedback to determine fuel mix/",4.0,76
2026-08-17 12:11:38.409,1307.25,10.0,92.0,38.0,24.0,99.0,-0.75,30.2,-6.25,-3.91,4.64,0.85,0.83,13.0,12.2,9.41,"Closed loop, using oxygen sensor feedback to determine fuel mix/",4.0,76
2026-08-17 12:11:40.113,1160.25,10.0,92.0,38.0,16.0,99.0,-0.83,26.27,-9.38,-0.78,2.64,0.78,0.84,9.5,12.1,18.04,"Closed loop, using oxygen sensor feedback to determine fuel mix/",4.0,76
2026-08-17 12:11:41.804,1290.25,9.0,92.0,38.0,30.0,99.0,-0.69,32.55,-3.91,-3.12,6.57,0.83,0.83,26.0,12.1,29.8,"Closed loop, using oxygen sensor feedback to determine fuel mix/",4.0,76
2026-08-17 12:11:43.500,1637.5,10.0,92.0,38.0,41.0,99.0,-0.58,34.9,3.12,-3.91,11.13,0.13,0.17,19.0,12.2,22.35,"Closed loop, using oxygen sensor feedback to determine fuel mix/",4.0,76
2026-08-17 12:11:45.210,1466.25,11.0,92.0,38.0,13.0,99.0,-0.86,28.63,-0.78,-2.34,3.82,0.9,0.88,15.5,12.1,14.9,"Closed loop, using oxygen sensor feedback to determine fuel mix/",4.0,76
2026-08-17 12:11:46.903,1290.0,9.0,93.0,38.0,30.0,99.0,-0.69,28.63,-3.91,-3.12,3.72,0.81,0.85,18.5,12.1,18.82,"Closed loop, using oxygen sensor feedback to determine fuel mix/",4.0,76
2026-08-17 12:11:48.595,1189.0,7.0,92.0,38.0,39.0,99.0,-0.6,34.51,-3.91,-3.91,9.42,0.04,0.72,21.0,12.1,26.27,"Closed loop, using oxygen sensor feedback to determine fuel mix/",4.0,76
2026-08-17 12:11:50.287,1693.5,10.0,93.0,38.0,40.0,99.0,-0.59,35.29,4.69,-3.12,11.08,0.8,0.2,21.5,12.2,,"Closed loop, using oxygen sensor feedback to determine fuel mix/",4.0,76
2026-08-17 12:11:51.963,1496.0,11.0,93.0,38.0,23.0,99.0,-0.76,30.59,-0.78,-1.56,4.76,0.87,0.88,41.0,12.1,12.16,"Closed loop, using oxygen sensor feedback to determine fuel mix/",4.0,76
2026-08-17 12:11:53.674,1459.0,11.0,93.0,38.0,15.0,99.0,-0.84,27.06,-6.25,-0.78,2.76,0.76,0.81,31.5,12.1,10.59,"Closed loop, using oxygen sensor feedback to determine fuel mix/",4.0,76
2026-08-17 12:11:55.383,1366.0,9.0,93.0,38.0,33.0,99.0,-0.66,32.94,-3.12,-3.12,7.21,0.06,0.74,31.0,12.1,20.0,"Closed loop, using oxygen sensor feedback to determine fuel mix/",4.0,76
2026-08-17 12:11:57.104,1446.5,11.0,93.0,38.0,23.0,99.0,-0.76,30.2,2.34,-2.34,4.57,0.86,0.52,41.0,12.2,12.55,"Closed loop, using oxygen sensor feedback to determine fuel mix/",4.0,76
2026-08-17 12:11:58.801,1514.5,11.0,93.0,38.0,23.0,99.0,-0.76,31.37,-2.34,-2.34,5.35,0.34,0.8,41.0,12.1,12.55,"Closed loop, using oxygen sensor feedback to determine fuel mix/",4.0,76
2026-08-17 12:12:00.513,1569.5,12.0,93.0,38.0,26.0,99.0,-0.73,31.37,1.56,-3.12,5.65,0.2,0.75,22.0,12.1,11.37,"Closed loop, using oxygen sensor feedback to determine fuel mix/",4.0,76
2026-08-17 12:12:02.218,1316.75,10.0,94.0,38.0,14.0,99.0,-0.85,26.67,-3.91,-0.78,2.71,0.76,0.85,29.5,12.1,12.55,"Closed loop, using oxygen sensor feedback to determine fuel mix/",4.0,76
2026-08-17 12:12:03.907,1161.75,8.0,94.0,38.0,25.0,99.0,-0.74,30.2,-2.34,-3.12,4.32,0.83,0.81,18.5,12.0,22.35,"Closed loop, using oxygen sensor feedback to determine fuel mix/",4.0,77
2026-08-17 12:12:05.601,1109.5,7.0,94.0,38.0,30.0,99.0,-0.69,29.8,-3.91,-2.34,4.33,0.09,0.84,17.0,12.1,22.35,"Closed loop, using oxygen sensor feedback to determine fuel mix/",4.0,77
2026-08-17 12:12:07.312,951.25,5.0,94.0,38.0,29.0,99.0,-0.7,29.41,1.56,-3.12,3.98,0.14,0.78,24.5,12.1,25.49,"Closed loop, using oxygen sensor feedback to determine fuel mix/",,77
2026-08-17 12:12:08.971,970.25,6.0,94.0,38.0,21.0,99.0,-0.78,28.24,-1.56,-0.78,3.51,0.07,0.77,3.5,12.2,24.31,"Closed loop, using oxygen sensor feedback to determine fuel mix/",4.0,77
2026-08-17 12:12:10.670,886.75,7.0,94.0,38.0,18.0,99.0,-0.81,26.27,-1.56,-0.78,2.67,0.87,0.83,-2.5,12.0,20.0,"Closed loop, using oxygen sensor feedback to determine fuel mix/",4.0,77
2026-08-17 12:12:12.371,827.0,7.0,94.0,38.0,17.0,99.0,-0.82,25.49,-4.69,-0.78,2.32,0.84,0.85,2.5,12.1,19.22,"Closed loop, using oxygen sensor feedback to determine fuel mix/",4.0,77
2026-08-17 12:12:14.069,873.25,7.0,95.0,38.0,20.0,99.0,-0.79,26.67,-2.34,-3.12,2.8,0.09,0.81,5.0,12.1,19.61,"Closed loop, using oxygen sensor feedback to determine fuel mix/",4.0,77
2026-08-17 12:12:15.774,1247.5,8.0,95.0,38.0,32.0,99.0,-0.67,32.16,-3.91,-3.91,6.59,0.69,0.79,20.5,12.2,28.24,"Closed loop, using oxygen sensor feedback to determine fuel mix/",4.0,77
2026-08-17 12:12:17.470,1950.75,14.0,95.0,38.0,39.0,99.0,-0.6,35.29,3.12,-3.91,12.33,0.77,0.3,7.0,12.1,21.18,"Closed loop, using oxygen sensor feedback to determine fuel mix/",4.0,77
2026-08-17 12:12:19.190,1805.75,19.0,95.0,38.0,42.0,99.0,-0.57,35.29,5.47,-3.12,12.43,0.58,0.6,20.0,12.1,21.18,"Closed loop, using oxygen sensor feedback to determine fuel mix/",4.0,77
2026-08-17 12:12:20.916,1662.25,23.0,95.0,38.0,39.0,99.0,-0.6,34.12,3.12,-2.34,9.39,0.07,0.6,15.5,12.2,36.47,"Closed loop, using oxygen sensor feedback to determine fuel mix/",4.0,77
2026-08-17 12:12:22.625,1299.0,26.0,95.0,38.0,27.0,99.0,-0.72,29.02,2.34,-0.78,3.88,0.9,0.84,37.5,12.1,18.82,"Closed loop, using oxygen sensor feedback to determine fuel mix/",4.0,77
2026-08-17 12:12:24.333,1403.25,28.0,95.0,38.0,39.0,99.0,-0.6,33.73,5.47,-2.34,7.72,0.14,0.69,29.0,12.1,18.82,"Closed loop, using oxygen sensor feedback to determine fuel mix/",4.0,77
2026-08-17 12:12:26.040,1485.25,29.0,96.0,38.0,32.0,99.0,-0.67,31.76,-5.47,-0.78,5.98,0.81,0.84,33.0,12.1,27.45,"Closed loop, using oxygen sensor feedback to determine fuel mix/",4.0,77
2026-08-17 12:12:27.751,1221.5,31.0,96.0,38.0,37.0,99.0,-0.62,31.76,-3.91,-1.56,5.99,0.08,0.77,33.0,12.1,26.67,"Closed loop, using oxygen sensor feedback to determine fuel mix/",4.0,77
2026-08-17 12:12:29.460,1173.25,31.0,96.0,38.0,14.0,99.0,-0.85,25.88,-3.12,0.0,2.49,0.86,0.79,7.0,12.1,12.16,"Closed loop, using oxygen sensor feedback to determine fuel mix/",4.0,77
2026-08-17 12:12:31.172,1065.0,28.0,96.0,38.0,15.0,99.0,-0.84,26.27,-7.03,0.0,2.72,0.86,0.8,7.5,12.1,14.51,"Closed loop, using oxygen sensor feedback to determine fuel mix/",4.0,77
2026-08-17 12:12:32.894,1182.0,24.0,96.0,38.0,15.0,99.0,-0.84,26.67,-5.47,-0.78,2.77,0.82,0.8,4.0,12.0,13.73,"Closed loop, using oxygen sensor feedback to determine fuel mix/",4.0,77
2026-08-17 12:12:34.584,959.75,19.0,96.0,38.0,15.0,99.0,-0.84,25.1,-8.59,-3.12,2.29,0.74,0.8,10.0,12.1,21.18,"Closed loop, using oxygen sensor feedback to determine fuel mix/",4.0,77
2026-08-17 12:12:36.294,1016.75,12.0,96.0,38.0,15.0,99.0,-0.84,23.53,-7.03,-3.12,1.94,0.08,0.76,3.5,12.0,14.9,"Closed loop, using oxygen sensor feedback to determine fuel mix/",4.0,77
2026-08-17 12:12:37.985,689.0,7.0,96.0,38.0,20.0,99.0,-0.79,24.71,-7.03,-3.12,2.15,0.75,0.74,1.5,12.1,19.61,"Closed loop, using oxygen sensor feedback to determine fuel mix/",4.0,77
2026-08-17 12:12:39.686,685.0,2.0,96.0,39.0,22.0,99.0,-0.77,25.49,-7.81,-3.91,2.33,0.06,0.77,6.0,12.1,20.78,"Closed loop, using oxygen sensor feedback to determine fuel mix/",4.0,77
2026-08-17 12:12:41.384,688.75,0.0,96.0,39.0,21.0,99.0,-0.78,25.49,-3.12,-3.91,2.34,0.08,0.74,3.5,12.1,20.39,"Closed loop, using oxygen sensor feedback to determine fuel mix/",4.0,77
2026-08-17 12:12:43.089,688.0,0.0,96.0,39.0,21.0,99.0,-0.78,25.49,0.0,-3.91,2.29,0.68,0.72,1.5,12.1,20.78,"Closed loop, using oxygen sensor feedback to determine fuel mix/",4.0,77
2026-08-17 12:12:44.793,672.0,0.0,96.0,39.0,20.0,99.0,-0.79,25.49,-5.47,-4.69,2.33,0.07,0.72,4.5,12.1,20.78,"Closed loop, using oxygen sensor feedback to determine fuel mix/",4.0,77
2026-08-17 12:12:46.503,684.0,0.0,96.0,39.0,20.0,99.0,-0.79,25.49,0.0,-4.69,2.34,0.17,0.71,1.0,12.1,20.39,"Closed loop, using oxygen sensor feedback to determine fuel mix/",4.0,77
2026-08-17 12:12:48.225,679.25,0.0,96.0,39.0,21.0,99.0,-0.78,25.49,-3.91,-4.69,2.31,0.08,0.71,2.5,12.0,20.78,"Closed loop, using oxygen sensor feedback to determine fuel mix/",4.0,77
2026-08-17 12:12:49.916,675.75,0.0,96.0,39.0,20.0,99.0,-0.79,25.49,0.78,-4.69,2.29,0.72,0.71,3.0,12.1,20.39,"Closed loop, using oxygen sensor feedback to determine fuel mix/",4.0,77
2026-08-17 12:12:51.611,680.5,0.0,96.0,38.0,20.0,99.0,-0.79,25.49,-3.12,-4.69,2.29,0.09,0.71,4.0,12.1,20.78,"Closed loop, using oxygen sensor feedback to determine fuel mix/",4.0,78
2026-08-17 12:12:53.317,675.5,0.0,96.0,39.0,21.0,99.0,-0.78,25.49,-2.34,-4.69,2.28,0.7,0.7,2.0,12.1,20.78,"Closed loop, using oxygen sensor feedback to determine fuel mix/",4.0,78
2026-08-17 12:12:55.031,682.25,0.0,96.0,39.0,21.0,99.0,-0.78,25.49,0.78,-4.69,2.28,0.1,0.7,2.5,12.1,20.39,"Closed loop, using oxygen sensor feedback to determine fuel mix/",4.0,78
2026-08-17 12:12:56.735,678.25,0.0,96.0,39.0,21.0,99.0,-0.78,25.49,-3.12,-4.69,2.3,0.1,0.7,3.0,12.0,20.39,"Closed loop, using oxygen sensor feedback to determine fuel mix/",4.0,78
2026-08-17 12:12:58.427,690.75,0.0,96.0,39.0,20.0,99.0,-0.79,25.49,-2.34,-4.69,2.27,0.75,0.7,0.5,12.1,20.39,"Closed loop, using oxygen sensor feedback to determine fuel mix/",4.0,78
2026-08-17 12:13:00.124,673.25,0.0,96.0,39.0,20.0,99.0,-0.79,25.49,0.78,-4.69,2.3,0.09,0.7,5.0,12.0,20.39,"Closed loop, using oxygen sensor feedback to determine fuel mix/",4.0,78
2026-08-17 12:13:01.830,679.5,0.0,96.0,39.0,21.0,99.0,-0.78,25.49,-3.12,-4.69,2.27,0.1,0.7,3.5,12.1,20.39,"Closed loop, using oxygen sensor feedback to determine fuel mix/",4.0,78
2026-08-17 12:13:03.540,684.5,0.0,96.0,39.0,19.0,99.0,-0.8,25.49,1.56,-4.69,2.26,0.6,0.7,1.0,12.0,20.0,"Closed loop, using oxygen sensor feedback to determine fuel mix/",4.0,78
2026-08-17 12:13:05.230,680.25,0.0,96.0,39.0,31.0,99.0,-0.68,32.94,0.78,-4.69,7.2,0.06,0.7,3.0,12.2,34.9,"Closed loop, using oxygen sensor feedback to determine fuel mix/",4.0,78
2026-08-17 12:13:06.923,1487.25,8.0,96.0,38.0,37.0,99.0,-0.62,33.33,7.03,-4.69,9.09,0.74,0.58,22.0,12.1,20.39,"Closed loop, using oxygen sensor feedback to determine fuel mix/",4.0,79
2026-08-17 12:13:08.617,1880.0,14.0,96.0,39.0,35.0,99.0,-0.64,34.9,7.03,-4.69,12.81,0.1,0.66,-2.5,12.2,28.24,"Closed loop, using oxygen sensor feedback to determine fuel mix/",4.0,79
2026-08-17 12:13:10.324,2329.25,21.0,97.0,38.0,60.0,99.0,-0.39,39.22,-2.34,-3.91,24.48,0.5,0.8,9.5,12.1,29.02,"Closed loop, using oxygen sensor feedback to determine fuel mix/",4.0,79
2026-08-17 12:13:12.014,1823.0,28.0,97.0,38.0,59.0,99.0,-0.4,43.53,2.34,-3.91,22.88,0.69,0.68,-3.0,12.1,42.35,"Closed loop, using oxygen sensor feedback to determine fuel mix/",4.0,79
2026-08-17 12:13:13.710,1735.5,34.0,97.0,38.0,55.0,99.0,-0.44,37.25,1.56,-3.91,17.33,0.2,0.7,6.5,12.1,32.16,"Closed loop, using oxygen sensor feedback to determine fuel mix/",4.0,79
2026-08-17 12:13:15.403,1922.0,38.0,97.0,38.0,33.0,99.0,-0.66,34.12,10.16,-3.91,8.84,0.28,0.69,11.5,12.1,17.65,"Closed loop, using oxygen sensor feedback to determine fuel mix/",4.0,79
2026-08-17 12:13:17.096,1567.5,40.0,97.0,38.0,47.0,99.0,-0.52,37.25,11.72,-3.91,15.91,0.83,0.59,4.5,12.1,32.16,"Closed loop, using oxygen sensor feedback to determine fuel mix/",4.0,79
2026-08-17 12:13:18.791,1622.0,43.0,97.0,38.0,36.0,99.0,-0.63,30.98,0.0,-1.56,3.97,0.28,0.72,12.0,12.2,4.31,"Closed loop, using oxygen sensor feedback to determine fuel mix/",4.0,78
2026-08-17 12:13:20.481,1650.25,42.0,97.0,39.0,15.0,99.0,-0.84,29.02,-0.78,-1.56,4.09,0.83,0.72,31.5,12.1,7.84,"Closed loop, using oxygen sensor feedback to determine fuel mix/",4.0,78
2026-08-17 12:13:22.173,1615.75,42.0,97.0,39.0,14.0,99.0,-0.85,27.84,-7.03,-2.34,3.56,0.83,0.76,19.0,12.1,7.45,"Closed loop, using oxygen sensor feedback to determine fuel mix/",4.0,78
2026-08-17 12:13:23.944,1573.0,41.0,98.0,38.0,13.0,99.0,-0.86,27.45,-3.91,-2.34,3.34,0.78,0.73,14.0,12.1,7.45,"Closed loop, using oxygen sensor feedback to determine fuel mix/",4.0,78
2026-08-17 12:13:25.638,1508.75,40.0,98.0,38.0,13.0,99.0,-0.86,27.45,-5.47,-2.34,3.17,0.76,0.73,10.0,12.1,7.45,"Closed loop, using oxygen sensor feedback to determine fuel mix/",4.0,78
2026-08-17 12:13:27.332,1450.75,39.0,98.0,38.0,13.0,99.0,-0.86,27.06,-1.56,-3.12,3.04,0.12,0.72,34.0,12.1,8.63,"Closed loop, using oxygen sensor feedback to determine fuel mix/",4.0,78
2026-08-17 12:13:29.027,1500.25,38.0,98.0,38.0,15.0,99.0,-0.84,29.02,-3.91,-3.12,4.04,0.22,0.72,28.0,12.1,9.8,"Closed loop, using oxygen sensor feedback to determine fuel mix/",4.0,78
2026-08-17 12:13:30.718,1456.5,38.0,97.0,38.0,20.0,99.0,-0.79,30.98,-3.12,-3.12,5.14,0.79,0.71,39.0,12.1,14.51,"Closed loop, using oxygen sensor feedback to determine fuel mix/",4.0,78
2026-08-17 12:13:32.428,1465.0,38.0,97.0,38.0,26.0,99.0,-0.73,30.98,0.0,-3.12,5.27,0.09,0.71,39.0,12.1,14.12,"Closed loop, using oxygen sensor feedback to determine fuel mix/",4.0,78
2026-08-17 12:13:34.122,1442.5,38.0,97.0,38.0,14.0,99.0,-0.85,27.06,0.0,0.0,3.08,0.04,0.7,3.0,12.1,9.02,Open loop due to engine load OR fuel cut due to deceleration/,4.0,78
2026-08-17 12:13:35.813,1394.5,37.0,97.0,38.0,13.0,99.0,-0.86,27.06,7.81,-4.69,3.01,0.86,0.67,12.0,12.1,9.41,Open loop due to engine load OR fuel cut due to deceleration/,4.0,78
2026-08-17 12:13:37.522,1388.5,36.0,97.0,38.0,15.0,99.0,-0.84,28.24,6.25,-4.69,3.57,0.86,0.69,29.0,12.1,10.98,Open loop due to engine load OR fuel cut due to deceleration/,4.0,78
2026-08-17 12:13:39.217,1397.75,36.0,96.0,38.0,15.0,99.0,-0.84,28.24,4.69,-4.69,3.57,0.85,0.74,28.5,12.1,11.76,Open loop due to engine load OR fuel cut due to deceleration/,4.0,78
2026-08-17 12:13:40.919,1328.5,35.0,96.0,38.0,15.0,99.0,-0.84,26.67,0.0,0.78,2.95,0.03,0.78,-2.0,12.2,10.59,Open loop due to engine load OR fuel cut due to deceleration/,4.0,78
2026-08-17 12:13:42.611,1268.25,33.0,96.0,38.0,17.0,99.0,-0.82,27.45,0.0,0.78,3.19,0.01,0.09,-2.5,13.3,13.73,Open loop due to engine load OR fuel cut due to deceleration/,4.0,78
2026-08-17 12:13:44.321,1159.25,30.0,95.0,38.0,18.0,99.0,-0.81,26.67,0.0,0.78,2.87,0.01,0.01,-3.5,13.9,15.29,Open loop due to engine load OR fuel cut due to deceleration/,4.0,78
2026-08-17 12:13:46.016,1043.5,27.0,94.0,38.0,15.0,99.0,-0.84,26.27,7.81,0.78,2.58,0.04,0.02,4.0,12.9,17.25,Open loop due to engine load OR fuel cut due to deceleration/,4.0,78
2026-08-17 12:13:47.711,983.75,26.0,94.0,38.0,14.0,99.0,-0.85,25.1,7.81,0.78,2.35,0.9,0.07,5.5,12.2,15.69,Open loop due to engine load OR fuel cut due to deceleration/,4.0,78
2026-08-17 12:13:49.403,1267.75,26.0,94.0,38.0,14.0,99.0,-0.85,26.67,7.81,0.78,2.85,0.9,0.1,5.5,12.2,11.76,Open loop due to engine load OR fuel cut due to deceleration/,4.0,78
2026-08-17 12:13:51.111,1316.0,25.0,94.0,38.0,15.0,99.0,-0.84,29.8,7.81,-4.69,5.24,0.86,0.12,21.5,12.2,16.86,Open loop due to engine load OR fuel cut due to deceleration/,4.0,78
2026-08-17 12:13:52.810,1790.75,27.0,93.0,38.0,43.0,99.0,-0.56,36.08,7.81,-4.69,13.52,0.81,0.19,16.0,12.2,26.27,Open loop due to engine load OR fuel cut due to deceleration/,4.0,78
2026-08-17 12:13:54.515,1672.5,31.0,93.0,38.0,41.0,99.0,-0.58,34.9,3.91,-4.69,10.95,0.07,0.32,20.0,12.1,20.78,Open loop due to engine load OR fuel cut due to deceleration/,4.0,79
2026-08-17 12:13:56.220,1279.75,33.0,92.0,39.0,42.0,99.0,-0.57,33.33,3.91,-4.69,8.19,0.06,0.33,17.0,12.2,32.94,"Closed loop, using oxygen sensor feedback to determine fuel mix/",4.0,79
2026-08-17 12:13:57.924,1364.0,35.0,92.0,39.0,42.0,99.0,-0.57,34.51,6.25,-4.69,9.45,0.73,0.33,17.5,12.5,29.8,"Closed loop, using oxygen sensor feedback to determine fuel mix/",4.0,79
2026-08-17 12:13:59.624,1452.25,37.0,92.0,39.0,44.0,99.0,-0.55,35.69,7.03,-4.69,12.45,0.83,0.34,10.0,12.3,30.59,"Closed loop, using oxygen sensor feedback to determine fuel mix/",4.0,79
2026-08-17 12:14:01.332,1525.75,40.0,91.0,39.0,38.0,99.0,-0.61,33.73,0.78,-3.12,8.63,0.78,0.36,23.5,12.2,19.61,"Closed loop, using oxygen sensor feedback to determine fuel mix/",4.0,79
2026-08-17 12:14:03.042,1578.5,41.0,91.0,39.0,36.0,99.0,-0.63,33.33,5.47,-2.34,8.48,0.12,0.37,25.5,12.2,17.25,"Closed loop, using oxygen sensor feedback to determine fuel mix/",4.0,79
2026-08-17 12:14:04.729,1620.0,42.0,90.0,39.0,26.0,99.0,-0.73,30.98,0.0,-0.78,5.54,0.85,0.4,43.5,12.2,10.59,"Closed loop, using oxygen sensor feedback to determine fuel mix/",4.0,79
2026-08-17 12:14:06.426,1556.5,42.0,90.0,39.0,14.0,99.0,-0.85,27.45,0.0,0.0,3.29,0.01,0.46,-3.0,12.3,7.45,Open loop due to engine load OR fuel cut due to deceleration/,4.0,79
2026-08-17 12:14:08.131,1509.0,40.0,90.0,39.0,15.0,99.0,-0.84,29.02,7.81,-4.69,4.75,0.02,0.03,26.5,12.7,11.37,Open loop due to engine load OR fuel cut due to deceleration/,4.0,79
2026-08-17 12:14:09.824,1593.25,39.0,90.0,38.0,32.0,99.0,-0.67,33.73,7.81,-4.69,9.16,0.71,0.09,24.5,12.2,19.22,Open loop due to engine load OR fuel cut due to deceleration/,4.0,79
2026-08-17 12:14:11.522,1550.0,40.0,90.0,38.0,35.0,99.0,-0.64,33.73,7.81,-4.69,8.38,0.76,0.12,24.5,12.3,18.82,Open loop due to engine load OR fuel cut due to deceleration/,4.0,79
2026-08-17 12:14:13.216,1661.0,42.0,90.0,38.0,48.0,99.0,-0.51,37.25,5.47,-4.69,16.16,0.88,0.15,5.5,12.2,32.55,Open loop due to engine load OR fuel cut due to deceleration/,4.0,79
2026-08-17 12:14:14.909,1686.25,44.0,90.0,39.0,14.0,99.0,-0.85,27.06,-2.34,-4.69,2.96,0.85,0.76,0.5,12.2,6.67,"Closed loop, using oxygen sensor feedback to determine fuel mix/",4.0,79
2026-08-17 12:14:16.602,1719.5,43.0,90.0,39.0,17.0,99.0,-0.82,30.98,-4.69,-3.91,5.47,0.74,0.69,29.0,12.2,10.98,"Closed loop, using oxygen sensor feedback to determine fuel mix/",4.0,79
2026-08-17 12:14:18.310,1704.0,43.0,89.0,39.0,19.0,99.0,-0.8,31.76,0.78,-3.91,5.97,0.12,0.66,30.5,12.2,12.55,"Closed loop, using oxygen sensor feedback to determine fuel mix/",4.0,79
2026-08-17 12:14:20.014,1711.0,43.0,90.0,38.0,41.0,99.0,-0.58,35.29,4.69,-3.91,11.52,0.07,0.71,20.0,12.3,23.14,"Closed loop, using oxygen sensor feedback to determine fuel mix/",4.0,79
2026-08-17 12:14:21.716,1645.25,44.0,90.0,39.0,13.0,99.0,-0.86,28.24,0.0,-0.78,3.32,0.76,0.72,-3.5,12.2,6.67,Open loop due to engine load OR fuel cut due to deceleration/,4.0,79
2026-08-17 12:14:23.423,1614.25,42.0,89.0,39.0,15.0,99.0,-0.84,27.45,0.0,0.0,3.39,0.01,0.09,-3.0,13.3,7.06,Open loop due to engine load OR fuel cut due to deceleration/,4.0,79
2026-08-17 12:14:25.113,1665.5,41.0,89.0,39.0,22.0,99.0,-0.77,31.76,7.81,-4.69,5.73,0.78,0.06,26.0,12.3,11.37,Open loop due to engine load OR fuel cut due to deceleration/,4.0,79
2026-08-17 12:14:26.803,1655.0,41.0,89.0,38.0,24.0,99.0,-0.75,31.37,7.81,-4.69,5.43,0.86,0.1,5.0,12.2,6.67,Open loop due to engine load OR fuel cut due to deceleration/,4.0,79
2026-08-17 12:14:28.502,1547.5,41.0,89.0,39.0,14.0,99.0,-0.85,27.84,7.81,-3.91,3.28,0.02,0.12,33.5,12.2,7.45,Open loop due to engine load OR fuel cut due to deceleration/,4.0,79
2026-08-17 12:14:30.208,1460.75,40.0,89.0,39.0,12.0,99.0,-0.87,27.06,0.0,0.0,3.16,0.05,0.09,-4.0,12.2,7.84,Open loop due to engine load OR fuel cut due to deceleration/,4.0,79
2026-08-17 12:14:31.929,1450.25,38.0,89.0,39.0,16.0,99.0,-0.83,27.06,0.0,0.0,3.02,0.01,0.01,-3.0,13.5,8.63,Open loop due to engine load OR fuel cut due to deceleration/,4.0,79
2026-08-17 12:14:33.626,1385.0,36.0,89.0,38.0,17.0,99.0,-0.82,27.06,0.0,0.0,3.06,0.01,0.0,-3.0,14.0,10.2,Open loop due to engine load OR fuel cut due to deceleration/,4.0,79
2026-08-17 12:14:35.328,1314.5,34.0,89.0,38.0,17.0,99.0,-0.82,27.06,0.0,0.0,2.97,0.01,0.0,-1.5,14.0,11.76,Open loop due to engine load OR fuel cut due to deceleration/,4.0,79
2026-08-17 12:14:37.021,1181.5,31.0,89.0,38.0,15.0,99.0,-0.84,26.67,7.81,0.78,2.71,0.01,0.0,8.5,13.4,14.51,Open loop due to engine load OR fuel cut due to deceleration/,4.0,79
2026-08-17 12:14:38.723,1066.0,20.0,89.0,38.0,17.0,99.0,-0.82,26.27,7.81,0.78,2.71,0.88,0.04,-4.0,12.3,20.0,Open loop due to engine load OR fuel cut due to deceleration/,4.0,79
2026-08-17 12:14:40.450,718.25,5.0,89.0,38.0,18.0,99.0,-0.81,24.71,7.81,-0.78,2.2,0.91,0.07,11.5,12.4,19.61,Open loop due to engine load OR fuel cut due to deceleration/,4.0,79
2026-08-17 12:14:42.154,673.0,0.0,89.0,39.0,25.0,99.0,-0.74,27.06,7.81,-1.56,2.89,0.88,0.1,-5.0,12.8,25.49,Open loop due to engine load OR fuel cut due to deceleration/,4.0,79
2026-08-17 12:14:43.860,680.5,0.0,89.0,39.0,20.0,99.0,-0.79,26.27,7.81,-1.56,2.61,0.88,0.11,-4.0,12.4,23.14,Open loop due to engine load OR fuel cut due to deceleration/,4.0,79
2026-08-17 12:14:45.555,676.25,0.0,89.0,39.0,19.0,99.0,-0.8,25.49,7.81,-1.56,2.36,0.89,0.12,-4.0,12.2,21.18,Open loop due to engine load OR fuel cut due to deceleration/,4.0,79
2026-08-17 12:14:47.261,680.75,0.0,89.0,39.0,19.0,99.0,-0.8,24.31,7.81,-1.56,2.08,0.89,0.14,1.0,12.1,18.82,Open loop due to engine load OR fuel cut due to deceleration/,4.0,79
2026-08-17 12:14:48.954,678.75,0.0,89.0,39.0,18.0,99.0,-0.81,23.92,7.81,-1.56,2.03,0.9,0.15,2.5,12.0,18.04,Open loop due to engine load OR fuel cut due to deceleration/,4.0,79
2026-08-17 12:14:50.642,695.0,0.0,89.0,39.0,17.0,99.0,-0.82,24.71,7.81,-1.56,2.12,0.89,0.19,4.5,12.0,19.22,Open loop due to engine load OR fuel cut due to deceleration/,4.0,79
2026-08-17 12:14:52.340,684.75,0.0,89.0,39.0,19.0,99.0,-0.8,24.71,7.03,-1.56,2.16,0.89,0.54,3.0,12.0,19.22,"Closed loop, using oxygen sensor feedback to determine fuel mix/",4.0,79
2026-08-17 12:14:54.046,680.5,0.0,89.0,39.0,19.0,99.0,-0.8,24.71,-3.91,-1.56,2.19,0.76,0.8,4.5,12.0,19.61,"Closed loop, using oxygen sensor feedback to determine fuel mix/",4.0,79
2026-08-17 12:14:55.739,676.25,0.0,90.0,39.0,19.0,99.0,-0.8,25.1,-3.91,-1.56,2.25,0.09,0.82,3.5,12.1,20.0,"Closed loop, using oxygen sensor feedback to determine fuel mix/",4.0,79
2026-08-17 12:14:57.429,674.0,0.0,89.0,39.0,21.0,99.0,-0.78,25.1,-3.91,-1.56,2.25,0.1,0.82,3.0,12.1,20.39,"Closed loop, using oxygen sensor feedback to determine fuel mix/",4.0,79
2026-08-17 12:14:59.123,684.5,0.0,89.0,39.0,19.0,99.0,-0.8,25.1,-3.91,-1.56,2.22,0.78,0.82,3.5,12.1,20.0,"Closed loop, using oxygen sensor feedback to determine fuel mix/",4.0,79
2026-08-17 12:15:00.825,678.0,0.0,90.0,39.0,20.0,99.0,-0.79,25.1,-5.47,-1.56,2.22,0.09,0.83,5.0,12.0,20.0,"Closed loop, using oxygen sensor feedback to determine fuel mix/",4.0,79
2026-08-17 12:15:02.525,676.75,0.0,90.0,39.0,19.0,99.0,-0.8,25.1,-5.47,-1.56,2.25,0.09,0.83,4.0,12.0,20.0,"Closed loop, using oxygen sensor feedback to determine fuel mix/",4.0,79
2026-08-17 12:15:04.222,679.75,0.0,90.0,39.0,20.0,99.0,-0.79,25.1,-3.91,-1.56,2.23,0.74,0.83,2.0,12.1,20.39,"Closed loop, using oxygen sensor feedback to determine fuel mix/",4.0,80
2026-08-17 12:15:05.930,682.25,0.0,90.0,39.0,20.0,99.0,-0.79,25.1,-5.47,-1.56,2.24,0.1,0.83,3.0,12.1,20.0,"Closed loop, using oxygen sensor feedback to determine fuel mix/",4.0,80
2026-08-17 12:15:07.623,677.0,0.0,90.0,39.0,19.0,99.0,-0.8,25.1,-5.47,-1.56,2.25,0.1,0.83,3.5,12.1,20.39,"Closed loop, using oxygen sensor feedback to determine fuel mix/",4.0,80
2026-08-17 12:15:09.332,679.75,0.0,90.0,39.0,21.0,99.0,-0.78,25.1,-5.47,-1.56,2.2,0.67,0.83,2.5,12.1,19.61,"Closed loop, using oxygen sensor feedback to determine fuel mix/",4.0,80
2026-08-17 12:15:11.020,674.5,0.0,90.0,39.0,20.0,99.0,-0.79,25.1,-5.47,-1.56,2.22,0.09,0.83,5.0,12.0,20.0,"Closed loop, using oxygen sensor feedback to determine fuel mix/",4.0,80
2026-08-17 12:15:12.723,676.0,0.0,91.0,39.0,21.0,99.0,-0.78,25.1,-1.56,-1.56,2.24,0.1,0.83,3.5,12.1,20.0,"Closed loop, using oxygen sensor feedback to determine fuel mix/",4.0,80
2026-08-17 12:15:14.428,681.5,0.0,91.0,39.0,19.0,99.0,-0.8,25.1,-5.47,-1.56,2.24,0.1,0.83,2.5,12.1,20.0,"Closed loop, using oxygen sensor feedback to determine fuel mix/",4.0,80
2026-08-17 12:15:16.135,677.25,0.0,91.0,39.0,20.0,99.0,-0.79,25.1,-5.47,-1.56,2.26,0.09,0.83,3.0,12.1,20.0,"Closed loop, using oxygen sensor feedback to determine fuel mix/",4.0,80
2026-08-17 12:15:17.842,682.75,0.0,91.0,39.0,20.0,99.0,-0.79,25.1,-0.78,-1.56,2.23,0.51,0.82,3.5,12.2,20.0,"Closed loop, using oxygen sensor feedback to determine fuel mix/",4.0,80
2026-08-17 12:15:19.536,681.75,0.0,91.0,39.0,21.0,99.0,-0.78,25.1,-5.47,-1.56,2.22,0.09,0.82,5.0,12.1,20.0,"Closed loop, using oxygen sensor feedback to determine fuel mix/",4.0,80
2026-08-17 12:15:21.226,677.0,0.0,91.0,39.0,20.0,99.0,-0.79,25.1,-5.47,-1.56,2.25,0.09,0.82,2.5,12.0,20.0,"Closed loop, using oxygen sensor feedback to determine fuel mix/",4.0,80
2026-08-17 12:15:22.921,682.75,0.0,91.0,39.0,21.0,99.0,-0.78,25.1,-3.91,-1.56,2.21,0.76,0.82,3.5,12.2,20.0,"Closed loop, using oxygen sensor feedback to determine fuel mix/",4.0,80
2026-08-17 12:15:24.608,680.75,0.0,92.0,39.0,21.0,99.0,-0.78,25.1,-5.47,-2.34,2.25,0.09,0.82,4.5,12.1,20.0,"Closed loop, using oxygen sensor feedback to determine fuel mix/",4.0,80
2026-08-17 12:15:26.309,686.75,1.0,92.0,39.0,19.0,99.0,-0.8,25.49,-5.47,-2.34,2.32,0.08,0.82,6.5,12.2,20.39,"Closed loop, using oxygen sensor feedback to determine fuel mix/",4.0,80
2026-08-17 12:15:27.999,715.75,2.0,92.0,39.0,20.0,99.0,-0.79,25.88,0.0,-2.34,2.43,0.66,0.82,3.5,12.2,21.57,"Closed loop, using oxygen sensor feedback to determine fuel mix/",4.0,80
2026-08-17 12:15:29.687,742.25,4.0,92.0,39.0,22.0,99.0,-0.77,29.8,-3.12,-2.34,4.68,0.07,0.82,-1.0,12.2,34.12,"Closed loop, using oxygen sensor feedback to determine fuel mix/",4.0,80
2026-08-17 12:15:31.386,1066.5,7.0,92.0,39.0,29.0,99.0,-0.7,29.41,-3.12,-2.34,3.99,0.84,0.82,25.5,12.2,22.35,"Closed loop, using oxygen sensor feedback to determine fuel mix/",4.0,80
2026-08-17 12:15:33.093,1237.5,9.0,92.0,39.0,35.0,99.0,-0.64,34.9,0.78,-3.12,10.38,0.04,0.82,20.5,12.1,23.53,"Closed loop, using oxygen sensor feedback to determine fuel mix/",4.0,80
2026-08-17 12:15:34.784,2006.0,14.0,92.0,39.0,40.0,99.0,-0.59,36.08,1.56,-3.12,14.92,0.06,0.8,-2.0,12.1,25.1,"Closed loop, using oxygen sensor feedback to determine fuel mix/",4.0,81
2026-08-17 12:15:36.477,1904.25,20.0,93.0,39.0,37.0,99.0,-0.62,33.73,1.56,-1.56,9.2,0.8,0.66,27.0,12.1,16.86,"Closed loop, using oxygen sensor feedback to determine fuel mix/",4.0,81
2026-08-17 12:15:38.172,1078.25,22.0,93.0,40.0,16.0,99.0,-0.83,27.45,-0.78,-0.78,3.3,0.07,0.73,26.0,12.1,15.69,"Closed loop, using oxygen sensor feedback to determine fuel mix/",4.0,81
2026-08-17 12:15:39.862,1469.5,22.0,93.0,39.0,43.0,99.0,-0.56,36.86,3.91,-3.91,15.55,0.07,0.66,11.5,12.2,29.02,"Closed loop, using oxygen sensor feedback to determine fuel mix/",4.0,80
2026-08-17 12:15:41.559,1221.5,24.0,93.0,39.0,14.0,99.0,-0.85,26.27,0.0,-2.34,2.59,0.85,0.64,14.5,12.1,12.94,"Closed loop, using oxygen sensor feedback to determine fuel mix/",4.0,80
2026-08-17 12:15:43.267,1227.75,23.0,93.0,39.0,14.0,99.0,-0.85,26.67,-5.47,-0.78,2.81,0.77,0.69,29.0,12.1,12.94,"Closed loop, using oxygen sensor feedback to determine fuel mix/",4.0,80
2026-08-17 12:15:44.970,1201.5,22.0,93.0,39.0,17.0,99.0,-0.82,27.45,-2.34,-0.78,3.11,0.77,0.7,3.0,12.1,14.51,"Closed loop, using oxygen sensor feedback to determine fuel mix/",4.0,80
2026-08-17 12:15:46.680,1053.5,21.0,93.0,39.0,15.0,99.0,-0.84,25.49,-5.47,-1.56,2.45,0.81,0.71,7.0,12.1,15.69,"Closed loop, using oxygen sensor feedback to determine fuel mix/",4.0,80
2026-08-17 12:15:48.373,1004.0,17.0,93.0,39.0,18.0,99.0,-0.81,28.24,-5.47,-0.78,3.82,0.09,0.71,-2.5,12.1,16.47,"Closed loop, using oxygen sensor feedback to determine fuel mix/",4.0,80
2026-08-17 12:15:50.064,813.0,11.0,94.0,39.0,15.0,,-0.86,22.35,-5.47,-2.34,1.79,0.84,0.71,9.0,12.1,15.29,"Closed loop, using oxygen sensor feedback to determine fuel mix/",4.0,80
2026-08-17 12:15:51.726,675.0,0.0,94.0,39.0,23.0,99.0,-0.76,25.88,-7.03,-2.34,2.51,0.09,0.71,0.0,12.1,22.35,"Closed loop, using oxygen sensor feedback to determine fuel mix/",4.0,80
2026-08-17 12:15:53.453,679.0,0.0,94.0,39.0,20.0,99.0,-0.79,25.49,-2.34,-2.34,2.34,0.09,0.71,0.0,12.1,20.78,"Closed loop, using oxygen sensor feedback to determine fuel mix/",4.0,80
2026-08-17 12:15:55.148,684.75,0.0,94.0,39.0,20.0,99.0,-0.79,25.49,-4.69,-3.12,2.28,0.68,0.71,3.0,12.0,20.39,"Closed loop, using oxygen sensor feedback to determine fuel mix/",4.0,80
2026-08-17 12:15:56.839,680.5,0.0,94.0,39.0,20.0,99.0,-0.79,25.49,-0.78,-3.12,2.28,0.08,0.7,3.5,12.1,20.39,"Closed loop, using oxygen sensor feedback to determine fuel mix/",4.0,80
2026-08-17 12:15:58.532,683.75,0.0,94.0,39.0,20.0,99.0,-0.79,25.1,-3.91,-3.12,2.25,0.1,0.7,4.5,12.1,20.39,"Closed loop, using oxygen sensor feedback to determine fuel mix/",4.0,80
2026-08-17 12:16:00.242,679.0,0.0,94.0,39.0,19.0,99.0,-0.8,25.1,0.78,-3.12,2.25,0.46,0.7,2.0,12.1,20.0,"Closed loop, using oxygen sensor feedback to determine fuel mix/",4.0,80
2026-08-17 12:16:01.949,677.0,0.0,94.0,39.0,21.0,99.0,-0.78,25.1,-3.12,-3.12,2.25,0.09,0.7,5.0,12.1,20.0,"Closed loop, using oxygen sensor feedback to determine fuel mix/",4.0,80
2026-08-17 12:16:03.691,676.0,0.0,94.0,39.0,21.0,99.0,-0.78,25.1,-3.12,-3.12,2.24,0.22,0.7,5.0,12.1,20.0,"Closed loop, using oxygen sensor feedback to determine fuel mix/",4.0,81
2026-08-17 12:16:05.383,684.25,0.0,94.0,39.0,20.0,99.0,-0.79,25.1,0.78,-3.12,2.25,0.45,0.7,2.0,12.1,20.39,"Closed loop, using oxygen sensor feedback to determine fuel mix/",4.0,81
2026-08-17 12:16:07.093,677.0,0.0,94.0,39.0,20.0,99.0,-0.79,25.1,-3.12,-3.12,2.23,0.09,0.7,4.5,12.0,20.0,"Closed loop, using oxygen sensor feedback to determine fuel mix/",4.0,81
2026-08-17 12:16:08.803,678.25,0.0,95.0,39.0,20.0,99.0,-0.79,25.1,-2.34,-3.12,2.24,0.69,0.7,5.5,12.1,20.39,"Closed loop, using oxygen sensor feedback to determine fuel mix/",4.0,81
2026-08-17 12:16:10.522,691.0,0.0,95.0,39.0,20.0,99.0,-0.79,25.1,0.78,-3.12,2.23,0.15,0.7,1.5,12.1,20.0,"Closed loop, using oxygen sensor feedback to determine fuel mix/",4.0,81
2026-08-17 12:16:12.251,679.0,0.0,95.0,39.0,21.0,99.0,-0.78,25.1,-3.12,-3.12,2.24,0.09,0.7,3.5,12.0,20.0,"Closed loop, using oxygen sensor feedback to determine fuel mix/",4.0,81
2026-08-17 12:16:13.970,673.5,0.0,95.0,39.0,21.0,99.0,-0.78,25.1,-2.34,-3.12,,0.73,0.7,3.5,12.1,20.0,"Closed loop, using oxygen sensor feedback to determine fuel mix/",4.0,81
2026-08-17 12:16:15.652,687.25,0.0,95.0,39.0,20.0,99.0,-0.79,25.1,0.78,-3.12,2.26,0.14,0.7,2.5,12.0,20.0,"Closed loop, using oxygen sensor feedback to determine fuel mix/",4.0,81
2026-08-17 12:16:17.361,678.0,0.0,95.0,39.0,21.0,99.0,-0.78,25.1,-3.12,-3.12,2.23,0.09,0.7,3.5,12.1,20.0,"Closed loop, using oxygen sensor feedback to determine fuel mix/",4.0,81
2026-08-17 12:16:19.067,676.0,0.0,95.0,39.0,20.0,99.0,-0.79,,-2.34,-3.12,2.23,0.58,0.69,4.5,12.1,20.0,"Closed loop, using oxygen sensor feedback to determine fuel mix/",4.0,81
2026-08-17 12:16:20.725,682.0,0.0,95.0,39.0,21.0,99.0,-0.78,25.1,0.78,-3.12,2.21,0.25,0.69,2.0,12.0,20.0,"Closed loop, using oxygen sensor feedback to determine fuel mix/",4.0,81
2026-08-17 12:16:22.418,676.5,0.0,96.0,39.0,19.0,99.0,-0.8,25.1,-3.12,-3.12,2.24,0.09,0.69,4.5,12.1,20.0,"Closed loop, using oxygen sensor feedback to determine fuel mix/",4.0,81
2026-08-17 12:16:24.111,680.5,0.0,95.0,39.0,21.0,99.0,-0.78,25.1,-2.34,-3.12,2.23,0.57,0.69,3.0,12.1,20.0,"Closed loop, using oxygen sensor feedback to determine fuel mix/",4.0,81
2026-08-17 12:16:25.802,684.75,0.0,96.0,39.0,20.0,99.0,-0.79,25.1,-2.34,-3.12,2.2,0.76,0.69,5.5,12.0,19.61,"Closed loop, using oxygen sensor feedback to determine fuel mix/",4.0,81
2026-08-17 12:16:27.496,674.25,0.0,96.0,39.0,19.0,99.0,-0.8,25.1,0.78,-3.12,2.22,0.09,0.69,3.5,12.1,20.0,"Closed loop, using oxygen sensor feedback to determine fuel mix/",4.0,81
2026-08-17 12:16:29.205,683.75,0.0,96.0,39.0,19.0,99.0,-0.8,25.1,-3.12,-3.12,2.2,0.12,0.69,5.5,12.1,20.0,"Closed loop, using oxygen sensor feedback to determine fuel mix/",4.0,81
2026-08-17 12:16:30.898,682.25,0.0,96.0,39.0,20.0,99.0,-0.79,25.1,-2.34,-3.12,2.2,0.74,0.69,5.0,12.1,19.61,"Closed loop, using oxygen sensor feedback to determine fuel mix/",4.0,81
2026-08-17 12:16:32.590,680.5,0.0,96.0,39.0,21.0,99.0,-0.78,25.1,0.78,-3.12,2.22,0.09,0.69,2.0,12.1,19.61,"Closed loop, using oxygen sensor feedback to determine fuel mix/",4.0,81
2026-08-17 12:16:34.285,682.0,0.0,96.0,39.0,19.0,99.0,-0.8,25.1,-3.12,-3.12,2.22,0.11,0.69,3.5,12.0,20.0,"Closed loop, using oxygen sensor feedback to determine fuel mix/",4.0,81
2026-08-17 12:16:35.978,684.0,0.0,96.0,39.0,21.0,99.0,-0.78,25.1,-2.34,-3.12,2.19,0.75,0.69,5.5,12.1,20.0,"Closed loop, using oxygen sensor feedback to determine fuel mix/",4.0,82
2026-08-17 12:16:37.666,675.0,0.0,96.0,39.0,19.0,99.0,-0.8,25.1,0.78,-3.12,2.21,0.09,0.69,3.5,12.0,19.61,"Closed loop, using oxygen sensor feedback to determine fuel mix/",4.0,82
2026-08-17 12:16:39.364,676.25,0.0,96.0,39.0,21.0,99.0,-0.78,25.1,-3.12,-3.12,2.19,0.1,0.69,4.0,12.1,19.61,"Closed loop, using oxygen sensor feedback to determine fuel mix/",4.0,82
2026-08-17 12:16:41.070,684.5,0.0,96.0,39.0,19.0,99.0,-0.8,25.1,-2.34,-3.12,2.18,0.76,0.69,6.0,12.1,19.61,"Closed loop, using oxygen sensor feedback to determine fuel mix/",4.0,82
2026-08-17 12:16:42.763,685.5,0.0,97.0,39.0,20.0,99.0,-0.79,25.1,0.78,-3.12,2.25,0.09,0.69,2.0,12.1,20.0,"Closed loop, using oxygen sensor feedback to determine fuel mix/",4.0,82
2026-08-17 12:16:44.472,686.0,0.0,97.0,39.0,21.0,99.0,-0.78,25.1,-3.12,-3.12,2.2,0.11,0.69,4.0,12.0,19.22,"Closed loop, using oxygen sensor feedback to determine fuel mix/",4.0,82
2026-08-17 12:16:46.185,675.25,0.0,97.0,39.0,22.0,99.0,-0.77,25.88,1.56,-3.12,2.38,0.3,0.69,2.5,12.1,21.57,"Closed loop, using oxygen sensor feedback to determine fuel mix/",4.0,82
2026-08-17 12:16:47.873,664.25,0.0,97.0,39.0,23.0,99.0,-0.76,25.88,1.56,-3.12,2.45,0.09,0.69,0.5,12.0,21.96,"Closed loop, using oxygen sensor feedback to determine fuel mix/",4.0,82
2026-08-17 12:16:49.588,673.5,0.0,97.0,39.0,22.0,99.0,-0.77,25.88,-2.34,-3.12,2.41,0.11,0.69,2.0,12.1,21.96,"Closed loop, using oxygen sensor feedback to determine fuel mix/",4.0,82
2026-08-17 12:16:51.295,682.0,0.0,97.0,39.0,20.0,99.0,-0.79,25.88,-1.56,-3.12,2.41,0.75,0.69,1.5,12.0,21.57,"Closed loop, using oxygen sensor feedback to determine fuel mix/",4.0,82
2026-08-17 12:16:52.989,677.0,0.0,97.0,39.0,22.0,99.0,-0.77,25.88,1.56,-3.12,2.42,0.1,0.69,0.5,12.1,21.57,"Closed loop, using oxygen sensor feedback to determine fuel mix/",4.0,82
2026-08-17 12:16:54.699,674.25,0.0,97.0,39.0,22.0,99.0,-0.77,25.88,-2.34,-3.12,2.41,0.1,0.68,1.5,12.1,21.57,"Closed loop, using oxygen sensor feedback to determine fuel mix/",4.0,82
2026-08-17 12:16:56.400,676.75,0.0,97.0,39.0,21.0,99.0,-0.78,25.88,-1.56,-3.12,2.4,0.71,0.69,3.0,12.1,21.57,"Closed loop, using oxygen sensor feedback to determine fuel mix/",4.0,82
2026-08-17 12:16:58.098,676.75,0.0,97.0,39.0,21.0,99.0,-0.78,25.88,1.56,-3.12,2.43,0.67,0.68,2.0,12.1,21.57,"Closed loop, using oxygen sensor feedback to determine fuel mix/",4.0,82
2026-08-17 12:16:59.787,681.25,0.0,97.0,39.0,22.0,99.0,-0.77,25.88,1.56,-3.12,2.44,0.1,0.69,1.0,12.1,21.96,"Closed loop, using oxygen sensor feedback to determine fuel mix/",4.0,82
2026-08-17 12:17:01.478,672.5,0.0,97.0,39.0,22.0,99.0,-0.77,25.88,-1.56,-3.12,2.44,0.1,0.68,1.0,12.1,21.96,"Closed loop, using oxygen sensor feedback to determine fuel mix/",4.0,82
2026-08-17 12:17:03.170,682.5,0.0,97.0,39.0,22.0,99.0,-0.77,25.88,-1.56,-3.12,2.38,0.74,0.68,2.5,12.1,21.57,"Closed loop, using oxygen sensor feedback to determine fuel mix/",4.0,82
2026-08-17 12:17:04.865,679.0,0.0,97.0,39.0,22.0,99.0,-0.77,25.88,1.56,-3.12,2.39,0.12,0.68,0.5,12.1,21.57,"Closed loop, using oxygen sensor feedback to determine fuel mix/",4.0,82
2026-08-17 12:17:06.575,675.5,0.0,97.0,39.0,22.0,99.0,-0.77,25.88,-2.34,-3.12,2.43,0.1,0.68,2.0,12.0,21.57,"Closed loop, using oxygen sensor feedback to determine fuel mix/",4.0,82
2026-08-17 12:17:08.265,676.75,0.0,97.0,39.0,22.0,99.0,-0.77,25.88,-1.56,-3.12,2.42,0.56,0.68,1.5,12.1,21.96,"Closed loop, using oxygen sensor feedback to determine fuel mix/",4.0,82
2026-08-17 12:17:09.963,683.75,0.0,97.0,39.0,21.0,99.0,-0.78,25.88,-1.56,-3.12,2.41,0.74,0.68,2.0,12.0,21.57,"Closed loop, using oxygen sensor feedback to determine fuel mix/",4.0,82
2026-08-17 12:17:11.656,680.0,0.0,97.0,39.0,22.0,99.0,-0.77,25.88,1.56,-3.12,2.44,0.1,0.68,2.0,12.1,21.96,"Closed loop, using oxygen sensor feedback to determine fuel mix/",4.0,82
2026-08-17 12:17:13.345,681.75,0.0,97.0,39.0,22.0,99.0,-0.77,25.88,-2.34,-3.12,2.41,0.1,0.68,1.5,12.0,21.57,"Closed loop, using oxygen sensor feedback to determine fuel mix/",4.0,82
2026-08-17 12:17:15.035,687.25,0.0,96.0,39.0,21.0,99.0,-0.78,25.88,-1.56,-3.12,2.4,0.74,0.68,2.5,12.1,21.57,"Closed loop, using oxygen sensor feedback to determine fuel mix/",4.0,82
2026-08-17 12:17:16.731,687.25,0.0,96.0,39.0,22.0,99.0,-0.77,25.88,1.56,-3.12,2.41,0.18,0.68,1.5,12.1,21.57,"Closed loop, using oxygen sensor feedback to determine fuel mix/",4.0,82
2026-08-17 12:17:18.422,679.25,0.0,96.0,39.0,22.0,99.0,-0.77,25.88,-2.34,-3.12,2.43,0.1,0.68,1.5,12.1,21.96,"Closed loop, using oxygen sensor feedback to determine fuel mix/",4.0,82
2026-08-17 12:17:20.133,677.75,0.0,95.0,39.0,22.0,99.0,-0.77,25.88,-1.56,-3.12,2.42,0.69,0.68,4.0,12.1,21.57,"Closed loop, using oxygen sensor feedback to determine fuel mix/",4.0,82
2026-08-17 12:17:21.824,683.0,0.0,95.0,39.0,21.0,99.0,-0.78,25.88,2.34,-3.12,2.41,0.7,0.68,1.0,12.1,21.96,"Closed loop, using oxygen sensor feedback to determine fuel mix/",4.0,82
2026-08-17 12:17:23.515,675.75,0.0,95.0,39.0,22.0,99.0,-0.77,25.88,1.56,-3.12,2.47,0.09,0.68,0.0,12.1,21.57,"Closed loop, using oxygen sensor feedback to determine fuel mix/",4.0,82
2026-08-17 12:17:25.209,681.75,0.0,94.0,39.0,21.0,99.0,-0.78,25.88,-2.34,-3.12,2.42,0.12,0.68,3.5,12.0,21.57,"Closed loop, using oxygen sensor feedback to determine fuel mix/",4.0,82
2026-08-17 12:17:26.901,679.75,0.0,94.0,39.0,20.0,99.0,-0.79,25.88,-1.56,-3.12,2.39,0.76,0.68,2.0,12.1,21.57,"Closed loop, using oxygen sensor feedback to determine fuel mix/",4.0,82
2026-08-17 12:17:28.593,681.0,0.0,94.0,39.0,22.0,99.0,-0.77,25.88,1.56,-3.12,2.39,0.1,0.68,3.0,12.1,21.57,"Closed loop, using oxygen sensor feedback to determine fuel mix/",4.0,82
2026-08-17 12:17:30.290,683.0,0.0,94.0,39.0,21.0,99.0,-0.78,25.88,-2.34,-3.12,2.4,0.1,0.68,2.5,12.1,21.57,"Closed loop, using oxygen sensor feedback to determine fuel mix/",4.0,82
2026-08-17 12:17:32.001,686.25,0.0,93.0,39.0,20.0,99.0,-0.79,25.49,-1.56,-3.12,2.31,0.59,0.68,2.0,12.1,20.39,"Closed loop, using oxygen sensor feedback to determine fuel mix/",4.0,82
2026-08-17 12:17:33.688,684.25,0.0,93.0,39.0,21.0,99.0,-0.78,25.1,-2.34,-3.12,2.21,0.77,0.68,3.5,12.1,20.0,"Closed loop, using oxygen sensor feedback to determine fuel mix/",4.0,82
2026-08-17 12:17:35.382,680.5,0.0,93.0,39.0,20.0,99.0,-0.79,25.1,0.78,-3.12,2.21,0.09,0.68,1.5,12.1,19.61,"Closed loop, using oxygen sensor feedback to determine fuel mix/",4.0,82
2026-08-17 12:17:37.077,678.5,0.0,93.0,39.0,20.0,99.0,-0.79,25.1,-2.34,-3.12,2.19,0.12,0.68,5.0,12.1,19.61,"Closed loop, using oxygen sensor feedback to determine fuel mix/",4.0,82
2026-08-17 12:17:38.766,685.75,0.0,92.0,39.0,20.0,99.0,-0.79,24.71,-1.56,-3.12,2.17,0.77,0.68,3.5,12.1,19.61,"Closed loop, using oxygen sensor feedback to determine fuel mix/",4.0,82
2026-08-17 12:17:40.484,676.75,0.0,92.0,40.0,20.0,99.0,-0.79,25.1,1.56,-3.12,2.18,0.09,0.68,2.0,12.0,19.61,"Closed loop, using oxygen sensor feedback to determine fuel mix/",4.0,82
2026-08-17 12:17:42.167,670.5,0.0,92.0,40.0,20.0,99.0,-0.79,25.1,-2.34,-3.12,2.19,0.43,0.67,4.0,12.1,19.61,"Closed loop, using oxygen sensor feedback to determine fuel mix/",4.0,82
2026-08-17 12:17:43.861,682.75,0.0,92.0,40.0,19.0,99.0,-0.8,25.1,2.34,-3.12,2.17,0.73,0.68,5.0,12.1,19.61,"Closed loop, using oxygen sensor feedback to determine fuel mix/",4.0,82
2026-08-17 12:17:45.552,681.5,0.0,92.0,40.0,21.0,99.0,-0.78,25.1,-2.34,-3.12,2.19,0.1,0.68,4.5,12.1,19.61,"Closed loop, using oxygen sensor feedback to determine fuel mix/",4.0,82
2026-08-17 12:17:47.287,679.25,0.0,91.0,40.0,19.0,99.0,-0.8,24.71,-2.34,-3.12,2.17,0.38,0.67,7.5,12.1,19.61,"Closed loop, using oxygen sensor feedback to determine fuel mix/",4.0,82
2026-08-17 12:17:48.987,1014.0,1.0,91.0,40.0,44.0,99.0,-0.55,34.9,3.91,-3.91,9.98,0.07,0.67,20.0,12.0,22.75,"Closed loop, using oxygen sensor feedback to determine fuel mix/",4.0,82
2026-08-17 12:17:50.682,1644.75,10.0,91.0,39.0,40.0,99.0,-0.59,35.69,3.91,-3.12,13.09,0.73,0.63,12.5,12.1,28.63,"Closed loop, using oxygen sensor feedback to determine fuel mix/",4.0,83
2026-08-17 12:17:52.373,2369.0,18.0,91.0,39.0,39.0,99.0,-0.6,36.08,0.0,-2.34,15.01,0.56,0.68,24.5,12.1,17.65,"Closed loop, using oxygen sensor feedback to determine fuel mix/",4.0,83
2026-08-17 12:17:54.063,2652.5,21.0,90.0,39.0,27.0,99.0,-0.72,34.51,1.56,-0.78,11.33,0.09,0.68,2.0,12.1,18.82,"Closed loop, using oxygen sensor feedback to determine fuel mix/",4.0,83
2026-08-17 12:17:55.760,2033.0,24.0,90.0,39.0,38.0,99.0,-0.61,34.9,-0.78,-0.78,11.25,0.65,0.68,10.0,12.2,22.35,"Closed loop, using oxygen sensor feedback to determine fuel mix/",4.0,83
2026-08-17 12:17:57.484,1719.25,26.0,90.0,39.0,34.0,99.0,-0.65,32.94,0.0,0.78,7.1,0.81,0.66,30.5,12.1,15.29,"Closed loop, using oxygen sensor feedback to determine fuel mix/",4.0,83
2026-08-17 12:17:59.182,1605.75,29.0,90.0,40.0,30.0,99.0,-0.69,32.16,2.34,0.0,6.79,0.14,0.67,40.0,12.1,14.12,"Closed loop, using oxygen sensor feedback to determine fuel mix/",4.0,83
2026-08-17 12:18:00.885,1572.0,31.0,91.0,40.0,13.0,99.0,-0.86,26.67,-3.91,-3.12,3.38,0.76,0.67,9.5,12.1,8.24,"Closed loop, using oxygen sensor feedback to determine fuel mix/",4.0,83
2026-08-17 12:18:02.598,1543.5,31.0,90.0,40.0,13.0,99.0,-0.86,27.06,-3.91,-2.34,3.04,0.84,0.67,12.0,12.1,7.06,"Closed loop, using oxygen sensor feedback to determine fuel mix/",4.0,82
2026-08-17 12:18:04.288,1516.5,31.0,91.0,40.0,13.0,99.0,-0.86,27.06,-6.25,-2.34,3.02,0.83,0.68,12.0,12.1,7.06,"Closed loop, using oxygen sensor feedback to determine fuel mix/",4.0,82
2026-08-17 12:18:05.983,1460.5,30.0,91.0,39.0,13.0,99.0,-0.86,27.84,-6.25,-1.56,3.34,0.07,0.68,6.5,12.0,9.02,"Closed loop, using oxygen sensor feedback to determine fuel mix/",4.0,82
2026-08-17 12:18:07.685,1418.5,29.0,91.0,39.0,14.0,99.0,-0.85,27.45,-6.25,-2.34,3.21,0.09,0.67,5.5,12.1,10.2,"Closed loop, using oxygen sensor feedback to determine fuel mix/",4.0,82
2026-08-17 12:18:09.383,1376.0,28.0,91.0,39.0,14.0,99.0,-0.85,27.45,-2.34,-1.56,3.25,0.74,0.67,32.0,12.1,9.02,"Closed loop, using oxygen sensor feedback to determine fuel mix/",4.0,82
2026-08-17 12:18:11.075,1471.75,27.0,92.0,39.0,19.0,99.0,-0.8,30.2,0.78,-2.34,4.53,0.31,0.67,26.5,12.1,12.16,"Closed loop, using oxygen sensor feedback to determine fuel mix/",4.0,82
2026-08-17 12:18:12.767,1453.75,27.0,92.0,39.0,,99.0,,29.02,-2.34,-1.56,3.92,0.78,0.66,27.5,12.0,11.37,"Closed loop, using oxygen sensor feedback to determine fuel mix/",4.0,82
2026-08-17 12:18:14.426,1464.0,27.0,92.0,39.0,23.0,99.0,-0.76,34.9,-3.12,-2.34,11.53,0.06,0.66,16.0,12.0,23.92,"Closed loop, using oxygen sensor feedback to determine fuel mix/",4.0,82
2026-08-17 12:18:16.118,1584.0,29.0,92.0,39.0,33.0,99.0,-0.66,30.98,7.03,-0.78,4.47,0.8,0.18,20.5,12.0,9.02,"Closed loop, using oxygen sensor feedback to determine fuel mix/",4.0,82
2026-08-17 12:18:17.815,1442.75,28.0,92.0,40.0,16.0,99.0,-0.83,28.24,3.12,0.0,3.53,0.9,0.33,29.5,11.9,10.2,"Closed loop, using oxygen sensor feedback to determine fuel mix/",4.0,82
2026-08-17 12:18:19.501,1340.75,26.0,92.0,40.0,16.0,99.0,-0.83,27.84,0.78,-0.78,3.49,0.86,0.4,27.5,12.0,13.33,"Closed loop, using oxygen sensor feedback to determine fuel mix/",4.0,82
2026-08-17 12:18:21.198,1188.25,23.0,92.0,39.0,17.0,99.0,-0.82,27.84,-5.47,-0.78,3.27,0.63,0.52,22.0,12.0,24.31,"Closed loop, using oxygen sensor feedback to determine fuel mix/",4.0,82
2026-08-17 12:18:22.889,1160.75,22.0,92.0,39.0,41.0,99.0,-0.58,32.94,0.78,-2.34,6.75,0.74,0.57,25.5,12.0,34.51,"Closed loop, using oxygen sensor feedback to determine fuel mix/",4.0,82
2026-08-17 12:18:24.583,1153.25,22.0,92.0,39.0,27.0,99.0,-0.72,29.02,1.56,0.78,3.85,0.84,0.6,34.0,12.1,19.22,"Closed loop, using oxygen sensor feedback to determine fuel mix/",4.0,82
2026-08-17 12:18:26.281,1130.25,22.0,92.0,39.0,18.0,99.0,-0.81,27.84,-2.34,0.78,2.93,0.74,0.8,37.5,12.1,19.22,"Closed loop, using oxygen sensor feedback to determine fuel mix/",4.0,82
2026-08-17 12:18:27.984,1129.75,21.0,92.0,39.0,17.0,99.0,-0.82,26.67,0.0,0.0,2.9,0.82,0.72,38.0,12.0,15.69,"Closed loop, using oxygen sensor feedback to determine fuel mix/",4.0,82
2026-08-17 12:18:29.680,1188.25,20.0,92.0,39.0,35.0,99.0,-0.64,33.33,-2.34,-2.34,8.7,0.06,0.8,23.0,12.0,27.06,"Closed loop, using oxygen sensor feedback to determine fuel mix/",4.0,82
2026-08-17 12:18:31.374,1697.75,23.0,92.0,39.0,42.0,99.0,-0.57,35.29,9.38,-2.34,10.48,0.81,0.7,23.5,12.0,17.65,"Closed loop, using oxygen sensor feedback to determine fuel mix/",4.0,82
2026-08-17 12:18:33.067,1268.0,24.0,93.0,40.0,14.0,99.0,-0.85,26.27,0.0,3.12,2.45,0.9,0.69,31.0,12.0,9.8,"Closed loop, using oxygen sensor feedback to determine fuel mix/",4.0,82
2026-08-17 12:18:34.755,1147.25,23.0,93.0,40.0,15.0,99.0,-0.84,25.88,-4.69,-1.56,2.54,0.72,0.68,9.0,12.1,13.73,"Closed loop, using oxygen sensor feedback to determine fuel mix/",4.0,82
2026-08-17 12:18:36.477,1039.25,21.0,93.0,40.0,14.0,99.0,-0.85,25.1,-7.81,-1.56,2.32,0.41,0.67,9.5,12.1,14.51,"Closed loop, using oxygen sensor feedback to determine fuel mix/",4.0,82
2026-08-17 12:18:38.194,963.75,19.0,93.0,40.0,15.0,99.0,-0.84,24.31,-3.12,-1.56,2.09,0.82,0.66,10.0,12.1,14.9,"Closed loop, using oxygen sensor feedback to determine fuel mix/",4.0,82
2026-08-17 12:18:39.903,845.5,17.0,93.0,40.0,15.0,99.0,-0.84,23.92,-7.81,-1.56,2.03,0.71,0.66,23.0,12.0,20.0,"Closed loop, using oxygen sensor feedback to determine fuel mix/",4.0,82
2026-08-17 12:18:41.608,1625.75,17.0,93.0,40.0,38.0,99.0,-0.61,34.51,3.12,-3.12,10.22,0.09,0.66,21.0,12.1,21.18,"Closed loop, using oxygen sensor feedback to determine fuel mix/",4.0,83
2026-08-17 12:18:43.301,1830.25,21.0,93.0,39.0,35.0,99.0,-0.64,34.12,4.69,-2.34,10.09,0.09,0.67,27.0,12.1,18.82,"Closed loop, using oxygen sensor feedback to determine fuel mix/",4.0,83
2026-08-17 12:18:45.006,1821.25,22.0,93.0,40.0,14.0,99.0,-0.85,29.41,0.78,2.34,4.14,0.85,0.67,35.5,12.0,7.84,"Closed loop, using oxygen sensor feedback to determine fuel mix/",4.0,83
2026-08-17 12:18:46.698,1976.25,23.0,93.0,40.0,35.0,99.0,-0.64,34.51,-0.78,-1.56,10.23,0.41,0.68,30.5,12.1,17.65,"Closed loop, using oxygen sensor feedback to determine fuel mix/",4.0,83
2026-08-17 12:18:48.397,2135.25,26.0,93.0,40.0,20.0,99.0,-0.79,29.8,-0.78,-1.56,3.71,0.86,0.68,3.0,12.1,5.49,"Closed loop, using oxygen sensor feedback to determine fuel mix/",4.0,83
2026-08-17 12:18:50.088,1900.5,24.0,93.0,40.0,13.0,99.0,-0.86,28.63,-3.12,0.0,5.0,0.64,0.67,29.0,12.1,13.33,"Closed loop, using oxygen sensor feedback to determine fuel mix/",4.0,83
2026-08-17 12:18:51.798,2413.0,27.0,93.0,40.0,49.0,99.0,-0.5,38.43,-0.78,-2.34,24.08,0.77,0.72,13.5,12.1,31.76,"Closed loop, using oxygen sensor feedback to determine fuel mix/",4.0,83
2026-08-17 12:18:53.491,3166.25,37.0,94.0,39.0,93.0,98.0,-0.05,51.76,0.0,-3.91,51.33,0.81,0.74,7.0,12.1,32.16,"Closed loop, using oxygen sensor feedback to determine fuel mix/",4.0,83
2026-08-17 12:18:55.179,3211.25,44.0,94.0,39.0,38.0,99.0,-0.61,36.08,-3.91,-1.56,12.25,0.07,0.72,21.5,12.1,16.47,"Closed loop, using oxygen sensor feedback to determine fuel mix/",4.0,83
2026-08-17 12:18:56.875,2321.25,45.0,94.0,39.0,32.0,99.0,-0.67,33.73,0.78,1.56,9.46,0.09,0.71,35.5,12.1,13.73,"Closed loop, using oxygen sensor feedback to determine fuel mix/",4.0,83
2026-08-17 12:18:58.583,2251.0,45.0,94.0,39.0,15.0,99.0,-0.84,31.37,-3.91,2.34,5.66,0.69,0.7,28.5,12.1,8.63,"Closed loop, using oxygen sensor feedback to determine fuel mix/",4.0,83
2026-08-17 12:19:00.277,2282.75,44.0,94.0,39.0,15.0,99.0,-0.84,31.37,-5.47,0.78,5.82,0.56,0.7,12.5,12.1,7.06,"Closed loop, using oxygen sensor feedback to determine fuel mix/",4.0,83
2026-08-17 12:19:01.985,2147.25,43.0,94.0,39.0,13.0,99.0,-0.86,29.41,-6.25,0.78,4.24,0.81,0.69,7.0,12.0,7.06,"Closed loop, using oxygen sensor feedback to determine fuel mix/",4.0,83
2026-08-17 12:19:03.680,2113.0,42.0,94.0,39.0,13.0,99.0,-0.86,29.41,-6.25,0.78,4.27,0.16,0.69,38.5,12.1,6.67,"Closed loop, using oxygen sensor feedback to determine fuel mix/",4.0,83
2026-08-17 12:19:05.366,2030.5,41.0,94.0,39.0,12.0,99.0,-0.87,29.02,-3.12,0.78,4.02,0.75,0.69,6.0,12.1,7.06,"Closed loop, using oxygen sensor feedback to determine fuel mix/",4.0,83
2026-08-17 12:19:07.060,2043.5,39.0,94.0,39.0,54.0,99.0,-0.45,49.41,2.34,-3.91,29.5,0.83,0.7,2.0,12.1,32.55,"Closed loop, using oxygen sensor feedback to determine fuel mix/",4.0,83
2026-08-17 12:19:08.755,2125.0,42.0,94.0,39.0,14.0,99.0,-0.85,29.02,0.0,-1.56,3.65,0.3,0.71,3.5,12.1,6.67,"Closed loop, using oxygen sensor feedback to determine fuel mix/",4.0,83
2026-08-17 12:19:10.449,2006.75,40.0,94.0,39.0,14.0,99.0,-0.85,29.02,0.0,0.0,4.02,0.01,0.1,0.5,12.7,6.67,Open loop due to engine load OR fuel cut due to deceleration/,4.0,83
2026-08-17 12:19:12.143,1888.0,37.0,94.0,39.0,14.0,99.0,-0.85,28.24,0.0,0.0,3.81,0.01,0.01,-1.0,14.0,7.06,Open loop due to engine load OR fuel cut due to deceleration/,4.0,83
2026-08-17 12:19:13.842,1777.5,35.0,94.0,39.0,14.0,99.0,-0.85,27.84,7.81,0.0,3.51,0.01,0.01,2.0,13.8,6.67,Open loop due to engine load OR fuel cut due to deceleration/,4.0,83
2026-08-17 12:19:15.546,1558.5,31.0,94.0,39.0,12.0,99.0,-0.87,27.84,7.81,0.0,3.46,0.87,0.04,5.5,12.7,9.41,Open loop due to engine load OR fuel cut due to deceleration/,4.0,83
2026-08-17 12:19:17.252,1248.75,25.0,94.0,39.0,14.0,99.0,-0.85,26.27,7.81,0.0,2.61,0.9,0.07,0.5,12.1,12.55,Open loop due to engine load OR fuel cut due to deceleration/,4.0,83
2026-08-17 12:19:18.943,1059.5,21.0,94.0,39.0,13.0,99.0,-0.86,24.31,7.81,0.0,2.14,0.91,0.1,10.5,12.1,14.12,Open loop due to engine load OR fuel cut due to deceleration/,4.0,83
2026-08-17 12:19:20.636,1152.0,15.0,94.0,39.0,16.0,99.0,-0.83,28.24,7.81,0.78,3.3,0.9,0.12,-4.5,12.0,15.29,Open loop due to engine load OR fuel cut due to deceleration/,4.0,83
2026-08-17 12:19:22.329,745.25,9.0,94.0,39.0,15.0,99.0,-0.84,21.96,7.81,0.78,1.7,0.91,0.13,24.0,12.1,14.9,Open loop due to engine load OR fuel cut due to deceleration/,4.0,83
2026-08-17 12:19:24.033,692.75,4.0,94.0,39.0,21.0,99.0,-0.78,26.67,7.81,0.78,2.85,0.9,0.14,-2.5,12.3,25.49,Open loop due to engine load OR fuel cut due to deceleration/,4.0,83
2026-08-17 12:19:25.729,686.75,0.0,94.0,39.0,21.0,99.0,-0.78,25.49,7.81,-1.56,2.34,0.89,0.15,1.0,12.1,21.18,Open loop due to engine load OR fuel cut due to deceleration/,4.0,83
2026-08-17 12:19:27.425,680.25,0.0,94.0,39.0,19.0,99.0,-0.8,25.49,7.81,-1.56,2.29,0.89,0.17,2.0,12.1,20.78,Open loop due to engine load OR fuel cut due to deceleration/,4.0,83
2026-08-17 12:19:29.118,676.25,0.0,94.0,39.0,20.0,99.0,-0.79,25.49,6.25,-1.56,2.29,0.89,0.23,2.0,12.1,20.78,Open loop due to engine load OR fuel cut due to deceleration/,4.0,83
2026-08-17 12:19:30.829,682.0,0.0,94.0,39.0,20.0,99.0,-0.79,25.49,-2.34,-1.56,2.29,0.85,0.84,2.5,12.1,20.78,"Closed loop, using oxygen sensor feedback to determine fuel mix/",4.0,83
2026-08-17 12:19:32.557,679.0,0.0,94.0,39.0,21.0,99.0,-0.78,25.49,-5.47,-1.56,2.29,0.71,0.88,2.5,12.2,20.39,"Closed loop, using oxygen sensor feedback to determine fuel mix/",4.0,84
2026-08-17 12:19:34.262,682.5,0.0,94.0,39.0,20.0,99.0,-0.79,25.49,-5.47,-0.78,2.29,0.09,0.88,1.5,12.1,20.39,"Closed loop, using oxygen sensor feedback to determine fuel mix/",4.0,84
2026-08-17 12:19:35.949,682.25,0.0,94.0,39.0,20.0,99.0,-0.79,25.49,-5.47,-0.78,2.3,0.09,0.88,4.0,12.2,20.39,"Closed loop, using oxygen sensor feedback to determine fuel mix/",4.0,84
2026-08-17 12:19:37.645,1032.75,1.0,94.0,39.0,40.0,99.0,-0.59,34.12,3.12,-3.12,8.93,0.07,0.87,19.0,12.2,28.63,"Closed loop, using oxygen sensor feedback to determine fuel mix/",4.0,84
2026-08-17 12:19:39.338,1887.75,11.0,94.0,39.0,54.0,99.0,-0.45,42.75,0.0,-3.91,29.17,0.75,,-10.0,12.1,58.82,"Closed loop, using oxygen sensor feedback to determine fuel mix/",4.0,84
2026-08-17 12:19:40.993,2385.5,23.0,94.0,38.0,65.0,99.0,-0.34,43.14,-4.69,-3.91,35.89,0.06,0.81,1.5,12.2,49.02,"Closed loop, using oxygen sensor feedback to determine fuel mix/",4.0,85
2026-08-17 12:19:42.692,2645.25,31.0,94.0,38.0,48.0,99.0,-0.51,38.04,-3.12,-3.12,24.81,0.07,0.78,-0.5,12.2,48.63,"Closed loop, using oxygen sensor feedback to determine fuel mix/",5.0,85
2026-08-17 12:19:44.403,1937.5,37.0,94.0,38.0,72.0,99.0,-0.27,58.43,-3.12,-3.91,41.27,0.07,0.69,-5.0,12.1,79.22,"Closed loop, using oxygen sensor feedback to determine fuel mix/",5.0,84
2026-08-17 12:19:46.112,2506.5,47.0,94.0,38.0,90.0,99.0,-0.09,38.43,0.78,-3.12,13.54,0.29,0.68,10.5,12.2,29.41,"Closed loop, using oxygen sensor feedback to determine fuel mix/",5.0,84
2026-08-17 12:19:47.817,2506.5,50.0,95.0,39.0,15.0,99.0,-0.84,31.76,0.0,0.0,6.65,0.05,0.68,-4.0,12.1,7.84,Open loop due to engine load OR fuel cut due to deceleration/,5.0,84
2026-08-17 12:19:49.510,2595.75,50.0,95.0,38.0,28.0,99.0,-0.71,33.33,7.81,-4.69,8.46,0.83,0.17,38.0,12.2,12.16,Open loop due to engine load OR fuel cut due to deceleration/,5.0,84
2026-08-17 12:19:51.219,2556.5,51.0,95.0,38.0,18.0,99.0,-0.81,31.76,3.91,-4.69,5.99,0.8,0.25,30.0,12.2,7.84,Open loop due to engine load OR fuel cut due to deceleration/,5.0,84
2026-08-17 12:19:52.927,2510.75,50.0,95.0,39.0,15.0,99.0,-0.84,31.76,3.91,-4.69,6.0,0.1,0.28,28.5,12.1,8.24,Open loop due to engine load OR fuel cut due to deceleration/,5.0,84
2026-08-17 12:19:54.635,2475.25,49.0,95.0,39.0,15.0,99.0,-0.84,31.76,2.34,-4.69,5.8,0.1,0.3,28.5,12.2,8.24,"Closed loop, using oxygen sensor feedback to determine fuel mix/",5.0,84
2026-08-17 12:19:56.328,2373.75,48.0,96.0,39.0,12.0,99.0,-0.87,30.2,0.0,0.0,4.84,0.03,0.32,-3.0,12.1,7.06,Open loop due to engine load OR fuel cut due to deceleration/,5.0,84
2026-08-17 12:19:58.033,2299.0,46.0,96.0,38.0,15.0,99.0,-0.84,31.37,7.81,-4.69,5.55,0.08,0.04,29.0,12.1,8.24,Open loop due to engine load OR fuel cut due to deceleration/,5.0,84
2026-08-17 12:19:59.731,2508.75,46.0,96.0,38.0,50.0,99.0,-0.49,38.82,7.81,-3.12,26.19,0.9,0.11,9.5,12.1,36.86,Open loop due to engine load OR fuel cut due to deceleration/,5.0,84
2026-08-17 12:20:01.437,2568.25,51.0,96.0,38.0,39.0,99.0,-0.6,36.86,-7.81,-2.34,16.89,0.09,0.88,18.5,12.1,24.31,"Closed loop, using oxygen sensor feedback to determine fuel mix/",5.0,84
2026-08-17 12:20:03.130,2707.5,54.0,96.0,38.0,40.0,99.0,-0.59,36.86,-5.47,-1.56,19.4,0.68,0.82,20.0,12.1,23.53,"Closed loop, using oxygen sensor feedback to determine fuel mix/",5.0,85
2026-08-17 12:20:04.842,2808.0,56.0,96.0,38.0,32.0,99.0,-0.67,34.9,-5.47,0.78,12.79,0.07,0.81,27.5,12.1,22.35,"Closed loop, using oxygen sensor feedback to determine fuel mix/",5.0,85
2026-08-17 12:20:06.550,3031.5,58.0,96.0,38.0,42.0,99.0,-0.57,37.65,-3.91,-1.56,23.1,0.1,0.79,19.0,12.2,26.67,"Closed loop, using oxygen sensor feedback to determine fuel mix/",5.0,85
2026-08-17 12:20:08.258,3027.75,60.0,96.0,38.0,37.0,99.0,-0.62,36.47,0.0,-0.78,18.84,0.75,0.77,24.5,12.3,21.96,"Closed loop, using oxygen sensor feedback to determine fuel mix/",5.0,85
2026-08-17 12:20:09.949,3249.75,64.0,96.0,38.0,55.0,99.0,-0.44,40.78,-1.56,-3.12,34.75,0.74,0.71,13.0,12.2,35.29,"Closed loop, using oxygen sensor feedback to determine fuel mix/",5.0,85
2026-08-17 12:20:11.674,3505.0,69.0,96.0,37.0,55.0,99.0,-0.44,41.57,-3.91,-3.12,37.94,0.76,0.7,16.0,12.1,35.69,"Closed loop, using oxygen sensor feedback to determine fuel mix/",5.0,85
2026-08-17 12:20:13.378,3655.25,73.0,96.0,37.0,27.0,99.0,-0.72,33.73,-5.47,3.12,6.8,0.87,0.69,36.5,12.2,5.49,"Closed loop, using oxygen sensor feedback to determine fuel mix/",5.0,85
2026-08-17 12:20:15.081,3597.0,72.0,96.0,38.0,14.0,99.0,-0.85,32.16,-10.16,2.34,7.25,0.78,0.69,36.5,12.1,7.06,"Closed loop, using oxygen sensor feedback to determine fuel mix/",5.0,85
2026-08-17 12:20:16.786,2764.5,71.0,96.0,38.0,13.0,99.0,-0.86,30.59,-7.81,1.56,5.13,0.16,0.69,36.0,12.1,6.67,"Closed loop, using oxygen sensor feedback to determine fuel mix/",5.0,86
2026-08-17 12:20:18.478,2535.75,69.0,96.0,38.0,12.0,99.0,-0.87,30.59,-10.94,0.78,5.11,0.09,0.68,-0.5,12.1,6.67,"Closed loop, using oxygen sensor feedback to determine fuel mix/",5.0,86
2026-08-17 12:20:20.169,2520.0,66.0,96.0,38.0,12.0,99.0,-0.87,30.59,34.38,0.78,5.0,0.94,0.69,-1.5,12.1,6.67,Open loop due to engine load OR fuel cut due to deceleration/,5.0,85
2026-08-17 12:20:21.860,2448.5,64.0,96.0,38.0,11.0,99.0,-0.88,30.2,34.38,0.78,4.71,0.94,0.95,-2.0,12.2,6.67,Open loop due to engine load OR fuel cut due to deceleration/,5.0,85
2026-08-17 12:20:23.559,2354.75,62.0,96.0,38.0,14.0,99.0,-0.85,30.2,0.0,0.78,4.89,0.01,0.93,-3.5,12.8,7.45,Open loop due to engine load OR fuel cut due to deceleration/,5.0,85
2026-08-17 12:20:25.278,2193.75,58.0,96.0,37.0,13.0,99.0,-0.86,29.41,0.0,0.78,4.27,0.01,0.01,-1.0,14.0,7.06,Open loop due to engine load OR fuel cut due to deceleration/,5.0,85
2026-08-17 12:20:26.988,1918.75,50.0,96.0,37.0,13.0,99.0,-0.86,27.84,0.0,0.78,3.63,0.01,0.0,-1.5,14.1,7.06,Open loop due to engine load OR fuel cut due to deceleration/,5.0,85
2026-08-17 12:20:28.676,1562.25,41.0,95.0,37.0,14.0,99.0,-0.85,27.06,0.0,0.78,3.01,0.01,0.0,-7.5,14.0,7.84,Open loop due to engine load OR fuel cut due to deceleration/,5.0,85
2026-08-17 12:20:30.375,1203.75,31.0,95.0,38.0,13.0,99.0,-0.86,25.88,7.81,0.78,2.55,0.02,0.0,4.5,13.3,15.69,Open loop due to engine load OR fuel cut due to deceleration/,5.0,85
2026-08-17 12:20:32.068,946.5,18.0,95.0,38.0,17.0,99.0,-0.82,27.06,7.81,0.78,3.13,0.88,0.06,-6.5,12.3,21.57,Open loop due to engine load OR fuel cut due to deceleration/,5.0,85
2026-08-17 12:20:33.771,680.5,1.0,94.0,38.0,22.0,99.0,-0.77,26.27,7.81,-1.56,2.47,0.9,0.09,-7.0,12.2,21.18,Open loop due to engine load OR fuel cut due to deceleration/,5.0,85
2026-08-17 12:20:35.470,678.0,0.0,94.0,38.0,21.0,99.0,-0.78,25.49,7.81,-1.56,2.39,0.89,0.1,10.5,12.5,21.96,Open loop due to engine load OR fuel cut due to deceleration/,5.0,85
2026-08-17 12:20:37.164,673.75,0.0,94.0,38.0,25.0,99.0,-0.74,26.67,7.81,-1.56,2.76,0.88,0.11,3.0,13.5,25.1,Open loop due to engine load OR fuel cut due to deceleration/,5.0,85
2026-08-17 12:20:38.888,683.75,0.0,94.0,38.0,24.0,99.0,-0.75,26.67,7.81,-1.56,2.75,0.88,0.12,-1.5,13.5,24.71,Open loop due to engine load OR fuel cut due to deceleration/,5.0,85
2026-08-17 12:20:40.609,673.25,0.0,94.0,38.0,22.0,99.0,-0.77,26.67,7.81,-1.56,2.76,0.88,0.13,-0.5,13.5,24.71,Open loop due to engine load OR fuel cut due to deceleration/,5.0,85
2026-08-17 12:20:42.305,680.25,0.0,94.0,38.0,24.0,99.0,-0.75,26.67,7.81,-1.56,2.71,0.88,0.14,-1.0,13.3,24.31,Open loop due to engine load OR fuel cut due to deceleration/,5.0,85
2026-08-17 12:20:44.009,678.25,0.0,94.0,38.0,22.0,99.0,-0.77,30.2,7.03,-4.69,6.3,0.88,0.14,3.0,13.6,48.24,Open loop due to engine load OR fuel cut due to deceleration/,5.0,85
2026-08-17 12:20:45.708,1408.75,8.0,94.0,38.0,39.0,99.0,-0.6,34.9,3.91,-4.69,11.59,0.11,0.15,-2.5,13.4,34.51,Open loop due to engine load OR fuel cut due to deceleration/,5.0,86
2026-08-17 12:20:47.413,2057.5,17.0,94.0,37.0,50.0,99.0,-0.49,38.43,-7.03,-3.12,20.03,0.06,0.81,5.5,13.4,45.1,"Closed loop, using oxygen sensor feedback to determine fuel mix/",5.0,86
2026-08-17 12:20:49.108,1976.0,23.0,94.0,38.0,33.0,99.0,-0.66,34.12,-7.03,0.0,11.85,0.73,0.77,25.5,13.4,20.78,"Closed loop, using oxygen sensor feedback to determine fuel mix/",5.0,86
2026-08-17 12:20:50.815,1995.75,26.0,94.0,38.0,14.0,99.0,-0.85,29.02,-7.03,-3.91,3.93,0.06,0.75,11.0,13.4,6.67,"Closed loop, using oxygen sensor feedback to determine fuel mix/",5.0,86
2026-08-17 12:20:52.508,1900.0,24.0,94.0,38.0,13.0,99.0,-0.86,29.02,-3.91,-2.34,3.87,0.1,0.74,-0.5,13.3,7.06,"Closed loop, using oxygen sensor feedback to determine fuel mix/",5.0,86
2026-08-17 12:20:54.217,1107.0,23.0,94.0,38.0,15.0,99.0,-0.84,26.67,-7.03,-3.12,2.86,0.08,0.73,4.5,13.3,15.29,"Closed loop, using oxygen sensor feedback to determine fuel mix/",5.0,86
2026-08-17 12:20:55.908,1678.75,23.0,94.0,38.0,58.0,99.0,-0.41,63.53,-3.12,-3.12,29.74,0.86,0.74,-3.0,13.2,58.82,"Closed loop, using oxygen sensor feedback to determine fuel mix/",5.0,86
2026-08-17 12:20:57.618,1986.5,29.0,94.0,37.0,63.0,99.0,-0.36,40.78,-10.16,-3.91,28.06,0.79,0.74,-3.0,13.3,42.75,"Closed loop, using oxygen sensor feedback to determine fuel mix/",5.0,86
2026-08-17 12:20:59.307,1864.5,35.0,95.0,37.0,66.0,99.0,-0.33,41.57,3.91,-4.69,28.34,0.09,0.65,-2.0,13.3,49.41,"Closed loop, using oxygen sensor feedback to determine fuel mix/",5.0,86
2026-08-17 12:21:01.003,2077.75,40.0,95.0,37.0,62.0,99.0,-0.37,40.78,4.69,-3.91,30.94,0.77,0.59,0.5,13.3,51.37,"Closed loop, using oxygen sensor feedback to determine fuel mix/",5.0,86
2026-08-17 12:21:02.695,2327.0,46.0,95.0,37.0,46.0,99.0,-0.53,37.65,3.91,-3.91,19.03,0.21,0.6,17.0,13.3,36.86,"Closed loop, using oxygen sensor feedback to determine fuel mix/",5.0,86
2026-08-17 12:21:04.389,2586.0,51.0,95.0,37.0,54.0,99.0,-0.45,38.04,2.34,-3.91,20.01,0.79,0.6,18.5,13.3,18.43,"Closed loop, using oxygen sensor feedback to determine fuel mix/",5.0,86
2026-08-17 12:21:06.099,2717.25,53.0,96.0,37.0,24.0,99.0,-0.75,33.33,5.47,-2.34,7.72,0.1,0.59,42.5,13.3,10.59,"Closed loop, using oxygen sensor feedback to determine fuel mix/",5.0,86
2026-08-17 12:21:07.810,2631.25,52.0,96.0,37.0,16.0,99.0,-0.83,33.73,0.0,-2.34,9.7,0.83,0.59,12.5,13.3,12.55,"Closed loop, using oxygen sensor feedback to determine fuel mix/",5.0,86
2026-08-17 12:21:09.549,2629.75,52.0,96.0,37.0,27.0,99.0,-0.72,34.12,-2.34,-1.56,9.98,0.69,0.59,38.0,13.3,14.51,"Closed loop, using oxygen sensor feedback to determine fuel mix/",5.0,86
2026-08-17 12:21:11.258,2684.25,53.0,96.0,37.0,33.0,99.0,-0.66,34.9,-4.69,-1.56,12.55,0.36,0.58,33.5,13.3,15.69,"Closed loop, using oxygen sensor feedback to determine fuel mix/",5.0,86
2026-08-17 12:21:12.964,2720.5,54.0,96.0,37.0,33.0,99.0,-0.66,34.9,0.78,-0.78,12.58,0.14,0.58,34.5,13.2,15.29,"Closed loop, using oxygen sensor feedback to determine fuel mix/",5.0,86
2026-08-17 12:21:14.668,2760.75,54.0,97.0,37.0,32.0,99.0,-0.67,34.9,0.78,-0.78,12.22,0.79,0.58,35.5,13.2,14.9,"Closed loop, using oxygen sensor feedback to determine fuel mix/",5.0,86
2026-08-17 12:21:16.371,2769.0,55.0,97.0,37.0,31.0,99.0,-0.68,34.9,-3.12,-0.78,12.08,0.66,0.58,36.5,13.3,14.9,"Closed loop, using oxygen sensor feedback to determine fuel mix/",5.0,87
2026-08-17 12:21:18.067,2799.5,56.0,96.0,37.0,31.0,99.0,-0.68,34.9,0.0,-0.78,11.98,0.1,0.58,36.5,13.3,14.9,"Closed loop, using oxygen sensor feedback to determine fuel mix/",5.0,87
2026-08-17 12:21:19.766,2802.0,56.0,97.0,37.0,15.0,99.0,-0.84,31.76,-4.69,1.56,6.27,0.58,0.6,29.0,13.3,11.76,"Closed loop, using oxygen sensor feedback to determine fuel mix/",5.0,87
2026-08-17 12:21:21.457,2949.25,56.0,97.0,37.0,44.0,99.0,-0.55,38.82,-3.12,-3.12,27.53,0.37,0.71,14.5,13.3,31.76,"Closed loop, using oxygen sensor feedback to determine fuel mix/",5.0,87
2026-08-17 12:21:23.169,2879.5,58.0,97.0,37.0,13.0,99.0,-0.86,30.98,0.0,-1.56,5.29,0.01,0.74,38.5,13.3,11.76,Open loop due to engine load OR fuel cut due to deceleration/,5.0,87
2026-08-17 12:21:24.868,3216.0,60.0,96.0,37.0,56.0,99.0,-0.43,37.65,-4.69,-3.91,14.82,0.18,0.7,28.0,13.3,11.37,"Closed loop, using oxygen sensor feedback to determine fuel mix/",5.0,87
2026-08-17 12:21:26.567,2997.75,60.0,96.0,37.0,14.0,99.0,-0.85,31.37,0.0,0.0,5.68,0.01,0.69,-0.5,13.5,6.67,Open loop due to engine load OR fuel cut due to deceleration/,5.0,87
2026-08-17 12:21:28.265,2877.75,57.0,96.0,37.0,13.0,99.0,-0.86,30.98,0.0,0.0,5.52,0.01,0.0,-1.0,14.0,6.67,Open loop due to engine load OR fuel cut due to deceleration/,5.0,87
2026-08-17 12:21:29.967,2743.75,55.0,96.0,37.0,13.0,99.0,-0.86,30.59,0.0,0.0,5.36,0.01,0.0,-2.5,14.0,6.67,Open loop due to engine load OR fuel cut due to deceleration/,5.0,87
2026-08-17 12:21:31.680,2613.25,52.0,96.0,37.0,12.0,99.0,-0.87,30.59,7.81,-4.69,5.05,0.07,0.03,7.5,13.3,6.67,Open loop due to engine load OR fuel cut due to deceleration/,5.0,87
2026-08-17 12:21:33.370,2511.75,50.0,96.0,37.0,12.0,99.0,-0.87,30.59,7.81,-4.69,4.94,0.87,0.07,14.5,13.3,7.06,Open loop due to engine load OR fuel cut due to deceleration/,5.0,87
2026-08-17 12:21:35.060,2453.25,49.0,95.0,37.0,13.0,99.0,-0.86,30.98,7.81,-4.69,5.32,0.88,0.1,29.5,13.2,7.84,Open loop due to engine load OR fuel cut due to deceleration/,5.0,87
2026-08-17 12:21:36.775,2495.0,48.0,95.0,36.0,30.0,99.0,-0.69,36.08,7.81,-4.69,15.66,0.88,0.12,23.5,13.2,21.96,Open loop due to engine load OR fuel cut due to deceleration/,5.0,87
2026-08-17 12:21:38.467,2527.75,49.0,95.0,36.0,36.0,99.0,-0.63,35.69,3.91,-4.69,14.36,0.71,0.14,25.0,13.2,20.0,"Closed loop, using oxygen sensor feedback to determine fuel mix/",5.0,87
2026-08-17 12:21:40.159,2549.25,51.0,94.0,36.0,36.0,99.0,-0.63,34.9,5.47,-3.91,12.15,0.76,0.14,31.0,13.3,16.08,"Closed loop, using oxygen sensor feedback to determine fuel mix/",5.0,87
2026-08-17 12:21:41.869,2647.75,51.0,94.0,36.0,32.0,99.0,-0.67,34.9,2.34,-2.34,12.24,0.8,0.15,33.0,13.2,16.08,"Closed loop, using oxygen sensor feedback to determine fuel mix/",5.0,87
2026-08-17 12:21:43.562,2665.75,52.0,94.0,36.0,31.0,99.0,-0.68,34.51,0.0,-0.78,11.06,0.74,0.15,37.0,13.2,14.12,"Closed loop, using oxygen sensor feedback to determine fuel mix/",5.0,87
2026-08-17 12:21:45.273,2645.25,52.0,93.0,36.0,20.0,99.0,-0.79,32.16,3.12,2.34,6.79,0.84,0.16,42.0,13.3,9.02,"Closed loop, using oxygen sensor feedback to determine fuel mix/",5.0,87
2026-08-17 12:21:46.979,2617.5,52.0,93.0,36.0,18.0,99.0,-0.81,32.16,-0.78,0.0,6.63,0.71,0.2,41.5,13.3,8.63,"Closed loop, using oxygen sensor feedback to determine fuel mix/",5.0,87
2026-08-17 12:21:48.680,2574.0,51.0,93.0,36.0,17.0,99.0,-0.82,31.76,-5.47,0.0,6.37,0.12,0.71,41.0,13.3,8.24,"Closed loop, using oxygen sensor feedback to determine fuel mix/",5.0,87
2026-08-17 12:21:50.381,2538.75,50.0,92.0,36.0,17.0,99.0,-0.82,31.37,-6.25,-0.78,6.09,0.09,0.79,40.5,13.3,8.24,"Closed loop, using oxygen sensor feedback to determine fuel mix/",5.0,87
2026-08-17 12:21:52.088,2499.0,50.0,92.0,36.0,17.0,99.0,-0.82,31.37,-5.47,-0.78,6.05,0.09,0.78,40.0,13.3,8.24,"Closed loop, using oxygen sensor feedback to determine fuel mix/",5.0,87
2026-08-17 12:21:53.781,2458.25,49.0,92.0,36.0,20.0,99.0,-0.79,32.16,1.56,-1.56,6.97,0.22,0.77,39.0,13.2,9.8,"Closed loop, using oxygen sensor feedback to determine fuel mix/",5.0,87
2026-08-17 12:21:55.474,2454.5,49.0,91.0,36.0,25.0,99.0,-0.74,33.33,-1.56,-1.56,8.44,0.72,0.76,37.5,13.3,11.76,"Closed loop, using oxygen sensor feedback to determine fuel mix/",5.0,87
2026-08-17 12:21:57.160,2491.0,48.0,91.0,36.0,31.0,99.0,-0.68,34.9,-2.34,-2.34,12.03,0.08,0.76,31.5,13.3,16.47,"Closed loop, using oxygen sensor feedback to determine fuel mix/",5.0,87
2026-08-17 12:21:58.860,2486.0,49.0,90.0,36.0,33.0,99.0,-0.66,34.51,-0.78,-1.56,11.35,0.56,0.75,33.0,13.2,16.08,"Closed loop, using oxygen sensor feedback to determine fuel mix/",5.0,87
2026-08-17 12:22:00.567,2535.0,50.0,91.0,36.0,32.0,99.0,-0.67,34.51,0.0,-1.56,11.08,0.1,0.74,35.0,13.3,14.9,"Closed loop, using oxygen sensor feedback to determine fuel mix/",5.0,87
2026-08-17 12:22:02.261,2636.0,51.0,90.0,36.0,32.0,99.0,-0.67,34.51,-0.78,-1.56,11.37,0.21,0.73,36.0,13.2,14.51,"Closed loop, using oxygen sensor feedback to determine fuel mix/",5.0,87
2026-08-17 12:22:03.964,2624.0,52.0,90.0,36.0,18.0,99.0,-0.81,31.76,-2.34,0.78,6.02,0.78,0.72,29.0,13.3,8.63,"Closed loop, using oxygen sensor feedback to determine fuel mix/",5.0,87
2026-08-17 12:22:05.678,2575.75,51.0,90.0,36.0,12.0,99.0,-0.87,30.59,-2.34,-3.12,4.82,0.82,0.71,-2.5,13.3,7.06,Open loop due to engine load OR fuel cut due to deceleration/,5.0,87
2026-08-17 12:22:07.387,2464.5,49.0,90.0,36.0,13.0,99.0,-0.86,30.2,0.0,0.0,4.79,0.01,0.01,-2.5,14.0,6.67,Open loop due to engine load OR fuel cut due to deceleration/,5.0,87
2026-08-17 12:22:09.098,2343.25,47.0,90.0,36.0,13.0,99.0,-0.86,30.2,0.0,0.0,4.88,0.01,0.0,-4.0,14.0,7.06,Open loop due to engine load OR fuel cut due to deceleration/,5.0,87
2026-08-17 12:22:10.803,2171.5,43.0,89.0,36.0,13.0,99.0,-0.86,29.41,0.0,0.0,4.22,0.01,0.0,-0.5,14.0,7.06,Open loop due to engine load OR fuel cut due to deceleration/,5.0,87
2026-08-17 12:22:12.513,1927.25,39.0,89.0,36.0,14.0,99.0,-0.85,28.24,0.0,0.0,3.84,0.01,0.0,-1.0,14.0,7.06,Open loop due to engine load OR fuel cut due to deceleration/,5.0,87
2026-08-17 12:22:14.221,1729.0,35.0,89.0,36.0,12.0,99.0,-0.87,27.84,7.81,0.0,3.33,0.79,0.04,11.5,13.3,6.67,Open loop due to engine load OR fuel cut due to deceleration/,5.0,87
2026-08-17 12:22:15.930,1397.5,28.0,89.0,36.0,13.0,99.0,-0.86,27.06,7.81,0.0,3.01,0.89,0.07,0.5,13.3,12.16,Open loop due to engine load OR fuel cut due to deceleration/,5.0,87
2026-08-17 12:22:17.623,1103.5,23.0,89.0,36.0,15.0,99.0,-0.84,26.27,7.81,0.0,2.64,0.91,0.1,7.0,13.3,14.51,Open loop due to engine load OR fuel cut due to deceleration/,5.0,87
2026-08-17 12:22:19.330,1000.5,20.0,89.0,36.0,15.0,99.0,-0.84,25.49,7.81,0.0,2.45,0.91,0.1,4.0,13.2,18.04,Open loop due to engine load OR fuel cut due to deceleration/,5.0,87
2026-08-17 12:22:21.041,1152.0,14.0,89.0,36.0,16.0,99.0,-0.83,26.27,7.81,0.78,2.51,0.9,0.12,-8.0,13.0,16.08,Open loop due to engine load OR fuel cut due to deceleration/,5.0,87
2026-08-17 12:22:22.746,672.0,7.0,89.0,36.0,24.0,99.0,-0.75,27.45,7.81,0.78,3.03,0.9,0.12,-9.0,13.2,25.88,Open loop due to engine load OR fuel cut due to deceleration/,5.0,87
2026-08-17 12:22:24.448,696.25,3.0,89.0,36.0,22.0,99.0,-0.77,26.67,7.81,-0.78,2.74,0.9,0.14,3.5,13.2,23.92,Open loop due to engine load OR fuel cut due to deceleration/,5.0,87
2026-08-17 12:22:26.151,684.0,0.0,89.0,36.0,21.0,99.0,-0.78,26.27,7.03,-1.56,2.6,0.89,0.14,3.0,13.1,23.14,Open loop due to engine load OR fuel cut due to deceleration/,5.0,87
2026-08-17 12:22:27.840,686.0,0.0,89.0,36.0,22.0,99.0,-0.77,26.27,5.47,-1.56,2.68,0.88,0.14,1.5,13.1,23.92,Open loop due to engine load OR fuel cut due to deceleration/,5.0,87
2026-08-17 12:22:29.552,678.5,0.0,89.0,36.0,23.0,99.0,-0.76,26.67,3.91,-1.56,2.68,0.87,0.15,2.0,13.3,23.92,Open loop due to engine load OR fuel cut due to deceleration/,5.0,87
2026-08-17 12:22:31.242,679.75,0.0,89.0,36.0,24.0,99.0,-0.75,26.67,3.91,-1.56,2.7,0.85,0.32,1.0,13.3,23.92,Open loop due to engine load OR fuel cut due to deceleration/,5.0,87
2026-08-17 12:22:32.943,673.0,0.0,89.0,36.0,24.0,99.0,-0.75,26.67,-2.34,-1.56,2.8,0.69,0.83,-1.5,13.2,24.71,"Closed loop, using oxygen sensor feedback to determine fuel mix/",5.0,87
2026-08-17 12:22:34.644,676.0,0.0,89.0,36.0,25.0,99.0,-0.74,26.67,-3.12,-2.34,2.8,0.09,0.84,-1.0,13.3,25.1,"Closed loop, using oxygen sensor feedback to determine fuel mix/",5.0,87
2026-08-17 12:22:36.339,679.5,0.0,89.0,36.0,24.0,99.0,-0.75,26.67,-3.12,-2.34,2.79,0.09,0.83,0.5,13.1,24.71,"Closed loop, using oxygen sensor feedback to determine fuel mix/",5.0,87
2026-08-17 12:22:38.031,680.5,0.0,89.0,36.0,24.0,99.0,-0.75,26.67,-2.34,-2.34,2.78,0.62,0.83,-0.5,13.3,24.31,"Closed loop, using oxygen sensor feedback to determine fuel mix/",5.0,87
2026-08-17 12:22:39.725,685.25,0.0,89.0,36.0,23.0,99.0,-0.76,26.67,-2.34,-2.34,2.71,0.1,0.82,0.5,13.2,24.31,"Closed loop, using oxygen sensor feedback to determine fuel mix/",5.0,87
2026-08-17 12:22:41.435,688.75,0.0,90.0,36.0,25.0,99.0,-0.74,26.67,0.78,-2.34,2.72,0.12,0.82,-1.5,13.2,24.31,"Closed loop, using oxygen sensor feedback to determine fuel mix/",5.0,87
2026-08-17 12:22:43.131,677.25,0.0,90.0,36.0,24.0,99.0,-0.75,26.67,-2.34,-2.34,2.67,0.1,0.81,0.0,13.3,23.92,"Closed loop, using oxygen sensor feedback to determine fuel mix/",5.0,87
2026-08-17 12:22:44.837,675.75,0.0,90.0,36.0,23.0,99.0,-0.76,26.67,-2.34,-2.34,2.68,0.1,0.81,1.5,13.2,23.92,"Closed loop, using oxygen sensor feedback to determine fuel mix/",5.0,87
2026-08-17 12:22:46.541,687.5,0.0,90.0,36.0,24.0,99.0,-0.75,26.67,-2.34,-2.34,2.7,0.75,0.81,1.0,13.3,24.31,"Closed loop, using oxygen sensor feedback to determine fuel mix/",5.0,87
2026-08-17 12:22:48.239,684.0,0.0,90.0,36.0,24.0,99.0,-0.75,26.67,-3.12,-2.34,2.68,0.09,0.81,2.5,13.3,24.31,"Closed loop, using oxygen sensor feedback to determine fuel mix/",5.0,87
2026-08-17 12:22:49.948,680.75,0.0,91.0,36.0,23.0,99.0,-0.76,26.67,0.0,-2.34,2.68,0.11,0.81,-1.0,13.2,23.53,"Closed loop, using oxygen sensor feedback to determine fuel mix/",5.0,87
2026-08-17 12:22:51.650,678.0,0.0,91.0,36.0,24.0,99.0,-0.75,26.67,-2.34,-2.34,2.7,0.1,0.8,-2.0,13.3,23.92,"Closed loop, using oxygen sensor feedback to determine fuel mix/",5.0,87
2026-08-17 12:22:53.345,673.5,0.0,91.0,36.0,24.0,99.0,-0.75,26.67,-2.34,-2.34,2.69,0.1,0.8,1.5,13.3,23.92,"Closed loop, using oxygen sensor feedback to determine fuel mix/",5.0,87
2026-08-17 12:22:55.038,674.75,0.0,91.0,36.0,22.0,99.0,-0.77,26.67,-1.56,-2.34,2.66,0.55,0.8,0.0,13.3,23.92,"Closed loop, using oxygen sensor feedback to determine fuel mix/",5.0,87
2026-08-17 12:22:56.729,682.25,0.0,92.0,36.0,24.0,99.0,-0.75,26.67,-2.34,-2.34,2.68,0.1,0.8,0.5,13.3,23.92,"Closed loop, using oxygen sensor feedback to determine fuel mix/",5.0,87
2026-08-17 12:22:58.423,678.75,0.0,92.0,36.0,23.0,99.0,-0.76,26.27,-1.56,-2.34,2.63,0.75,0.8,4.0,13.3,23.53,"Closed loop, using oxygen sensor feedback to determine fuel mix/",5.0,87
2026-08-17 12:23:00.117,680.5,0.0,92.0,36.0,24.0,99.0,-0.75,26.27,-2.34,-2.34,2.64,0.1,0.79,1.5,13.3,23.53,"Closed loop, using oxygen sensor feedback to determine fuel mix/",5.0,87
2026-08-17 12:23:01.823,678.25,0.0,92.0,36.0,23.0,99.0,-0.76,26.67,0.78,-2.34,2.69,0.1,0.79,1.0,13.3,23.53,"Closed loop, using oxygen sensor feedback to determine fuel mix/",5.0,87
2026-08-17 12:23:03.518,677.0,0.0,92.0,36.0,23.0,99.0,-0.76,26.67,-2.34,-2.34,2.68,0.1,0.79,1.5,13.3,23.92,"Closed loop, using oxygen sensor feedback to determine fuel mix/",5.0,87
2026-08-17 12:23:05.226,679.25,0.0,93.0,36.0,23.0,99.0,-0.76,26.67,-2.34,-2.34,2.69,0.1,0.79,-0.5,13.3,23.92,"Closed loop, using oxygen sensor feedback to determine fuel mix/",5.0,87
2026-08-17 12:23:06.920,680.25,0.0,93.0,36.0,23.0,99.0,-0.76,26.27,-2.34,-2.34,2.66,0.56,0.79,1.0,13.2,23.92,"Closed loop, using oxygen sensor feedback to determine fuel mix/",5.0,87
2026-08-17 12:23:08.624,677.25,0.0,93.0,36.0,23.0,99.0,-0.76,26.27,-2.34,-2.34,2.65,0.1,0.79,-1.5,13.3,23.53,"Closed loop, using oxygen sensor feedback to determine fuel mix/",5.0,87
2026-08-17 12:23:10.318,684.75,0.0,93.0,36.0,23.0,99.0,-0.76,26.27,-1.56,-2.34,2.62,0.78,0.79,1.0,13.3,23.53,"Closed loop, using oxygen sensor feedback to determine fuel mix/",5.0,87
2026-08-17 12:23:12.012,680.5,0.0,93.0,36.0,24.0,99.0,-0.75,26.27,-2.34,-2.34,2.64,0.1,0.78,-0.5,13.3,23.53,"Closed loop, using oxygen sensor feedback to determine fuel mix/",5.0,88
2026-08-17 12:23:13.722,682.75,0.0,93.0,36.0,23.0,99.0,-0.76,26.27,0.78,-2.34,2.61,0.17,0.78,-0.5,13.2,23.14,"Closed loop, using oxygen sensor feedback to determine fuel mix/",5.0,88
2026-08-17 12:23:15.419,683.75,0.0,94.0,36.0,24.0,99.0,-0.75,26.27,-2.34,-2.34,2.66,0.1,0.78,0.5,13.2,24.31,"Closed loop, using oxygen sensor feedback to determine fuel mix/",5.0,88
2026-08-17 12:23:17.123,678.0,0.0,94.0,36.0,23.0,99.0,-0.76,26.67,0.78,-2.34,2.7,0.1,0.78,-0.5,13.2,23.92,"Closed loop, using oxygen sensor feedback to determine fuel mix/",5.0,88
2026-08-17 12:23:18.817,677.25,0.0,94.0,36.0,24.0,99.0,-0.75,26.67,-2.34,-2.34,2.65,0.12,0.78,2.0,13.3,23.92,"Closed loop, using oxygen sensor feedback to determine fuel mix/",5.0,88
2026-08-17 12:23:20.506,676.5,0.0,94.0,36.0,24.0,99.0,-0.75,26.27,-2.34,-2.34,2.64,0.1,0.78,-0.5,13.1,23.14,"Closed loop, using oxygen sensor feedback to determine fuel mix/",5.0,88
2026-08-17 12:23:22.203,680.5,0.0,94.0,36.0,22.0,99.0,-0.77,26.27,-1.56,-2.34,2.63,0.73,0.78,1.5,13.3,23.53,"Closed loop, using oxygen sensor feedback to determine fuel mix/",5.0,88
2026-08-17 12:23:23.893,684.75,0.0,94.0,36.0,24.0,99.0,-0.75,26.27,-2.34,-2.34,2.63,0.09,0.78,2.0,13.3,23.53,"Closed loop, using oxygen sensor feedback to determine fuel mix/",5.0,88
2026-08-17 12:23:25.587,684.5,0.0,95.0,36.0,23.0,99.0,-0.76,26.27,-1.56,-2.34,2.63,0.77,0.78,1.5,13.2,23.14,"Closed loop, using oxygen sensor feedback to determine fuel mix/",5.0,88
2026-08-17 12:23:27.277,675.75,0.0,95.0,36.0,22.0,99.0,-0.77,26.67,-2.34,-2.34,2.65,0.1,0.77,2.0,13.3,23.92,"Closed loop, using oxygen sensor feedback to determine fuel mix/",5.0,88
2026-08-17 12:23:28.977,681.25,0.0,95.0,36.0,24.0,99.0,-0.75,26.27,1.56,-2.34,2.6,0.72,0.77,2.0,13.3,23.53,"Closed loop, using oxygen sensor feedback to determine fuel mix/",5.0,88
2026-08-17 12:23:30.680,682.25,0.0,95.0,36.0,22.0,99.0,-0.77,26.27,-2.34,-2.34,2.65,0.1,0.77,-0.5,13.1,23.53,"Closed loop, using oxygen sensor feedback to determine fuel mix/",5.0,88
2026-08-17 12:23:32.368,682.5,0.0,96.0,36.0,23.0,99.0,-0.76,26.27,0.78,-2.34,2.67,0.12,0.77,-3.0,13.2,23.53,"Closed loop, using oxygen sensor feedback to determine fuel mix/",5.0,88
2026-08-17 12:23:34.066,662.75,0.0,96.0,36.0,23.0,99.0,-0.76,26.27,-2.34,-2.34,2.63,0.1,0.77,3.5,13.3,23.53,"Closed loop, using oxygen sensor feedback to determine fuel mix/",5.0,88
2026-08-17 12:23:35.759,677.25,0.0,96.0,36.0,22.0,99.0,-0.77,26.67,0.78,-2.34,2.63,0.1,0.77,2.0,13.3,23.14,"Closed loop, using oxygen sensor feedback to determine fuel mix/",5.0,88
2026-08-17 12:23:37.455,672.75,0.0,96.0,36.0,24.0,99.0,-0.75,26.27,-2.34,-2.34,2.65,0.1,0.77,1.0,13.3,23.92,"Closed loop, using oxygen sensor feedback to determine fuel mix/",5.0,88
2026-08-17 12:23:39.142,678.0,0.0,96.0,36.0,23.0,99.0,-0.76,26.67,0.78,-2.34,2.68,0.09,0.77,-2.0,13.2,23.53,"Closed loop, using oxygen sensor feedback to determine fuel mix/",5.0,88
2026-08-17 12:23:40.837,685.5,0.0,96.0,36.0,22.0,99.0,-0.77,26.27,-2.34,-2.34,2.64,0.1,0.77,0.0,13.2,23.53,"Closed loop, using oxygen sensor feedback to determine fuel mix/",5.0,88
2026-08-17 12:23:42.529,675.25,0.0,96.0,36.0,24.0,99.0,-0.75,26.27,0.78,-2.34,2.67,0.09,0.77,-1.0,13.3,23.14,"Closed loop, using oxygen sensor feedback to determine fuel mix/",5.0,88
2026-08-17 12:23:44.225,682.5,0.0,96.0,36.0,22.0,99.0,-0.77,26.27,-2.34,-2.34,2.67,0.23,0.77,-1.0,13.2,23.53,"Closed loop, using oxygen sensor feedback to determine fuel mix/",5.0,88
2026-08-17 12:23:45.916,676.75,0.0,97.0,36.0,24.0,99.0,-0.75,26.67,-2.34,-2.34,2.69,0.09,0.77,0.5,13.3,23.53,"Closed loop, using oxygen sensor feedback to determine fuel mix/",5.0,88
2026-08-17 12:23:47.608,670.25,0.0,97.0,36.0,24.0,99.0,-0.75,27.06,-1.56,-2.34,2.92,0.14,0.77,5.5,13.2,26.27,"Closed loop, using oxygen sensor feedback to determine fuel mix/",5.0,88
2026-08-17 12:23:49.316,683.25,0.0,97.0,36.0,26.0,99.0,-0.73,27.45,-1.56,-2.34,3.0,0.08,0.76,-1.5,13.2,27.06,"Closed loop, using oxygen sensor feedback to determine fuel mix/",5.0,88
2026-08-17 12:23:51.025,685.0,0.0,97.0,36.0,25.0,99.0,-0.74,27.45,-0.78,-2.34,3.02,0.73,0.76,-1.5,13.3,27.06,"Closed loop, using oxygen sensor feedback to determine fuel mix/",5.0,88
2026-08-17 12:23:52.739,668.0,0.0,97.0,36.0,25.0,99.0,-0.74,27.45,-0.78,-2.34,3.05,0.09,0.76,-1.5,13.3,27.45,"Closed loop, using oxygen sensor feedback to determine fuel mix/",5.0,88
2026-08-17 12:23:54.446,688.25,0.0,97.0,36.0,25.0,99.0,-0.74,27.45,0.0,-2.34,3.03,0.75,0.76,-2.0,13.3,27.06,"Closed loop, using oxygen sensor feedback to determine fuel mix/",5.0,88
2026-08-17 12:23:56.169,679.5,0.0,97.0,36.0,25.0,99.0,-0.74,27.45,0.0,-2.34,3.01,0.1,0.76,-2.5,13.3,27.06,"Closed loop, using oxygen sensor feedback to determine fuel mix/",5.0,88
2026-08-17 12:23:57.892,681.75,0.0,98.0,36.0,25.0,99.0,-0.74,27.06,0.0,-2.34,2.98,0.76,0.76,0.0,13.2,26.27,"Closed loop, using oxygen sensor feedback to determine fuel mix/",5.0,88
2026-08-17 12:23:59.585,678.25,0.0,98.0,36.0,27.0,99.0,-0.72,27.45,-0.78,-2.34,2.99,0.09,0.76,-0.5,13.3,27.06,"Closed loop, using oxygen sensor feedback to determine fuel mix/",5.0,88
2026-08-17 12:24:01.295,684.75,0.0,98.0,36.0,25.0,99.0,-0.74,27.06,0.0,-2.34,2.96,0.73,0.76,-2.5,13.3,26.67,"Closed loop, using oxygen sensor feedback to determine fuel mix/",5.0,88
2026-08-17 12:24:03.009,678.0,0.0,98.0,36.0,25.0,99.0,-0.74,27.45,0.0,-2.34,2.99,0.1,0.76,-2.5,13.3,26.67,"Closed loop, using oxygen sensor feedback to determine fuel mix/",5.0,88
2026-08-17 12:24:04.712,673.5,0.0,98.0,36.0,26.0,99.0,-0.73,27.45,0.0,-2.34,3.01,0.38,0.76,-2.0,13.3,26.27,"Closed loop, using oxygen sensor feedback to determine fuel mix/",5.0,88
2026-08-17 12:24:06.405,680.25,0.0,98.0,36.0,25.0,99.0,-0.74,27.45,-0.78,-2.34,3.0,0.09,0.76,-1.5,13.3,26.67,"Closed loop, using oxygen sensor feedback to determine fuel mix/",5.0,88
2026-08-17 12:24:08.095,676.75,0.0,98.0,36.0,25.0,99.0,-0.74,27.06,0.0,-2.34,2.98,0.4,0.75,-3.0,13.3,26.67,"Closed loop, using oxygen sensor feedback to determine fuel mix/",5.0,88
2026-08-17 12:24:09.791,685.0,0.0,98.0,36.0,27.0,99.0,-0.72,27.06,0.0,-2.34,2.98,0.1,0.75,-3.0,13.3,26.67,"Closed loop, using oxygen sensor feedback to determine fuel mix/",5.0,88
2026-08-17 12:24:11.482,677.0,0.0,98.0,36.0,25.0,99.0,-0.74,27.06,-0.78,-2.34,2.97,0.11,0.75,-1.0,13.2,26.67,"Closed loop, using oxygen sensor feedback to determine fuel mix/",5.0,88
2026-08-17 12:24:13.176,675.5,0.0,98.0,36.0,25.0,99.0,-0.74,27.45,2.34,-2.34,2.99,0.1,0.75,-3.0,13.2,26.27,"Closed loop, using oxygen sensor feedback to determine fuel mix/",5.0,88
2026-08-17 12:24:14.866,678.0,0.0,97.0,36.0,25.0,99.0,-0.74,27.06,0.0,-2.34,2.96,0.1,0.74,-2.5,13.3,26.67,"Closed loop, using oxygen sensor feedback to determine fuel mix/",5.0,88
2026-08-17 12:24:16.570,676.0,0.0,97.0,36.0,26.0,99.0,-0.73,27.06,3.12,-2.34,2.93,0.1,0.74,-1.0,13.3,26.27,"Closed loop, using oxygen sensor feedback to determine fuel mix/",5.0,88
2026-08-17 12:24:18.273,680.75,0.0,97.0,36.0,25.0,99.0,-0.74,27.45,0.0,-2.34,3.0,0.1,0.74,-3.0,13.2,26.27,"Closed loop, using oxygen sensor feedback to determine fuel mix/",5.0,88
2026-08-17 12:24:19.979,676.25,0.0,97.0,36.0,25.0,99.0,-0.74,27.45,3.12,-2.34,3.0,0.22,0.75,-2.5,13.2,26.67,"Closed loop, using oxygen sensor feedback to determine fuel mix/",5.0,88
2026-08-17 12:24:21.688,673.5,0.0,97.0,36.0,26.0,99.0,-0.73,27.45,0.0,-2.34,2.96,0.1,0.74,-0.5,13.3,26.27,"Closed loop, using oxygen sensor feedback to determine fuel mix/",5.0,88
2026-08-17 12:24:23.386,1873.75,5.0,96.0,36.0,38.0,99.0,-0.61,34.12,-0.78,-3.12,7.93,0.09,0.74,27.5,13.3,20.0,"Closed loop, using oxygen sensor feedback to determine fuel mix/",5.0,88
2026-08-17 12:24:25.086,1714.5,11.0,96.0,36.0,64.0,99.0,-0.35,43.92,0.0,-3.91,27.05,0.85,0.73,7.0,13.3,28.63,"Closed loop, using oxygen sensor feedback to determine fuel mix/",5.0,89
2026-08-17 12:24:26.780,1281.5,15.0,95.0,37.0,24.0,99.0,-0.75,30.2,1.56,-0.78,4.02,0.12,0.73,-8.5,13.2,21.96,"Closed loop, using oxygen sensor feedback to determine fuel mix/",5.0,89
2026-08-17 12:24:28.471,779.5,9.0,95.0,37.0,37.0,99.0,-0.62,34.51,-3.12,-3.12,10.99,0.07,0.73,5.0,13.3,39.22,"Closed loop, using oxygen sensor feedback to determine fuel mix/",5.0,89
2026-08-17 12:24:30.182,2054.75,16.0,95.0,37.0,38.0,99.0,-0.61,36.86,5.47,-4.69,19.97,0.08,0.66,-4.0,13.3,40.78,"Closed loop, using oxygen sensor feedback to determine fuel mix/",5.0,89
2026-08-17 12:24:31.873,2324.75,23.0,94.0,37.0,57.0,99.0,-0.42,39.22,0.0,-3.91,25.61,0.63,0.67,7.0,13.3,38.04,"Closed loop, using oxygen sensor feedback to determine fuel mix/",5.0,89
2026-08-17 12:24:33.588,2729.25,32.0,94.0,36.0,53.0,99.0,-0.46,40.78,3.12,-3.91,34.6,0.78,0.66,8.5,13.2,41.18,"Closed loop, using oxygen sensor feedback to determine fuel mix/",5.0,89
2026-08-17 12:24:35.289,3135.5,39.0,94.0,36.0,43.0,99.0,-0.56,38.82,-0.78,-3.91,25.13,0.44,0.66,20.5,13.3,25.88,"Closed loop, using oxygen sensor feedback to determine fuel mix/",5.0,89
2026-08-17 12:24:36.984,3518.25,44.0,94.0,36.0,37.0,99.0,-0.62,37.25,1.56,-2.34,21.82,0.74,0.65,-1.0,13.3,21.96,"Closed loop, using oxygen sensor feedback to determine fuel mix/",5.0,89
2026-08-17 12:24:38.698,2487.0,46.0,93.0,36.0,42.0,99.0,-0.57,37.25,0.0,-2.34,19.67,0.33,0.64,18.5,13.3,26.67,"Closed loop, using oxygen sensor feedback to determine fuel mix/",5.0,89
2026-08-17 12:24:40.403,2601.75,50.0,93.0,36.0,41.0,99.0,-0.58,36.08,-3.12,-1.56,16.02,0.59,0.64,25.0,13.4,16.86,"Closed loop, using oxygen sensor feedback to determine fuel mix/",5.0,89
2026-08-17 12:24:42.111,2578.75,51.0,93.0,36.0,15.0,99.0,-0.84,31.76,0.0,1.56,6.32,0.11,0.62,16.0,13.3,7.06,"Closed loop, using oxygen sensor feedback to determine fuel mix/",5.0,89
2026-08-17 12:24:43.821,2645.75,51.0,93.0,36.0,37.0,99.0,-0.62,36.86,0.78,-3.12,18.18,0.07,0.59,23.5,13.3,23.92,"Closed loop, using oxygen sensor feedback to determine fuel mix/",5.0,89
2026-08-17 12:24:45.507,2632.75,52.0,93.0,37.0,19.0,99.0,-0.8,32.16,-1.56,0.78,6.19,0.59,0.58,42.0,13.3,8.63,"Closed loop, using oxygen sensor feedback to determine fuel mix/",5.0,89
2026-08-17 12:24:47.200,2607.25,52.0,93.0,37.0,20.0,99.0,-0.79,32.55,2.34,-0.78,7.0,0.83,0.59,41.0,13.3,9.41,"Closed loop, using oxygen sensor feedback to determine fuel mix/",5.0,89
2026-08-17 12:24:48.902,2715.75,52.0,93.0,37.0,40.0,99.0,-0.59,36.86,1.56,-3.12,19.14,0.17,0.6,20.0,13.2,24.71,"Closed loop, using oxygen sensor feedback to determine fuel mix/",5.0,89
2026-08-17 12:24:50.602,2815.75,56.0,93.0,36.0,51.0,99.0,-0.48,39.22,0.78,-3.12,17.42,0.77,0.6,18.5,13.2,23.92,"Closed loop, using oxygen sensor feedback to determine fuel mix/",5.0,89
2026-08-17 12:24:52.297,2954.5,59.0,92.0,36.0,38.0,99.0,-0.61,36.86,3.12,-2.34,18.24,0.77,0.6,25.0,13.3,20.78,"Closed loop, using oxygen sensor feedback to determine fuel mix/",5.0,89
2026-08-17 12:24:53.988,3048.25,61.0,92.0,37.0,28.0,99.0,-0.71,34.12,-3.12,1.56,9.2,0.81,0.6,41.5,13.2,9.41,"Closed loop, using oxygen sensor feedback to determine fuel mix/",5.0,89
2026-08-17 12:24:55.681,3125.5,60.0,92.0,37.0,29.0,99.0,-0.7,35.69,1.56,-1.56,14.32,0.12,0.6,32.0,13.3,15.29,"Closed loop, using oxygen sensor feedback to determine fuel mix/",5.0,89
2026-08-17 12:24:57.378,3100.0,62.0,92.0,36.0,30.0,99.0,-0.69,35.29,0.0,-0.78,13.71,0.15,0.6,33.0,13.2,14.9,"Closed loop, using oxygen sensor feedback to determine fuel mix/",5.0,89
2026-08-17 12:24:59.063,3120.0,62.0,92.0,36.0,16.0,99.0,-0.83,34.12,-3.12,0.0,10.54,0.72,0.6,22.5,13.2,12.94,"Closed loop, using oxygen sensor feedback to determine fuel mix/",5.0,89
2026-08-17 12:25:00.764,3082.0,62.0,92.0,37.0,12.0,99.0,-0.87,31.37,0.0,-1.56,5.87,0.04,0.6,40.5,13.3,6.67,Open loop due to engine load OR fuel cut due to deceleration/,5.0,89
2026-08-17 12:25:02.467,3042.75,60.0,92.0,37.0,16.0,99.0,-0.83,33.33,7.81,-4.69,8.68,0.85,0.6,32.5,13.3,10.2,Open loop due to engine load OR fuel cut due to deceleration/,5.0,89
2026-08-17 12:25:04.175,3011.0,60.0,92.0,36.0,20.0,99.0,-0.79,34.51,3.91,-4.69,10.69,0.8,0.6,26.5,13.3,12.16,Open loop due to engine load OR fuel cut due to deceleration/,5.0,89
2026-08-17 12:25:05.868,2976.5,59.0,92.0,37.0,21.0,99.0,-0.78,34.51,1.56,-4.69,10.6,0.09,0.6,26.5,13.2,12.94,"Closed loop, using oxygen sensor feedback to determine fuel mix/",5.0,89
2026-08-17 12:25:07.584,2979.75,59.0,92.0,37.0,20.0,99.0,-0.79,34.12,0.0,-3.91,10.47,0.57,0.6,29.5,13.2,9.8,"Closed loop, using oxygen sensor feedback to determine fuel mix/",5.0,89
2026-08-17 12:25:09.276,2894.25,58.0,92.0,37.0,14.0,99.0,-0.85,31.37,0.0,0.0,5.72,0.01,0.6,-2.0,13.5,6.67,Open loop due to engine load OR fuel cut due to deceleration/,5.0,89
2026-08-17 12:25:10.981,2789.5,55.0,92.0,37.0,12.0,99.0,-0.87,30.98,7.81,-4.69,5.3,0.09,0.03,38.0,13.5,6.27,Open loop due to engine load OR fuel cut due to deceleration/,5.0,89
2026-08-17 12:25:12.672,2698.0,54.0,92.0,37.0,12.0,99.0,-0.87,30.98,7.81,-4.69,5.29,0.85,0.1,14.5,13.3,6.67,Open loop due to engine load OR fuel cut due to deceleration/,5.0,89
2026-08-17 12:25:14.379,2694.25,53.0,92.0,37.0,15.0,99.0,-0.84,32.16,7.81,-4.69,6.95,0.85,0.12,28.0,13.3,9.02,Open loop due to engine load OR fuel cut due to deceleration/,5.0,89
2026-08-17 12:25:16.078,2629.0,52.0,92.0,37.0,16.0,99.0,-0.83,32.16,7.81,-4.69,7.01,0.85,0.14,27.0,13.3,9.02,Open loop due to engine load OR fuel cut due to deceleration/,5.0,89
2026-08-17 12:25:17.770,2572.25,51.0,92.0,36.0,15.0,99.0,-0.84,32.16,4.69,-4.69,6.56,0.85,0.15,28.0,13.3,8.63,Open loop due to engine load OR fuel cut due to deceleration/,5.0,89
2026-08-17 12:25:19.485,2530.0,50.0,91.0,36.0,15.0,99.0,-0.84,31.76,3.91,-4.69,6.49,0.81,0.17,27.0,13.3,8.63,Open loop due to engine load OR fuel cut due to deceleration/,5.0,89
2026-08-17 12:25:21.182,2467.0,49.0,91.0,36.0,12.0,99.0,-0.87,30.2,1.56,-0.78,4.75,0.14,0.17,-3.0,13.3,7.06,Open loop due to engine load OR fuel cut due to deceleration/,5.0,89
2026-08-17 12:25:22.895,2506.5,48.0,91.0,36.0,44.0,99.0,-0.55,39.61,7.81,-3.91,25.43,0.85,0.09,15.0,13.3,31.76,Open loop due to engine load OR fuel cut due to deceleration/,5.0,89
2026-08-17 12:25:24.590,2548.25,51.0,91.0,36.0,30.0,99.0,-0.69,33.73,5.47,-4.69,8.95,0.85,0.13,37.5,13.2,12.16,Open loop due to engine load OR fuel cut due to deceleration/,5.0,89
2026-08-17 12:25:26.299,2553.5,51.0,91.0,37.0,15.0,99.0,-0.84,31.76,3.91,-4.69,6.22,0.75,0.14,30.5,13.3,7.84,Open loop due to engine load OR fuel cut due to deceleration/,5.0,89
2026-08-17 12:25:28.006,2522.5,50.0,91.0,37.0,15.0,99.0,-0.84,31.76,1.56,-4.69,6.41,0.11,0.15,27.5,13.3,8.63,"Closed loop, using oxygen sensor feedback to determine fuel mix/",5.0,89
2026-08-17 12:25:29.709,2481.5,49.0,91.0,37.0,15.0,99.0,-0.84,31.76,3.12,-3.91,6.53,0.75,0.17,25.5,13.3,9.02,"Closed loop, using oxygen sensor feedback to determine fuel mix/",5.0,89
2026-08-17 12:25:31.412,2427.5,48.0,91.0,36.0,12.0,99.0,-0.87,30.2,3.91,-0.78,4.67,0.86,0.23,0.5,13.3,6.67,Open loop due to engine load OR fuel cut due to deceleration/,5.0,89
2026-08-17 12:25:33.114,2378.5,47.0,91.0,36.0,15.0,99.0,-0.84,31.76,7.81,-4.69,6.52,0.84,0.47,24.0,13.2,9.41,Open loop due to engine load OR fuel cut due to deceleration/,5.0,89
2026-08-17 12:25:34.804,2396.75,46.0,91.0,36.0,19.0,99.0,-0.8,33.33,7.81,-4.69,8.34,0.83,0.75,25.0,13.3,14.51,Open loop due to engine load OR fuel cut due to deceleration/,5.0,89
2026-08-17 12:25:36.499,2301.75,46.0,91.0,36.0,12.0,99.0,-0.87,29.8,0.0,0.0,4.47,0.06,0.79,-3.0,13.3,7.06,Open loop due to engine load OR fuel cut due to deceleration/,5.0,89
2026-08-17 12:25:38.196,2192.25,44.0,91.0,37.0,14.0,99.0,-0.85,29.41,0.0,0.0,4.24,0.01,0.01,-1.0,14.1,7.06,Open loop due to engine load OR fuel cut due to deceleration/,5.0,89
2026-08-17 12:25:39.886,2069.75,41.0,91.0,36.0,14.0,99.0,-0.85,29.02,0.0,0.0,4.14,0.01,0.0,1.5,14.0,6.67,Open loop due to engine load OR fuel cut due to deceleration/,5.0,89
2026-08-17 12:25:41.583,1861.5,37.0,91.0,36.0,13.0,99.0,-0.86,27.84,7.81,0.0,3.48,0.02,0.0,7.0,13.6,7.06,Open loop due to engine load OR fuel cut due to deceleration/,5.0,89
2026-08-17 12:25:43.287,1610.75,32.0,91.0,36.0,13.0,99.0,-0.86,27.45,7.81,0.0,3.44,0.89,0.05,6.0,13.2,9.8,Open loop due to engine load OR fuel cut due to deceleration/,5.0,89
2026-08-17 12:25:44.977,1232.0,25.0,91.0,36.0,14.0,99.0,-0.85,26.27,7.81,0.78,2.76,0.91,0.08,2.5,13.2,14.12,Open loop due to engine load OR fuel cut due to deceleration/,5.0,89
2026-08-17 12:25:46.690,1080.75,22.0,91.0,36.0,14.0,99.0,-0.85,25.88,7.81,0.78,2.52,0.91,0.1,10.0,13.2,14.51,Open loop due to engine load OR fuel cut due to deceleration/,5.0,89
2026-08-17 12:25:48.382,1003.25,21.0,90.0,36.0,14.0,99.0,-0.85,25.88,7.81,0.78,2.44,0.9,0.11,11.0,13.1,16.08,Open loop due to engine load OR fuel cut due to deceleration/,5.0,89
2026-08-17 12:25:50.091,910.0,18.0,91.0,37.0,15.0,99.0,-0.84,25.1,7.81,0.78,2.28,0.9,0.12,8.0,13.2,16.86,Open loop due to engine load OR fuel cut due to deceleration/,5.0,89
2026-08-17 12:25:51.783,890.5,17.0,91.0,37.0,18.0,99.0,-0.81,27.84,7.81,0.78,3.34,0.89,0.13,-3.0,13.3,16.86,Open loop due to engine load OR fuel cut due to deceleration/,5.0,89
2026-08-17 12:25:53.510,1143.0,15.0,91.0,37.0,16.0,99.0,-0.83,27.06,7.81,0.78,2.86,0.9,0.14,13.0,13.2,15.69,Open loop due to engine load OR fuel cut due to deceleration/,5.0,89
2026-08-17 12:25:55.233,1346.75,15.0,91.0,37.0,22.0,99.0,-0.77,27.84,4.69,-4.69,3.42,0.9,0.14,20.0,13.3,13.33,Open loop due to engine load OR fuel cut due to deceleration/,5.0,89
2026-08-17 12:25:56.941,1491.75,16.0,91.0,36.0,37.0,99.0,-0.62,34.12,-3.12,-4.69,9.24,0.06,0.88,22.0,12.8,18.43,"Closed loop, using oxygen sensor feedback to determine fuel mix/",5.0,89
2026-08-17 12:25:58.635,1397.75,18.0,91.0,37.0,15.0,99.0,-0.84,27.84,-3.12,-0.78,3.4,0.86,0.85,4.0,12.5,10.59,"Closed loop, using oxygen sensor feedback to determine fuel mix/",5.0,89
2026-08-17 12:26:00.323,1307.25,16.0,91.0,37.0,14.0,99.0,-0.85,26.67,-7.81,-2.34,3.05,0.1,0.85,3.0,12.3,12.16,"Closed loop, using oxygen sensor feedback to determine fuel mix/",5.0,89
2026-08-17 12:26:02.019,1180.75,15.0,91.0,37.0,13.0,99.0,-0.86,25.88,-4.69,-2.34,2.71,0.12,0.84,5.0,12.3,13.33,"Closed loop, using oxygen sensor feedback to determine fuel mix/",5.0,89
2026-08-17 12:26:03.710,1109.25,15.0,91.0,36.0,13.0,99.0,-0.86,25.49,-4.69,-3.12,2.44,0.76,0.83,12.5,12.1,14.12,"Closed loop, using oxygen sensor feedback to determine fuel mix/",5.0,89
2026-08-17 12:26:05.407,1007.75,13.0,91.0,36.0,14.0,99.0,-0.85,23.53,-5.47,-3.91,2.05,0.76,0.83,25.0,12.1,20.0,"Closed loop, using oxygen sensor feedback to determine fuel mix/",5.0,89
2026-08-17 12:26:07.110,1888.0,16.0,91.0,36.0,43.0,99.0,-0.56,36.47,-6.25,-3.91,13.7,0.15,0.83,16.0,12.1,23.53,"Closed loop, using oxygen sensor feedback to determine fuel mix/",5.0,89
2026-08-17 12:26:08.811,2023.0,22.0,92.0,36.0,50.0,99.0,-0.49,39.22,-3.91,-3.91,22.94,0.72,0.81,10.0,12.0,34.9,"Closed loop, using oxygen sensor feedback to determine fuel mix/",5.0,89
2026-08-17 12:26:10.511,2308.5,28.0,92.0,36.0,29.0,99.0,-0.7,32.94,-5.47,-1.56,5.75,0.09,0.79,41.5,12.0,8.63,"Closed loop, using oxygen sensor feedback to determine fuel mix/",5.0,89
2026-08-17 12:26:12.204,2303.75,29.0,92.0,36.0,31.0,99.0,-0.68,34.12,3.12,-3.12,10.8,0.23,0.78,33.0,12.0,16.47,"Closed loop, using oxygen sensor feedback to determine fuel mix/",6.0,89
2026-08-17 12:26:13.901,2475.0,31.0,92.0,36.0,33.0,99.0,-0.66,34.51,0.0,-2.34,11.66,0.1,0.78,33.0,12.0,15.29,"Closed loop, using oxygen sensor feedback to determine fuel mix/",6.0,89
2026-08-17 12:26:15.609,2652.0,34.0,92.0,36.0,27.0,99.0,-0.72,33.73,4.69,-1.56,9.31,0.09,0.77,39.5,12.0,11.76,"Closed loop, using oxygen sensor feedback to determine fuel mix/",6.0,89
2026-08-17 12:26:17.319,2723.5,35.0,93.0,37.0,13.0,99.0,-0.86,30.98,0.0,0.0,5.16,0.78,0.77,36.5,12.0,6.67,"Closed loop, using oxygen sensor feedback to determine fuel mix/",6.0,89
2026-08-17 12:26:19.011,2667.5,34.0,92.0,37.0,12.0,99.0,-0.87,30.59,-3.12,-3.12,5.12,0.78,0.76,17.0,11.9,6.67,"Closed loop, using oxygen sensor feedback to determine fuel mix/",6.0,89
2026-08-17 12:26:20.719,2626.0,33.0,93.0,36.0,12.0,99.0,-0.87,30.59,-3.12,-1.56,5.09,0.22,0.77,35.5,12.0,6.67,"Closed loop, using oxygen sensor feedback to determine fuel mix/",6.0,89
2026-08-17 12:26:22.409,2596.75,33.0,93.0,36.0,13.0,99.0,-0.86,30.59,-3.91,-1.56,5.11,0.56,0.76,35.0,12.0,6.67,"Closed loop, using oxygen sensor feedback to determine fuel mix/",6.0,89
2026-08-17 12:26:24.106,2530.75,32.0,93.0,36.0,13.0,99.0,-0.86,30.59,-3.91,-1.56,5.07,0.4,0.76,34.5,11.9,6.67,"Closed loop, using oxygen sensor feedback to determine fuel mix/",6.0,89
2026-08-17 12:26:25.797,2457.5,31.0,93.0,36.0,12.0,99.0,-0.87,30.2,-1.56,-2.34,4.67,0.77,0.76,15.5,11.9,6.67,"Closed loop, using oxygen sensor feedback to determine fuel mix/",6.0,89
2026-08-17 12:26:27.490,2357.75,30.0,93.0,36.0,12.0,99.0,-0.87,30.2,-3.12,-3.12,4.66,0.1,0.75,12.0,11.9,7.06,"Closed loop, using oxygen sensor feedback to determine fuel mix/",6.0,89
2026-08-17 12:26:29.212,2066.5,26.0,93.0,36.0,12.0,99.0,-0.87,28.63,-3.12,-3.12,3.87,0.1,0.75,4.0,11.9,6.67,"Closed loop, using oxygen sensor feedback to determine fuel mix/",6.0,89
2026-08-17 12:26:30.906,1529.75,19.0,94.0,36.0,13.0,99.0,-0.86,27.45,-3.12,-3.12,3.24,0.08,0.75,17.0,11.9,7.45,"Closed loop, using oxygen sensor feedback to determine fuel mix/",6.0,89
2026-08-17 12:26:32.599,1819.25,20.0,94.0,36.0,39.0,99.0,-0.6,35.69,5.47,-3.91,12.69,0.71,0.75,22.0,11.9,21.57,"Closed loop, using oxygen sensor feedback to determine fuel mix/",6.0,89
2026-08-17 12:26:34.289,2075.25,24.0,94.0,36.0,36.0,99.0,-0.63,34.51,0.0,-3.12,11.04,0.07,0.75,28.0,12.0,18.43,"Closed loop, using oxygen sensor feedback to determine fuel mix/",6.0,89
2026-08-17 12:26:35.984,2264.25,27.0,94.0,36.0,37.0,99.0,-0.62,35.29,5.47,-1.56,12.9,0.11,0.73,25.0,12.0,20.0,"Closed loop, using oxygen sensor feedback to determine fuel mix/",6.0,89
2026-08-17 12:26:37.675,2391.5,30.0,94.0,36.0,18.0,99.0,-0.81,29.8,0.78,-3.91,3.58,0.88,0.73,12.0,12.0,6.27,"Closed loop, using oxygen sensor feedback to determine fuel mix/",6.0,89
2026-08-17 12:26:39.370,2290.25,29.0,94.0,37.0,13.0,99.0,-0.86,30.2,3.91,-2.34,4.82,0.3,0.73,8.5,12.0,7.45,"Closed loop, using oxygen sensor feedback to determine fuel mix/",6.0,89
2026-08-17 12:26:41.062,2141.75,27.0,94.0,37.0,13.0,99.0,-0.86,29.8,-0.78,-2.34,4.45,0.72,0.73,6.0,11.9,7.45,"Closed loop, using oxygen sensor feedback to determine fuel mix/",6.0,89
2026-08-17 12:26:42.778,1710.75,22.0,94.0,37.0,13.0,99.0,-0.86,27.84,-1.56,-2.34,3.49,0.82,0.73,3.0,11.9,7.84,"Closed loop, using oxygen sensor feedback to determine fuel mix/",6.0,89
2026-08-17 12:26:44.483,1250.5,15.0,94.0,36.0,17.0,99.0,-0.82,27.06,-7.03,-2.34,2.88,0.12,0.73,-5.5,11.9,15.29,"Closed loop, using oxygen sensor feedback to determine fuel mix/",6.0,89
2026-08-17 12:26:46.174,723.25,9.0,95.0,37.0,16.0,99.0,-0.83,21.96,-4.69,-2.34,1.7,0.85,0.73,16.5,11.9,14.9,"Closed loop, using oxygen sensor feedback to determine fuel mix/",6.0,89
2026-08-17 12:26:47.868,727.5,5.0,95.0,37.0,19.0,99.0,-0.8,23.92,-7.81,-3.12,2.02,0.36,0.72,11.0,11.9,19.22,"Closed loop, using oxygen sensor feedback to determine fuel mix/",6.0,89
2026-08-17 12:26:49.560,685.25,0.0,95.0,37.0,21.0,99.0,-0.78,24.71,-2.34,-3.12,2.12,0.09,0.73,1.5,11.9,18.43,"Closed loop, using oxygen sensor feedback to determine fuel mix/",6.0,89
2026-08-17 12:26:51.254,680.0,0.0,95.0,37.0,19.0,99.0,-0.8,23.92,-5.47,-3.12,1.97,0.66,0.73,6.5,11.9,17.65,"Closed loop, using oxygen sensor feedback to determine fuel mix/",6.0,89
2026-08-17 12:26:52.962,675.75,0.0,95.0,36.0,18.0,99.0,-0.81,23.92,-2.34,-3.12,1.97,0.07,0.73,6.5,11.9,17.65,"Closed loop, using oxygen sensor feedback to determine fuel mix/",6.0,89
2026-08-17 12:26:54.671,681.75,0.0,95.0,36.0,19.0,99.0,-0.8,23.53,-0.78,-3.12,1.93,0.13,0.73,8.0,11.9,17.25,"Closed loop, using oxygen sensor feedback to determine fuel mix/",6.0,89
2026-08-17 12:26:56.364,680.5,0.0,96.0,36.0,17.0,99.0,-0.82,23.53,-4.69,-3.12,1.92,0.1,0.72,9.5,11.9,17.25,"Closed loop, using oxygen sensor feedback to determine fuel mix/",6.0,89
2026-08-17 12:26:58.057,686.25,0.0,96.0,36.0,19.0,99.0,-0.8,23.53,0.0,-3.12,1.94,0.1,0.72,6.5,11.9,17.25,"Closed loop, using oxygen sensor feedback to determine fuel mix/",6.0,89
2026-08-17 12:26:59.748,674.5,0.0,96.0,36.0,18.0,99.0,-0.81,23.53,-3.91,-3.12,1.93,0.1,0.72,9.0,11.9,17.25,"Closed loop, using oxygen sensor feedback to determine fuel mix/",6.0,89
2026-08-17 12:27:01.459,683.25,0.0,96.0,36.0,19.0,99.0,-0.8,23.53,0.0,-3.12,1.92,0.1,0.72,6.0,11.9,16.86,"Closed loop, using oxygen sensor feedback to determine fuel mix/",6.0,89
2026-08-17 12:27:03.149,680.0,0.0,96.0,36.0,18.0,99.0,-0.81,23.53,-3.91,-3.12,1.94,0.14,0.72,8.5,11.9,17.25,"Closed loop, using oxygen sensor feedback to determine fuel mix/",6.0,89
2026-08-17 12:27:04.856,679.0,0.0,96.0,36.0,19.0,99.0,-0.8,23.53,0.0,-3.12,1.91,0.1,0.72,7.0,11.9,16.86,"Closed loop, using oxygen sensor feedback to determine fuel mix/",6.0,89
2026-08-17 12:27:06.551,679.75,0.0,97.0,36.0,17.0,99.0,-0.82,23.53,-3.91,-3.12,1.9,0.23,0.72,9.0,11.9,16.86,"Closed loop, using oxygen sensor feedback to determine fuel mix/",6.0,89
2026-08-17 12:27:08.250,676.5,0.0,97.0,36.0,19.0,99.0,-0.8,23.53,0.0,-3.12,1.92,0.09,0.72,6.5,11.7,17.25,"Closed loop, using oxygen sensor feedback to determine fuel mix/",6.0,89
2026-08-17 12:27:09.952,681.0,0.0,97.0,36.0,18.0,99.0,-0.81,23.53,-3.91,-3.12,1.9,0.41,0.72,9.0,11.7,17.25,"Closed loop, using oxygen sensor feedback to determine fuel mix/",6.0,89
2026-08-17 12:27:11.644,684.0,0.0,97.0,36.0,19.0,99.0,-0.8,23.53,0.0,-3.12,1.9,0.09,0.72,7.0,11.7,16.86,"Closed loop, using oxygen sensor feedback to determine fuel mix/",6.0,90
2026-08-17 12:27:13.343,677.25,0.0,97.0,36.0,18.0,99.0,-0.81,23.53,-2.34,-3.12,1.88,0.71,0.73,7.0,11.7,16.86,"Closed loop, using oxygen sensor feedback to determine fuel mix/",6.0,90
2026-08-17 12:27:15.042,678.5,0.0,97.0,36.0,19.0,99.0,-0.8,23.53,0.0,-3.12,1.89,0.09,0.72,7.0,11.7,16.86,"Closed loop, using oxygen sensor feedback to determine fuel mix/",6.0,90
2026-08-17 12:27:16.735,677.25,0.0,97.0,36.0,17.0,99.0,-0.82,23.53,-1.56,-3.12,1.88,0.76,0.72,8.5,11.7,16.47,"Closed loop, using oxygen sensor feedback to determine fuel mix/",6.0,90
2026-08-17 12:27:18.435,681.25,0.0,98.0,36.0,18.0,99.0,-0.81,23.53,-2.34,-3.12,1.87,0.1,0.72,9.0,11.7,16.86,"Closed loop, using oxygen sensor feedback to determine fuel mix/",6.0,90
2026-08-17 12:27:20.128,682.75,0.0,98.0,37.0,18.0,99.0,-0.81,23.14,-1.56,-3.12,1.86,0.77,0.73,9.5,11.7,16.86,"Closed loop, using oxygen sensor feedback to determine fuel mix/",6.0,90
2026-08-17 12:27:21.833,680.0,0.0,98.0,37.0,19.0,99.0,-0.8,23.53,-2.34,-3.12,1.86,0.1,0.73,8.5,11.8,16.86,"Closed loop, using oxygen sensor feedback to determine fuel mix/",6.0,90
2026-08-17 12:27:23.523,685.25,0.0,98.0,37.0,17.0,99.0,-0.82,23.14,-1.56,-3.12,1.85,0.77,0.73,10.0,11.7,16.47,"Closed loop, using oxygen sensor feedback to determine fuel mix/",6.0,90
2026-08-17 12:27:25.221,677.5,0.0,98.0,37.0,18.0,99.0,-0.81,23.53,-2.34,-3.12,1.85,0.1,0.73,10.0,11.7,56.08,"Closed loop, using oxygen sensor feedback to determine fuel mix/",6.0,90
2026-08-17 12:27:26.910,1130.25,4.0,98.0,37.0,33.0,99.0,-0.66,33.73,7.03,-3.12,8.85,0.58,0.71,19.0,11.8,24.71,"Closed loop, using oxygen sensor feedback to determine fuel mix/",6.0,90
2026-08-17 12:27:28.605,1744.0,12.0,98.0,37.0,36.0,99.0,-0.63,34.12,7.81,-2.34,9.29,0.86,0.56,26.0,11.8,16.86,"Closed loop, using oxygen sensor feedback to determine fuel mix/",6.0,90
2026-08-17 12:27:30.311,1573.75,16.0,98.0,37.0,39.0,99.0,-0.6,34.12,6.25,-0.78,9.74,0.76,0.6,22.5,11.7,19.61,"Closed loop, using oxygen sensor feedback to determine fuel mix/",6.0,90
2026-08-17 12:27:32.022,1798.0,20.0,98.0,37.0,37.0,99.0,-0.62,34.51,0.78,0.0,12.3,0.73,0.6,12.0,11.7,31.76,"Closed loop, using oxygen sensor feedback to determine fuel mix/",6.0,90
2026-08-17 12:27:33.716,1385.25,25.0,98.0,37.0,71.0,99.0,-0.28,44.71,5.47,-3.91,18.75,0.88,0.61,-8.0,11.8,50.2,"Closed loop, using oxygen sensor feedback to determine fuel mix/",6.0,90
2026-08-17 12:27:35.400,1540.5,30.0,97.0,37.0,50.0,99.0,-0.49,36.47,-0.78,-3.12,13.36,0.79,0.62,6.5,11.7,27.45,"Closed loop, using oxygen sensor feedback to determine fuel mix/",6.0,90
2026-08-17 12:27:37.110,1733.0,34.0,97.0,37.0,42.0,99.0,-0.57,36.08,0.0,-2.34,13.54,0.68,0.61,14.0,11.7,26.67,"Closed loop, using oxygen sensor feedback to determine fuel mix/",6.0,90
2026-08-17 12:27:38.805,1715.25,37.0,97.0,36.0,47.0,99.0,-0.52,37.65,-0.78,-2.34,16.93,0.82,0.61,0.0,11.7,36.08,"Closed loop, using oxygen sensor feedback to determine fuel mix/",6.0,90
2026-08-17 12:27:40.533,1575.5,41.0,96.0,36.0,47.0,99.0,-0.52,35.69,-6.25,1.56,12.52,0.15,0.61,10.0,11.7,25.1,"Closed loop, using oxygen sensor feedback to determine fuel mix/",6.0,90
2026-08-17 12:27:42.241,1684.25,44.0,96.0,36.0,70.0,99.0,-0.29,72.94,-0.78,-3.91,33.07,0.11,0.62,-6.5,11.8,69.41,"Closed loop, using oxygen sensor feedback to determine fuel mix/",6.0,90
2026-08-17 12:27:43.934,2007.25,49.0,96.0,36.0,91.0,99.0,-0.08,56.47,4.69,-3.12,36.14,0.1,0.62,-5.0,11.7,58.43,"Closed loop, using oxygen sensor feedback to determine fuel mix/",6.0,90
2026-08-17 12:27:45.628,2102.0,55.0,96.0,36.0,45.0,99.0,-0.54,34.51,-0.78,-4.69,7.26,0.27,0.62,41.0,11.7,5.88,"Closed loop, using oxygen sensor feedback to determine fuel mix/",6.0,90
2026-08-17 12:27:47.322,1450.5,55.0,96.0,36.0,18.0,99.0,-0.81,30.2,0.0,-3.91,4.81,0.85,0.61,25.5,11.7,13.33,"Closed loop, using oxygen sensor feedback to determine fuel mix/",6.0,90
2026-08-17 12:27:49.027,1442.5,55.0,96.0,36.0,17.0,99.0,-0.82,28.24,-3.12,0.0,2.9,0.8,0.61,-0.5,11.7,8.63,"Closed loop, using oxygen sensor feedback to determine fuel mix/",6.0,90
2026-08-17 12:27:50.733,1392.5,53.0,95.0,36.0,16.0,99.0,-0.83,27.06,0.0,0.0,3.37,0.02,0.61,-7.5,12.2,10.59,Open loop due to engine load OR fuel cut due to deceleration/,6.0,90
2026-08-17 12:27:52.432,1349.75,51.0,95.0,36.0,18.0,99.0,-0.81,27.84,0.0,0.0,3.55,0.02,0.02,-6.0,13.4,12.94,Open loop due to engine load OR fuel cut due to deceleration/,6.0,90
2026-08-17 12:27:54.153,1277.5,49.0,95.0,36.0,18.0,99.0,-0.81,27.84,0.0,0.0,3.51,0.01,0.01,-3.5,13.8,15.29,Open loop due to engine load OR fuel cut due to deceleration/,6.0,90
2026-08-17 12:27:55.848,1399.25,41.0,95.0,36.0,17.0,99.0,-0.82,27.45,0.0,0.78,3.13,0.01,0.0,-5.5,13.8,8.63,Open loop due to engine load OR fuel cut due to deceleration/,6.0,89
2026-08-17 12:27:57.540,1136.75,32.0,95.0,36.0,17.0,99.0,-0.82,27.45,7.81,0.78,2.76,0.02,0.0,-1.0,13.4,18.04,Open loop due to engine load OR fuel cut due to deceleration/,6.0,89
2026-08-17 12:27:59.252,1187.25,24.0,95.0,36.0,18.0,99.0,-0.81,27.84,7.81,0.78,3.21,0.89,0.05,-4.5,12.4,16.47,Open loop due to engine load OR fuel cut due to deceleration/,6.0,89
2026-08-17 12:28:00.951,1086.25,15.0,94.0,36.0,18.0,99.0,-0.81,28.63,7.81,0.78,3.53,0.9,0.09,-4.0,12.1,16.08,Open loop due to engine load OR fuel cut due to deceleration/,6.0,89
2026-08-17 12:28:02.651,709.0,8.0,94.0,36.0,16.0,99.0,-0.83,24.31,7.81,0.78,2.08,0.91,0.1,0.0,12.0,18.82,Open loop due to engine load OR fuel cut due to deceleration/,6.0,90
2026-08-17 12:28:04.359,674.25,0.0,94.0,37.0,17.0,99.0,-0.82,23.14,7.81,-1.56,1.87,0.91,0.11,14.0,11.9,16.86,Open loop due to engine load OR fuel cut due to deceleration/,6.0,90
2026-08-17 12:28:06.053,677.0,0.0,93.0,37.0,17.0,99.0,-0.82,23.53,7.81,-1.56,1.93,0.9,0.12,7.5,11.8,17.25,Open loop due to engine load OR fuel cut due to deceleration/,6.0,90
2026-08-17 12:28:07.761,670.0,0.0,93.0,37.0,17.0,99.0,-0.82,23.92,7.81,-1.56,1.97,0.9,0.12,8.5,11.8,17.65,Open loop due to engine load OR fuel cut due to deceleration/,6.0,90
2026-08-17 12:28:09.468,682.25,0.0,93.0,37.0,17.0,99.0,-0.82,23.92,7.81,-1.56,2.0,0.9,0.14,4.5,11.8,18.04,Open loop due to engine load OR fuel cut due to deceleration/,6.0,90
2026-08-17 12:28:11.163,680.25,0.0,93.0,37.0,19.0,99.0,-0.8,23.92,7.81,-1.56,2.0,0.9,0.14,6.5,11.8,18.04,Open loop due to engine load OR fuel cut due to deceleration/,6.0,90
2026-08-17 12:28:12.870,678.0,0.0,92.0,37.0,17.0,99.0,-0.82,23.92,7.81,-1.56,2.01,0.9,0.14,6.5,11.8,18.04,Open loop due to engine load OR fuel cut due to deceleration/,6.0,90
2026-08-17 12:28:14.578,684.25,0.0,92.0,37.0,18.0,99.0,-0.81,24.31,6.25,-1.56,2.04,0.9,0.15,4.0,11.8,18.04,Open loop due to engine load OR fuel cut due to deceleration/,6.0,90
2026-08-17 12:28:16.270,681.5,0.0,92.0,37.0,17.0,99.0,-0.82,23.92,4.69,-1.56,2.03,0.89,0.16,5.0,11.8,18.04,Open loop due to engine load OR fuel cut due to deceleration/,6.0,90
2026-08-17 12:28:17.963,1099.5,1.0,92.0,37.0,43.0,99.0,-0.56,35.29,-3.91,-4.69,11.06,0.06,0.88,16.5,11.8,21.96,"Closed loop, using oxygen sensor feedback to determine fuel mix/",6.0,90
2026-08-17 12:28:19.675,1442.75,9.0,92.0,37.0,41.0,99.0,-0.58,35.69,1.56,-3.91,12.9,0.07,0.85,13.5,11.8,27.06,"Closed loop, using oxygen sensor feedback to determine fuel mix/",6.0,90
2026-08-17 12:28:21.366,2194.0,17.0,92.0,37.0,45.0,99.0,-0.54,37.25,-3.12,-2.34,17.56,0.81,0.81,7.5,11.8,31.37,"Closed loop, using oxygen sensor feedback to determine fuel mix/",6.0,90
2026-08-17 12:28:23.080,2167.25,24.0,91.0,37.0,43.0,99.0,-0.56,36.86,0.0,-2.34,16.93,0.13,0.8,-0.5,11.8,23.14,"Closed loop, using oxygen sensor feedback to determine fuel mix/",6.0,90
2026-08-17 12:28:24.785,1275.25,26.0,91.0,38.0,15.0,99.0,-0.84,26.67,-3.12,-2.34,2.39,0.3,0.78,3.0,11.8,11.37,"Closed loop, using oxygen sensor feedback to determine fuel mix/",6.0,90
2026-08-17 12:28:26.473,1215.0,24.0,91.0,38.0,14.0,99.0,-0.85,26.27,0.0,-1.56,2.72,0.13,0.78,1.0,11.8,12.94,"Closed loop, using oxygen sensor feedback to determine fuel mix/",6.0,90
2026-08-17 12:28:28.164,1125.25,23.0,91.0,38.0,13.0,99.0,-0.86,25.88,-4.69,-2.34,2.55,0.85,0.78,1.0,11.7,13.73,"Closed loop, using oxygen sensor feedback to determine fuel mix/",6.0,90
2026-08-17 12:28:29.857,994.25,20.0,91.0,38.0,14.0,99.0,-0.85,23.92,-10.94,-3.91,2.04,0.66,0.78,3.0,11.8,16.08,"Closed loop, using oxygen sensor feedback to determine fuel mix/",6.0,90
2026-08-17 12:28:31.552,1014.25,12.0,91.0,38.0,15.0,99.0,-0.84,22.75,-6.25,-3.91,1.82,0.09,0.78,-2.5,11.8,15.69,"Closed loop, using oxygen sensor feedback to determine fuel mix/",6.0,90
2026-08-17 12:28:33.246,710.25,6.0,91.0,38.0,18.0,99.0,-0.81,23.92,-6.25,-3.91,2.03,0.83,0.78,2.0,11.8,17.65,"Closed loop, using oxygen sensor feedback to determine fuel mix/",6.0,90
2026-08-17 12:28:34.935,750.75,5.0,92.0,38.0,18.0,99.0,-0.81,24.31,-7.03,-5.47,2.09,0.07,0.77,7.0,11.8,17.65,"Closed loop, using oxygen sensor feedback to determine fuel mix/",6.0,90
2026-08-17 12:28:36.630,1521.5,7.0,92.0,38.0,39.0,99.0,-0.6,34.51,6.25,-3.91,10.96,0.09,0.78,11.0,11.8,30.59,"Closed loop, using oxygen sensor feedback to determine fuel mix/",6.0,90
2026-08-17 12:28:38.332,2478.5,18.0,92.0,37.0,48.0,99.0,-0.51,38.43,-3.12,-3.91,24.23,0.1,0.81,16.0,11.8,29.41,"Closed loop, using oxygen sensor feedback to determine fuel mix/",6.0,90
2026-08-17 12:28:40.031,2622.0,27.0,92.0,37.0,68.0,99.0,-0.31,42.35,-2.34,-3.12,35.08,0.07,0.78,7.5,11.8,43.14,"Closed loop, using oxygen sensor feedback to determine fuel mix/",6.0,91
2026-08-17 12:28:41.728,3145.5,37.0,92.0,37.0,53.0,99.0,-0.46,40.0,-2.34,-3.12,29.84,0.1,0.74,0.5,11.8,60.0,"Closed loop, using oxygen sensor feedback to determine fuel mix/",6.0,91
2026-08-17 12:28:43.441,2342.75,45.0,92.0,36.0,54.0,99.0,-0.45,38.82,0.78,-3.12,22.56,0.76,0.71,11.0,11.8,34.12,"Closed loop, using oxygen sensor feedback to determine fuel mix/",6.0,91
2026-08-17 12:28:45.146,2434.75,48.0,93.0,36.0,15.0,99.0,-0.84,30.2,-2.34,-6.25,6.52,0.05,0.7,31.5,11.8,9.41,"Closed loop, using oxygen sensor feedback to determine fuel mix/",6.0,91
2026-08-17 12:28:46.851,1675.5,49.0,93.0,37.0,13.0,99.0,-0.86,27.45,-2.34,-7.81,3.17,0.34,0.7,0.5,11.8,12.55,"Closed loop, using oxygen sensor feedback to determine fuel mix/",6.0,90
2026-08-17 12:28:48.557,1246.75,47.0,93.0,37.0,17.0,99.0,-0.82,26.27,0.0,0.0,2.83,0.03,0.69,0.0,12.0,13.33,Open loop due to engine load OR fuel cut due to deceleration/,6.0,90
2026-08-17 12:28:50.254,1194.25,45.0,93.0,37.0,18.0,99.0,-0.81,27.84,0.0,0.78,3.4,0.02,0.01,-3.5,13.1,16.86,Open loop due to engine load OR fuel cut due to deceleration/,6.0,90
2026-08-17 12:28:51.950,1125.0,43.0,94.0,37.0,19.0,99.0,-0.8,27.45,0.0,0.78,3.14,0.02,0.0,-3.5,13.9,15.29,Open loop due to engine load OR fuel cut due to deceleration/,6.0,90
2026-08-17 12:28:53.667,1256.75,32.0,94.0,37.0,16.0,99.0,-0.83,26.67,7.81,0.78,2.55,0.03,0.0,8.5,13.3,12.94,Open loop due to engine load OR fuel cut due to deceleration/,6.0,90
2026-08-17 12:28:55.362,1172.5,31.0,94.0,36.0,50.0,99.0,-0.49,60.78,7.81,-3.12,19.06,0.89,0.06,-7.0,12.5,54.51,Open loop due to engine load OR fuel cut due to deceleration/,6.0,90
2026-08-17 12:28:57.052,1585.75,35.0,94.0,36.0,86.0,99.0,-0.13,67.45,3.91,-3.12,47.74,0.9,0.59,-8.0,12.2,69.02,"Closed loop, using oxygen sensor feedback to determine fuel mix/",6.0,90
2026-08-17 12:28:58.744,2044.75,40.0,94.0,36.0,42.0,99.0,-0.57,36.86,-10.16,-3.91,16.09,0.07,0.84,13.0,12.1,27.84,"Closed loop, using oxygen sensor feedback to determine fuel mix/",6.0,90
2026-08-17 12:29:00.442,1766.5,44.0,94.0,36.0,62.0,99.0,-0.37,39.22,-7.81,-3.91,20.96,0.09,0.8,-1.5,12.1,39.61,"Closed loop, using oxygen sensor feedback to determine fuel mix/",6.0,90
2026-08-17 12:29:02.144,1793.25,47.0,94.0,36.0,42.0,99.0,-0.57,35.69,-3.91,-4.69,12.59,0.06,0.77,4.5,11.9,32.55,"Closed loop, using oxygen sensor feedback to determine fuel mix/",6.0,90
2026-08-17 12:29:03.845,1347.0,49.0,94.0,37.0,46.0,99.0,-0.53,34.51,4.69,-3.12,8.8,0.1,0.5,30.0,11.9,20.78,"Closed loop, using oxygen sensor feedback to determine fuel mix/",6.0,91
2026-08-17 12:29:05.530,1366.25,50.0,95.0,37.0,25.0,99.0,-0.74,29.8,1.56,-0.78,4.23,0.89,0.53,39.5,11.9,13.73,"Closed loop, using oxygen sensor feedback to determine fuel mix/",6.0,90
2026-08-17 12:29:07.227,1353.5,49.0,94.0,37.0,16.0,99.0,-0.83,27.06,-1.56,-0.78,2.98,0.88,0.54,31.0,11.9,10.59,"Closed loop, using oxygen sensor feedback to determine fuel mix/",6.0,90
2026-08-17 12:29:08.918,1374.25,49.0,95.0,37.0,21.0,99.0,-0.78,29.8,1.56,-2.34,4.42,0.17,0.54,39.0,11.8,18.82,"Closed loop, using oxygen sensor feedback to determine fuel mix/",6.0,90
2026-08-17 12:29:10.612,1331.25,49.0,95.0,37.0,42.0,99.0,-0.57,35.29,9.38,-3.12,11.08,0.09,0.54,10.0,11.8,38.43,"Closed loop, using oxygen sensor feedback to determine fuel mix/",6.0,90
2026-08-17 12:29:12.309,1337.25,51.0,95.0,37.0,46.0,99.0,-0.53,35.69,7.03,-2.34,11.06,0.85,0.55,7.5,11.8,38.43,"Closed loop, using oxygen sensor feedback to determine fuel mix/",6.0,90
2026-08-17 12:29:14.027,1374.75,52.0,95.0,37.0,45.0,99.0,-0.54,33.33,-0.78,0.0,7.15,0.86,0.55,35.0,11.8,11.37,"Closed loop, using oxygen sensor feedback to determine fuel mix/",6.0,91
2026-08-17 12:29:15.722,1357.75,52.0,95.0,37.0,15.0,99.0,-0.84,26.27,0.0,-2.34,2.67,0.03,0.54,-0.5,11.8,9.41,Open loop due to engine load OR fuel cut due to deceleration/,6.0,90
2026-08-17 12:29:17.434,1307.75,50.0,95.0,37.0,13.0,99.0,-0.86,26.27,7.81,-2.34,2.74,0.1,0.12,1.0,11.8,10.59,Open loop due to engine load OR fuel cut due to deceleration/,6.0,90
2026-08-17 12:29:19.129,1275.75,48.0,95.0,37.0,14.0,99.0,-0.85,26.27,7.81,-4.69,2.62,0.03,0.02,6.0,11.8,10.98,Open loop due to engine load OR fuel cut due to deceleration/,6.0,90
2026-08-17 12:29:20.830,1261.75,47.0,95.0,37.0,15.0,99.0,-0.84,26.67,7.81,-4.69,2.89,0.88,0.06,29.5,11.8,11.37,Open loop due to engine load OR fuel cut due to deceleration/,6.0,90
2026-08-17 12:29:22.530,1311.25,46.0,95.0,37.0,18.0,99.0,-0.81,29.02,7.81,-4.69,3.96,0.88,0.1,19.0,11.8,15.29,Open loop due to engine load OR fuel cut due to deceleration/,6.0,90
2026-08-17 12:29:24.234,1272.75,46.0,95.0,37.0,17.0,99.0,-0.82,27.84,7.81,-4.69,3.35,0.89,0.11,40.5,11.8,13.33,Open loop due to engine load OR fuel cut due to deceleration/,6.0,90
2026-08-17 12:29:25.927,1243.5,45.0,95.0,37.0,19.0,99.0,-0.8,28.24,7.81,-4.69,3.52,0.88,0.12,38.0,11.8,16.47,Open loop due to engine load OR fuel cut due to deceleration/,6.0,90
2026-08-17 12:29:27.640,1177.5,45.0,95.0,37.0,20.0,99.0,-0.79,28.24,7.81,-4.69,3.54,0.88,0.14,37.5,11.8,17.25,Open loop due to engine load OR fuel cut due to deceleration/,6.0,90
2026-08-17 12:29:29.331,1171.25,44.0,94.0,37.0,20.0,99.0,-0.79,27.84,7.81,-4.69,2.49,0.88,0.14,1.0,11.7,15.69,Open loop due to engine load OR fuel cut due to deceleration/,6.0,90
2026-08-17 12:29:31.039,1134.0,43.0,94.0,37.0,16.0,99.0,-0.83,25.49,0.0,0.78,2.51,0.01,0.15,-1.5,11.8,13.33,Open loop due to engine load OR fuel cut due to deceleration/,6.0,90
2026-08-17 12:29:32.730,1346.5,41.0,94.0,37.0,17.0,99.0,-0.82,27.84,0.0,0.78,3.35,0.01,0.01,-6.0,13.2,7.45,Open loop due to engine load OR fuel cut due to deceleration/,6.0,91
2026-08-17 12:29:34.421,1478.25,39.0,94.0,37.0,15.0,99.0,-0.84,27.45,0.0,0.78,3.21,0.02,0.0,-5.0,13.8,9.02,Open loop due to engine load OR fuel cut due to deceleration/,6.0,91
2026-08-17 12:29:36.116,1349.25,35.0,94.0,37.0,17.0,99.0,-0.82,27.84,0.0,0.78,3.51,0.01,0.0,-5.0,13.8,13.33,Open loop due to engine load OR fuel cut due to deceleration/,6.0,91
2026-08-17 12:29:37.809,1138.0,30.0,93.0,37.0,16.0,99.0,-0.83,26.67,7.81,0.78,2.87,0.04,0.01,5.5,13.1,16.86,Open loop due to engine load OR fuel cut due to deceleration/,6.0,91
2026-08-17 12:29:39.499,1212.0,24.0,93.0,37.0,14.0,99.0,-0.85,26.27,7.81,0.78,2.67,0.9,0.05,0.0,12.3,14.51,Open loop due to engine load OR fuel cut due to deceleration/,6.0,91
2026-08-17 12:29:41.196,894.5,16.0,93.0,37.0,16.0,99.0,-0.83,27.45,7.81,0.78,3.41,0.91,0.08,-5.0,12.2,18.04,Open loop due to engine load OR fuel cut due to deceleration/,6.0,91
2026-08-17 12:29:42.895,1016.0,13.0,93.0,37.0,13.0,99.0,-0.86,24.71,7.81,0.78,2.12,0.91,0.1,1.5,12.1,14.51,Open loop due to engine load OR fuel cut due to deceleration/,6.0,91
2026-08-17 12:29:44.597,1330.25,12.0,93.0,37.0,36.0,99.0,-0.63,34.51,7.81,-4.69,9.8,0.88,0.11,18.5,12.0,20.39,Open loop due to engine load OR fuel cut due to deceleration/,6.0,91
2026-08-17 12:29:46.292,1798.75,18.0,92.0,37.0,42.0,99.0,-0.57,36.08,4.69,-4.69,13.72,0.86,0.12,15.0,11.9,25.49,Open loop due to engine load OR fuel cut due to deceleration/,6.0,91
2026-08-17 12:29:47.999,1722.0,23.0,92.0,37.0,60.0,99.0,-0.39,46.67,2.34,-3.91,22.58,0.85,0.46,-5.5,11.8,52.55,"Closed loop, using oxygen sensor feedback to determine fuel mix/",6.0,91
2026-08-17 12:29:49.707,1504.75,29.0,92.0,37.0,60.0,99.0,-0.39,40.0,-4.69,-3.91,20.76,0.1,0.82,-2.0,11.8,44.31,"Closed loop, using oxygen sensor feedback to determine fuel mix/",6.0,91
2026-08-17 12:29:51.395,1802.75,35.0,92.0,36.0,57.0,99.0,-0.42,38.04,-2.34,-3.91,18.84,0.07,0.79,6.5,11.8,34.9,"Closed loop, using oxygen sensor feedback to determine fuel mix/",6.0,91
2026-08-17 12:29:53.087,2019.5,40.0,92.0,36.0,50.0,99.0,-0.49,37.65,4.69,-3.91,20.15,0.7,0.76,11.0,11.8,32.55,"Closed loop, using oxygen sensor feedback to determine fuel mix/",6.0,91
2026-08-17 12:29:54.799,2253.75,45.0,92.0,36.0,46.0,99.0,-0.53,37.25,-1.56,-3.12,19.83,0.09,0.73,-4.5,11.8,34.12,"Closed loop, using oxygen sensor feedback to determine fuel mix/",6.0,91
2026-08-17 12:29:56.491,1823.5,48.0,92.0,36.0,30.0,99.0,-0.69,32.16,-4.69,2.34,5.85,0.81,0.71,31.5,11.8,24.71,"Closed loop, using oxygen sensor feedback to determine fuel mix/",6.0,91
2026-08-17 12:29:58.186,1443.0,49.0,93.0,36.0,49.0,99.0,-0.5,36.08,0.0,-1.56,12.54,0.12,0.7,11.0,11.8,31.37,"Closed loop, using oxygen sensor feedback to determine fuel mix/",6.0,91
2026-08-17 12:29:59.894,1353.5,51.0,93.0,36.0,21.0,99.0,-0.78,28.63,-3.91,2.34,3.88,0.9,0.69,41.0,11.7,12.16,"Closed loop, using oxygen sensor feedback to determine fuel mix/",6.0,91
2026-08-17 12:30:01.585,1339.5,50.0,93.0,37.0,14.0,99.0,-0.85,26.27,-7.03,1.56,2.75,0.83,0.68,16.5,11.8,9.8,"Closed loop, using oxygen sensor feedback to determine fuel mix/",6.0,91
2026-08-17 12:30:03.281,1268.5,49.0,93.0,37.0,13.0,99.0,-0.86,25.88,-11.72,-1.56,2.63,0.83,0.68,13.5,11.8,10.98,"Closed loop, using oxygen sensor feedback to determine fuel mix/",6.0,91
2026-08-17 12:30:04.970,1241.0,47.0,93.0,36.0,19.0,99.0,-0.8,30.2,-1.56,-3.91,4.74,0.18,0.68,17.0,11.8,14.12,"Closed loop, using oxygen sensor feedback to determine fuel mix/",6.0,91
2026-08-17 12:30:06.663,1370.75,47.0,93.0,36.0,25.0,99.0,-0.74,30.59,-3.91,-3.91,4.79,0.33,0.68,38.0,11.8,16.08,"Closed loop, using oxygen sensor feedback to determine fuel mix/",6.0,91
2026-08-17 12:30:08.358,1397.5,47.0,93.0,36.0,34.0,99.0,-0.65,32.16,-3.12,-3.91,6.26,0.07,0.68,33.0,11.8,22.75,"Closed loop, using oxygen sensor feedback to determine fuel mix/",6.0,91
2026-08-17 12:30:10.063,1245.0,47.0,94.0,36.0,19.0,99.0,-0.8,27.06,-0.78,-2.34,3.41,0.85,0.67,28.0,11.8,12.55,"Closed loop, using oxygen sensor feedback to determine fuel mix/",6.0,91
2026-08-17 12:30:11.761,1228.25,47.0,93.0,36.0,16.0,99.0,-0.83,29.41,-3.12,-3.12,4.41,0.8,0.67,22.0,11.8,21.57,"Closed loop, using oxygen sensor feedback to determine fuel mix/",6.0,91
2026-08-17 12:30:13.453,1223.75,46.0,94.0,36.0,31.0,99.0,-0.68,28.24,-2.34,-3.12,3.56,0.14,0.67,37.5,11.7,16.08,"Closed loop, using oxygen sensor feedback to determine fuel mix/",6.0,91
2026-08-17 12:30:15.144,1206.25,46.0,93.0,36.0,14.0,99.0,-0.85,25.88,-3.91,-3.12,2.58,0.1,0.67,27.5,11.8,15.29,"Closed loop, using oxygen sensor feedback to determine fuel mix/",6.0,91
2026-08-17 12:30:16.841,1252.75,45.0,94.0,36.0,17.0,99.0,-0.82,27.06,-3.12,-3.12,2.8,0.74,0.67,29.5,11.8,12.55,"Closed loop, using oxygen sensor feedback to determine fuel mix/",6.0,91
2026-08-17 12:30:18.536,1149.25,44.0,93.0,36.0,13.0,99.0,-0.86,25.1,-3.91,-3.91,2.39,0.82,0.68,0.5,11.8,14.12,"Closed loop, using oxygen sensor feedback to determine fuel mix/",6.0,91
2026-08-17 12:30:20.228,1082.0,41.0,93.0,36.0,13.0,99.0,-0.86,25.88,-6.25,-4.69,2.69,0.1,0.68,-3.0,11.7,8.63,"Closed loop, using oxygen sensor feedback to determine fuel mix/",6.0,91
2026-08-17 12:30:21.917,1197.75,31.0,93.0,36.0,13.0,99.0,-0.86,26.27,-4.69,-5.47,2.61,0.77,0.68,-3.0,11.7,16.47,"Closed loop, using oxygen sensor feedback to determine fuel mix/",6.0,91
2026-08-17 12:30:23.613,1166.0,24.0,93.0,36.0,16.0,99.0,-0.83,27.06,-4.69,-4.69,2.99,0.09,0.68,2.0,11.8,15.29,"Closed loop, using oxygen sensor feedback to determine fuel mix/",6.0,91
2026-08-17 12:30:25.305,1098.75,22.0,93.0,36.0,16.0,99.0,-0.83,26.27,0.0,-5.47,2.59,0.2,0.68,3.5,11.8,14.9,"Closed loop, using oxygen sensor feedback to determine fuel mix/",6.0,91
2026-08-17 12:30:26.999,1026.75,21.0,93.0,36.0,15.0,99.0,-0.84,25.49,-3.91,-5.47,2.39,0.1,0.69,1.0,11.8,15.29,"Closed loop, using oxygen sensor feedback to determine fuel mix/",6.0,91
2026-08-17 12:30:28.689,1779.0,21.0,93.0,36.0,42.0,99.0,-0.57,36.47,-2.34,-4.69,13.76,0.1,0.68,15.5,11.7,22.35,"Closed loop, using oxygen sensor feedback to determine fuel mix/",6.0,91
2026-08-17 12:30:30.386,1120.75,23.0,93.0,36.0,15.0,99.0,-0.84,27.84,-3.91,-3.91,4.26,0.78,0.68,8.5,11.8,16.47,"Closed loop, using oxygen sensor feedback to determine fuel mix/",6.0,91
2026-08-17 12:30:32.078,1290.75,23.0,93.0,36.0,23.0,99.0,-0.76,29.41,-9.38,-3.91,4.22,0.65,0.68,37.5,11.8,15.69,"Closed loop, using oxygen sensor feedback to determine fuel mix/",6.0,91
2026-08-17 12:30:33.779,1304.5,24.0,92.0,36.0,18.0,99.0,-0.81,27.06,-0.78,-3.91,2.86,0.22,0.67,40.5,11.7,11.76,"Closed loop, using oxygen sensor feedback to determine fuel mix/",6.0,91
2026-08-17 12:30:35.478,1308.5,23.0,92.0,36.0,27.0,99.0,-0.72,32.55,0.0,-3.91,7.36,0.07,0.68,33.5,11.8,22.35,"Closed loop, using oxygen sensor feedback to determine fuel mix/",6.0,91
2026-08-17 12:30:37.184,1481.25,25.0,92.0,35.0,17.0,99.0,-0.82,27.84,0.78,-7.03,2.43,0.86,0.68,10.5,11.8,13.33,"Closed loop, using oxygen sensor feedback to determine fuel mix/",6.0,91
2026-08-17 12:30:38.894,1080.25,22.0,92.0,36.0,14.0,99.0,-0.85,24.71,3.91,-5.47,2.18,0.21,0.68,4.0,11.7,14.12,"Closed loop, using oxygen sensor feedback to determine fuel mix/",6.0,91
2026-08-17 12:30:40.585,1155.75,16.0,92.0,36.0,16.0,99.0,-0.83,27.84,-0.78,-3.91,3.3,0.45,0.68,1.0,11.7,13.73,"Closed loop, using oxygen sensor feedback to determine fuel mix/",6.0,91
2026-08-17 12:30:42.281,1344.25,16.0,92.0,36.0,16.0,99.0,-0.83,27.06,3.12,-5.47,3.31,0.68,0.68,7.0,11.7,15.69,"Closed loop, using oxygen sensor feedback to determine fuel mix/",6.0,91
2026-08-17 12:30:43.975,1075.5,14.0,93.0,36.0,15.0,99.0,-0.84,23.92,-0.78,-6.25,2.12,0.81,0.68,-3.0,11.7,15.69,"Closed loop, using oxygen sensor feedback to determine fuel mix/",6.0,91
2026-08-17 12:30:45.667,724.5,10.0,92.0,36.0,15.0,99.0,-0.84,22.35,-3.91,-5.47,1.75,,0.68,23.5,11.8,18.04,"Closed loop, using oxygen sensor feedback to determine fuel mix/",6.0,91
2026-08-17 12:30:47.326,1365.0,10.0,93.0,36.0,37.0,99.0,-0.62,34.51,-4.69,-4.69,10.79,0.07,0.68,17.5,11.7,22.75,"Closed loop, using oxygen sensor feedback to determine fuel mix/",6.0,91
2026-08-17 12:30:49.036,2027.5,15.0,93.0,36.0,35.0,99.0,-0.64,30.98,-3.12,-3.91,2.46,0.78,0.68,9.0,11.8,9.02,"Closed loop, using oxygen sensor feedback to determine fuel mix/",6.0,91
2026-08-17 12:30:50.743,1414.75,16.0,93.0,36.0,21.0,99.0,-0.78,29.8,-6.25,-3.91,4.22,0.89,0.67,39.5,11.7,12.16,"Closed loop, using oxygen sensor feedback to determine fuel mix/",6.0,91
2026-08-17 12:30:52.435,1470.25,17.0,93.0,36.0,22.0,99.0,-0.77,30.2,-1.56,-3.91,4.52,0.07,0.67,41.5,11.7,11.37,"Closed loop, using oxygen sensor feedback to determine fuel mix/",6.0,91
2026-08-17 12:30:54.129,1368.25,17.0,93.0,36.0,15.0,99.0,-0.84,28.63,0.78,-6.25,3.68,0.07,0.67,-3.5,11.7,16.08,"Closed loop, using oxygen sensor feedback to determine fuel mix/",6.0,91
2026-08-17 12:30:55.817,718.25,,93.0,36.0,14.0,99.0,-0.85,21.96,-3.91,-7.03,1.7,0.83,0.68,14.5,11.8,16.08,"Closed loop, using oxygen sensor feedback to determine fuel mix/",6.0,91
2026-08-17 12:30:57.499,2104.0,12.0,93.0,35.0,53.0,99.0,-0.46,35.69,-4.69,-4.69,9.4,0.86,0.7,9.5,11.7,13.73,"Closed loop, using oxygen sensor feedback to determine fuel mix/",6.0,91
2026-08-17 12:30:59.188,1432.25,16.0,93.0,36.0,13.0,99.0,-0.86,27.45,-5.47,-6.25,2.98,0.07,0.68,2.5,11.7,15.29,"Closed loop, using oxygen sensor feedback to determine fuel mix/",6.0,91
2026-08-17 12:31:00.914,1100.75,14.0,94.0,36.0,18.0,99.0,-0.81,32.16,1.56,-4.69,8.12,0.1,0.68,9.5,11.7,29.41,"Closed loop, using oxygen sensor feedback to determine fuel mix/",6.0,91
2026-08-17 12:31:02.610,2187.0,20.0,94.0,36.0,50.0,99.0,-0.49,38.04,-0.78,-5.47,21.11,0.17,0.72,8.5,11.7,34.12,"Closed loop, using oxygen sensor feedback to determine fuel mix/",6.0,91
2026-08-17 12:31:04.317,2327.0,28.0,94.0,36.0,26.0,99.0,-0.73,29.02,0.0,-9.38,1.86,0.07,0.7,7.0,11.7,5.88,"Closed loop, using oxygen sensor feedback to determine fuel mix/",6.0,91
2026-08-17 12:31:06.018,1465.0,27.0,94.0,36.0,37.0,99.0,-0.62,36.08,7.03,-4.69,14.08,0.07,0.69,16.5,11.7,27.84,"Closed loop, using oxygen sensor feedback to determine fuel mix/",6.0,91
2026-08-17 12:31:07.713,1501.25,29.0,94.0,36.0,14.0,99.0,-0.85,31.37,3.91,-3.91,7.46,0.85,0.69,3.5,11.8,24.71,"Closed loop, using oxygen sensor feedback to determine fuel mix/",6.0,91
2026-08-17 12:31:09.413,1513.5,30.0,94.0,36.0,40.0,99.0,-0.59,33.73,5.47,-3.12,8.17,0.82,0.69,25.0,11.7,26.27,"Closed loop, using oxygen sensor feedback to determine fuel mix/",6.0,91
2026-08-17 12:31:11.119,1480.0,32.0,95.0,36.0,47.0,99.0,-0.52,37.25,3.12,-3.91,14.55,0.88,0.69,0.5,11.8,40.39,"Closed loop, using oxygen sensor feedback to determine fuel mix/",6.0,91
2026-08-17 12:31:12.816,1392.25,35.0,95.0,35.0,46.0,99.0,-0.53,35.29,-2.34,-2.34,11.24,0.14,0.68,8.0,11.8,34.51,"Closed loop, using oxygen sensor feedback to determine fuel mix/",6.0,91
2026-08-17 12:31:14.518,1467.75,38.0,95.0,36.0,46.0,99.0,-0.53,35.29,-0.78,-2.34,11.57,0.09,0.68,11.5,11.7,28.63,"Closed loop, using oxygen sensor feedback to determine fuel mix/",6.0,91
2026-08-17 12:31:16.215,1537.5,40.0,95.0,36.0,42.0,,-0.59,34.9,4.69,-1.56,11.09,0.79,0.68,16.0,11.7,23.14,"Closed loop, using oxygen sensor feedback to determine fuel mix/",6.0,91
2026-08-17 12:31:17.893,1613.75,42.0,96.0,36.0,36.0,99.0,-0.63,33.33,0.0,-0.78,8.26,0.81,0.69,26.0,11.7,16.86,"Closed loop, using oxygen sensor feedback to determine fuel mix/",6.0,91
2026-08-17 12:31:19.598,1657.5,44.0,96.0,36.0,36.0,99.0,-0.63,33.33,3.12,-1.56,8.46,0.1,0.69,28.0,11.7,16.86,"Closed loop, using oxygen sensor feedback to determine fuel mix/",6.0,91
2026-08-17 12:31:21.294,1691.75,44.0,96.0,36.0,34.0,99.0,-0.65,33.33,3.91,-1.56,10.11,0.19,0.69,17.0,11.7,24.71,"Closed loop, using oxygen sensor feedback to determine fuel mix/",6.0,91
2026-08-17 12:31:22.998,1802.75,47.0,96.0,35.0,65.0,99.0,-0.34,39.61,-0.78,-3.91,20.98,0.76,0.69,5.5,11.8,25.1,"Closed loop, using oxygen sensor feedback to determine fuel mix/",6.0,91
2026-08-17 12:31:24.689,1452.25,50.0,96.0,35.0,46.0,99.0,-0.53,36.47,7.03,-3.91,13.85,0.78,0.69,0.0,11.8,44.31,"Closed loop, using oxygen sensor feedback to determine fuel mix/",6.0,91
2026-08-17 12:31:26.382,1483.75,51.0,96.0,35.0,69.0,99.0,-0.3,39.22,3.12,-3.91,15.98,0.3,0.69,-7.0,11.8,46.27,"Closed loop, using oxygen sensor feedback to determine fuel mix/",6.0,91
2026-08-17 12:31:28.081,1434.0,53.0,96.0,35.0,56.0,99.0,-0.43,36.86,2.34,-3.91,13.97,0.15,0.69,1.0,11.9,50.59,"Closed loop, using oxygen sensor feedback to determine fuel mix/",6.0,91
2026-08-17 12:31:29.785,1547.5,56.0,96.0,35.0,86.0,99.0,-0.13,58.82,0.0,-3.91,34.85,0.71,0.7,-13.0,11.8,67.84,"Closed loop, using oxygen sensor feedback to determine fuel mix/",6.0,91
2026-08-17 12:31:31.479,1676.0,59.0,96.0,35.0,81.0,99.0,-0.18,43.53,4.69,-3.91,29.7,0.73,0.69,-11.0,11.9,66.27,"Closed loop, using oxygen sensor feedback to determine fuel mix/",6.0,91
2026-08-17 12:31:33.170,1762.75,63.0,96.0,35.0,81.0,99.0,-0.18,43.92,5.47,-3.91,29.19,0.81,0.69,-8.0,11.9,53.33,"Closed loop, using oxygen sensor feedback to determine fuel mix/",6.0,91
2026-08-17 12:31:34.863,1736.25,66.0,96.0,35.0,74.0,99.0,-0.25,41.18,4.69,-2.34,25.55,0.79,0.7,-4.5,12.0,50.59,"Closed loop, using oxygen sensor feedback to determine fuel mix/",6.0,91
2026-08-17 12:31:36.574,1820.75,70.0,96.0,35.0,84.0,99.0,-0.15,59.61,0.0,-2.34,34.21,0.6,0.72,-8.0,11.9,65.1,"Closed loop, using oxygen sensor feedback to determine fuel mix/",6.0,91
2026-08-17 12:31:38.266,1554.5,71.0,96.0,35.0,16.0,99.0,-0.83,28.24,-1.56,-0.78,3.4,0.81,0.69,-6.0,12.0,10.59,"Closed loop, using oxygen sensor feedback to determine fuel mix/",6.0,91
2026-08-17 12:31:39.978,1359.5,69.0,96.0,35.0,19.0,99.0,-0.8,27.84,0.0,0.0,3.51,0.02,0.68,-6.0,12.5,12.16,Open loop due to engine load OR fuel cut due to deceleration/,6.0,91
2026-08-17 12:31:41.682,1306.75,67.0,97.0,35.0,19.0,99.0,-0.8,27.84,0.0,0.0,3.46,0.02,0.01,-5.0,13.7,13.33,Open loop due to engine load OR fuel cut due to deceleration/,6.0,91
2026-08-17 12:31:43.394,1257.25,64.0,97.0,35.0,19.0,99.0,-0.8,27.84,0.0,0.0,3.48,0.01,0.0,-4.0,13.8,14.51,Open loop due to engine load OR fuel cut due to deceleration/,6.0,91
2026-08-17 12:31:45.097,1213.25,62.0,97.0,35.0,19.0,99.0,-0.8,27.84,0.0,0.0,3.37,0.01,0.0,-2.5,13.9,15.69,Open loop due to engine load OR fuel cut due to deceleration/,6.0,91
2026-08-17 12:31:46.795,1331.25,59.0,97.0,35.0,18.0,99.0,-0.81,29.41,0.0,0.78,4.09,0.01,0.0,-9.5,13.9,9.02,Open loop due to engine load OR fuel cut due to deceleration/,6.0,91
2026-08-17 12:31:48.489,2192.75,58.0,97.0,35.0,13.0,99.0,-0.86,29.8,7.81,0.78,4.06,0.83,0.06,37.5,13.4,7.06,Open loop due to engine load OR fuel cut due to deceleration/,6.0,91
2026-08-17 12:31:50.195,2122.5,57.0,97.0,36.0,13.0,99.0,-0.86,29.8,7.81,0.78,4.56,0.89,0.09,12.0,13.0,7.45,Open loop due to engine load OR fuel cut due to deceleration/,6.0,91
2026-08-17 12:31:51.890,2459.75,57.0,96.0,35.0,21.0,99.0,-0.78,30.98,7.81,0.78,5.16,0.88,0.09,11.0,12.6,7.06,Open loop due to engine load OR fuel cut due to deceleration/,6.0,91
2026-08-17 12:31:53.584,4235.5,54.0,96.0,36.0,12.0,99.0,-0.87,31.76,5.47,0.78,4.58,0.93,0.12,8.5,12.5,4.31,Open loop due to engine load OR fuel cut due to deceleration/,6.0,91
2026-08-17 12:31:55.277,3904.75,51.0,96.0,36.0,13.0,99.0,-0.86,32.55,0.0,0.78,7.33,0.01,0.0,3.5,12.6,6.67,Open loop due to engine load OR fuel cut due to deceleration/,6.0,92
2026-08-17 12:31:56.969,3621.25,47.0,95.0,36.0,13.0,99.0,-0.86,32.16,0.0,0.78,6.69,0.01,0.0,2.0,12.2,6.27,Open loop due to engine load OR fuel cut due to deceleration/,6.0,92
2026-08-17 12:31:58.681,3215.0,45.0,95.0,35.0,14.0,99.0,-0.85,31.37,0.0,0.0,5.85,0.01,0.0,12.0,12.3,7.06,Open loop due to engine load OR fuel cut due to deceleration/,6.0,92
2026-08-17 12:32:00.383,2118.75,43.0,94.0,36.0,13.0,99.0,-0.86,29.8,7.81,-1.56,4.36,0.77,0.04,-0.5,12.3,7.45,Open loop due to engine load OR fuel cut due to deceleration/,6.0,92
2026-08-17 12:32:02.095,2083.5,41.0,94.0,36.0,14.0,99.0,-0.85,29.41,0.0,0.0,4.46,0.02,0.0,-1.0,13.1,7.45,Open loop due to engine load OR fuel cut due to deceleration/,6.0,92
2026-08-17 12:32:03.803,1917.75,38.0,93.0,35.0,14.0,99.0,-0.85,29.02,0.0,0.0,4.13,0.02,0.0,-2.5,13.9,7.45,Open loop due to engine load OR fuel cut due to deceleration/,6.0,92
2026-08-17 12:32:05.493,1784.75,35.0,93.0,35.0,14.0,99.0,-0.85,28.24,7.81,-3.91,3.65,0.03,0.0,4.5,13.6,6.67,Open loop due to engine load OR fuel cut due to deceleration/,6.0,92
2026-08-17 12:32:07.185,1839.5,35.0,93.0,35.0,25.0,99.0,-0.74,31.76,7.81,-4.69,6.35,0.89,0.05,37.0,12.7,11.76,Open loop due to engine load OR fuel cut due to deceleration/,6.0,92
2026-08-17 12:32:08.879,1869.75,35.0,92.0,35.0,24.0,99.0,-0.75,32.55,7.81,-4.69,7.98,0.86,0.09,28.5,12.4,18.04,Open loop due to engine load OR fuel cut due to deceleration/,6.0,92
2026-08-17 12:32:10.574,1892.75,37.0,92.0,35.0,34.0,99.0,-0.65,34.12,7.03,-4.69,9.81,0.81,0.1,28.5,12.3,17.65,Open loop due to engine load OR fuel cut due to deceleration/,6.0,92
2026-08-17 12:32:12.282,1941.5,38.0,91.0,35.0,34.0,99.0,-0.65,33.73,3.91,-4.69,9.73,0.1,0.11,32.0,12.3,16.86,Open loop due to engine load OR fuel cut due to deceleration/,6.0,92
2026-08-17 12:32:13.975,2057.0,40.0,91.0,35.0,33.0,99.0,-0.66,33.73,3.91,-4.69,9.75,0.1,0.12,35.0,12.3,16.08,Open loop due to engine load OR fuel cut due to deceleration/,6.0,92
2026-08-17 12:32:15.678,2115.5,41.0,91.0,35.0,32.0,99.0,-0.67,33.73,5.47,-4.69,9.79,0.75,0.13,35.0,12.3,15.69,"Closed loop, using oxygen sensor feedback to determine fuel mix/",6.0,92
2026-08-17 12:32:17.378,2113.5,42.0,90.0,35.0,32.0,99.0,-0.67,32.94,6.25,-3.91,7.33,0.82,0.14,43.5,12.3,9.02,"Closed loop, using oxygen sensor feedback to determine fuel mix/",6.0,92
2026-08-17 12:32:19.069,2155.5,42.0,91.0,35.0,21.0,99.0,-0.78,31.76,0.78,-2.34,6.19,0.74,0.14,43.5,12.3,10.2,"Closed loop, using oxygen sensor feedback to determine fuel mix/",6.0,92
2026-08-17 12:32:20.776,2115.25,42.0,90.0,35.0,20.0,99.0,-0.79,31.76,3.91,-2.34,5.86,0.79,0.14,45.0,12.2,9.8,"Closed loop, using oxygen sensor feedback to determine fuel mix/",6.0,92
2026-08-17 12:32:22.471,2033.25,41.0,90.0,35.0,14.0,99.0,-0.85,29.41,0.0,0.0,4.31,0.02,0.14,0.0,12.4,7.06,Open loop due to engine load OR fuel cut due to deceleration/,6.0,92
2026-08-17 12:32:24.181,1946.5,39.0,90.0,35.0,14.0,99.0,-0.85,29.02,0.0,0.0,3.89,0.02,0.0,0.0,13.6,6.67,Open loop due to engine load OR fuel cut due to deceleration/,6.0,92
2026-08-17 12:32:25.886,1870.5,37.0,90.0,35.0,13.0,99.0,-0.86,28.63,7.81,-4.69,3.8,0.83,0.04,42.0,12.5,7.06,Open loop due to engine load OR fuel cut due to deceleration/,6.0,92
2026-08-17 12:32:27.595,1850.75,36.0,90.0,35.0,13.0,99.0,-0.86,28.63,7.81,-4.69,3.79,0.88,0.08,39.0,12.3,7.45,Open loop due to engine load OR fuel cut due to deceleration/,6.0,92
2026-08-17 12:32:29.294,1815.5,35.0,90.0,35.0,12.0,99.0,-0.87,28.63,7.81,-4.69,3.87,0.88,0.1,38.5,12.3,7.45,Open loop due to engine load OR fuel cut due to deceleration/,6.0,92
2026-08-17 12:32:30.993,1833.5,35.0,90.0,35.0,17.0,99.0,-0.82,31.37,7.81,-4.69,5.37,0.87,0.11,37.5,12.2,7.45,Open loop due to engine load OR fuel cut due to deceleration/,6.0,92
2026-08-17 12:32:32.691,1766.5,34.0,90.0,35.0,13.0,99.0,-0.86,28.63,7.81,-4.69,3.86,0.88,0.12,37.0,12.3,7.45,Open loop due to engine load OR fuel cut due to deceleration/,6.0,91
2026-08-17 12:32:34.381,1725.75,34.0,90.0,35.0,13.0,99.0,-0.86,28.63,6.25,-4.69,3.7,0.86,0.12,36.5,12.3,7.45,Open loop due to engine load OR fuel cut due to deceleration/,6.0,91
2026-08-17 12:32:36.077,1699.25,33.0,90.0,35.0,12.0,99.0,-0.87,27.84,3.91,-4.69,3.49,0.81,0.13,37.0,12.3,6.67,Open loop due to engine load OR fuel cut due to deceleration/,6.0,91
2026-08-17 12:32:37.783,1572.5,32.0,90.0,35.0,13.0,99.0,-0.86,27.45,3.91,-4.69,3.23,0.85,0.14,6.0,12.6,7.45,Open loop due to engine load OR fuel cut due to deceleration/,6.0,91
2026-08-17 12:32:39.476,1549.25,31.0,90.0,35.0,13.0,99.0,-0.86,27.45,3.91,-0.78,3.12,0.84,0.14,20.0,12.9,7.45,Open loop due to engine load OR fuel cut due to deceleration/,6.0,91
2026-08-17 12:32:41.187,1427.75,29.0,90.0,35.0,15.0,99.0,-0.84,27.84,0.78,0.0,3.35,0.86,0.14,3.5,13.3,10.59,"Closed loop, using oxygen sensor feedback to determine fuel mix/",6.0,91
2026-08-17 12:32:42.889,1202.75,25.0,90.0,35.0,15.0,99.0,-0.84,26.67,-2.34,-1.56,3.06,0.85,0.14,6.0,13.4,16.08,"Closed loop, using oxygen sensor feedback to determine fuel mix/",6.0,91
2026-08-17 12:32:44.605,956.5,19.0,90.0,35.0,17.0,99.0,-0.82,25.88,-5.47,-3.12,2.54,0.73,0.14,21.5,13.4,21.57,"Closed loop, using oxygen sensor feedback to determine fuel mix/",6.0,91
2026-08-17 12:32:46.299,1152.25,14.0,90.0,35.0,19.0,99.0,-0.8,27.06,0.0,-3.12,2.82,0.81,0.17,1.0,13.4,18.43,"Closed loop, using oxygen sensor feedback to determine fuel mix/",6.0,91
2026-08-17 12:32:48.003,714.75,9.0,90.0,35.0,18.0,99.0,-0.81,24.71,-3.91,-3.12,2.15,0.85,0.28,18.0,13.4,19.61,"Closed loop, using oxygen sensor feedback to determine fuel mix/",6.0,91
2026-08-17 12:32:49.694,730.75,6.0,90.0,35.0,20.0,99.0,-0.79,26.27,-0.78,-3.12,2.53,0.5,0.6,5.5,13.3,21.96,"Closed loop, using oxygen sensor feedback to determine fuel mix/",6.0,91
2026-08-17 12:32:51.396,712.25,4.0,90.0,35.0,24.0,99.0,-0.75,27.45,-4.69,-3.12,2.99,0.09,0.76,5.5,13.3,26.27,"Closed loop, using oxygen sensor feedback to determine fuel mix/",6.0,91
2026-08-17 12:32:53.095,706.0,2.0,90.0,35.0,27.0,99.0,-0.72,27.84,-0.78,-2.34,3.2,0.08,0.79,-1.5,13.3,28.24,"Closed loop, using oxygen sensor feedback to determine fuel mix/",6.0,91
2026-08-17 12:32:54.791,706.25,2.0,90.0,35.0,27.0,99.0,-0.72,27.84,0.78,-2.34,3.22,0.12,0.79,-2.5,13.3,28.24,"Closed loop, using oxygen sensor feedback to determine fuel mix/",6.0,91
2026-08-17 12:32:56.486,719.0,3.0,90.0,35.0,27.0,99.0,-0.72,27.84,-2.34,-2.34,3.3,0.09,0.79,-1.0,13.3,29.02,"Closed loop, using oxygen sensor feedback to determine fuel mix/",6.0,91
2026-08-17 12:32:58.179,728.5,4.0,90.0,35.0,26.0,99.0,-0.73,28.24,-2.34,-2.34,3.4,0.09,0.79,-4.5,13.3,29.02,"Closed loop, using oxygen sensor feedback to determine fuel mix/",6.0,91
2026-08-17 12:32:59.908,736.5,4.0,90.0,35.0,28.0,99.0,-0.71,28.24,-1.56,-2.34,3.41,0.1,0.79,-3.0,13.4,29.41,"Closed loop, using oxygen sensor feedback to determine fuel mix/",6.0,91
2026-08-17 12:33:01.606,728.25,1.0,90.0,35.0,27.0,99.0,-0.72,27.84,-1.56,-2.34,3.29,0.1,0.78,-5.0,13.4,28.24,"Closed loop, using oxygen sensor feedback to determine fuel mix/",6.0,91
2026-08-17 12:33:03.303,696.0,0.0,91.0,35.0,25.0,99.0,-0.74,27.45,-2.34,-2.34,3.07,0.3,0.78,-4.5,13.3,27.45,"Closed loop, using oxygen sensor feedback to determine fuel mix/",6.0,91
2026-08-17 12:33:05.006,683.5,0.0,91.0,35.0,26.0,99.0,-0.73,27.45,-2.34,-2.34,3.1,0.1,0.78,-2.0,13.3,27.06,"Closed loop, using oxygen sensor feedback to determine fuel mix/",6.0,91
2026-08-17 12:33:06.720,682.75,0.0,91.0,35.0,25.0,99.0,-0.74,27.45,-2.34,-2.34,3.03,0.74,0.78,-4.5,13.3,26.67,"Closed loop, using oxygen sensor feedback to determine fuel mix/",6.0,91
2026-08-17 12:33:08.444,685.5,0.0,91.0,35.0,25.0,99.0,-0.74,27.06,-2.34,-2.34,2.99,0.1,0.78,-2.5,13.3,26.67,"Closed loop, using oxygen sensor feedback to determine fuel mix/",6.0,91
2026-08-17 12:33:10.141,687.5,0.0,92.0,35.0,25.0,99.0,-0.74,27.06,-2.34,-2.34,2.87,0.76,0.78,-1.0,13.3,25.88,"Closed loop, using oxygen sensor feedback to determine fuel mix/",6.0,91
2026-08-17 12:33:11.847,674.0,0.0,92.0,35.0,26.0,99.0,-0.73,27.45,-3.12,-2.34,3.07,0.1,0.77,-1.5,13.3,27.06,"Closed loop, using oxygen sensor feedback to determine fuel mix/",6.0,91
2026-08-17 12:33:13.535,681.5,0.0,92.0,35.0,26.0,99.0,-0.73,27.06,1.56,-2.34,2.84,0.71,0.77,0.5,13.3,25.49,"Closed loop, using oxygen sensor feedback to determine fuel mix/",6.0,91
2026-08-17 12:33:15.234,676.5,0.0,92.0,35.0,26.0,99.0,-0.73,27.06,-3.12,-2.34,2.82,0.1,0.77,-0.5,13.5,26.27,"Closed loop, using oxygen sensor feedback to determine fuel mix/",6.0,91
2026-08-17 12:33:16.940,1273.5,3.0,92.0,35.0,35.0,99.0,-0.64,31.37,-2.34,-2.34,5.43,0.1,0.77,22.5,13.5,26.27,"Closed loop, using oxygen sensor feedback to determine fuel mix/",6.0,91
2026-08-17 12:33:18.632,1486.25,7.0,92.0,35.0,46.0,99.0,-0.53,36.86,6.25,-3.91,14.9,0.15,0.76,13.5,13.4,28.63,"Closed loop, using oxygen sensor feedback to determine fuel mix/",6.0,91
2026-08-17 12:33:20.326,1750.0,15.0,93.0,35.0,43.0,99.0,-0.56,35.29,1.56,-2.34,12.3,0.12,0.74,18.0,13.3,23.53,"Closed loop, using oxygen sensor feedback to determine fuel mix/",6.0,92
2026-08-17 12:33:22.036,1830.25,20.0,93.0,35.0,40.0,99.0,-0.59,35.29,0.78,-0.78,12.02,0.74,0.73,22.5,12.9,21.57,"Closed loop, using oxygen sensor feedback to determine fuel mix/",6.0,92
2026-08-17 12:33:23.740,2056.0,24.0,93.0,35.0,32.0,99.0,-0.67,31.37,-3.12,1.56,4.71,0.18,0.73,27.5,12.8,8.24,"Closed loop, using oxygen sensor feedback to determine fuel mix/",6.0,91
2026-08-17 12:33:25.432,1988.5,25.0,93.0,35.0,15.0,99.0,-0.84,30.59,-3.91,0.78,5.06,0.77,0.73,34.0,12.8,8.63,"Closed loop, using oxygen sensor feedback to determine fuel mix/",6.0,91
2026-08-17 12:33:27.128,1979.75,25.0,94.0,35.0,16.0,99.0,-0.83,31.37,-4.69,-0.78,6.07,0.34,0.73,30.5,12.8,10.59,"Closed loop, using oxygen sensor feedback to determine fuel mix/",6.0,91
2026-08-17 12:33:28.822,2013.0,26.0,94.0,35.0,19.0,99.0,-0.8,32.16,-5.47,-0.78,6.89,0.64,0.72,29.0,12.9,11.76,"Closed loop, using oxygen sensor feedback to determine fuel mix/",6.0,91
2026-08-17 12:33:30.530,1316.0,26.0,94.0,35.0,15.0,99.0,-0.84,26.27,-5.47,1.56,2.64,0.88,0.72,31.5,12.9,9.41,"Closed loop, using oxygen sensor feedback to determine fuel mix/",6.0,91
2026-08-17 12:33:32.238,1340.0,25.0,94.0,35.0,16.0,99.0,-0.83,27.84,-3.91,-1.56,3.44,0.73,0.72,28.0,12.6,12.16,"Closed loop, using oxygen sensor feedback to determine fuel mix/",6.0,91
2026-08-17 12:33:33.933,1342.0,25.0,94.0,35.0,16.0,99.0,-0.83,27.84,-3.12,-1.56,3.75,0.78,0.72,27.0,12.4,12.55,"Closed loop, using oxygen sensor feedback to determine fuel mix/",6.0,91
2026-08-17 12:33:35.618,1373.5,25.0,95.0,35.0,17.0,99.0,-0.82,29.02,0.0,-1.56,3.9,0.17,0.72,27.0,12.3,12.55,"Closed loop, using oxygen sensor feedback to determine fuel mix/",6.0,91
2026-08-17 12:33:37.317,1383.5,26.0,95.0,35.0,17.0,99.0,-0.82,29.02,0.0,-1.56,3.97,0.1,0.72,27.0,12.2,12.16,"Closed loop, using oxygen sensor feedback to determine fuel mix/",6.0,91
2026-08-17 12:33:39.023,1318.0,26.0,95.0,35.0,15.0,99.0,-0.84,27.45,-3.12,-3.91,3.23,0.09,0.72,3.5,12.2,13.33,"Closed loop, using oxygen sensor feedback to determine fuel mix/",6.0,91
2026-08-17 12:33:40.719,1227.25,25.0,95.0,35.0,15.0,99.0,-0.84,26.67,-3.91,-3.12,2.92,0.12,0.72,2.0,12.1,13.33,"Closed loop, using oxygen sensor feedback to determine fuel mix/",6.0,91
2026-08-17 12:33:42.417,1145.5,23.0,95.0,35.0,15.0,99.0,-0.84,26.27,-4.69,-3.12,2.68,0.74,0.73,3.0,12.1,13.73,"Closed loop, using oxygen sensor feedback to determine fuel mix/",6.0,91
2026-08-17 12:33:44.124,1064.75,22.0,95.0,35.0,15.0,99.0,-0.84,25.49,-5.47,-3.91,2.4,0.1,0.73,4.0,12.0,14.12,"Closed loop, using oxygen sensor feedback to determine fuel mix/",6.0,91
2026-08-17 12:33:45.829,969.5,20.0,96.0,35.0,14.0,99.0,-0.85,24.71,-5.47,-4.69,2.12,0.09,0.73,16.5,12.1,14.12,"Closed loop, using oxygen sensor feedback to determine fuel mix/",6.0,91
2026-08-17 12:33:47.535,1841.75,21.0,96.0,35.0,43.0,99.0,-0.56,36.47,-3.12,-3.91,15.13,0.21,0.73,7.5,12.1,30.98,"Closed loop, using oxygen sensor feedback to determine fuel mix/",6.0,91
2026-08-17 12:33:49.239,1815.0,26.0,96.0,35.0,38.0,99.0,-0.61,34.51,-7.03,-3.12,8.92,0.09,0.76,23.0,12.0,16.47,"Closed loop, using oxygen sensor feedback to determine fuel mix/",6.0,91
2026-08-17 12:33:50.944,1760.5,30.0,96.0,35.0,65.0,99.0,-0.34,39.61,-10.94,-2.34,21.71,0.71,0.75,-5.0,12.0,40.39,"Closed loop, using oxygen sensor feedback to determine fuel mix/",6.0,91
2026-08-17 12:33:52.649,1759.75,35.0,96.0,35.0,22.0,99.0,-0.77,28.24,-11.72,-2.34,2.66,0.07,0.74,0.0,12.0,5.49,"Closed loop, using oxygen sensor feedback to determine fuel mix/",6.0,92
2026-08-17 12:33:54.366,1736.25,34.0,96.0,35.0,13.0,99.0,-0.86,27.84,-11.72,-3.91,3.44,0.87,0.74,9.5,12.0,6.67,"Closed loop, using oxygen sensor feedback to determine fuel mix/",6.0,91
2026-08-17 12:33:56.067,1695.0,33.0,96.0,35.0,14.0,99.0,-0.85,29.02,-6.25,-3.91,4.02,0.81,0.74,31.0,12.0,13.73,"Closed loop, using oxygen sensor feedback to determine fuel mix/",6.0,91
2026-08-17 12:33:57.769,1814.25,33.0,96.0,35.0,32.0,99.0,-0.67,32.94,-3.91,-3.91,7.33,0.07,0.73,41.5,12.0,14.12,"Closed loop, using oxygen sensor feedback to determine fuel mix/",6.0,91
2026-08-17 12:33:59.466,1769.75,34.0,96.0,35.0,14.0,99.0,-0.85,29.41,-1.56,-3.91,4.11,0.09,0.73,34.0,12.0,8.24,"Closed loop, using oxygen sensor feedback to determine fuel mix/",6.0,92
2026-08-17 12:34:01.177,1710.75,34.0,96.0,35.0,14.0,99.0,-0.85,29.02,-1.56,-3.91,4.12,0.72,0.73,33.0,12.0,8.24,"Closed loop, using oxygen sensor feedback to determine fuel mix/",6.0,91
2026-08-17 12:34:02.869,1652.5,33.0,96.0,35.0,12.0,99.0,-0.87,27.45,-3.12,-5.47,3.31,0.82,0.73,11.5,12.0,6.27,"Closed loop, using oxygen sensor feedback to determine fuel mix/",6.0,91
2026-08-17 12:34:04.575,1617.75,32.0,96.0,35.0,13.0,99.0,-0.86,28.24,-5.47,-3.91,3.59,0.72,0.73,35.5,12.0,7.06,"Closed loop, using oxygen sensor feedback to determine fuel mix/",6.0,91
2026-08-17 12:34:06.275,1850.75,33.0,96.0,35.0,37.0,99.0,-0.62,34.51,7.03,-3.91,10.58,0.77,0.73,24.5,11.9,19.22,"Closed loop, using oxygen sensor feedback to determine fuel mix/",6.0,91
2026-08-17 12:34:07.978,1926.75,35.0,96.0,35.0,36.0,99.0,-0.63,34.12,6.25,-3.12,9.89,0.17,0.72,29.0,12.0,18.04,"Closed loop, using oxygen sensor feedback to determine fuel mix/",6.0,92
2026-08-17 12:34:09.665,1935.0,37.0,96.0,35.0,34.0,99.0,-0.65,33.73,1.56,-3.12,9.4,0.09,0.72,33.5,11.9,16.47,"Closed loop, using oxygen sensor feedback to determine fuel mix/",6.0,92
2026-08-17 12:34:11.379,1944.25,38.0,96.0,35.0,33.0,99.0,-0.66,33.73,1.56,-2.34,9.07,0.74,0.72,36.0,12.0,15.29,"Closed loop, using oxygen sensor feedback to determine fuel mix/",6.0,92
2026-08-17 12:34:13.088,2058.75,40.0,96.0,35.0,33.0,99.0,-0.66,33.33,0.0,-2.34,8.94,0.1,0.72,37.5,11.9,14.9,"Closed loop, using oxygen sensor feedback to determine fuel mix/",6.0,92
2026-08-17 12:34:14.795,2046.5,40.0,96.0,35.0,20.0,99.0,-0.79,31.37,-0.78,-0.78,5.68,0.68,0.71,46.5,11.9,9.8,"Closed loop, using oxygen sensor feedback to determine fuel mix/",6.0,92
2026-08-17 12:34:16.490,2137.25,41.0,96.0,35.0,28.0,99.0,-0.71,32.94,-0.78,-2.34,8.15,0.72,0.72,39.5,12.0,13.33,"Closed loop, using oxygen sensor feedback to determine fuel mix/",6.0,92
2026-08-17 12:34:18.179,2112.5,42.0,96.0,34.0,26.0,99.0,-0.73,30.59,-1.56,-0.78,5.63,0.14,0.72,3.5,11.9,7.06,"Closed loop, using oxygen sensor feedback to determine fuel mix/",6.0,92
2026-08-17 12:34:19.870,2022.25,40.0,96.0,35.0,13.0,99.0,-0.86,30.2,7.81,-3.91,4.15,0.04,0.27,0.5,11.9,7.06,Open loop due to engine load OR fuel cut due to deceleration/,6.0,92
2026-08-17 12:34:21.562,1958.25,39.0,96.0,34.0,14.0,99.0,-0.85,28.63,0.0,0.0,4.02,0.01,0.03,0.0,12.0,7.06,Open loop due to engine load OR fuel cut due to deceleration/,6.0,92
2026-08-17 12:34:23.259,1858.5,37.0,96.0,34.0,13.0,99.0,-0.86,28.24,0.0,0.0,3.77,0.02,0.0,-1.5,13.2,7.06,Open loop due to engine load OR fuel cut due to deceleration/,6.0,92
2026-08-17 12:34:24.948,1764.5,35.0,96.0,34.0,14.0,99.0,-0.85,28.63,7.81,-4.69,3.85,0.81,0.04,37.5,12.3,8.63,Open loop due to engine load OR fuel cut due to deceleration/,6.0,92
2026-08-17 12:34:26.643,1859.5,35.0,96.0,34.0,26.0,99.0,-0.73,32.16,7.81,-4.69,6.44,0.88,0.09,44.0,12.0,12.16,Open loop due to engine load OR fuel cut due to deceleration/,6.0,92
2026-08-17 12:34:28.350,1870.75,35.0,96.0,34.0,27.0,99.0,-0.72,32.16,7.81,-4.69,6.55,0.85,0.12,43.5,12.0,12.16,Open loop due to engine load OR fuel cut due to deceleration/,6.0,92
2026-08-17 12:34:30.044,1830.0,36.0,96.0,34.0,25.0,99.0,-0.74,32.16,7.81,-4.69,6.42,0.84,0.14,44.0,11.9,11.76,Open loop due to engine load OR fuel cut due to deceleration/,6.0,92
2026-08-17 12:34:31.741,1879.0,37.0,96.0,34.0,25.0,99.0,-0.74,32.16,3.91,-4.69,6.49,0.73,0.14,44.0,11.9,11.76,Open loop due to engine load OR fuel cut due to deceleration/,6.0,92
2026-08-17 12:34:33.433,1895.0,37.0,96.0,34.0,25.0,99.0,-0.74,32.16,3.91,-4.69,6.28,0.76,0.15,44.0,11.9,11.76,"Closed loop, using oxygen sensor feedback to determine fuel mix/",6.0,92
2026-08-17 12:34:35.140,1926.5,37.0,96.0,34.0,24.0,99.0,-0.75,32.16,4.69,-4.69,6.37,0.76,0.16,44.5,11.9,11.37,"Closed loop, using oxygen sensor feedback to determine fuel mix/",6.0,92
2026-08-17 12:34:36.835,1917.5,38.0,96.0,34.0,24.0,99.0,-0.75,31.76,3.91,-3.91,6.3,0.33,0.16,45.0,11.9,10.98,"Closed loop, using oxygen sensor feedback to determine fuel mix/",6.0,92
2026-08-17 12:34:38.530,1909.5,38.0,96.0,34.0,21.0,99.0,-0.78,31.37,0.0,-3.12,5.54,0.81,0.17,46.5,11.8,9.8,"Closed loop, using oxygen sensor feedback to determine fuel mix/",6.0,92
2026-08-17 12:34:40.220,1919.5,38.0,96.0,34.0,21.0,99.0,-0.78,31.37,3.91,-3.12,5.58,0.8,0.17,46.5,11.9,9.8,"Closed loop, using oxygen sensor feedback to determine fuel mix/",6.0,92
2026-08-17 12:34:41.927,1954.5,38.0,95.0,34.0,22.0,99.0,-0.77,31.37,3.91,-2.34,5.67,0.81,0.18,47.0,11.8,9.8,"Closed loop, using oxygen sensor feedback to determine fuel mix/",6.0,92
2026-08-17 12:34:43.621,1942.5,38.0,95.0,35.0,21.0,99.0,-0.78,31.37,-0.78,-1.56,5.71,0.73,0.18,46.5,11.9,9.8,"Closed loop, using oxygen sensor feedback to determine fuel mix/",6.0,92
2026-08-17 12:34:45.325,1973.25,39.0,95.0,35.0,21.0,99.0,-0.78,31.37,3.12,-1.56,5.78,0.83,0.18,47.0,11.8,9.8,"Closed loop, using oxygen sensor feedback to determine fuel mix/",6.0,92
2026-08-17 12:34:47.024,1977.5,39.0,95.0,35.0,21.0,99.0,-0.78,31.37,2.34,-1.56,5.75,0.77,0.19,47.0,11.8,9.8,"Closed loop, using oxygen sensor feedback to determine fuel mix/",6.0,92
2026-08-17 12:34:48.717,2013.5,40.0,95.0,35.0,21.0,99.0,-0.78,31.37,-1.56,-1.56,5.81,0.78,0.2,47.0,11.8,9.41,"Closed loop, using oxygen sensor feedback to determine fuel mix/",6.0,92
2026-08-17 12:34:50.425,2021.0,40.0,95.0,35.0,20.0,99.0,-0.79,31.37,2.34,-1.56,5.73,0.82,0.41,47.0,11.8,10.2,"Closed loop, using oxygen sensor feedback to determine fuel mix/",6.0,92
2026-08-17 12:34:52.131,2086.0,40.0,95.0,35.0,21.0,99.0,-0.78,31.76,-2.34,-1.56,6.25,0.09,0.8,44.5,11.8,10.2,"Closed loop, using oxygen sensor feedback to determine fuel mix/",6.0,92
2026-08-17 12:34:53.838,2078.0,40.0,95.0,35.0,22.0,99.0,-0.77,31.76,-2.34,-1.56,6.2,0.1,0.81,45.0,11.8,10.2,"Closed loop, using oxygen sensor feedback to determine fuel mix/",6.0,92
2026-08-17 12:34:55.533,2084.75,41.0,95.0,35.0,21.0,99.0,-0.78,31.76,-2.34,-1.56,6.07,0.75,0.81,45.0,11.8,10.2,"Closed loop, using oxygen sensor feedback to determine fuel mix/",6.0,92
2026-08-17 12:34:57.223,2109.25,41.0,95.0,35.0,21.0,99.0,-0.78,31.76,2.34,-1.56,6.17,0.1,0.81,45.0,11.8,10.2,"Closed loop, using oxygen sensor feedback to determine fuel mix/",6.0,92
2026-08-17 12:34:58.921,2113.25,41.0,95.0,35.0,35.0,99.0,-0.64,34.9,2.34,-3.12,12.0,0.1,0.81,24.5,11.8,21.96,"Closed loop, using oxygen sensor feedback to determine fuel mix/",6.0,92
2026-08-17 12:35:00.615,2189.5,43.0,95.0,35.0,34.0,99.0,-0.65,34.51,5.47,-1.56,10.91,0.12,0.8,30.5,11.8,17.25,"Closed loop, using oxygen sensor feedback to determine fuel mix/",6.0,92
2026-08-17 12:35:02.321,2255.25,45.0,95.0,35.0,14.0,99.0,-0.85,30.59,0.78,1.56,4.86,0.86,0.79,32.0,11.8,7.45,"Closed loop, using oxygen sensor feedback to determine fuel mix/",6.0,92
2026-08-17 12:35:04.032,2269.5,44.0,95.0,35.0,14.0,99.0,-0.85,30.98,-3.12,0.0,5.18,0.76,0.79,31.0,11.8,7.84,"Closed loop, using oxygen sensor feedback to determine fuel mix/",6.0,92
2026-08-17 12:35:05.739,2219.0,44.0,95.0,35.0,14.0,99.0,-0.85,30.59,-1.56,0.0,4.89,0.1,0.79,39.0,11.8,6.67,"Closed loop, using oxygen sensor feedback to determine fuel mix/",6.0,92
2026-08-17 12:35:07.447,2190.0,43.0,94.0,35.0,15.0,99.0,-0.84,30.98,-2.34,-0.78,5.13,,0.78,33.0,11.7,8.24,"Closed loop, using oxygen sensor feedback to determine fuel mix/",6.0,92
2026-08-17 12:35:09.142,2292.0,43.0,94.0,35.0,51.0,99.0,-0.48,41.96,0.0,-3.12,32.23,0.56,0.78,-0.5,11.7,60.39,"Closed loop, using oxygen sensor feedback to determine fuel mix/",6.0,92
2026-08-17 12:35:10.832,2402.75,48.0,94.0,35.0,15.0,99.0,-0.84,30.59,-3.91,0.0,4.4,0.08,0.79,-2.5,11.7,7.06,"Closed loop, using oxygen sensor feedback to determine fuel mix/",6.0,92
2026-08-17 12:35:12.542,2302.75,46.0,94.0,35.0,15.0,99.0,-0.84,30.59,0.0,0.0,5.1,0.02,0.03,-4.5,12.4,7.84,Open loop due to engine load OR fuel cut due to deceleration/,6.0,92
2026-08-17 12:35:14.247,2181.75,43.0,94.0,35.0,15.0,99.0,-0.84,30.2,0.0,0.0,4.69,0.02,0.0,-2.5,13.6,7.45,Open loop due to engine load OR fuel cut due to deceleration/,6.0,92
2026-08-17 12:35:15.978,2071.25,41.0,94.0,35.0,12.0,99.0,-0.87,29.41,7.81,-4.69,4.12,0.04,0.01,5.0,13.5,7.06,Open loop due to engine load OR fuel cut due to deceleration/,6.0,92
2026-08-17 12:35:17.681,2013.75,40.0,94.0,35.0,13.0,99.0,-0.86,29.41,7.81,-4.69,4.33,0.88,0.07,,12.4,7.06,Open loop due to engine load OR fuel cut due to deceleration/,6.0,92
2026-08-17 12:35:19.360,1987.5,39.0,94.0,35.0,13.0,99.0,-0.86,29.02,7.81,-4.69,4.0,0.88,0.1,40.5,12.1,6.67,Open loop due to engine load OR fuel cut due to deceleration/,6.0,92
2026-08-17 12:35:21.058,1892.75,38.0,94.0,35.0,12.0,99.0,-0.87,29.02,7.81,-4.69,3.9,0.88,0.12,2.5,12.1,7.06,Open loop due to engine load OR fuel cut due to deceleration/,6.0,92
2026-08-17 12:35:22.762,1779.0,36.0,94.0,35.0,12.0,99.0,-0.87,28.24,7.81,-4.69,3.72,0.89,0.12,0.0,12.0,7.06,Open loop due to engine load OR fuel cut due to deceleration/,6.0,92
2026-08-17 12:35:24.458,1748.0,35.0,94.0,35.0,12.0,99.0,-0.87,28.24,7.81,-2.34,3.55,0.89,0.13,7.0,11.9,7.06,Open loop due to engine load OR fuel cut due to deceleration/,6.0,92
2026-08-17 12:35:26.177,1812.25,34.0,94.0,35.0,23.0,99.0,-0.76,31.76,4.69,-4.69,6.22,0.88,0.14,30.0,11.8,10.98,Open loop due to engine load OR fuel cut due to deceleration/,6.0,92
2026-08-17 12:35:27.873,1671.0,34.0,94.0,35.0,12.0,99.0,-0.87,28.24,3.91,-4.69,3.44,0.74,0.15,12.5,11.8,6.67,Open loop due to engine load OR fuel cut due to deceleration/,6.0,92
2026-08-17 12:35:29.579,1992.0,34.0,94.0,35.0,44.0,99.0,-0.55,38.04,3.91,-3.91,22.13,0.86,0.16,0.0,11.8,46.27,"Closed loop, using oxygen sensor feedback to determine fuel mix/",6.0,92
2026-08-17 12:35:31.290,2027.0,40.0,94.0,35.0,52.0,99.0,-0.47,37.65,-3.91,-3.91,20.5,0.07,0.83,7.5,11.7,35.69,"Closed loop, using oxygen sensor feedback to determine fuel mix/",6.0,92
2026-08-17 12:35:32.998,2616.0,47.0,94.0,34.0,123.0,97.0,0.26,83.92,0.0,-3.12,87.15,0.32,0.76,-8.0,11.7,100.0,"Closed loop, using oxygen sensor feedback to determine fuel mix/",7.0,92
2026-08-17 12:35:34.704,2662.25,53.0,94.0,34.0,16.0,99.0,-0.83,32.16,-0.78,0.0,6.7,0.07,0.72,-2.5,11.7,9.02,Open loop due to engine load OR fuel cut due to deceleration/,7.0,92
2026-08-17 12:35:36.431,2573.25,51.0,94.0,34.0,16.0,99.0,-0.83,32.16,0.0,0.0,6.62,0.02,0.01,-3.0,12.5,9.02,Open loop due to engine load OR fuel cut due to deceleration/,7.0,92
2026-08-17 12:35:38.122,2451.25,49.0,94.0,34.0,17.0,99.0,-0.82,31.76,0.0,0.0,6.57,0.03,0.0,-2.5,13.8,9.41,Open loop due to engine load OR fuel cut due to deceleration/,7.0,92
2026-08-17 12:35:39.814,2333.0,46.0,94.0,34.0,15.0,99.0,-0.84,31.37,7.81,-4.69,5.64,0.07,0.01,9.0,13.5,7.84,Open loop due to engine load OR fuel cut due to deceleration/,7.0,92
2026-08-17 12:35:41.526,2280.25,45.0,94.0,34.0,13.0,99.0,-0.86,30.59,7.81,-4.69,4.72,0.89,0.07,13.5,12.4,7.06,Open loop due to engine load OR fuel cut due to deceleration/,7.0,92
2026-08-17 12:35:43.218,2228.0,44.0,94.0,34.0,13.0,99.0,-0.86,30.2,7.81,-4.69,4.68,0.86,0.1,10.5,12.1,7.45,Open loop due to engine load OR fuel cut due to deceleration/,7.0,92
2026-08-17 12:35:44.927,2195.0,44.0,94.0,34.0,13.0,99.0,-0.86,30.2,7.81,-4.69,4.71,0.87,0.11,10.5,12.1,7.45,Open loop due to engine load OR fuel cut due to deceleration/,7.0,92
2026-08-17 12:35:46.638,2165.0,43.0,95.0,34.0,13.0,99.0,-0.86,30.2,7.81,-4.69,4.67,0.86,0.12,10.5,12.0,7.45,Open loop due to engine load OR fuel cut due to deceleration/,7.0,92
2026-08-17 12:35:48.342,2074.75,42.0,94.0,34.0,13.0,99.0,-0.86,29.8,0.0,-0.78,4.48,0.83,0.12,-1.5,11.9,7.45,Open loop due to engine load OR fuel cut due to deceleration/,7.0,92
2026-08-17 12:35:50.037,2040.25,41.0,95.0,34.0,12.0,99.0,-0.87,29.8,0.0,0.0,4.5,0.03,0.14,-1.0,11.9,7.45,Open loop due to engine load OR fuel cut due to deceleration/,7.0,92
2026-08-17 12:35:51.732,1971.0,39.0,95.0,34.0,14.0,99.0,-0.85,29.41,0.0,0.0,4.41,0.02,0.0,-2.0,12.6,7.84,Open loop due to engine load OR fuel cut due to deceleration/,7.0,92
2026-08-17 12:35:53.442,1854.5,37.0,95.0,34.0,14.0,99.0,-0.85,29.02,0.0,0.0,3.92,0.02,0.0,-3.0,13.9,7.45,Open loop due to engine load OR fuel cut due to deceleration/,7.0,92
2026-08-17 12:35:55.148,1670.75,34.0,95.0,34.0,12.0,99.0,-0.87,28.24,7.81,0.0,3.61,0.06,0.01,14.0,13.1,7.06,Open loop due to engine load OR fuel cut due to deceleration/,7.0,92
2026-08-17 12:35:56.854,1587.75,32.0,95.0,34.0,13.0,99.0,-0.86,27.84,7.81,0.0,3.46,0.89,0.06,1.5,12.2,8.63,Open loop due to engine load OR fuel cut due to deceleration/,7.0,92
2026-08-17 12:35:58.555,1274.0,25.0,95.0,34.0,14.0,99.0,-0.85,26.27,7.81,0.0,2.69,0.9,0.08,0.0,12.1,12.94,Open loop due to engine load OR fuel cut due to deceleration/,7.0,92
2026-08-17 12:36:00.275,912.5,16.0,95.0,34.0,17.0,99.0,-0.82,27.84,7.81,0.78,3.55,0.91,0.1,-5.5,12.0,17.65,Open loop due to engine load OR fuel cut due to deceleration/,7.0,92
2026-08-17 12:36:01.982,672.75,6.0,95.0,34.0,18.0,99.0,-0.81,24.71,7.81,0.78,2.16,0.91,0.1,3.0,12.0,19.22,Open loop due to engine load OR fuel cut due to deceleration/,7.0,92
2026-08-17 12:36:03.687,695.25,0.0,95.0,35.0,18.0,99.0,-0.81,23.92,7.81,-1.56,2.02,0.9,0.11,6.5,11.9,18.04,Open loop due to engine load OR fuel cut due to deceleration/,7.0,92
2026-08-17 12:36:05.383,682.5,0.0,94.0,35.0,18.0,99.0,-0.81,23.92,7.81,-1.56,1.98,0.9,0.12,4.5,11.8,17.65,Open loop due to engine load OR fuel cut due to deceleration/,7.0,92
2026-08-17 12:36:07.084,679.5,0.0,95.0,35.0,19.0,99.0,-0.8,23.92,7.81,-1.56,1.98,0.9,0.12,5.0,11.8,17.65,Open loop due to engine load OR fuel cut due to deceleration/,7.0,92
2026-08-17 12:36:08.784,683.25,0.0,95.0,35.0,17.0,99.0,-0.82,24.31,7.81,-1.56,2.05,0.9,0.13,5.5,11.8,18.43,Open loop due to engine load OR fuel cut due to deceleration/,7.0,92
2026-08-17 12:36:10.494,686.0,0.0,95.0,35.0,19.0,99.0,-0.8,24.31,6.25,-1.56,2.13,0.89,0.13,2.5,11.8,18.43,Open loop due to engine load OR fuel cut due to deceleration/,7.0,92
2026-08-17 12:36:12.209,681.5,0.0,95.0,35.0,19.0,99.0,-0.8,24.31,4.69,-1.56,2.12,0.89,0.14,3.0,11.8,18.82,Open loop due to engine load OR fuel cut due to deceleration/,7.0,92
2026-08-17 12:36:13.914,684.0,0.0,95.0,35.0,20.0,99.0,-0.79,24.71,3.91,-1.56,2.13,0.88,0.14,6.0,11.9,19.22,Open loop due to engine load OR fuel cut due to deceleration/,7.0,92
2026-08-17 12:36:15.621,675.25,0.0,95.0,35.0,20.0,99.0,-0.79,24.71,3.91,-1.56,2.15,0.86,0.28,3.5,11.9,19.22,Open loop due to engine load OR fuel cut due to deceleration/,7.0,92
2026-08-17 12:36:17.319,1621.5,4.0,95.0,34.0,39.0,99.0,-0.6,33.73,-3.91,-4.69,8.28,0.08,0.87,17.0,11.9,28.63,"Closed loop, using oxygen sensor feedback to determine fuel mix/",7.0,92
2026-08-17 12:36:19.022,1802.5,13.0,95.0,34.0,54.0,99.0,-0.45,35.29,-7.81,-4.69,8.93,0.81,0.85,30.5,12.0,9.41,"Closed loop, using oxygen sensor feedback to determine fuel mix/",7.0,93
2026-08-17 12:36:20.728,1304.5,16.0,95.0,35.0,15.0,99.0,-0.84,27.45,-9.38,0.0,3.18,0.88,0.83,4.0,12.0,13.33,"Closed loop, using oxygen sensor feedback to determine fuel mix/",7.0,93
2026-08-17 12:36:22.419,1200.75,15.0,95.0,35.0,15.0,99.0,-0.84,26.67,-10.16,-0.78,2.69,0.1,0.82,15.0,11.9,13.73,"Closed loop, using oxygen sensor feedback to determine fuel mix/",7.0,92
2026-08-17 12:36:24.116,1255.0,15.0,96.0,35.0,23.0,99.0,-0.76,31.37,-3.12,-3.91,5.72,0.1,0.81,28.0,12.0,18.82,"Closed loop, using oxygen sensor feedback to determine fuel mix/",7.0,92
2026-08-17 12:36:25.806,1507.75,17.0,96.0,35.0,33.0,99.0,-0.66,32.16,3.12,-3.12,6.66,0.13,0.81,37.0,12.0,14.9,"Closed loop, using oxygen sensor feedback to determine fuel mix/",7.0,92
2026-08-17 12:36:27.515,1630.25,19.0,96.0,35.0,29.0,99.0,-0.7,32.16,-0.78,-2.34,6.38,0.1,0.8,42.0,12.0,12.94,"Closed loop, using oxygen sensor feedback to determine fuel mix/",7.0,92
2026-08-17 12:36:29.227,1941.0,22.0,96.0,34.0,46.0,99.0,-0.53,37.25,4.69,-3.12,18.4,0.66,0.78,11.5,12.0,29.8,"Closed loop, using oxygen sensor feedback to determine fuel mix/",7.0,92
2026-08-17 12:36:30.940,1666.25,26.0,96.0,35.0,14.0,99.0,-0.85,26.67,0.78,-4.69,2.77,0.75,0.77,8.0,12.0,10.2,"Closed loop, using oxygen sensor feedback to determine fuel mix/",7.0,92
2026-08-17 12:36:32.659,1383.0,26.0,97.0,35.0,26.0,99.0,-0.73,32.94,-1.56,-3.12,8.07,0.08,0.76,21.0,12.0,21.57,"Closed loop, using oxygen sensor feedback to determine fuel mix/",7.0,92
2026-08-17 12:36:34.349,1703.75,28.0,97.0,35.0,46.0,99.0,-0.53,36.47,9.38,-3.12,14.52,0.81,0.76,10.5,12.0,28.63,"Closed loop, using oxygen sensor feedback to determine fuel mix/",7.0,92
2026-08-17 12:36:36.043,1496.25,30.0,97.0,35.0,15.0,99.0,-0.84,27.84,0.0,-3.91,3.08,0.84,0.74,5.0,12.0,7.84,"Closed loop, using oxygen sensor feedback to determine fuel mix/",7.0,92
2026-08-17 12:36:37.749,1453.5,29.0,97.0,35.0,14.0,99.0,-0.85,27.45,-5.47,-0.78,3.25,0.83,0.73,8.0,12.0,9.41,"Closed loop, using oxygen sensor feedback to determine fuel mix/",7.0,92
2026-08-17 12:36:39.461,1489.5,28.0,98.0,35.0,24.0,99.0,-0.75,33.33,-3.12,-2.34,9.12,0.07,0.73,19.0,12.0,19.22,"Closed loop, using oxygen sensor feedback to determine fuel mix/",7.0,92
2026-08-17 12:36:41.150,1922.0,30.0,97.0,35.0,45.0,99.0,-0.54,37.25,0.78,-3.12,18.35,0.18,0.72,5.5,12.0,35.29,"Closed loop, using oxygen sensor feedback to determine fuel mix/",7.0,92
2026-08-17 12:36:42.842,1857.75,35.0,97.0,35.0,60.0,99.0,-0.39,38.82,-3.91,-3.12,21.7,0.58,0.71,-4.0,12.0,55.69,"Closed loop, using oxygen sensor feedback to determine fuel mix/",7.0,92
2026-08-17 12:36:44.543,2455.5,42.0,98.0,35.0,116.0,98.0,0.18,61.18,1.56,-3.12,59.96,0.1,0.69,-7.0,12.0,73.33,"Closed loop, using oxygen sensor feedback to determine fuel mix/",7.0,93
2026-08-17 12:36:46.247,2619.0,52.0,98.0,35.0,67.0,99.0,-0.32,42.35,3.12,-3.12,23.55,0.83,0.68,12.5,12.0,29.02,"Closed loop, using oxygen sensor feedback to determine fuel mix/",7.0,93
2026-08-17 12:36:47.941,2799.75,56.0,98.0,35.0,44.0,99.0,-0.55,38.43,-1.56,-3.12,25.54,0.74,0.68,16.5,12.0,30.2,"Closed loop, using oxygen sensor feedback to determine fuel mix/",7.0,93
2026-08-17 12:36:49.647,2827.0,57.0,98.0,35.0,13.0,99.0,-0.86,31.37,0.0,-3.12,5.48,0.04,0.68,-1.5,12.0,6.67,Open loop due to engine load OR fuel cut due to deceleration/,7.0,93
2026-08-17 12:36:51.345,2753.0,55.0,98.0,35.0,14.0,99.0,-0.85,30.98,0.0,0.0,5.66,0.02,0.01,-3.0,13.0,7.06,Open loop due to engine load OR fuel cut due to deceleration/,7.0,93
2026-08-17 12:36:53.051,2695.0,53.0,98.0,35.0,17.0,99.0,-0.82,32.94,7.81,-4.69,7.75,0.72,0.06,27.5,12.3,9.8,Open loop due to engine load OR fuel cut due to deceleration/,7.0,93
2026-08-17 12:36:54.760,2534.5,51.0,98.0,35.0,14.0,99.0,-0.85,30.98,0.0,0.78,5.24,0.02,0.04,-4.5,12.2,7.84,Open loop due to engine load OR fuel cut due to deceleration/,7.0,93
2026-08-17 12:36:56.467,1976.0,39.0,98.0,35.0,12.0,99.0,-0.87,29.02,7.81,0.78,3.96,0.06,0.0,-0.5,12.4,7.06,Open loop due to engine load OR fuel cut due to deceleration/,7.0,93
2026-08-17 12:36:58.179,1319.5,26.0,98.0,35.0,15.0,99.0,-0.84,27.06,7.81,0.78,2.87,0.9,0.06,-2.0,12.0,14.12,Open loop due to engine load OR fuel cut due to deceleration/,7.0,93
2026-08-17 12:36:59.870,1078.75,11.0,97.0,35.0,16.0,99.0,-0.83,24.71,7.81,0.78,2.17,0.92,0.09,0.5,11.8,19.61,Open loop due to engine load OR fuel cut due to deceleration/,7.0,93
2026-08-17 12:37:01.578,669.5,0.0,98.0,35.0,23.0,99.0,-0.76,26.67,7.81,-1.56,2.81,0.9,0.1,-7.0,12.0,25.1,Open loop due to engine load OR fuel cut due to deceleration/,7.0,93
2026-08-17 12:37:03.273,668.75,0.0,97.0,35.0,21.0,99.0,-0.78,25.49,7.81,-1.56,2.41,0.9,0.12,0.0,12.0,21.57,Open loop due to engine load OR fuel cut due to deceleration/,7.0,93
2026-08-17 12:37:04.979,677.25,0.0,97.0,35.0,21.0,99.0,-0.78,25.49,7.81,-1.56,2.42,0.9,0.12,1.5,11.9,21.57,Open loop due to engine load OR fuel cut due to deceleration/,7.0,93
2026-08-17 12:37:06.691,670.0,0.0,97.0,35.0,18.0,99.0,-0.81,23.53,7.81,-1.56,1.99,0.9,0.12,6.5,11.7,18.04,Open loop due to engine load OR fuel cut due to deceleration/,7.0,93
2026-08-17 12:37:08.411,693.5,0.0,97.0,35.0,19.0,99.0,-0.8,24.71,7.81,-1.56,2.2,0.9,0.14,3.5,11.7,19.61,Open loop due to engine load OR fuel cut due to deceleration/,7.0,93
2026-08-17 12:37:10.103,690.5,0.0,97.0,35.0,19.0,99.0,-0.8,24.71,7.03,-1.56,2.21,0.9,0.14,2.0,11.7,19.61,Open loop due to engine load OR fuel cut due to deceleration/,7.0,93
2026-08-17 12:37:11.799,681.75,0.0,97.0,35.0,18.0,99.0,-0.81,24.71,5.47,-1.56,2.18,0.89,0.14,4.0,11.7,19.22,Open loop due to engine load OR fuel cut due to deceleration/,7.0,93
2026-08-17 12:37:13.492,676.0,0.0,96.0,35.0,19.0,99.0,-0.8,25.1,3.91,-1.56,2.21,0.89,0.14,4.0,11.7,19.61,Open loop due to engine load OR fuel cut due to deceleration/,7.0,93
2026-08-17 12:37:15.183,679.0,0.0,97.0,35.0,20.0,99.0,-0.79,25.1,3.91,-1.56,2.25,0.88,0.23,4.0,11.8,20.0,Open loop due to engine load OR fuel cut due to deceleration/,7.0,93
2026-08-17 12:37:16.875,677.0,0.0,96.0,35.0,20.0,99.0,-0.79,25.49,-2.34,-1.56,2.3,0.83,0.86,4.0,11.8,20.39,"Closed loop, using oxygen sensor feedback to determine fuel mix/",7.0,93
2026-08-17 12:37:18.584,677.0,0.0,97.0,35.0,21.0,99.0,-0.78,25.49,-5.47,-2.34,2.36,0.77,0.87,1.5,11.8,21.18,"Closed loop, using oxygen sensor feedback to determine fuel mix/",7.0,93
2026-08-17 12:37:20.289,679.75,0.0,96.0,35.0,22.0,99.0,-0.77,25.88,-5.47,-2.34,2.42,0.1,0.86,2.0,11.8,21.57,"Closed loop, using oxygen sensor feedback to determine fuel mix/",7.0,93
2026-08-17 12:37:22.002,678.5,0.0,96.0,35.0,23.0,99.0,-0.76,25.88,-5.47,-3.12,2.41,0.11,0.86,1.5,11.9,21.96,"Closed loop, using oxygen sensor feedback to determine fuel mix/",7.0,93
2026-08-17 12:37:23.708,682.25,0.0,96.0,35.0,22.0,99.0,-0.77,25.88,-5.47,-3.12,2.44,0.8,0.85,0.5,12.0,21.57,"Closed loop, using oxygen sensor feedback to determine fuel mix/",7.0,93
2026-08-17 12:37:25.408,672.5,0.0,96.0,35.0,21.0,99.0,-0.78,25.88,-6.25,-3.91,2.49,0.1,0.85,2.5,11.9,22.35,"Closed loop, using oxygen sensor feedback to determine fuel mix/",7.0,93
2026-08-17 12:37:27.112,1375.75,1.0,95.0,35.0,60.0,99.0,-0.39,60.78,0.0,-3.12,22.05,0.89,0.86,12.0,12.0,24.71,"Closed loop, using oxygen sensor feedback to determine fuel mix/",7.0,93
2026-08-17 12:37:28.806,1705.75,12.0,95.0,35.0,59.0,99.0,-0.4,43.53,-3.12,-3.12,25.73,0.85,0.82,0.5,12.1,33.33,"Closed loop, using oxygen sensor feedback to determine fuel mix/",7.0,93
2026-08-17 12:37:30.497,2133.5,21.0,95.0,35.0,55.0,99.0,-0.44,39.61,-5.47,-3.12,27.81,0.08,0.78,2.5,12.0,45.49,"Closed loop, using oxygen sensor feedback to determine fuel mix/",7.0,93
2026-08-17 12:37:32.196,2649.0,30.0,95.0,35.0,51.0,99.0,-0.48,38.82,-0.78,-3.12,40.07,0.07,0.73,-5.0,12.0,71.76,"Closed loop, using oxygen sensor feedback to determine fuel mix/",7.0,93
2026-08-17 12:37:33.899,2207.0,40.0,94.0,35.0,113.0,98.0,0.15,70.59,3.91,-3.12,72.3,0.82,0.71,-8.5,12.0,100.0,"Closed loop, using oxygen sensor feedback to determine fuel mix/",7.0,93
2026-08-17 12:37:35.593,2737.5,53.0,94.0,35.0,137.0,97.0,0.4,83.92,0.78,-3.12,85.57,0.14,0.66,-8.0,12.0,100.0,"Closed loop, using oxygen sensor feedback to determine fuel mix/",7.0,93
2026-08-17 12:37:37.323,3158.25,63.0,94.0,35.0,20.0,99.0,-0.79,32.94,-6.25,-1.56,7.21,0.08,0.76,5.0,12.0,8.24,"Closed loop, using oxygen sensor feedback to determine fuel mix/",7.0,93
2026-08-17 12:37:39.023,3063.25,61.0,94.0,35.0,17.0,99.0,-0.82,32.94,0.0,0.0,8.06,0.03,0.02,-2.0,12.4,9.02,Open loop due to engine load OR fuel cut due to deceleration/,7.0,93
2026-08-17 12:37:40.715,2936.0,59.0,94.0,35.0,18.0,99.0,-0.81,32.55,0.0,0.0,7.58,0.03,0.0,-2.5,13.7,9.02,Open loop due to engine load OR fuel cut due to deceleration/,7.0,93
2026-08-17 12:37:42.424,2823.75,56.0,94.0,35.0,16.0,99.0,-0.83,32.94,7.81,-4.69,8.0,0.1,0.03,24.5,13.4,9.8,Open loop due to engine load OR fuel cut due to deceleration/,7.0,93
2026-08-17 12:37:44.131,2950.25,56.0,94.0,35.0,38.0,99.0,-0.61,37.25,7.81,-3.12,19.99,0.88,0.09,23.0,12.4,22.75,Open loop due to engine load OR fuel cut due to deceleration/,7.0,93
2026-08-17 12:37:45.826,2914.25,58.0,94.0,35.0,15.0,99.0,-0.84,32.16,3.91,-4.69,6.82,0.2,0.12,34.5,12.1,8.24,Open loop due to engine load OR fuel cut due to deceleration/,7.0,93
2026-08-17 12:37:47.523,2893.5,57.0,94.0,35.0,15.0,99.0,-0.84,32.55,3.91,-4.69,7.7,0.78,0.13,30.5,12.1,9.8,Open loop due to engine load OR fuel cut due to deceleration/,7.0,93
2026-08-17 12:37:49.255,2946.5,59.0,94.0,35.0,36.0,99.0,-0.63,35.69,-3.91,-3.12,15.0,0.56,0.69,26.5,12.1,17.25,"Closed loop, using oxygen sensor feedback to determine fuel mix/",7.0,93
2026-08-17 12:37:50.951,2989.5,59.0,94.0,35.0,20.0,99.0,-0.79,30.98,-0.78,0.0,4.55,0.88,0.67,11.5,12.0,5.1,"Closed loop, using oxygen sensor feedback to determine fuel mix/",7.0,93
2026-08-17 12:37:52.647,3040.25,59.0,93.0,35.0,41.0,99.0,-0.58,38.82,4.69,-3.12,25.9,0.81,0.65,20.0,12.0,27.45,Open loop due to engine load OR fuel cut due to deceleration/,7.0,93
2026-08-17 12:37:54.353,3136.5,62.0,93.0,35.0,42.0,99.0,-0.57,37.65,2.34,-3.12,23.28,0.77,0.65,21.0,12.1,24.71,"Closed loop, using oxygen sensor feedback to determine fuel mix/",7.0,94
2026-08-17 12:37:56.048,3213.25,64.0,94.0,35.0,36.0,99.0,-0.63,36.86,3.12,-3.12,18.24,0.2,0.64,25.5,12.5,19.22,"Closed loop, using oxygen sensor feedback to determine fuel mix/",7.0,94
2026-08-17 12:37:57.738,3264.5,65.0,93.0,35.0,29.0,99.0,-0.7,34.51,-3.12,0.0,10.31,0.84,0.62,42.5,12.9,8.24,"Closed loop, using oxygen sensor feedback to determine fuel mix/",7.0,94
2026-08-17 12:37:59.436,3194.0,64.0,93.0,35.0,13.0,99.0,-0.86,30.98,0.0,0.0,5.59,0.01,0.65,3.0,13.5,5.88,Open loop due to engine load OR fuel cut due to deceleration/,7.0,94
2026-08-17 12:38:01.140,3197.0,62.0,93.0,35.0,38.0,99.0,-0.61,37.65,7.81,-3.12,22.22,0.81,0.07,23.0,13.3,22.75,Open loop due to engine load OR fuel cut due to deceleration/,7.0,94
2026-08-17 12:38:02.853,3248.5,64.0,94.0,35.0,46.0,99.0,-0.53,38.82,3.91,-3.12,27.68,0.86,0.12,18.5,13.3,30.2,Open loop due to engine load OR fuel cut due to deceleration/,7.0,94
2026-08-17 12:38:04.563,3794.0,72.0,93.0,35.0,125.0,97.0,0.28,67.84,3.91,-3.12,81.29,0.78,0.72,7.0,13.3,29.02,"Closed loop, using oxygen sensor feedback to determine fuel mix/",7.0,94
2026-08-17 12:38:06.250,3758.75,75.0,93.0,35.0,13.0,99.0,-0.86,32.55,-7.03,-3.12,6.99,0.9,0.82,3.0,13.3,6.27,Open loop due to engine load OR fuel cut due to deceleration/,7.0,94
2026-08-17 12:38:07.951,3636.0,73.0,93.0,35.0,14.0,99.0,-0.85,32.55,0.0,0.0,7.61,0.01,0.0,2.0,14.0,7.06,Open loop due to engine load OR fuel cut due to deceleration/,7.0,94
2026-08-17 12:38:09.650,3467.5,69.0,93.0,35.0,15.0,99.0,-0.84,32.55,0.0,-0.78,7.39,0.02,0.0,10.0,14.1,6.67,Open loop due to engine load OR fuel cut due to deceleration/,7.0,94
2026-08-17 12:38:11.352,3413.0,67.0,94.0,35.0,18.0,99.0,-0.81,34.12,7.81,-4.69,10.75,0.83,0.07,30.5,13.8,10.59,Open loop due to engine load OR fuel cut due to deceleration/,7.0,94
2026-08-17 12:38:13.052,3377.75,67.0,94.0,35.0,18.0,99.0,-0.81,34.12,7.81,-4.69,10.54,0.88,0.1,30.0,13.5,10.59,Open loop due to engine load OR fuel cut due to deceleration/,7.0,94
2026-08-17 12:38:14.744,3341.75,67.0,94.0,35.0,14.0,99.0,-0.85,31.76,3.91,0.78,6.35,0.89,0.12,9.0,13.5,6.27,Open loop due to engine load OR fuel cut due to deceleration/,7.0,94
2026-08-17 12:38:16.437,3216.75,64.0,94.0,35.0,13.0,99.0,-0.86,31.76,7.81,-2.34,6.34,0.02,0.0,17.0,13.8,6.27,Open loop due to engine load OR fuel cut due to deceleration/,7.0,94
2026-08-17 12:38:18.133,3162.25,63.0,94.0,35.0,13.0,99.0,-0.86,32.16,7.81,-4.69,6.43,0.87,0.09,41.0,13.5,6.67,Open loop due to engine load OR fuel cut due to deceleration/,7.0,94
2026-08-17 12:38:19.826,3104.0,62.0,94.0,35.0,13.0,99.0,-0.86,31.37,7.81,-4.69,6.08,0.88,0.11,20.0,13.5,6.67,Open loop due to engine load OR fuel cut due to deceleration/,7.0,94
2026-08-17 12:38:21.519,3027.0,61.0,93.0,35.0,12.0,99.0,-0.87,31.37,7.81,-4.69,5.81,0.89,0.12,18.0,13.5,6.67,Open loop due to engine load OR fuel cut due to deceleration/,7.0,94
2026-08-17 12:38:23.212,2950.5,59.0,93.0,35.0,12.0,99.0,-0.87,31.37,4.69,-4.69,5.81,0.88,0.14,15.5,13.5,6.67,Open loop due to engine load OR fuel cut due to deceleration/,7.0,94
2026-08-17 12:38:24.920,2861.5,57.0,93.0,35.0,16.0,99.0,-0.83,33.33,3.91,-4.69,8.11,0.67,0.14,30.5,13.5,9.41,Open loop due to engine load OR fuel cut due to deceleration/,7.0,94
2026-08-17 12:38:26.609,2854.25,56.0,93.0,35.0,16.0,99.0,-0.83,32.94,3.12,-4.69,7.88,0.16,0.15,29.5,13.5,9.41,"Closed loop, using oxygen sensor feedback to determine fuel mix/",7.0,94
2026-08-17 12:38:28.306,2812.5,56.0,93.0,35.0,17.0,99.0,-0.82,32.94,3.91,-3.91,8.09,0.17,0.17,28.5,13.5,9.8,"Closed loop, using oxygen sensor feedback to determine fuel mix/",7.0,94
2026-08-17 12:38:30.001,2800.25,56.0,93.0,35.0,18.0,99.0,-0.81,33.33,5.47,-3.91,8.31,0.8,0.23,28.0,13.5,9.8,"Closed loop, using oxygen sensor feedback to determine fuel mix/",7.0,94
2026-08-17 12:38:31.742,2802.25,56.0,93.0,35.0,18.0,99.0,-0.81,33.33,3.12,-3.12,8.48,0.77,0.48,27.5,13.4,10.2,"Closed loop, using oxygen sensor feedback to determine fuel mix/",7.0,94
2026-08-17 12:38:33.455,2807.75,56.0,93.0,35.0,18.0,99.0,-0.81,33.33,2.34,-3.12,8.42,0.18,0.62,28.0,13.4,10.2,"Closed loop, using oxygen sensor feedback to determine fuel mix/",7.0,94
2026-08-17 12:38:35.153,2743.75,56.0,93.0,35.0,12.0,99.0,-0.87,30.98,0.0,-2.34,5.59,0.04,0.69,-2.5,13.3,6.67,Open loop due to engine load OR fuel cut due to deceleration/,7.0,94
2026-08-17 12:38:36.848,2680.0,53.0,93.0,35.0,13.0,99.0,-0.86,30.59,0.0,0.0,5.26,0.03,0.0,-2.5,14.0,6.67,Open loop due to engine load OR fuel cut due to deceleration/,7.0,94
2026-08-17 12:38:38.560,2580.75,51.0,93.0,35.0,13.0,99.0,-0.86,30.59,0.0,0.0,4.81,0.03,0.0,-2.5,14.0,6.67,Open loop due to engine load OR fuel cut due to deceleration/,7.0,94
2026-08-17 12:38:40.265,2480.75,49.0,92.0,35.0,14.0,99.0,-0.85,30.2,0.0,0.0,4.77,0.03,0.0,-2.5,14.0,6.67,Open loop due to engine load OR fuel cut due to deceleration/,7.0,94
2026-08-17 12:38:41.960,2375.75,47.0,92.0,35.0,14.0,99.0,-0.85,29.8,0.0,0.0,4.62,0.02,0.0,-2.5,14.0,6.67,Open loop due to engine load OR fuel cut due to deceleration/,7.0,94
2026-08-17 12:38:43.668,2265.5,45.0,92.0,35.0,13.0,99.0,-0.86,29.8,0.0,0.0,4.23,0.03,0.0,-1.5,14.0,6.67,Open loop due to engine load OR fuel cut due to deceleration/,7.0,94
2026-08-17 12:38:45.379,1975.25,39.0,92.0,35.0,13.0,99.0,-0.86,28.63,0.0,0.0,3.82,0.03,0.0,-0.5,14.0,6.67,Open loop due to engine load OR fuel cut due to deceleration/,7.0,94
2026-08-17 12:38:47.081,1734.75,35.0,92.0,35.0,12.0,99.0,-0.87,27.84,7.81,0.0,3.38,0.87,0.04,18.5,13.3,6.67,Open loop due to engine load OR fuel cut due to deceleration/,7.0,94
2026-08-17 12:38:48.782,1675.75,34.0,92.0,35.0,13.0,99.0,-0.86,27.84,7.81,0.0,3.35,0.9,0.07,21.5,13.2,6.67,Open loop due to engine load OR fuel cut due to deceleration/,7.0,94
2026-08-17 12:38:50.487,1650.25,33.0,92.0,35.0,13.0,99.0,-0.86,27.84,7.81,0.0,3.36,0.9,0.1,17.5,13.3,6.67,Open loop due to engine load OR fuel cut due to deceleration/,7.0,94
2026-08-17 12:38:52.200,1609.5,32.0,92.0,35.0,12.0,99.0,-0.87,27.45,7.81,0.0,3.25,0.9,0.1,18.5,13.3,6.67,Open loop due to engine load OR fuel cut due to deceleration/,7.0,94
2026-08-17 12:38:53.905,1495.5,30.0,92.0,35.0,13.0,99.0,-0.86,27.84,7.81,0.0,3.25,0.9,0.12,5.0,13.3,9.8,Open loop due to engine load OR fuel cut due to deceleration/,7.0,94
2026-08-17 12:38:55.611,1265.25,26.0,92.0,35.0,14.0,99.0,-0.85,26.27,7.81,0.0,2.91,0.9,0.12,5.0,13.3,13.33,Open loop due to engine load OR fuel cut due to deceleration/,7.0,94
2026-08-17 12:38:57.302,1035.5,21.0,92.0,35.0,14.0,99.0,-0.85,26.27,7.03,0.0,2.59,0.91,0.12,7.5,13.3,17.25,Open loop due to engine load OR fuel cut due to deceleration/,7.0,94
2026-08-17 12:38:58.996,910.75,18.0,92.0,35.0,18.0,99.0,-0.81,28.63,5.47,0.78,3.79,0.9,0.12,-3.0,13.1,16.08,Open loop due to engine load OR fuel cut due to deceleration/,7.0,94
2026-08-17 12:39:00.687,1223.0,16.0,92.0,35.0,15.0,99.0,-0.84,27.06,3.91,0.78,2.97,0.9,0.27,6.5,12.7,14.12,Open loop due to engine load OR fuel cut due to deceleration/,7.0,94
2026-08-17 12:39:02.404,1917.25,18.0,92.0,35.0,43.0,99.0,-0.56,37.65,-7.81,-3.12,21.14,0.32,0.82,3.0,12.5,39.22,"Closed loop, using oxygen sensor feedback to determine fuel mix/",7.0,94
2026-08-17 12:39:04.109,2232.25,26.0,92.0,35.0,58.0,99.0,-0.41,41.57,-5.47,-3.12,31.65,0.1,0.76,3.0,12.4,45.49,"Closed loop, using oxygen sensor feedback to determine fuel mix/",7.0,94
2026-08-17 12:39:05.819,2730.25,35.0,92.0,35.0,49.0,99.0,-0.5,38.82,-3.12,-3.91,26.97,0.11,0.69,-9.5,12.3,36.47,"Closed loop, using oxygen sensor feedback to determine fuel mix/",7.0,94
2026-08-17 12:39:07.529,2042.25,41.0,92.0,35.0,24.0,99.0,-0.75,30.59,-3.91,0.0,3.71,0.75,0.69,-2.0,12.2,7.45,"Closed loop, using oxygen sensor feedback to determine fuel mix/",7.0,94
2026-08-17 12:39:09.234,1999.75,40.0,92.0,,16.0,99.0,-0.83,30.59,0.0,0.0,5.18,0.03,0.01,-4.5,12.3,9.02,Open loop due to engine load OR fuel cut due to deceleration/,7.0,94
2026-08-17 12:39:10.912,1904.0,38.0,93.0,35.0,14.0,99.0,-0.85,29.8,7.81,-4.69,4.27,0.05,0.01,-2.5,12.5,7.45,Open loop due to engine load OR fuel cut due to deceleration/,7.0,94
2026-08-17 12:39:12.621,1862.5,37.0,93.0,35.0,13.0,99.0,-0.86,29.02,7.81,-4.69,3.98,0.91,0.07,6.0,12.2,7.06,Open loop due to engine load OR fuel cut due to deceleration/,7.0,94
2026-08-17 12:39:14.329,1870.5,36.0,93.0,35.0,16.0,99.0,-0.83,31.37,7.81,-4.69,5.51,0.89,0.1,31.5,12.2,9.8,Open loop due to engine load OR fuel cut due to deceleration/,7.0,94
2026-08-17 12:39:16.022,1913.75,37.0,93.0,35.0,31.0,99.0,-0.68,37.25,7.81,-4.69,22.18,0.82,0.12,1.0,12.1,49.8,Open loop due to engine load OR fuel cut due to deceleration/,7.0,94
2026-08-17 12:39:17.730,2379.5,43.0,93.0,35.0,115.0,98.0,0.17,81.96,-3.91,-3.91,79.78,0.23,0.74,-7.5,11.9,86.67,"Closed loop, using oxygen sensor feedback to determine fuel mix/",7.0,94
2026-08-17 12:39:19.429,2850.0,55.0,94.0,35.0,130.0,97.0,0.33,83.92,0.0,-3.91,89.25,0.08,0.68,-7.0,11.9,100.0,"Closed loop, using oxygen sensor feedback to determine fuel mix/",7.0,94
2026-08-17 12:39:21.144,3322.25,66.0,94.0,35.0,40.0,99.0,-0.59,36.86,-6.25,-3.91,13.45,0.18,0.73,31.0,12.0,7.45,"Closed loop, using oxygen sensor feedback to determine fuel mix/",7.0,94
2026-08-17 12:39:22.840,3371.5,67.0,94.0,35.0,21.0,99.0,-0.78,34.12,-7.81,-3.91,10.63,0.1,0.75,37.5,12.0,10.98,"Closed loop, using oxygen sensor feedback to determine fuel mix/",7.0,94
2026-08-17 12:39:24.550,3369.0,67.0,94.0,35.0,32.0,99.0,-0.67,35.69,7.03,-3.91,11.67,0.13,0.69,39.5,12.0,7.84,"Closed loop, using oxygen sensor feedback to determine fuel mix/",7.0,94
2026-08-17 12:39:26.270,3308.0,66.0,94.0,35.0,13.0,99.0,-0.86,31.76,0.0,0.0,6.24,0.03,0.71,2.0,12.0,6.27,Open loop due to engine load OR fuel cut due to deceleration/,7.0,94
2026-08-17 12:39:27.967,3195.5,64.0,95.0,35.0,14.0,99.0,-0.85,31.76,0.0,0.0,6.4,0.03,0.0,1.0,12.9,6.27,Open loop due to engine load OR fuel cut due to deceleration/,7.0,94
2026-08-17 12:39:29.672,3045.75,61.0,95.0,35.0,13.0,99.0,-0.86,31.37,0.0,0.0,5.97,0.02,0.0,0.0,14.0,6.67,Open loop due to engine load OR fuel cut due to deceleration/,7.0,94
2026-08-17 12:39:31.365,2895.25,58.0,96.0,35.0,14.0,99.0,-0.85,31.37,0.0,0.0,5.59,0.02,0.0,-1.5,14.0,6.67,Open loop due to engine load OR fuel cut due to deceleration/,7.0,94
2026-08-17 12:39:33.056,2782.75,55.0,96.0,35.0,14.0,99.0,-0.85,30.98,7.81,-3.12,5.47,0.02,0.0,7.0,13.7,6.27,Open loop due to engine load OR fuel cut due to deceleration/,7.0,94
2026-08-17 12:39:34.751,2719.0,54.0,96.0,35.0,13.0,99.0,-0.86,32.55,7.81,-4.69,8.04,0.79,0.06,28.5,12.7,18.04,Open loop due to engine load OR fuel cut due to deceleration/,7.0,94
2026-08-17 12:39:36.459,2848.25,55.0,96.0,35.0,31.0,99.0,-0.68,34.9,7.81,-4.69,12.81,0.79,0.1,35.0,12.3,15.29,Open loop due to engine load OR fuel cut due to deceleration/,7.0,94
2026-08-17 12:39:38.152,2700.5,54.0,96.0,35.0,12.0,99.0,-0.87,30.98,3.91,0.78,5.16,0.07,0.11,-1.5,12.2,6.67,Open loop due to engine load OR fuel cut due to deceleration/,7.0,94
2026-08-17 12:39:39.845,2671.75,53.0,96.0,35.0,12.0,99.0,-0.87,30.59,7.81,-4.69,5.07,0.35,0.03,21.5,12.2,6.27,Open loop due to engine load OR fuel cut due to deceleration/,7.0,94
2026-08-17 12:39:41.535,2610.75,52.0,96.0,35.0,12.0,99.0,-0.87,30.59,7.81,-4.69,5.03,0.87,0.08,20.5,12.1,6.67,Open loop due to engine load OR fuel cut due to deceleration/,7.0,94
2026-08-17 12:39:43.249,2525.5,51.0,96.0,35.0,14.0,99.0,-0.85,30.59,0.0,0.0,4.99,0.01,0.1,-2.5,12.0,6.67,Open loop due to engine load OR fuel cut due to deceleration/,7.0,94
2026-08-17 12:39:44.937,2441.25,49.0,96.0,35.0,14.0,99.0,-0.85,30.2,0.0,0.0,4.78,0.01,0.0,-2.0,12.9,6.67,Open loop due to engine load OR fuel cut due to deceleration/,7.0,94
2026-08-17 12:39:46.631,2340.25,46.0,95.0,35.0,14.0,99.0,-0.85,29.8,0.0,0.0,4.53,0.02,0.0,-2.5,14.0,6.67,Open loop due to engine load OR fuel cut due to deceleration/,7.0,94
2026-08-17 12:39:48.324,2210.25,44.0,95.0,35.0,13.0,99.0,-0.86,29.41,0.0,0.0,4.25,0.02,0.0,-1.5,14.0,6.67,Open loop due to engine load OR fuel cut due to deceleration/,7.0,94
2026-08-17 12:39:50.035,2128.75,42.0,95.0,35.0,13.0,99.0,-0.86,29.02,0.0,0.0,4.2,0.03,0.0,0.0,14.1,7.06,Open loop due to engine load OR fuel cut due to deceleration/,7.0,94
2026-08-17 12:39:51.741,1982.75,40.0,95.0,35.0,14.0,99.0,-0.85,29.02,0.0,0.0,4.09,0.02,0.0,0.0,14.0,7.06,Open loop due to engine load OR fuel cut due to deceleration/,7.0,94
2026-08-17 12:39:53.461,1759.25,35.0,95.0,35.0,12.0,99.0,-0.87,27.84,7.81,0.0,3.42,0.09,0.01,12.5,13.2,6.67,Open loop due to engine load OR fuel cut due to deceleration/,7.0,94
2026-08-17 12:39:55.159,1360.5,27.0,95.0,35.0,14.0,99.0,-0.85,26.67,7.81,0.0,2.78,0.89,0.06,1.0,12.4,12.55,Open loop due to engine load OR fuel cut due to deceleration/,7.0,94
2026-08-17 12:39:56.851,930.0,16.0,95.0,35.0,20.0,99.0,-0.79,29.02,7.81,0.78,3.7,0.91,0.07,-7.0,12.5,17.25,Open loop due to engine load OR fuel cut due to deceleration/,7.0,94
2026-08-17 12:39:58.550,690.25,2.0,94.0,35.0,21.0,99.0,-0.78,26.27,7.81,-1.56,2.48,0.91,0.1,-5.0,12.3,21.18,Open loop due to engine load OR fuel cut due to deceleration/,7.0,94
2026-08-17 12:40:00.252,675.25,0.0,94.0,35.0,19.0,99.0,-0.8,23.53,7.81,-1.56,1.98,0.9,0.1,6.0,12.2,17.65,Open loop due to engine load OR fuel cut due to deceleration/,7.0,94
2026-08-17 12:40:01.946,681.75,0.0,94.0,35.0,18.0,99.0,-0.81,23.53,7.81,-1.56,1.96,0.9,0.11,6.5,12.1,17.65,Open loop due to engine load OR fuel cut due to deceleration/,7.0,94
2026-08-17 12:40:03.637,675.0,0.0,94.0,35.0,17.0,99.0,-0.82,23.53,7.81,-1.56,1.96,0.9,0.12,6.5,12.0,17.25,Open loop due to engine load OR fuel cut due to deceleration/,7.0,94
2026-08-17 12:40:05.346,680.5,0.0,94.0,35.0,17.0,99.0,-0.82,23.53,7.81,-1.56,1.94,0.9,0.12,6.5,12.0,17.25,Open loop due to engine load OR fuel cut due to deceleration/,7.0,94
2026-08-17 12:40:07.040,682.75,0.0,94.0,35.0,18.0,99.0,-0.81,23.53,7.81,-1.56,1.95,0.9,0.12,6.5,12.0,17.25,Open loop due to engine load OR fuel cut due to deceleration/,7.0,94
2026-08-17 12:40:08.752,675.5,0.0,94.0,35.0,17.0,99.0,-0.82,23.53,7.03,-1.56,1.95,0.9,0.12,6.5,12.0,17.65,Open loop due to engine load OR fuel cut due to deceleration/,7.0,94
2026-08-17 12:40:10.466,681.0,0.0,94.0,35.0,17.0,99.0,-0.82,23.53,5.47,-1.56,1.96,0.89,0.13,7.5,12.0,17.25,Open loop due to engine load OR fuel cut due to deceleration/,7.0,94
2026-08-17 12:40:12.168,681.0,0.0,95.0,35.0,17.0,99.0,-0.82,23.53,4.69,-1.56,1.95,0.88,0.13,5.5,11.9,17.25,Open loop due to engine load OR fuel cut due to deceleration/,7.0,94
2026-08-17 12:40:13.861,679.0,0.0,95.0,35.0,18.0,99.0,-0.81,23.53,3.91,-1.56,1.96,0.88,0.14,6.0,11.9,17.25,Open loop due to engine load OR fuel cut due to deceleration/,7.0,94
2026-08-17 12:40:15.553,681.25,0.0,95.0,35.0,17.0,99.0,-0.82,23.53,3.91,-1.56,1.94,0.87,0.2,5.0,11.9,17.25,Open loop due to engine load OR fuel cut due to deceleration/,7.0,94
2026-08-17 12:40:17.263,680.0,0.0,95.0,35.0,17.0,99.0,-0.82,23.53,-2.34,-2.34,1.94,0.85,0.78,5.0,11.9,17.25,"Closed loop, using oxygen sensor feedback to determine fuel mix/",7.0,94
2026-08-17 12:40:18.952,682.75,0.0,95.0,35.0,18.0,99.0,-0.81,23.53,-5.47,-3.91,1.92,0.84,0.83,8.0,11.9,17.25,"Closed loop, using oxygen sensor feedback to determine fuel mix/",7.0,94
2026-08-17 12:40:20.644,676.5,0.0,95.0,35.0,19.0,99.0,-0.8,23.53,-10.94,-5.47,1.92,0.23,0.84,6.5,12.0,17.25,"Closed loop, using oxygen sensor feedback to determine fuel mix/",7.0,94
2026-08-17 12:40:22.339,684.5,0.0,95.0,35.0,17.0,99.0,-0.82,23.53,-6.25,-5.47,1.92,0.12,0.83,6.5,11.9,17.25,"Closed loop, using oxygen sensor feedback to determine fuel mix/",7.0,94
2026-08-17 12:40:24.035,684.75,0.0,95.0,35.0,18.0,99.0,-0.81,23.53,-7.03,-5.47,1.91,0.72,0.83,6.5,11.9,16.86,"Closed loop, using oxygen sensor feedback to determine fuel mix/",7.0,94
2026-08-17 12:40:25.739,681.0,0.0,96.0,35.0,17.0,99.0,-0.82,23.53,-7.03,-6.25,1.92,0.12,0.83,6.0,11.9,16.86,"Closed loop, using oxygen sensor feedback to determine fuel mix/",7.0,94
2026-08-17 12:40:27.433,676.75,0.0,96.0,35.0,19.0,99.0,-0.8,23.53,-7.03,-6.25,1.89,0.12,0.83,7.0,11.9,17.25,"Closed loop, using oxygen sensor feedback to determine fuel mix/",7.0,94
2026-08-17 12:40:29.130,679.0,0.0,96.0,35.0,18.0,99.0,-0.81,23.53,-7.81,-7.03,1.92,0.74,0.83,6.5,11.9,16.86,"Closed loop, using oxygen sensor feedback to determine fuel mix/",7.0,94
2026-08-17 12:40:30.832,678.75,0.0,96.0,35.0,19.0,99.0,-0.8,23.53,-7.81,-7.03,1.92,0.1,0.83,6.0,11.9,16.86,"Closed loop, using oxygen sensor feedback to determine fuel mix/",7.0,94
2026-08-17 12:40:32.527,678.0,0.0,96.0,35.0,17.0,99.0,-0.82,23.53,-3.91,-7.03,1.92,0.1,0.83,4.5,11.9,16.86,"Closed loop, using oxygen sensor feedback to determine fuel mix/",7.0,94
2026-08-17 12:40:34.221,679.75,0.0,96.0,35.0,18.0,99.0,-0.81,23.53,-7.03,-7.03,1.89,0.72,0.83,6.5,11.9,16.86,"Closed loop, using oxygen sensor feedback to determine fuel mix/",7.0,94
2026-08-17 12:40:35.930,1383.5,4.0,96.0,35.0,37.0,99.0,-0.62,32.55,3.12,-4.69,6.7,0.09,0.83,33.5,11.9,20.0,"Closed loop, using oxygen sensor feedback to determine fuel mix/",7.0,94
2026-08-17 12:40:37.641,1725.75,10.0,96.0,35.0,56.0,99.0,-0.43,38.82,0.0,-4.69,19.56,0.88,0.81,10.5,11.8,25.1,"Closed loop, using oxygen sensor feedback to determine fuel mix/",7.0,94
2026-08-17 12:40:39.349,1345.75,17.0,97.0,35.0,18.0,99.0,-0.81,29.02,-3.12,-9.38,3.75,0.8,0.81,0.5,11.8,12.16,"Closed loop, using oxygen sensor feedback to determine fuel mix/",7.0,95
2026-08-17 12:40:41.055,1295.25,16.0,97.0,36.0,15.0,99.0,-0.84,27.45,-3.91,-7.81,3.15,0.1,0.8,4.0,11.7,12.55,"Closed loop, using oxygen sensor feedback to determine fuel mix/",7.0,94
2026-08-17 12:40:42.762,1371.5,16.0,97.0,35.0,21.0,99.0,-0.78,31.76,-3.12,-5.47,6.01,0.8,0.8,34.0,11.7,16.47,"Closed loop, using oxygen sensor feedback to determine fuel mix/",7.0,94
2026-08-17 12:40:44.464,1370.0,17.0,97.0,35.0,15.0,99.0,-0.84,27.45,-3.91,-7.03,3.19,0.39,0.79,30.0,11.8,10.59,"Closed loop, using oxygen sensor feedback to determine fuel mix/",7.0,94
2026-08-17 12:40:46.166,1669.25,18.0,97.0,35.0,39.0,99.0,-0.6,37.25,0.78,-4.69,15.32,0.07,0.79,2.5,11.7,41.57,"Closed loop, using oxygen sensor feedback to determine fuel mix/",7.0,94
2026-08-17 12:40:47.863,2102.75,24.0,98.0,35.0,38.0,99.0,-0.61,35.69,1.56,-5.47,12.86,0.09,0.77,23.5,11.8,21.18,"Closed loop, using oxygen sensor feedback to determine fuel mix/",7.0,94
2026-08-17 12:40:49.566,1611.75,29.0,98.0,35.0,77.0,99.0,-0.22,69.41,0.0,-3.91,36.75,0.79,0.76,-11.5,11.7,80.0,"Closed loop, using oxygen sensor feedback to determine fuel mix/",7.0,94
2026-08-17 12:40:51.275,2144.0,38.0,98.0,35.0,123.0,98.0,0.25,72.55,-2.34,-3.91,64.16,0.11,0.73,-10.5,11.7,100.0,"Closed loop, using oxygen sensor feedback to determine fuel mix/",7.0,95
2026-08-17 12:40:52.965,2331.25,46.0,98.0,35.0,17.0,99.0,-0.82,31.37,-1.56,-3.91,5.13,0.72,0.7,-4.0,11.7,8.24,Open loop due to engine load OR fuel cut due to deceleration/,7.0,95
2026-08-17 12:40:54.662,2295.25,45.0,98.0,35.0,15.0,99.0,-0.84,31.37,7.81,-4.69,5.85,0.82,0.12,27.5,11.7,9.41,Open loop due to engine load OR fuel cut due to deceleration/,7.0,95
2026-08-17 12:40:56.369,2484.5,47.0,98.0,35.0,43.0,99.0,-0.56,38.04,7.81,-3.91,22.05,0.89,0.23,14.0,11.7,31.37,Open loop due to engine load OR fuel cut due to deceleration/,7.0,95
2026-08-17 12:40:58.064,2496.75,50.0,98.0,35.0,32.0,99.0,-0.67,34.51,2.34,-4.69,13.83,0.07,0.27,30.0,11.7,18.04,"Closed loop, using oxygen sensor feedback to determine fuel mix/",7.0,95
2026-08-17 12:40:59.769,2745.0,52.0,98.0,35.0,57.0,99.0,-0.42,40.78,-6.25,-4.69,31.84,0.76,0.29,9.0,11.7,38.43,"Closed loop, using oxygen sensor feedback to determine fuel mix/",7.0,95
2026-08-17 12:41:01.466,3048.5,59.0,98.0,35.0,39.0,99.0,-0.6,35.69,-6.25,-1.56,8.74,0.71,0.83,38.0,11.7,6.67,"Closed loop, using oxygen sensor feedback to determine fuel mix/",7.0,95
2026-08-17 12:41:03.191,2953.25,59.0,98.0,35.0,16.0,99.0,-0.83,32.16,0.0,0.0,6.98,0.02,0.72,-3.5,12.0,8.24,Open loop due to engine load OR fuel cut due to deceleration/,7.0,95
2026-08-17 12:41:04.899,2933.75,58.0,98.0,35.0,15.0,99.0,-0.84,32.16,7.81,-4.69,6.97,0.88,0.12,35.0,11.7,8.24,Open loop due to engine load OR fuel cut due to deceleration/,7.0,95
2026-08-17 12:41:06.607,2915.5,58.0,98.0,35.0,15.0,99.0,-0.84,32.55,7.81,-4.69,7.3,0.86,0.15,33.5,11.7,8.24,Open loop due to engine load OR fuel cut due to deceleration/,7.0,95
2026-08-17 12:41:08.319,2832.0,57.0,98.0,35.0,14.0,99.0,-0.85,30.98,0.0,0.0,5.79,0.02,0.18,-1.5,11.7,6.67,Open loop due to engine load OR fuel cut due to deceleration/,7.0,95
2026-08-17 12:41:10.023,2783.25,55.0,98.0,35.0,13.0,99.0,-0.86,30.59,0.0,0.0,5.37,0.03,0.0,-1.5,12.8,6.27,Open loop due to engine load OR fuel cut due to deceleration/,7.0,95
2026-08-17 12:41:11.715,2690.5,54.0,98.0,35.0,13.0,99.0,-0.86,30.59,0.0,0.0,5.0,0.02,0.0,-1.5,13.8,6.27,Open loop due to engine load OR fuel cut due to deceleration/,7.0,95
2026-08-17 12:41:13.412,2577.0,51.0,97.0,35.0,13.0,99.0,-0.86,30.2,0.0,0.0,4.89,0.03,0.0,-2.0,13.9,6.67,Open loop due to engine load OR fuel cut due to deceleration/,7.0,95
2026-08-17 12:41:15.114,2470.25,49.0,97.0,35.0,14.0,99.0,-0.85,30.2,0.0,0.0,4.79,0.03,0.0,-2.5,13.9,6.67,Open loop due to engine load OR fuel cut due to deceleration/,7.0,95
2026-08-17 12:41:16.810,2237.5,44.0,97.0,35.0,14.0,99.0,-0.85,29.41,0.0,0.0,4.17,0.03,0.0,-0.5,13.9,6.67,Open loop due to engine load OR fuel cut due to deceleration/,7.0,95
2026-08-17 12:41:18.514,1730.25,35.0,96.0,35.0,12.0,99.0,-0.87,27.45,7.81,0.0,3.51,0.62,0.01,6.5,13.1,8.24,Open loop due to engine load OR fuel cut due to deceleration/,7.0,95
2026-08-17 12:41:20.234,1086.75,21.0,96.0,35.0,15.0,99.0,-0.84,26.27,7.81,0.78,2.5,0.9,0.06,1.5,12.3,19.61,Open loop due to engine load OR fuel cut due to deceleration/,7.0,95
2026-08-17 12:41:21.954,652.0,6.0,96.0,35.0,17.0,99.0,-0.82,24.71,7.81,0.78,2.28,0.91,0.09,1.0,12.1,21.18,Open loop due to engine load OR fuel cut due to deceleration/,7.0,95
2026-08-17 12:41:23.658,674.75,2.0,96.0,35.0,21.0,99.0,-0.78,25.88,7.81,-1.56,2.5,0.91,0.1,-5.5,12.0,20.78,Open loop due to engine load OR fuel cut due to deceleration/,7.0,95
2026-08-17 12:41:25.353,686.75,0.0,95.0,35.0,17.0,99.0,-0.82,24.31,7.81,-1.56,2.06,0.9,0.1,5.5,11.9,18.43,Open loop due to engine load OR fuel cut due to deceleration/,7.0,94
2026-08-17 12:41:27.048,684.75,0.0,95.0,35.0,19.0,99.0,-0.8,24.31,7.81,-1.56,2.05,0.9,0.12,7.5,11.8,18.04,Open loop due to engine load OR fuel cut due to deceleration/,7.0,94
2026-08-17 12:41:28.756,684.25,0.0,95.0,35.0,18.0,99.0,-0.81,23.92,7.81,-1.56,2.02,0.9,0.12,5.0,11.7,18.04,Open loop due to engine load OR fuel cut due to deceleration/,7.0,94
2026-08-17 12:41:30.479,681.0,0.0,95.0,35.0,17.0,99.0,-0.82,23.92,7.81,-1.56,2.02,0.9,0.12,5.5,11.7,18.04,Open loop due to engine load OR fuel cut due to deceleration/,7.0,94
2026-08-17 12:41:32.189,680.0,0.0,95.0,35.0,17.0,99.0,-0.82,23.92,7.81,-1.56,2.03,0.9,0.13,6.5,11.7,18.04,Open loop due to engine load OR fuel cut due to deceleration/,7.0,95
2026-08-17 12:41:33.881,689.25,0.0,94.0,35.0,19.0,99.0,-0.8,24.71,6.25,-1.56,2.16,0.9,0.14,4.5,11.7,18.82,Open loop due to engine load OR fuel cut due to deceleration/,7.0,95
2026-08-17 12:41:35.588,681.5,0.0,94.0,35.0,19.0,99.0,-0.8,24.71,4.69,-1.56,2.11,0.89,0.14,5.0,11.6,18.82,Open loop due to engine load OR fuel cut due to deceleration/,7.0,95
2026-08-17 12:41:37.304,684.0,0.0,94.0,35.0,19.0,99.0,-0.8,24.31,3.91,-1.56,2.1,0.89,0.14,5.5,11.6,18.82,Open loop due to engine load OR fuel cut due to deceleration/,7.0,95
2026-08-17 12:41:39.008,682.25,0.0,94.0,35.0,18.0,99.0,-0.81,24.31,-1.56,-1.56,2.09,0.88,0.64,6.0,11.6,18.82,"Closed loop, using oxygen sensor feedback to determine fuel mix/",7.0,95
2026-08-17 12:41:40.702,686.75,0.0,94.0,35.0,18.0,99.0,-0.81,24.31,-3.91,-5.47,2.07,0.83,0.85,4.0,11.6,18.82,"Closed loop, using oxygen sensor feedback to determine fuel mix/",7.0,95
2026-08-17 12:41:42.412,672.25,0.0,94.0,35.0,20.0,99.0,-0.79,24.31,-5.47,-7.81,2.12,0.09,0.86,5.5,11.6,18.82,"Closed loop, using oxygen sensor feedback to determine fuel mix/",7.0,94
2026-08-17 12:41:44.122,680.0,0.0,94.0,35.0,18.0,99.0,-0.81,24.71,-5.47,-8.59,2.08,0.09,0.85,8.0,11.6,19.22,"Closed loop, using oxygen sensor feedback to determine fuel mix/",7.0,94
2026-08-17 12:41:45.826,1300.25,3.0,94.0,35.0,33.0,99.0,-0.66,31.76,3.91,-5.47,5.68,0.77,0.85,33.0,11.6,22.35,"Closed loop, using oxygen sensor feedback to determine fuel mix/",7.0,95
2026-08-17 12:41:47.541,1735.25,11.0,93.0,35.0,44.0,99.0,-0.55,36.08,3.91,-5.47,13.9,0.2,0.82,25.5,11.6,14.9,"Closed loop, using oxygen sensor feedback to determine fuel mix/",7.0,95
2026-08-17 12:41:49.244,1890.75,15.0,93.0,36.0,22.0,99.0,-0.77,32.94,-0.78,-5.47,7.34,0.13,0.81,34.5,11.7,12.55,"Closed loop, using oxygen sensor feedback to determine fuel mix/",7.0,95
2026-08-17 12:41:50.952,2182.25,17.0,93.0,36.0,25.0,99.0,-0.74,32.94,-1.56,-6.25,7.94,0.1,0.81,38.5,11.7,12.16,"Closed loop, using oxygen sensor feedback to determine fuel mix/",7.0,95
2026-08-17 12:41:52.646,2187.5,18.0,93.0,36.0,15.0,99.0,-0.84,31.76,-2.34,-6.25,6.01,0.07,0.8,27.0,11.7,9.41,"Closed loop, using oxygen sensor feedback to determine fuel mix/",7.0,95
2026-08-17 12:41:54.353,2435.75,19.0,92.0,35.0,28.0,99.0,-0.71,33.73,-2.34,-6.25,8.85,0.08,0.79,23.5,11.7,13.33,"Closed loop, using oxygen sensor feedback to determine fuel mix/",7.0,95
2026-08-17 12:41:56.045,1861.0,22.0,92.0,36.0,29.0,99.0,-0.7,31.37,-1.56,-6.25,5.99,0.1,0.79,46.0,11.7,10.2,"Closed loop, using oxygen sensor feedback to determine fuel mix/",7.0,95
2026-08-17 12:41:57.771,1936.75,24.0,92.0,36.0,17.0,99.0,-0.82,30.2,-0.78,-6.25,4.02,0.8,0.78,37.5,11.7,7.84,"Closed loop, using oxygen sensor feedback to determine fuel mix/",7.0,95
2026-08-17 12:41:59.463,1861.0,24.0,92.0,36.0,12.0,99.0,-0.87,28.63,-3.12,-7.81,3.86,0.74,0.78,5.5,11.7,7.06,"Closed loop, using oxygen sensor feedback to determine fuel mix/",7.0,95
2026-08-17 12:42:01.171,1774.25,23.0,92.0,35.0,13.0,99.0,-0.86,28.63,-3.12,-7.81,3.73,0.78,0.78,8.0,11.7,7.06,"Closed loop, using oxygen sensor feedback to determine fuel mix/",7.0,95
2026-08-17 12:42:02.864,1336.0,16.0,92.0,35.0,17.0,99.0,-0.82,28.24,-3.91,-7.81,3.52,0.76,0.78,-4.0,11.7,16.86,"Closed loop, using oxygen sensor feedback to determine fuel mix/",7.0,95
2026-08-17 12:42:04.577,742.25,9.0,92.0,35.0,16.0,99.0,-0.83,23.14,-4.69,-8.59,1.87,0.78,0.78,20.5,11.8,27.84,"Closed loop, using oxygen sensor feedback to determine fuel mix/",7.0,95
2026-08-17 12:42:06.286,1890.5,12.0,92.0,35.0,42.0,99.0,-0.57,36.47,-4.69,-5.47,15.68,0.1,0.76,14.5,11.8,25.88,"Closed loop, using oxygen sensor feedback to determine fuel mix/",7.0,95
2026-08-17 12:42:07.991,1425.75,17.0,92.0,36.0,15.0,99.0,-0.84,27.84,-2.34,-7.03,4.29,0.9,0.76,27.0,11.8,9.02,"Closed loop, using oxygen sensor feedback to determine fuel mix/",7.0,95
2026-08-17 12:42:09.695,1590.0,19.0,92.0,36.0,25.0,99.0,-0.74,30.2,-10.16,-7.81,3.43,0.75,0.76,37.5,11.9,7.84,"Closed loop, using oxygen sensor feedback to determine fuel mix/",7.0,95
2026-08-17 12:42:11.425,1482.0,19.0,92.0,36.0,15.0,99.0,-0.84,28.24,-6.25,-8.59,3.63,0.07,0.75,7.0,11.9,10.59,"Closed loop, using oxygen sensor feedback to determine fuel mix/",7.0,95
2026-08-17 12:42:13.135,1098.25,14.0,92.0,35.0,15.0,99.0,-0.84,24.31,-1.56,-10.16,2.17,0.1,0.76,4.0,11.9,16.47,"Closed loop, using oxygen sensor feedback to determine fuel mix/",7.0,95
2026-08-17 12:42:14.842,780.0,11.0,93.0,36.0,17.0,99.0,-0.82,29.8,-1.56,-6.25,4.85,0.1,0.76,22.5,12.0,31.37,"Closed loop, using oxygen sensor feedback to determine fuel mix/",7.0,95
2026-08-17 12:42:16.551,1468.0,14.0,93.0,35.0,38.0,99.0,-0.61,33.33,3.91,-6.25,7.93,0.1,0.74,30.5,12.0,12.55,"Closed loop, using oxygen sensor feedback to determine fuel mix/",7.0,95
2026-08-17 12:42:18.265,1289.5,15.0,93.0,36.0,17.0,99.0,-0.82,27.84,0.0,-7.81,3.42,0.86,0.74,39.5,12.0,12.55,"Closed loop, using oxygen sensor feedback to determine fuel mix/",7.0,95
2026-08-17 12:42:19.966,1356.0,16.0,93.0,36.0,21.0,99.0,-0.78,27.06,-0.78,-9.38,3.08,0.14,0.74,2.5,12.0,15.29,"Closed loop, using oxygen sensor feedback to determine fuel mix/",7.0,95
2026-08-17 12:42:21.660,1555.25,16.0,93.0,35.0,38.0,99.0,-0.61,35.29,6.25,-5.47,11.17,0.07,0.73,21.0,12.0,22.35,"Closed loop, using oxygen sensor feedback to determine fuel mix/",7.0,95
2026-08-17 12:42:23.351,1840.0,21.0,94.0,35.0,37.0,99.0,-0.62,34.51,3.91,-5.47,10.94,0.73,0.7,24.5,12.0,19.22,"Closed loop, using oxygen sensor feedback to determine fuel mix/",7.0,95
2026-08-17 12:42:25.066,2036.75,24.0,94.0,35.0,34.0,99.0,-0.65,34.12,1.56,-5.47,9.97,0.1,0.71,33.0,12.0,16.47,"Closed loop, using oxygen sensor feedback to determine fuel mix/",7.0,95
2026-08-17 12:42:26.789,2108.25,27.0,94.0,36.0,32.0,99.0,-0.67,33.33,5.47,-4.69,8.73,0.7,0.71,38.5,12.0,14.12,"Closed loop, using oxygen sensor feedback to determine fuel mix/",7.0,95
2026-08-17 12:42:28.502,2242.5,29.0,94.0,36.0,28.0,99.0,-0.71,33.33,0.78,-3.91,8.45,0.76,0.71,12.5,12.0,13.33,"Closed loop, using oxygen sensor feedback to determine fuel mix/",7.0,95
2026-08-17 12:42:30.220,1605.75,29.0,94.0,36.0,31.0,99.0,-0.68,31.76,-3.12,-3.91,6.06,0.29,0.71,41.5,12.0,12.16,"Closed loop, using oxygen sensor feedback to determine fuel mix/",7.0,95
2026-08-17 12:42:31.927,1611.5,30.0,95.0,36.0,26.0,99.0,-0.73,30.2,-1.56,-3.91,4.7,0.78,0.7,43.5,12.0,9.41,"Closed loop, using oxygen sensor feedback to determine fuel mix/",7.0,95
2026-08-17 12:42:33.623,1508.25,30.0,95.0,36.0,14.0,99.0,-0.85,27.45,-2.34,-3.91,3.22,0.23,0.71,33.5,12.0,7.84,"Closed loop, using oxygen sensor feedback to determine fuel mix/",7.0,95
2026-08-17 12:42:35.346,1423.5,28.0,95.0,35.0,13.0,99.0,-0.86,27.06,-3.91,-3.91,3.0,0.75,0.71,14.5,12.0,9.02,"Closed loop, using oxygen sensor feedback to determine fuel mix/",7.0,95
2026-08-17 12:42:37.055,1377.5,27.0,96.0,35.0,16.0,99.0,-0.83,27.84,-10.16,-4.69,3.39,0.51,0.7,30.0,12.0,10.59,"Closed loop, using oxygen sensor feedback to determine fuel mix/",7.0,95
2026-08-17 12:42:38.767,1342.75,26.0,96.0,35.0,14.0,99.0,-0.85,27.06,-4.69,-6.25,3.05,0.79,0.7,0.5,12.0,13.33,"Closed loop, using oxygen sensor feedback to determine fuel mix/",7.0,95
2026-08-17 12:42:40.471,1186.75,24.0,96.0,35.0,15.0,99.0,-0.84,26.67,-0.78,-6.25,2.74,0.77,0.71,7.0,12.0,13.73,"Closed loop, using oxygen sensor feedback to determine fuel mix/",7.0,95
2026-08-17 12:42:42.162,1031.5,21.0,96.0,35.0,15.0,99.0,-0.84,25.88,-5.47,-7.03,2.42,0.12,0.71,1.0,12.0,16.86,"Closed loop, using oxygen sensor feedback to determine fuel mix/",7.0,95
2026-08-17 12:42:43.857,1491.0,18.0,96.0,35.0,19.0,99.0,-0.8,31.37,1.56,-4.69,5.45,0.17,0.7,24.5,12.0,14.12,"Closed loop, using oxygen sensor feedback to determine fuel mix/",7.0,95
2026-08-17 12:42:45.556,1879.25,20.0,96.0,35.0,41.0,99.0,-0.58,36.08,9.38,-4.69,13.92,0.73,0.61,18.5,12.0,23.92,"Closed loop, using oxygen sensor feedback to determine fuel mix/",7.0,95
2026-08-17 12:42:47.262,2001.0,24.0,97.0,35.0,25.0,99.0,-0.74,31.37,0.0,-4.69,5.46,0.84,0.62,46.0,12.0,9.02,"Closed loop, using oxygen sensor feedback to determine fuel mix/",7.0,95
2026-08-17 12:42:48.967,1947.0,24.0,97.0,36.0,14.0,99.0,-0.85,29.8,1.56,-4.69,4.4,0.1,0.63,37.0,12.0,7.84,"Closed loop, using oxygen sensor feedback to determine fuel mix/",7.0,95
2026-08-17 12:42:50.659,1957.5,24.0,97.0,36.0,18.0,99.0,-0.81,31.76,-1.56,-4.69,5.82,0.73,0.63,30.5,12.0,10.59,"Closed loop, using oxygen sensor feedback to determine fuel mix/",7.0,95
2026-08-17 12:42:52.370,1966.0,25.0,97.0,35.0,28.0,99.0,-0.71,32.55,-1.56,-4.69,7.23,0.09,0.62,42.5,12.0,12.55,"Closed loop, using oxygen sensor feedback to determine fuel mix/",7.0,95
2026-08-17 12:42:54.082,2047.25,26.0,97.0,35.0,27.0,99.0,-0.72,32.55,0.0,-4.69,7.39,0.1,0.62,42.0,12.0,12.16,"Closed loop, using oxygen sensor feedback to determine fuel mix/",7.0,95
2026-08-17 12:42:55.787,2171.25,27.0,97.0,35.0,27.0,99.0,-0.72,32.94,4.69,-3.91,7.54,0.12,0.62,40.5,12.0,12.16,"Closed loop, using oxygen sensor feedback to determine fuel mix/",7.0,95
2026-08-17 12:42:57.499,2184.0,28.0,97.0,35.0,14.0,99.0,-0.85,30.59,0.0,-2.34,4.32,0.82,0.62,15.0,12.0,6.67,"Closed loop, using oxygen sensor feedback to determine fuel mix/",7.0,95
2026-08-17 12:42:59.205,2062.25,27.0,97.0,35.0,12.0,99.0,-0.87,29.41,,-4.69,4.19,0.71,0.62,12.5,12.0,7.06,"Closed loop, using oxygen sensor feedback to determine fuel mix/",7.0,95
2026-08-17 12:43:00.881,1967.75,25.0,97.0,35.0,13.0,99.0,-0.86,29.02,-2.34,-4.69,4.03,0.73,0.62,9.5,12.0,7.06,"Closed loop, using oxygen sensor feedback to determine fuel mix/",7.0,95
2026-08-17 12:43:02.589,1765.25,23.0,97.0,35.0,13.0,99.0,-0.86,28.24,-3.12,-5.47,3.44,0.77,0.62,18.5,12.0,6.67,"Closed loop, using oxygen sensor feedback to determine fuel mix/",7.0,95
2026-08-17 12:43:04.283,1020.5,11.0,97.0,35.0,20.0,99.0,-0.79,26.67,-3.91,-6.25,2.8,0.81,0.62,0.0,12.0,23.53,"Closed loop, using oxygen sensor feedback to determine fuel mix/",7.0,95
2026-08-17 12:43:05.986,675.0,0.0,97.0,35.0,24.0,99.0,-0.75,26.27,0.0,-4.69,2.62,0.8,0.62,-5.0,11.9,23.53,"Closed loop, using oxygen sensor feedback to determine fuel mix/",7.0,95
2026-08-17 12:43:07.703,668.25,0.0,97.0,35.0,22.0,99.0,-0.77,25.88,-0.78,-4.69,2.45,0.09,0.61,3.0,12.0,21.57,"Closed loop, using oxygen sensor feedback to determine fuel mix/",7.0,95
2026-08-17 12:43:09.413,678.25,0.0,97.0,35.0,22.0,99.0,-0.77,25.88,-3.12,-4.69,2.39,0.76,0.62,4.0,12.0,21.18,"Closed loop, using oxygen sensor feedback to determine fuel mix/",7.0,95
2026-08-17 12:43:11.132,685.0,0.0,97.0,35.0,22.0,99.0,-0.77,25.49,-2.34,-4.69,2.38,0.76,0.62,4.0,11.9,21.18,"Closed loop, using oxygen sensor feedback to determine fuel mix/",7.0,95
2026-08-17 12:43:12.822,679.5,0.0,97.0,35.0,21.0,99.0,-0.78,25.88,-2.34,-4.69,2.41,0.76,0.62,4.5,11.9,21.57,"Closed loop, using oxygen sensor feedback to determine fuel mix/",7.0,95
2026-08-17 12:43:14.536,682.5,0.0,97.0,35.0,22.0,99.0,-0.77,25.88,-2.34,-4.69,2.41,0.75,0.62,3.0,12.0,21.57,"Closed loop, using oxygen sensor feedback to determine fuel mix/",7.0,95
2026-08-17 12:43:16.248,680.25,0.0,97.0,35.0,23.0,99.0,-0.76,25.88,2.34,-4.69,2.42,0.76,0.62,1.5,12.0,21.57,"Closed loop, using oxygen sensor feedback to determine fuel mix/",7.0,95
2026-08-17 12:43:17.952,680.5,0.0,97.0,36.0,22.0,99.0,-0.77,25.88,1.56,-4.69,2.4,0.76,0.61,3.0,11.9,21.57,"Closed loop, using oxygen sensor feedback to determine fuel mix/",7.0,95
2026-08-17 12:43:19.645,685.25,0.0,97.0,36.0,21.0,99.0,-0.78,25.88,1.56,-4.69,2.42,0.25,0.61,5.5,12.0,21.96,"Closed loop, using oxygen sensor feedback to determine fuel mix/",7.0,95
2026-08-17 12:43:21.332,679.25,0.0,97.0,36.0,23.0,99.0,-0.76,25.88,1.56,-4.69,2.44,0.13,0.61,3.5,12.0,21.96,"Closed loop, using oxygen sensor feedback to determine fuel mix/",7.0,95
2026-08-17 12:43:23.031,677.25,0.0,97.0,36.0,21.0,99.0,-0.78,25.88,1.56,-4.69,2.44,0.11,0.61,1.0,12.0,21.96,"Closed loop, using oxygen sensor feedback to determine fuel mix/",7.0,95
2026-08-17 12:43:24.734,674.25,0.0,97.0,36.0,23.0,99.0,-0.76,25.88,0.78,-4.69,2.48,0.1,0.61,1.5,12.0,21.96,"Closed loop, using oxygen sensor feedback to determine fuel mix/",7.0,95
2026-08-17 12:43:26.431,669.75,0.0,97.0,36.0,21.0,99.0,-0.78,25.88,-2.34,-4.69,2.47,0.68,0.61,4.5,12.0,22.35,"Closed loop, using oxygen sensor feedback to determine fuel mix/",7.0,95
2026-08-17 12:43:28.135,684.75,0.0,97.0,36.0,23.0,99.0,-0.76,25.88,-2.34,-4.69,2.49,0.74,0.61,3.5,12.0,21.96,"Closed loop, using oxygen sensor feedback to determine fuel mix/",7.0,95
2026-08-17 12:43:29.835,681.75,0.0,96.0,36.0,21.0,99.0,-0.78,26.27,-2.34,-4.69,2.5,0.78,0.61,2.0,12.0,22.35,"Closed loop, using oxygen sensor feedback to determine fuel mix/",7.0,95
2026-08-17 12:43:31.541,681.75,0.0,96.0,36.0,23.0,99.0,-0.76,26.27,2.34,-4.69,2.52,0.77,0.61,1.5,11.9,22.35,"Closed loop, using oxygen sensor feedback to determine fuel mix/",7.0,95
2026-08-17 12:43:33.251,683.25,0.0,96.0,36.0,21.0,99.0,-0.78,25.88,1.56,-4.69,2.5,0.2,0.61,3.5,12.0,22.35,"Closed loop, using oxygen sensor feedback to determine fuel mix/",7.0,95
2026-08-17 12:43:34.941,680.0,0.0,96.0,36.0,23.0,99.0,-0.76,25.88,1.56,-4.69,2.48,0.12,0.61,0.5,12.0,22.35,"Closed loop, using oxygen sensor feedback to determine fuel mix/",7.0,95
2026-08-17 12:43:36.634,875.25,1.0,96.0,36.0,34.0,99.0,-0.65,31.76,1.56,-3.91,5.69,0.14,0.61,21.5,12.0,25.1,"Closed loop, using oxygen sensor feedback to determine fuel mix/",7.0,94
2026-08-17 12:43:38.329,956.25,6.0,95.0,36.0,22.0,99.0,-0.77,28.24,-2.34,-4.69,3.36,0.88,0.61,4.5,12.0,23.92,"Closed loop, using oxygen sensor feedback to determine fuel mix/",7.0,95
2026-08-17 12:43:40.033,875.5,6.0,95.0,36.0,19.0,99.0,-0.8,26.67,0.78,-5.47,2.72,0.21,0.61,4.5,12.0,21.18,"Closed loop, using oxygen sensor feedback to determine fuel mix/",7.0,95
2026-08-17 12:43:41.731,882.25,6.0,95.0,36.0,22.0,99.0,-0.77,27.84,0.0,-3.12,3.33,0.1,0.61,5.0,12.0,24.31,"Closed loop, using oxygen sensor feedback to determine fuel mix/",7.0,95
2026-08-17 12:43:43.439,832.75,6.0,95.0,36.0,20.0,99.0,-0.79,26.67,0.0,-4.69,2.74,0.1,0.61,4.5,12.0,21.96,"Closed loop, using oxygen sensor feedback to determine fuel mix/",7.0,95
2026-08-17 12:43:45.151,795.5,6.0,94.0,36.0,20.0,99.0,-0.79,26.67,-3.12,-4.69,2.66,0.64,0.61,7.0,12.0,22.35,"Closed loop, using oxygen sensor feedback to determine fuel mix/",7.0,94
2026-08-17 12:43:46.857,743.25,4.0,94.0,37.0,22.0,99.0,-0.77,26.67,-3.12,-4.69,2.68,0.71,0.61,9.0,12.0,23.14,"Closed loop, using oxygen sensor feedback to determine fuel mix/",7.0,95
2026-08-17 12:43:48.580,707.5,0.0,94.0,37.0,23.0,99.0,-0.76,26.27,-2.34,-4.69,2.59,0.81,0.61,2.0,12.0,22.75,"Closed loop, using oxygen sensor feedback to determine fuel mix/",7.0,95
2026-08-17 12:43:50.288,675.0,0.0,94.0,37.0,21.0,99.0,-0.78,25.88,0.78,-4.69,2.51,0.8,0.61,5.5,12.0,22.35,"Closed loop, using oxygen sensor feedback to determine fuel mix/",7.0,95
2026-08-17 12:43:51.998,674.5,0.0,94.0,37.0,26.0,99.0,-0.73,27.06,0.0,-4.69,2.83,0.1,0.61,1.0,12.1,25.49,"Closed loop, using oxygen sensor feedback to determine fuel mix/",7.0,95
2026-08-17 12:43:53.705,690.25,0.0,94.0,37.0,26.0,99.0,-0.73,27.06,3.12,-4.69,2.91,0.34,0.61,1.0,12.0,25.88,"Closed loop, using oxygen sensor feedback to determine fuel mix/",7.0,95
2026-08-17 12:43:55.416,699.25,1.0,93.0,37.0,25.0,99.0,-0.74,26.67,2.34,-4.69,2.78,0.29,0.61,-2.5,12.1,24.31,"Closed loop, using oxygen sensor feedback to determine fuel mix/",7.0,95
2026-08-17 12:43:57.107,695.5,0.0,93.0,37.0,23.0,99.0,-0.76,26.27,-2.34,-4.69,2.61,0.12,0.61,-0.5,12.1,23.14,"Closed loop, using oxygen sensor feedback to determine fuel mix/",7.0,95
2026-08-17 12:43:58.814,696.5,0.0,93.0,36.0,22.0,99.0,-0.77,26.27,-2.34,-4.69,2.48,0.75,0.61,4.0,11.9,21.96,"Closed loop, using oxygen sensor feedback to determine fuel mix/",7.0,95
2026-08-17 12:44:00.508,691.5,1.0,93.0,36.0,24.0,99.0,-0.75,27.06,1.56,-4.69,2.81,0.12,0.61,2.5,11.9,26.27,"Closed loop, using oxygen sensor feedback to determine fuel mix/",7.0,95
2026-08-17 12:44:02.204,733.25,3.0,93.0,36.0,26.0,99.0,-0.73,29.8,3.12,-3.12,4.62,0.74,0.6,3.0,12.1,34.12,"Closed loop, using oxygen sensor feedback to determine fuel mix/",7.0,95
2026-08-17 12:44:03.910,1027.0,6.0,93.0,36.0,23.0,99.0,-0.76,28.24,0.0,-3.12,3.48,0.9,0.6,10.0,12.0,24.71,"Closed loop, using oxygen sensor feedback to determine fuel mix/",7.0,94
2026-08-17 12:44:05.604,981.5,7.0,93.0,36.0,19.0,99.0,-0.8,27.84,-3.12,-3.12,3.37,0.69,0.61,14.5,12.0,21.96,"Closed loop, using oxygen sensor feedback to determine fuel mix/",7.0,94
2026-08-17 12:44:07.317,955.0,7.0,93.0,36.0,18.0,99.0,-0.81,27.45,-2.34,-3.12,3.11,0.78,0.61,10.0,12.1,20.0,"Closed loop, using oxygen sensor feedback to determine fuel mix/",7.0,94
2026-08-17 12:44:09.039,1031.25,8.0,93.0,37.0,18.0,99.0,-0.81,27.45,0.78,-4.69,3.08,0.28,0.61,-2.5,12.0,19.61,"Closed loop, using oxygen sensor feedback to determine fuel mix/",7.0,95
2026-08-17 12:44:10.741,959.0,7.0,92.0,37.0,19.0,99.0,-0.8,28.63,-3.91,-3.12,3.61,0.74,0.61,8.0,12.0,22.75,"Closed loop, using oxygen sensor feedback to determine fuel mix/",7.0,95
2026-08-17 12:44:12.437,1096.5,8.0,93.0,36.0,19.0,99.0,-0.8,28.63,0.0,-3.12,3.56,0.11,0.6,12.0,12.1,18.43,"Closed loop, using oxygen sensor feedback to determine fuel mix/",7.0,95
2026-08-17 12:44:14.164,1171.25,9.0,93.0,37.0,17.0,99.0,-0.82,28.24,-0.78,-3.12,3.44,0.28,0.61,17.5,12.1,16.08,"Closed loop, using oxygen sensor feedback to determine fuel mix/",7.0,95
2026-08-17 12:44:15.871,1236.5,9.0,93.0,36.0,17.0,99.0,-0.82,28.24,0.78,-3.12,3.54,0.78,0.6,15.5,12.0,14.51,"Closed loop, using oxygen sensor feedback to determine fuel mix/",7.0,95
2026-08-17 12:44:17.585,1269.75,10.0,93.0,36.0,17.0,99.0,-0.82,28.24,0.0,-3.12,3.54,0.8,0.6,4.0,12.0,15.29,"Closed loop, using oxygen sensor feedback to determine fuel mix/",7.0,95
2026-08-17 12:44:19.292,1017.25,9.0,93.0,37.0,15.0,99.0,-0.84,25.88,-4.69,-5.47,2.52,0.34,0.6,-2.5,12.0,16.86,"Closed loop, using oxygen sensor feedback to determine fuel mix/",7.0,95
2026-08-17 12:44:20.997,883.5,7.0,93.0,37.0,15.0,99.0,-0.84,24.71,-4.69,-5.47,2.18,0.81,0.6,5.0,12.0,17.65,"Closed loop, using oxygen sensor feedback to determine fuel mix/",7.0,95
2026-08-17 12:44:22.686,796.0,6.0,93.0,37.0,21.0,99.0,-0.78,29.02,1.56,-3.91,4.01,0.12,0.6,5.0,12.1,26.67,"Closed loop, using oxygen sensor feedback to determine fuel mix/",7.0,95
2026-08-17 12:44:24.382,909.75,7.0,93.0,37.0,18.0,99.0,-0.81,26.67,-3.12,-6.25,2.69,0.85,0.6,1.5,12.0,20.0,"Closed loop, using oxygen sensor feedback to determine fuel mix/",7.0,94
2026-08-17 12:44:26.095,817.25,6.0,93.0,37.0,18.0,99.0,-0.81,25.88,0.78,-6.25,2.49,0.11,0.6,5.5,12.0,20.78,"Closed loop, using oxygen sensor feedback to determine fuel mix/",7.0,94
2026-08-17 12:44:27.799,754.0,4.0,94.0,37.0,20.0,99.0,-0.79,25.88,-2.34,-6.25,2.45,0.35,0.6,11.5,12.0,21.18,"Closed loop, using oxygen sensor feedback to determine fuel mix/",7.0,94
2026-08-17 12:44:29.507,742.25,5.0,94.0,37.0,21.0,99.0,-0.78,26.67,1.56,-5.47,2.73,0.72,0.6,5.0,11.9,23.14,"Closed loop, using oxygen sensor feedback to determine fuel mix/",7.0,94
2026-08-17 12:44:31.202,750.25,4.0,94.0,37.0,21.0,99.0,-0.78,26.27,-1.56,-6.25,2.63,0.77,0.6,3.5,11.9,22.75,"Closed loop, using oxygen sensor feedback to determine fuel mix/",7.0,94
2026-08-17 12:44:32.910,743.25,4.0,94.0,37.0,22.0,99.0,-0.77,26.27,2.34,-6.25,2.63,0.77,0.6,3.5,12.0,22.35,"Closed loop, using oxygen sensor feedback to determine fuel mix/",7.0,94
2026-08-17 12:44:34.603,743.0,4.0,94.0,37.0,21.0,99.0,-0.78,26.27,2.34,-6.25,2.61,0.23,0.6,4.0,12.0,22.35,"Closed loop, using oxygen sensor feedback to determine fuel mix/",7.0,94
2026-08-17 12:44:36.312,724.0,2.0,94.0,37.0,21.0,99.0,-0.78,26.27,2.34,-5.47,2.49,0.1,0.6,2.0,12.0,21.96,"Closed loop, using oxygen sensor feedback to determine fuel mix/",7.0,94
2026-08-17 12:44:38.023,843.25,2.0,94.0,37.0,27.0,99.0,-0.72,31.37,2.34,-3.91,5.58,0.13,0.6,24.5,12.0,26.27,"Closed loop, using oxygen sensor feedback to determine fuel mix/",7.0,94
2026-08-17 12:44:39.733,915.25,3.0,95.0,37.0,24.0,99.0,-0.75,28.24,-0.78,-5.47,3.48,0.7,0.6,2.0,12.0,26.27,"Closed loop, using oxygen sensor feedback to determine fuel mix/",7.0,94
2026-08-17 12:44:41.457,778.5,0.0,95.0,37.0,22.0,99.0,-0.77,27.06,0.0,-6.25,2.92,0.81,0.6,-1.5,12.0,23.92,"Closed loop, using oxygen sensor feedback to determine fuel mix/",7.0,94
2026-08-17 12:44:43.163,730.0,0.0,95.0,37.0,22.0,99.0,-0.77,26.27,3.12,-6.25,2.55,0.12,0.6,-1.0,12.1,21.96,"Closed loop, using oxygen sensor feedback to determine fuel mix/",7.0,94
2026-08-17 12:44:44.874,708.0,0.0,95.0,37.0,20.0,99.0,-0.79,25.88,-1.56,-5.47,2.38,0.76,0.62,0.5,12.0,20.78,"Closed loop, using oxygen sensor feedback to determine fuel mix/",7.0,94
2026-08-17 12:44:46.576,702.75,0.0,95.0,37.0,21.0,99.0,-0.78,25.49,1.56,-5.47,2.27,0.59,0.65,1.0,12.0,20.39,"Closed loop, using oxygen sensor feedback to determine fuel mix/",7.0,94
2026-08-17 12:44:48.286,679.5,0.0,96.0,37.0,21.0,99.0,-0.78,25.1,-2.34,-5.47,2.24,0.1,0.7,3.0,11.9,20.0,"Closed loop, using oxygen sensor feedback to determine fuel mix/",7.0,94
2026-08-17 12:44:49.985,677.75,0.0,96.0,37.0,20.0,99.0,-0.79,25.1,-2.34,-5.47,2.22,0.43,0.74,9.0,12.0,19.61,"Closed loop, using oxygen sensor feedback to determine fuel mix/",7.0,94
2026-08-17 12:44:51.707,673.25,0.0,96.0,37.0,19.0,99.0,-0.8,25.1,-2.34,-5.47,2.2,0.09,0.77,5.0,12.1,19.61,"Closed loop, using oxygen sensor feedback to determine fuel mix/",7.0,94
2026-08-17 12:44:53.399,685.5,0.0,96.0,37.0,21.0,99.0,-0.78,25.1,-1.56,-5.47,2.15,0.7,0.79,7.0,12.0,19.22,"Closed loop, using oxygen sensor feedback to determine fuel mix/",7.0,94
2026-08-17 12:44:55.094,673.5,0.0,96.0,37.0,20.0,99.0,-0.79,23.92,-1.56,-5.47,1.86,0.09,0.8,14.0,12.0,18.43,"Closed loop, using oxygen sensor feedback to determine fuel mix/",7.0,94
2026-08-17 12:44:56.801,668.75,0.0,97.0,37.0,20.0,99.0,-0.79,25.49,3.12,-5.47,2.21,0.14,0.8,5.0,12.0,19.61,"Closed loop, using oxygen sensor feedback to determine fuel mix/",7.0,94
2026-08-17 12:44:58.511,677.5,0.0,97.0,37.0,22.0,99.0,-0.77,25.88,-0.78,-5.47,2.32,0.09,0.81,4.5,12.0,20.78,"Closed loop, using oxygen sensor feedback to determine fuel mix/",7.0,94
2026-08-17 12:45:00.217,682.0,0.0,97.0,37.0,22.0,99.0,-0.77,26.27,3.12,-5.47,2.45,0.09,0.81,8.5,12.0,22.35,"Closed loop, using oxygen sensor feedback to determine fuel mix/",7.0,95
2026-08-17 12:45:01.926,691.25,1.0,97.0,37.0,24.0,99.0,-0.75,26.27,0.78,-5.47,2.57,0.71,0.81,6.0,12.0,23.14,"Closed loop, using oxygen sensor feedback to determine fuel mix/",7.0,95
2026-08-17 12:45:03.617,692.0,0.0,97.0,37.0,23.0,99.0,-0.76,26.67,0.78,-5.47,2.61,0.1,0.81,1.0,12.0,23.14,"Closed loop, using oxygen sensor feedback to determine fuel mix/",7.0,95
2026-08-17 12:45:05.308,688.75,0.0,97.0,37.0,22.0,99.0,-0.77,26.27,4.69,-5.47,2.55,0.26,0.81,3.5,12.0,22.75,"Closed loop, using oxygen sensor feedback to determine fuel mix/",7.0,95
2026-08-17 12:45:07.000,693.75,1.0,97.0,37.0,22.0,99.0,-0.77,26.67,0.0,-5.47,2.69,0.1,0.81,4.0,12.0,23.92,"Closed loop, using oxygen sensor feedback to determine fuel mix/",7.0,95
2026-08-17 12:45:08.697,692.75,1.0,98.0,37.0,24.0,99.0,-0.75,27.06,0.0,-5.47,2.81,0.12,0.81,-0.5,12.0,25.49,"Closed loop, using oxygen sensor feedback to determine fuel mix/",7.0,95
2026-08-17 12:45:10.417,702.25,1.0,98.0,37.0,25.0,99.0,-0.74,26.67,0.78,-4.69,2.73,0.62,0.81,4.0,12.0,23.92,"Closed loop, using oxygen sensor feedback to determine fuel mix/",7.0,95
2026-08-17 12:45:12.122,696.25,1.0,98.0,37.0,24.0,99.0,-0.75,27.06,0.0,-4.69,2.78,0.1,0.81,0.5,12.0,23.92,"Closed loop, using oxygen sensor feedback to determine fuel mix/",7.0,95
2026-08-17 12:45:13.822,698.0,0.0,98.0,37.0,23.0,99.0,-0.76,26.67,0.0,-4.69,2.66,0.79,0.81,2.5,12.0,23.53,"Closed loop, using oxygen sensor feedback to determine fuel mix/",7.0,95
2026-08-17 12:45:15.532,705.0,0.0,98.0,37.0,24.0,99.0,-0.75,26.67,-0.78,-4.69,2.71,0.1,0.8,1.0,12.0,23.92,"Closed loop, using oxygen sensor feedback to determine fuel mix/",7.0,95
2026-08-17 12:45:17.289,692.75,0.0,98.0,37.0,23.0,99.0,-0.76,26.67,3.12,-4.69,2.59,0.12,0.8,1.5,12.0,22.75,"Closed loop, using oxygen sensor feedback to determine fuel mix/",7.0,95
2026-08-17 12:45:18.994,694.5,0.0,98.0,37.0,24.0,99.0,-0.75,26.67,-1.56,-4.69,2.6,0.1,0.8,6.5,12.0,25.1,"Closed loop, using oxygen sensor feedback to determine fuel mix/",7.0,95
2026-08-17 12:45:20.688,677.5,0.0,98.0,37.0,23.0,99.0,-0.76,27.06,-1.56,-4.69,2.85,0.1,0.8,3.0,12.0,26.27,"Closed loop, using oxygen sensor feedback to determine fuel mix/",7.0,95
2026-08-17 12:45:22.394,693.5,0.0,99.0,37.0,23.0,99.0,-0.76,26.67,3.12,-4.69,2.69,0.7,0.8,0.5,12.0,23.92,"Closed loop, using oxygen sensor feedback to determine fuel mix/",7.0,95
2026-08-17 12:45:24.091,691.75,0.0,98.0,38.0,24.0,99.0,-0.75,26.67,-1.56,-4.69,2.65,0.1,0.8,4.5,12.0,23.92,"Closed loop, using oxygen sensor feedback to determine fuel mix/",7.0,95
2026-08-17 12:45:25.799,699.0,1.0,98.0,38.0,23.0,99.0,-0.76,26.67,2.34,-4.69,2.73,0.1,0.8,3.0,12.0,24.31,"Closed loop, using oxygen sensor feedback to determine fuel mix/",7.0,95
2026-08-17 12:45:27.509,702.75,1.0,98.0,38.0,24.0,99.0,-0.75,26.67,-1.56,-4.69,2.72,0.1,0.8,1.0,12.0,23.92,"Closed loop, using oxygen sensor feedback to determine fuel mix/",7.0,95
2026-08-17 12:45:29.218,693.0,0.0,98.0,38.0,23.0,99.0,-0.76,26.67,-1.56,-4.69,2.67,0.1,0.8,0.0,12.0,23.92,"Closed loop, using oxygen sensor feedback to determine fuel mix/",7.0,95
2026-08-17 12:45:30.929,685.25,0.0,98.0,38.0,26.0,99.0,-0.73,27.45,-0.78,-4.69,2.99,0.09,0.8,-3.0,12.1,26.27,"Closed loop, using oxygen sensor feedback to determine fuel mix/",7.0,95
2026-08-17 12:45:32.633,682.25,0.0,98.0,38.0,25.0,99.0,-0.74,27.06,-0.78,-4.69,2.79,0.1,0.8,0.0,12.0,25.1,"Closed loop, using oxygen sensor feedback to determine fuel mix/",7.0,95
2026-08-17 12:45:34.322,688.0,0.0,97.0,38.0,24.0,99.0,-0.75,26.27,-0.78,-4.69,2.56,0.74,0.8,-5.0,11.9,22.35,"Closed loop, using oxygen sensor feedback to determine fuel mix/",7.0,95
2026-08-17 12:45:36.021,677.75,0.0,97.0,38.0,26.0,99.0,-0.73,27.45,-2.34,-4.69,2.95,0.09,0.79,-3.0,12.0,25.1,"Closed loop, using oxygen sensor feedback to determine fuel mix/",7.0,94
2026-08-17 12:45:37.730,695.75,0.0,97.0,38.0,24.0,99.0,-0.75,27.06,1.56,-4.69,2.78,0.09,0.79,-0.5,12.0,24.71,"Closed loop, using oxygen sensor feedback to determine fuel mix/",7.0,94
2026-08-17 12:45:39.436,700.5,1.0,97.0,38.0,23.0,99.0,-0.76,26.67,-1.56,-4.69,2.75,0.11,0.79,1.0,12.0,23.92,"Closed loop, using oxygen sensor feedback to determine fuel mix/",7.0,94
2026-08-17 12:45:41.141,702.0,1.0,96.0,38.0,24.0,99.0,-0.75,26.67,-1.56,-4.69,2.65,0.1,0.79,3.0,11.9,23.53,"Closed loop, using oxygen sensor feedback to determine fuel mix/",7.0,94
2026-08-17 12:45:42.837,693.0,0.0,96.0,38.0,25.0,99.0,-0.74,27.06,-0.78,-4.69,2.73,0.1,0.79,-0.5,12.1,23.92,"Closed loop, using oxygen sensor feedback to determine fuel mix/",7.0,94
2026-08-17 12:45:44.546,705.25,1.0,96.0,38.0,23.0,99.0,-0.76,26.67,-0.78,-4.69,2.65,0.1,0.79,3.0,12.0,23.53,"Closed loop, using oxygen sensor feedback to determine fuel mix/",7.0,94
2026-08-17 12:45:46.240,690.0,0.0,96.0,38.0,23.0,99.0,-0.76,26.27,-0.78,-4.69,2.59,0.72,0.79,0.0,12.0,23.14,"Closed loop, using oxygen sensor feedback to determine fuel mix/",7.0,94
2026-08-17 12:45:47.937,660.0,0.0,96.0,38.0,20.0,99.0,-0.79,24.31,-1.56,-5.47,2.04,0.12,0.79,0.5,11.9,17.65,"Closed loop, using oxygen sensor feedback to determine fuel mix/",7.0,94
2026-08-17 12:45:49.643,686.0,0.0,96.0,38.0,18.0,99.0,-0.81,24.31,-2.34,-4.69,2.0,0.72,0.79,5.5,11.9,18.04,"Closed loop, using oxygen sensor feedback to determine fuel mix/",7.0,94
2026-08-17 12:45:51.354,678.0,0.0,95.0,38.0,20.0,99.0,-0.79,24.71,-3.12,-4.69,1.97,0.1,0.79,4.5,12.0,17.25,"Closed loop, using oxygen sensor feedback to determine fuel mix/",7.0,94
2026-08-17 12:45:53.054,689.75,0.0,95.0,38.0,18.0,99.0,-0.81,23.92,1.56,-4.69,1.94,0.12,0.79,5.0,12.0,17.65,"Closed loop, using oxygen sensor feedback to determine fuel mix/",7.0,94
2026-08-17 12:45:54.750,679.75,0.0,95.0,38.0,19.0,99.0,-0.8,23.92,-1.56,-4.69,1.93,0.28,0.79,5.5,12.0,17.25,"Closed loop, using oxygen sensor feedback to determine fuel mix/",7.0,94
2026-08-17 12:45:56.446,672.75,0.0,95.0,38.0,18.0,99.0,-0.81,23.92,-2.34,-4.69,1.95,0.09,0.79,3.5,12.0,17.65,"Closed loop, using oxygen sensor feedback to determine fuel mix/",7.0,94
2026-08-17 12:45:58.152,693.0,0.0,94.0,39.0,19.0,99.0,-0.8,23.92,-1.56,-4.69,1.92,0.8,0.79,4.5,11.9,17.25,"Closed loop, using oxygen sensor feedback to determine fuel mix/",7.0,94
2026-08-17 12:45:59.844,670.75,0.0,94.0,39.0,19.0,99.0,-0.8,23.92,-2.34,-4.69,1.96,0.11,0.79,7.5,12.0,17.65,"Closed loop, using oxygen sensor feedback to determine fuel mix/",7.0,94
2026-08-17 12:46:01.558,678.5,0.0,94.0,39.0,17.0,99.0,-0.82,23.53,1.56,-4.69,1.92,0.11,0.78,3.0,12.0,17.25,"Closed loop, using oxygen sensor feedback to determine fuel mix/",7.0,94
2026-08-17 12:46:03.261,681.75,0.0,94.0,39.0,17.0,99.0,-0.82,23.92,-3.12,-4.69,1.91,0.7,0.78,2.0,12.0,17.25,"Closed loop, using oxygen sensor feedback to determine fuel mix/",7.0,94
2026-08-17 12:46:04.970,679.5,0.0,94.0,39.0,18.0,99.0,-0.81,23.92,-3.12,-4.69,1.94,0.11,0.78,3.5,12.0,17.25,"Closed loop, using oxygen sensor feedback to determine fuel mix/",7.0,94
2026-08-17 12:46:06.660,686.0,0.0,94.0,39.0,18.0,99.0,-0.81,23.92,-2.34,-4.69,1.93,0.79,0.78,3.5,12.0,17.25,"Closed loop, using oxygen sensor feedback to determine fuel mix/",7.0,94
2026-08-17 12:46:08.353,683.75,0.0,93.0,39.0,17.0,99.0,-0.82,23.53,-3.12,-4.69,1.87,0.11,0.78,1.5,12.0,16.47,"Closed loop, using oxygen sensor feedback to determine fuel mix/",7.0,94
2026-08-17 12:46:10.066,684.5,0.0,93.0,39.0,17.0,99.0,-0.82,23.14,0.78,-4.69,1.83,0.12,0.78,2.0,12.0,16.08,"Closed loop, using oxygen sensor feedback to determine fuel mix/",7.0,94
2026-08-17 12:46:11.760,686.25,0.0,93.0,39.0,17.0,99.0,-0.82,23.14,-3.91,-4.69,1.83,0.46,0.78,1.5,12.0,16.08,"Closed loop, using oxygen sensor feedback to determine fuel mix/",7.0,94
2026-08-17 12:46:13.451,682.5,0.0,93.0,40.0,17.0,99.0,-0.82,23.14,-3.91,-4.69,1.82,0.1,0.78,4.0,12.0,16.47,"Closed loop, using oxygen sensor feedback to determine fuel mix/",7.0,94
2026-08-17 12:46:15.143,684.25,0.0,93.0,40.0,18.0,99.0,-0.81,23.14,-3.12,-4.69,1.8,0.8,0.78,4.0,12.0,16.47,"Closed loop, using oxygen sensor feedback to determine fuel mix/",7.0,94
2026-08-17 12:46:16.841,680.0,0.0,93.0,40.0,17.0,99.0,-0.82,23.14,-3.91,-4.69,1.83,0.1,0.78,0.5,12.0,16.47,"Closed loop, using oxygen sensor feedback to determine fuel mix/",7.0,94
2026-08-17 12:46:18.544,684.0,0.0,92.0,40.0,18.0,99.0,-0.81,23.14,0.0,-4.69,1.82,0.12,0.78,4.0,12.0,16.47,"Closed loop, using oxygen sensor feedback to determine fuel mix/",7.0,94
