Timestamp,RPM(rpm),Speed(km/h),CoolantTemp(C),IntakeTemp(C),MAP(kPa),BaroPressure(kPa),BoostPressure(bar),ThrottlePos(%),STFT(%),LTFT(%),MAF(g/s),O2_B1S1(V),O2_B1S2(V),TimingAdvance(deg),Voltage(V),EngineLoad(%),FuelStatus,AmbAirTemp(C),TFT(C)
2026-08-16 16:24:12.520,0.0,0.0,29.0,45.0,58.0,99.0,-0.41,32.16,-100.0,-4.69,0.0,1.27,1.27,0.0,11.7,0.0,N/A,33.0,27
2026-08-16 16:24:14.509,0.0,0.0,29.0,45.0,58.0,99.0,-0.41,32.16,-100.0,-4.69,0.0,1.27,1.27,0.0,11.7,0.0,N/A,33.0,27
2026-08-16 16:24:16.210,0.0,0.0,29.0,45.0,58.0,99.0,-0.41,32.16,-100.0,-4.69,0.0,1.27,1.27,0.0,11.7,0.0,N/A,33.0,27
2026-08-16 16:24:17.905,0.0,0.0,29.0,45.0,58.0,99.0,-0.41,32.16,-100.0,-4.69,0.0,1.27,1.27,0.0,11.7,0.0,N/A,33.0,27
2026-08-16 16:24:19.630,0.0,0.0,29.0,45.0,58.0,99.0,-0.41,32.16,-100.0,-4.69,0.0,1.27,1.27,0.0,11.7,0.0,N/A,33.0,27
2026-08-16 16:24:21.339,0.0,0.0,29.0,45.0,58.0,99.0,-0.41,32.16,-100.0,-4.69,0.0,1.27,1.27,0.0,11.7,0.0,N/A,33.0,27
2026-08-16 16:24:23.048,0.0,0.0,29.0,45.0,58.0,99.0,-0.41,32.16,-100.0,-4.69,0.0,1.27,1.27,0.0,11.7,0.0,N/A,33.0,27
2026-08-16 16:24:24.743,0.0,0.0,29.0,45.0,58.0,99.0,-0.41,32.16,-100.0,-4.69,0.0,1.27,1.27,0.0,11.7,0.0,N/A,33.0,27
2026-08-16 16:24:26.469,0.0,0.0,29.0,45.0,58.0,99.0,-0.41,32.16,-100.0,-4.69,0.0,1.27,1.27,0.0,11.7,0.0,N/A,33.0,27
2026-08-16 16:24:28.179,0.0,0.0,29.0,45.0,58.0,99.0,-0.41,32.16,-100.0,-4.69,0.0,1.27,1.27,0.0,11.7,0.0,N/A,33.0,27
2026-08-16 16:24:29.886,0.0,255.0,29.0,45.0,58.0,99.0,-0.41,32.16,-100.0,-4.69,0.0,1.27,1.27,0.0,11.6,0.0,N/A,33.0,29
2026-08-16 16:24:31.594,0.0,255.0,29.0,45.0,58.0,99.0,-0.41,32.16,-100.0,-4.69,0.0,1.27,1.27,0.0,11.7,0.0,N/A,33.0,29
2026-08-16 16:24:33.302,0.0,255.0,29.0,45.0,58.0,99.0,-0.41,32.16,-100.0,-4.69,0.0,1.27,1.27,0.0,11.7,0.0,N/A,33.0,29
2026-08-16 16:24:34.997,0.0,255.0,29.0,45.0,58.0,99.0,-0.41,,,,,,,,11.7,,N/A,,
2026-08-16 16:24:38.622,,,,,,,,,,,,,,,11.7,,N/A,,
2026-08-16 16:24:43.496,,,,,,,,,,,,,,,11.8,,N/A,,
2026-08-16 16:24:48.364,,,,,,,,,,,,,,,11.8,,N/A,,
2026-08-16 16:24:53.234,,,,,,,,,,,,,,,11.8,,N/A,,
2026-08-16 16:24:58.108,,,,,,,,,,,,,,,11.8,,N/A,,
2026-08-16 16:25:02.978,,,,,,,,,,,,,,,11.8,,N/A,,
2026-08-16 16:25:07.849,,255.0,29.0,44.0,58.0,99.0,-0.41,32.16,-100.0,-3.91,0.0,1.27,1.27,0.0,11.7,0.0,N/A,33.0,28
2026-08-16 16:25:09.926,0.0,0.0,29.0,44.0,58.0,99.0,-0.41,32.16,-100.0,-4.69,0.0,1.27,1.27,0.0,11.7,0.0,N/A,33.0,27
2026-08-16 16:25:11.619,0.0,0.0,29.0,45.0,58.0,99.0,-0.41,32.16,-100.0,-4.69,0.0,1.27,1.27,0.0,11.7,0.0,N/A,33.0,27
2026-08-16 16:25:13.312,0.0,0.0,29.0,45.0,58.0,99.0,-0.41,32.16,-100.0,-4.69,0.0,1.27,1.27,0.0,11.6,0.0,N/A,33.0,27
2026-08-16 16:25:15.003,0.0,0.0,29.0,45.0,58.0,99.0,-0.41,32.16,-100.0,-4.69,0.0,1.27,1.27,0.0,11.7,0.0,N/A,33.0,27
2026-08-16 16:25:16.715,0.0,0.0,29.0,45.0,58.0,99.0,-0.41,32.16,-100.0,-4.69,0.0,1.27,1.27,0.0,11.6,0.0,N/A,33.0,27
2026-08-16 16:25:18.407,0.0,0.0,29.0,45.0,58.0,99.0,-0.41,32.16,-100.0,-4.69,0.0,1.27,1.27,0.0,11.6,0.0,N/A,33.0,27
2026-08-16 16:25:20.100,0.0,0.0,29.0,45.0,58.0,99.0,-0.41,32.16,-100.0,-4.69,0.0,1.27,1.27,0.0,11.7,0.0,N/A,33.0,27
2026-08-16 16:25:21.792,0.0,0.0,29.0,45.0,58.0,99.0,-0.41,32.16,-100.0,-4.69,0.0,1.27,1.27,0.0,11.7,0.0,N/A,33.0,27
2026-08-16 16:25:23.510,0.0,0.0,29.0,45.0,58.0,99.0,-0.41,32.16,-100.0,-4.69,0.0,1.27,1.27,0.0,11.6,0.0,N/A,33.0,27
2026-08-16 16:25:25.213,0.0,0.0,29.0,45.0,58.0,99.0,-0.41,32.16,-100.0,-4.69,0.0,1.27,1.27,0.0,11.3,0.0,N/A,33.0,27
2026-08-16 16:25:26.904,1375.25,0.0,29.0,45.0,44.0,99.0,-0.55,36.86,0.0,-4.69,14.37,1.27,1.27,-12.0,11.2,33.73,Open loop due to insufficient engine temperature/,45.0,27
2026-08-16 16:25:28.597,1430.75,0.0,29.0,44.0,44.0,99.0,-0.55,35.69,0.0,-4.69,12.72,1.27,1.27,-9.5,12.2,42.35,Open loop due to insufficient engine temperature/,45.0,26
2026-08-16 16:25:30.290,1347.75,0.0,29.0,42.0,44.0,99.0,-0.55,35.69,0.0,-4.69,12.62,1.27,1.27,-9.0,13.3,45.49,Open loop due to insufficient engine temperature/,45.0,26
2026-08-16 16:25:32.001,1277.5,0.0,29.0,41.0,44.0,99.0,-0.55,35.29,0.0,-4.69,11.51,1.27,1.27,-10.0,13.3,43.53,Open loop due to insufficient engine temperature/,45.0,26
2026-08-16 16:25:33.707,1291.5,0.0,29.0,40.0,42.0,99.0,-0.57,34.51,0.0,-4.69,10.72,1.27,1.27,-9.0,13.3,43.14,Open loop due to insufficient engine temperature/,45.0,26
2026-08-16 16:25:35.402,1191.75,0.0,29.0,39.0,40.0,99.0,-0.59,34.51,0.0,-4.69,10.29,1.16,1.27,-11.0,13.3,44.71,Open loop due to insufficient engine temperature/,45.0,26
2026-08-16 16:25:37.116,1228.25,0.0,29.0,38.0,38.0,99.0,-0.61,34.12,-0.78,-4.69,9.79,1.02,1.23,-11.0,13.3,43.92,Open loop due to insufficient engine temperature/,39.0,26
2026-08-16 16:25:38.818,1198.25,0.0,29.0,38.0,37.0,99.0,-0.62,33.73,-2.34,-4.69,9.08,0.99,1.14,-10.0,13.2,41.96,"Closed loop, using oxygen sensor feedback to determine fuel mix/",39.0,26
2026-08-16 16:25:40.514,1186.5,0.0,29.0,37.0,38.0,99.0,-0.61,33.73,-3.12,-4.69,8.74,0.64,1.06,-9.5,13.2,41.96,"Closed loop, using oxygen sensor feedback to determine fuel mix/",39.0,26
2026-08-16 16:25:42.237,1171.75,0.0,29.0,37.0,35.0,99.0,-0.64,33.33,-0.78,-4.69,8.68,0.9,1.05,-9.5,13.1,42.75,"Closed loop, using oxygen sensor feedback to determine fuel mix/",39.0,26
2026-08-16 16:25:43.931,1171.75,0.0,29.0,37.0,36.0,99.0,-0.63,33.33,0.78,-4.69,8.23,0.21,1.06,-9.5,13.1,42.35,"Closed loop, using oxygen sensor feedback to determine fuel mix/",39.0,26
2026-08-16 16:25:45.623,1144.0,0.0,29.0,37.0,36.0,99.0,-0.63,33.33,0.78,-4.69,8.3,0.8,1.13,-10.0,13.1,43.92,"Closed loop, using oxygen sensor feedback to determine fuel mix/",37.0,26
2026-08-16 16:25:47.318,1095.75,0.0,30.0,37.0,36.0,99.0,-0.63,33.33,0.78,-4.69,7.94,0.74,1.25,-11.0,13.1,42.75,"Closed loop, using oxygen sensor feedback to determine fuel mix/",37.0,26
2026-08-16 16:25:49.011,1118.0,0.0,30.0,36.0,36.0,99.0,-0.63,32.94,0.78,-4.69,7.72,0.15,1.27,-10.5,13.1,41.96,"Closed loop, using oxygen sensor feedback to determine fuel mix/",37.0,26
2026-08-16 16:25:50.720,1101.75,0.0,31.0,36.0,34.0,99.0,-0.65,32.55,3.12,-4.69,7.05,0.48,1.27,-8.5,13.1,37.65,"Closed loop, using oxygen sensor feedback to determine fuel mix/",37.0,26
2026-08-16 16:25:52.411,1099.0,0.0,31.0,36.0,23.0,99.0,-0.76,30.2,1.56,-4.69,4.63,0.89,1.27,-1.5,13.2,30.98,"Closed loop, using oxygen sensor feedback to determine fuel mix/",37.0,26
2026-08-16 16:25:54.108,971.5,0.0,31.0,36.0,24.0,99.0,-0.75,30.2,0.0,-0.78,4.56,0.91,1.16,-4.0,13.0,32.94,"Closed loop, using oxygen sensor feedback to determine fuel mix/",37.0,26
2026-08-16 16:25:55.815,867.75,0.0,32.0,37.0,26.0,99.0,-0.73,30.2,0.78,-0.78,4.56,0.13,0.91,-4.5,13.1,34.9,"Closed loop, using oxygen sensor feedback to determine fuel mix/",36.0,26
2026-08-16 16:25:57.506,852.25,0.0,32.0,37.0,25.0,99.0,-0.74,30.2,2.34,-0.78,4.55,0.17,0.61,-7.5,13.0,35.69,"Closed loop, using oxygen sensor feedback to determine fuel mix/",36.0,26
2026-08-16 16:25:59.200,837.0,0.0,33.0,37.0,27.0,99.0,-0.72,30.2,3.12,-0.78,4.6,0.55,0.49,-6.5,13.0,36.47,"Closed loop, using oxygen sensor feedback to determine fuel mix/",36.0,26
2026-08-16 16:26:00.893,839.25,0.0,33.0,37.0,26.0,99.0,-0.73,29.8,3.12,-0.78,4.5,0.61,0.42,-7.0,13.0,36.08,"Closed loop, using oxygen sensor feedback to determine fuel mix/",36.0,26
2026-08-16 16:26:02.588,851.5,0.0,33.0,37.0,26.0,99.0,-0.73,29.8,2.34,-0.78,4.49,0.28,0.38,-7.0,13.0,35.29,"Closed loop, using oxygen sensor feedback to determine fuel mix/",36.0,26
2026-08-16 16:26:04.278,824.5,0.0,34.0,37.0,26.0,99.0,-0.73,29.8,-0.78,-0.78,4.43,0.73,0.32,-5.0,13.1,36.08,"Closed loop, using oxygen sensor feedback to determine fuel mix/",36.0,26
2026-08-16 16:26:06.006,841.75,0.0,34.0,37.0,26.0,99.0,-0.73,29.8,0.0,-0.78,4.52,0.14,0.36,-6.5,13.0,36.47,"Closed loop, using oxygen sensor feedback to determine fuel mix/",36.0,26
2026-08-16 16:26:07.713,831.0,0.0,34.0,37.0,25.0,99.0,-0.74,29.8,-1.56,-0.78,4.4,0.15,0.22,-6.5,13.0,34.51,"Closed loop, using oxygen sensor feedback to determine fuel mix/",36.0,26
2026-08-16 16:26:09.408,846.5,0.0,35.0,37.0,25.0,99.0,-0.74,29.8,-1.56,-0.78,4.38,0.58,0.23,-6.0,13.0,34.51,"Closed loop, using oxygen sensor feedback to determine fuel mix/",36.0,26
2026-08-16 16:26:11.107,820.5,0.0,35.0,37.0,26.0,99.0,-0.73,29.8,-1.56,-0.78,4.32,0.69,0.32,-5.5,13.1,33.73,"Closed loop, using oxygen sensor feedback to determine fuel mix/",36.0,26
2026-08-16 16:26:12.809,827.25,0.0,35.0,36.0,26.0,99.0,-0.73,29.8,0.78,-0.78,4.3,0.11,0.34,-6.5,13.1,35.29,"Closed loop, using oxygen sensor feedback to determine fuel mix/",36.0,27
2026-08-16 16:26:14.536,824.5,0.0,36.0,36.0,25.0,99.0,-0.74,29.41,4.69,-0.78,4.28,0.12,0.18,-6.0,13.1,34.12,"Closed loop, using oxygen sensor feedback to determine fuel mix/",36.0,27
2026-08-16 16:26:16.243,825.75,0.0,36.0,36.0,24.0,99.0,-0.75,29.41,4.69,-0.78,4.16,0.12,0.57,-5.0,13.0,33.33,"Closed loop, using oxygen sensor feedback to determine fuel mix/",36.0,27
2026-08-16 16:26:17.936,836.0,0.0,36.0,36.0,25.0,99.0,-0.74,29.41,6.25,-0.78,4.13,0.12,0.77,-5.0,13.1,32.94,"Closed loop, using oxygen sensor feedback to determine fuel mix/",36.0,27
2026-08-16 16:26:19.643,828.0,0.0,37.0,36.0,25.0,99.0,-0.74,29.02,4.69,-0.78,4.09,0.28,0.81,-5.5,13.1,33.33,"Closed loop, using oxygen sensor feedback to determine fuel mix/",36.0,27
2026-08-16 16:26:21.370,819.75,0.0,37.0,36.0,25.0,99.0,-0.74,29.02,4.69,-0.78,4.01,0.2,0.81,-6.0,13.1,32.55,"Closed loop, using oxygen sensor feedback to determine fuel mix/",36.0,27
2026-08-16 16:26:23.076,816.5,0.0,37.0,36.0,25.0,99.0,-0.74,29.02,4.69,-0.78,3.99,0.39,0.82,-5.0,13.1,32.94,"Closed loop, using oxygen sensor feedback to determine fuel mix/",36.0,27
2026-08-16 16:26:24.771,819.5,0.0,38.0,36.0,25.0,99.0,-0.74,29.02,4.69,-0.78,3.96,0.62,0.82,-6.0,13.2,31.76,"Closed loop, using oxygen sensor feedback to determine fuel mix/",36.0,27
2026-08-16 16:26:26.468,795.0,0.0,38.0,36.0,24.0,99.0,-0.75,29.02,6.25,-0.78,3.95,0.14,0.78,-4.5,13.2,32.55,"Closed loop, using oxygen sensor feedback to determine fuel mix/",36.0,27
2026-08-16 16:26:28.172,813.75,0.0,38.0,36.0,23.0,99.0,-0.76,29.02,5.47,-0.78,3.99,0.67,0.82,-6.5,13.1,32.55,"Closed loop, using oxygen sensor feedback to determine fuel mix/",36.0,27
2026-08-16 16:26:29.867,818.0,0.0,38.0,36.0,25.0,99.0,-0.74,29.02,7.03,-0.78,3.94,0.14,0.79,-7.0,13.2,32.16,"Closed loop, using oxygen sensor feedback to determine fuel mix/",36.0,27
2026-08-16 16:26:31.576,824.75,0.0,39.0,36.0,24.0,99.0,-0.75,28.63,3.91,-0.78,3.92,0.68,0.8,-6.0,13.2,31.37,"Closed loop, using oxygen sensor feedback to determine fuel mix/",36.0,27
2026-08-16 16:26:33.302,817.5,0.0,39.0,36.0,24.0,99.0,-0.75,28.63,5.47,-0.78,3.88,0.12,0.78,-5.5,13.2,31.37,"Closed loop, using oxygen sensor feedback to determine fuel mix/",36.0,27
2026-08-16 16:26:35.010,808.75,0.0,39.0,36.0,23.0,99.0,-0.76,28.63,3.12,-0.78,3.82,0.12,0.79,-5.0,13.2,31.37,"Closed loop, using oxygen sensor feedback to determine fuel mix/",36.0,27
2026-08-16 16:26:36.706,809.5,0.0,39.0,36.0,23.0,99.0,-0.76,28.63,3.12,-0.78,3.82,0.54,0.8,-6.0,13.3,30.98,"Closed loop, using oxygen sensor feedback to determine fuel mix/",36.0,27
2026-08-16 16:26:38.411,816.25,0.0,40.0,36.0,24.0,99.0,-0.75,28.63,5.47,0.0,3.8,0.12,0.78,-4.5,13.3,30.98,"Closed loop, using oxygen sensor feedback to determine fuel mix/",36.0,27
2026-08-16 16:26:40.122,808.0,0.0,40.0,36.0,23.0,99.0,-0.76,28.63,2.34,0.0,3.79,0.34,0.81,-5.0,13.2,30.98,"Closed loop, using oxygen sensor feedback to determine fuel mix/",36.0,27
2026-08-16 16:26:41.814,802.5,0.0,40.0,36.0,24.0,99.0,-0.75,28.63,4.69,0.0,3.78,0.69,0.77,-4.0,13.3,31.76,"Closed loop, using oxygen sensor feedback to determine fuel mix/",36.0,27
2026-08-16 16:26:43.507,813.25,0.0,41.0,36.0,23.0,99.0,-0.76,28.63,1.56,0.0,3.75,0.1,0.77,-4.5,13.3,30.98,"Closed loop, using oxygen sensor feedback to determine fuel mix/",36.0,27
2026-08-16 16:26:45.200,806.0,0.0,41.0,36.0,22.0,99.0,-0.77,28.24,1.56,0.78,3.74,0.68,0.78,-6.5,13.3,30.59,"Closed loop, using oxygen sensor feedback to determine fuel mix/",36.0,27
2026-08-16 16:26:46.892,801.75,0.0,41.0,36.0,24.0,99.0,-0.75,28.24,0.78,0.78,3.73,0.1,0.78,-5.5,13.3,30.98,"Closed loop, using oxygen sensor feedback to determine fuel mix/",36.0,27
2026-08-16 16:26:48.603,804.75,0.0,41.0,36.0,23.0,99.0,-0.76,28.24,0.78,0.78,3.7,0.73,0.7,-6.5,13.2,30.98,"Closed loop, using oxygen sensor feedback to determine fuel mix/",36.0,27
2026-08-16 16:26:50.294,814.0,0.0,42.0,36.0,24.0,99.0,-0.75,28.24,0.78,0.78,3.68,0.1,0.76,-5.5,13.2,30.59,"Closed loop, using oxygen sensor feedback to determine fuel mix/",36.0,27
2026-08-16 16:26:51.989,798.25,0.0,42.0,36.0,23.0,99.0,-0.76,28.24,0.78,0.78,3.64,0.12,0.78,-5.0,13.3,30.2,"Closed loop, using oxygen sensor feedback to determine fuel mix/",36.0,27
2026-08-16 16:26:53.680,797.0,0.0,42.0,36.0,22.0,99.0,-0.77,28.24,3.12,0.78,3.61,0.72,0.71,-3.5,13.2,30.2,"Closed loop, using oxygen sensor feedback to determine fuel mix/",36.0,27
2026-08-16 16:26:55.390,800.5,0.0,42.0,36.0,23.0,99.0,-0.76,28.24,0.78,0.78,3.62,0.09,0.73,-4.5,13.3,30.2,"Closed loop, using oxygen sensor feedback to determine fuel mix/",36.0,27
2026-08-16 16:26:57.098,786.25,0.0,42.0,36.0,22.0,99.0,-0.77,28.24,1.56,0.78,3.6,0.41,0.78,-4.0,13.3,29.8,"Closed loop, using oxygen sensor feedback to determine fuel mix/",36.0,27
2026-08-16 16:26:58.806,789.0,0.0,43.0,36.0,23.0,99.0,-0.76,28.24,0.78,0.78,3.58,0.11,0.77,-5.0,13.3,30.2,"Closed loop, using oxygen sensor feedback to determine fuel mix/",36.0,27
2026-08-16 16:27:00.500,793.0,0.0,43.0,36.0,22.0,99.0,-0.77,28.24,0.78,0.78,3.57,0.17,0.79,-3.0,13.3,30.2,"Closed loop, using oxygen sensor feedback to determine fuel mix/",36.0,27
2026-08-16 16:27:02.193,793.0,0.0,43.0,35.0,23.0,99.0,-0.76,28.24,0.78,0.78,3.55,0.38,0.77,-5.0,13.3,29.41,"Closed loop, using oxygen sensor feedback to determine fuel mix/",36.0,27
2026-08-16 16:27:03.888,793.0,0.0,43.0,35.0,23.0,99.0,-0.76,28.24,0.78,0.78,3.54,0.1,0.76,-4.5,13.2,29.8,"Closed loop, using oxygen sensor feedback to determine fuel mix/",36.0,27
2026-08-16 16:27:05.595,787.0,0.0,44.0,35.0,22.0,99.0,-0.77,27.84,0.78,0.78,3.5,0.12,0.78,-3.5,13.2,29.41,"Closed loop, using oxygen sensor feedback to determine fuel mix/",35.0,27
2026-08-16 16:27:07.291,789.25,0.0,44.0,35.0,23.0,99.0,-0.76,28.24,3.12,0.78,3.51,0.1,0.74,-5.5,13.2,29.02,"Closed loop, using oxygen sensor feedback to determine fuel mix/",35.0,27
2026-08-16 16:27:08.998,787.75,0.0,44.0,35.0,22.0,99.0,-0.77,27.84,0.78,0.78,3.48,0.12,0.77,-5.0,13.2,29.02,"Closed loop, using oxygen sensor feedback to determine fuel mix/",35.0,27
2026-08-16 16:27:10.692,785.5,0.0,44.0,35.0,23.0,99.0,-0.76,27.84,0.0,0.78,3.45,0.74,0.75,-3.5,13.2,29.02,"Closed loop, using oxygen sensor feedback to determine fuel mix/",35.0,27
2026-08-16 16:27:12.384,790.25,0.0,44.0,35.0,22.0,99.0,-0.77,27.84,0.0,0.78,3.43,0.12,0.76,-4.0,13.3,28.63,"Closed loop, using oxygen sensor feedback to determine fuel mix/",35.0,27
2026-08-16 16:27:14.079,794.75,0.0,44.0,35.0,23.0,99.0,-0.76,27.84,0.0,0.78,3.43,0.64,0.77,-3.0,13.2,28.63,"Closed loop, using oxygen sensor feedback to determine fuel mix/",35.0,27
2026-08-16 16:27:15.770,792.25,0.0,45.0,35.0,22.0,99.0,-0.77,27.84,0.0,0.78,3.4,0.1,0.75,-3.5,13.2,28.63,"Closed loop, using oxygen sensor feedback to determine fuel mix/",35.0,27
2026-08-16 16:27:17.463,783.5,0.0,45.0,35.0,23.0,99.0,-0.76,27.84,0.0,0.78,3.41,0.11,0.78,-4.5,13.2,28.63,"Closed loop, using oxygen sensor feedback to determine fuel mix/",35.0,27
2026-08-16 16:27:19.175,786.0,0.0,45.0,35.0,23.0,99.0,-0.76,27.84,3.12,0.78,3.38,0.18,0.74,-3.0,13.3,28.24,"Closed loop, using oxygen sensor feedback to determine fuel mix/",35.0,27
2026-08-16 16:27:20.866,780.25,0.0,45.0,35.0,22.0,99.0,-0.77,27.84,0.0,0.78,3.41,0.1,0.76,-5.0,13.3,28.63,"Closed loop, using oxygen sensor feedback to determine fuel mix/",35.0,27
2026-08-16 16:27:22.562,787.25,0.0,46.0,35.0,21.0,99.0,-0.78,27.84,0.0,0.78,3.37,0.71,0.76,-3.5,13.2,28.24,"Closed loop, using oxygen sensor feedback to determine fuel mix/",35.0,27
2026-08-16 16:27:24.267,781.5,0.0,46.0,35.0,23.0,99.0,-0.76,27.84,0.0,0.78,3.36,0.1,0.74,-2.0,13.3,28.24,"Closed loop, using oxygen sensor feedback to determine fuel mix/",35.0,27
2026-08-16 16:27:25.963,778.25,0.0,46.0,35.0,22.0,99.0,-0.77,27.84,0.0,0.78,3.34,0.1,0.79,-3.0,13.3,28.24,"Closed loop, using oxygen sensor feedback to determine fuel mix/",35.0,27
2026-08-16 16:27:27.670,781.5,0.0,46.0,35.0,21.0,99.0,-0.78,27.84,3.12,0.78,3.34,0.12,0.74,-4.0,13.3,27.84,"Closed loop, using oxygen sensor feedback to determine fuel mix/",35.0,27
2026-08-16 16:27:29.376,781.75,0.0,46.0,35.0,21.0,99.0,-0.78,27.84,0.0,0.78,3.31,0.1,0.77,-2.5,13.3,28.24,"Closed loop, using oxygen sensor feedback to determine fuel mix/",35.0,27
2026-08-16 16:27:31.072,776.5,0.0,47.0,35.0,20.0,99.0,-0.79,27.45,0.0,0.78,3.28,0.75,0.76,-2.5,13.3,27.84,"Closed loop, using oxygen sensor feedback to determine fuel mix/",35.0,27
2026-08-16 16:27:32.766,782.0,0.0,47.0,35.0,21.0,99.0,-0.78,27.84,-0.78,0.78,3.32,0.08,0.75,-2.0,13.3,28.24,"Closed loop, using oxygen sensor feedback to determine fuel mix/",35.0,27
2026-08-16 16:27:34.475,779.75,0.0,47.0,35.0,22.0,99.0,-0.77,27.84,-0.78,0.78,3.32,0.39,0.74,-1.0,13.2,28.24,"Closed loop, using oxygen sensor feedback to determine fuel mix/",35.0,27
2026-08-16 16:27:36.165,768.75,0.0,47.0,35.0,22.0,99.0,-0.77,27.84,2.34,0.78,3.35,0.08,0.7,-3.5,13.3,28.24,"Closed loop, using oxygen sensor feedback to determine fuel mix/",35.0,27
2026-08-16 16:27:37.859,778.5,0.0,47.0,35.0,22.0,99.0,-0.77,27.84,-0.78,0.78,3.34,0.09,0.75,-2.0,13.3,28.24,"Closed loop, using oxygen sensor feedback to determine fuel mix/",35.0,27
2026-08-16 16:27:39.551,772.5,0.0,47.0,35.0,22.0,99.0,-0.77,27.84,-0.78,0.78,3.32,0.72,0.72,-2.5,13.2,28.24,"Closed loop, using oxygen sensor feedback to determine fuel mix/",35.0,27
2026-08-16 16:27:41.246,770.25,0.0,48.0,35.0,22.0,99.0,-0.77,27.84,2.34,0.78,3.35,0.09,0.7,-4.5,13.3,28.24,"Closed loop, using oxygen sensor feedback to determine fuel mix/",35.0,27
2026-08-16 16:27:42.938,763.0,0.0,48.0,35.0,22.0,99.0,-0.77,27.45,-0.78,0.78,3.3,0.77,0.79,-4.0,13.2,27.84,"Closed loop, using oxygen sensor feedback to determine fuel mix/",35.0,27
2026-08-16 16:27:44.631,765.25,0.0,48.0,35.0,22.0,99.0,-0.77,27.84,-3.12,0.78,3.28,0.69,0.8,-3.5,13.2,28.24,"Closed loop, using oxygen sensor feedback to determine fuel mix/",35.0,27
2026-08-16 16:27:46.322,771.75,0.0,48.0,35.0,23.0,99.0,-0.76,27.84,-3.12,0.78,3.28,0.64,0.76,-4.0,13.3,27.45,"Closed loop, using oxygen sensor feedback to determine fuel mix/",35.0,27
2026-08-16 16:27:48.019,765.25,0.0,48.0,35.0,22.0,99.0,-0.77,27.45,-4.69,0.78,3.24,0.74,0.8,-3.5,13.1,27.84,"Closed loop, using oxygen sensor feedback to determine fuel mix/",35.0,27
2026-08-16 16:27:49.726,768.0,0.0,48.0,35.0,23.0,99.0,-0.76,27.45,-6.25,0.0,3.21,0.15,0.79,-4.0,13.2,27.45,"Closed loop, using oxygen sensor feedback to determine fuel mix/",35.0,27
2026-08-16 16:27:51.436,780.75,0.0,49.0,35.0,21.0,99.0,-0.78,27.45,-7.03,-0.78,3.18,0.82,0.82,-3.5,13.3,26.67,"Closed loop, using oxygen sensor feedback to determine fuel mix/",35.0,27
2026-08-16 16:27:53.130,761.5,0.0,49.0,35.0,21.0,99.0,-0.78,27.45,-11.72,-2.34,3.12,0.81,0.83,-3.0,13.3,26.27,"Closed loop, using oxygen sensor feedback to determine fuel mix/",35.0,27
2026-08-16 16:27:54.821,764.75,0.0,49.0,35.0,22.0,99.0,-0.77,27.45,-11.72,-3.12,3.11,0.07,0.79,-0.5,13.3,26.27,"Closed loop, using oxygen sensor feedback to determine fuel mix/",35.0,27
2026-08-16 16:27:56.515,756.5,0.0,49.0,35.0,21.0,99.0,-0.78,27.45,-7.81,-3.12,3.14,0.65,0.76,-2.0,13.3,26.67,"Closed loop, using oxygen sensor feedback to determine fuel mix/",35.0,27
2026-08-16 16:27:58.225,772.5,0.0,49.0,35.0,21.0,99.0,-0.78,27.45,-12.5,-3.91,3.14,0.09,0.78,-2.5,13.3,26.27,"Closed loop, using oxygen sensor feedback to determine fuel mix/",35.0,27
2026-08-16 16:27:59.918,773.75,0.0,49.0,35.0,22.0,99.0,-0.77,27.45,-12.5,-3.91,3.12,0.74,0.72,0.0,13.3,26.67,"Closed loop, using oxygen sensor feedback to determine fuel mix/",35.0,27
2026-08-16 16:28:01.609,761.0,0.0,50.0,35.0,23.0,99.0,-0.76,27.45,-12.5,-4.69,3.17,0.07,0.72,-4.0,13.2,27.06,"Closed loop, using oxygen sensor feedback to determine fuel mix/",35.0,27
2026-08-16 16:28:03.320,762.25,0.0,50.0,35.0,21.0,99.0,-0.78,27.45,-11.72,-4.69,3.14,0.09,0.76,-1.5,13.3,26.67,"Closed loop, using oxygen sensor feedback to determine fuel mix/",35.0,27
2026-08-16 16:28:05.028,765.75,0.0,50.0,35.0,20.0,99.0,-0.79,27.45,-7.81,-4.69,3.11,0.3,0.7,-3.5,13.3,26.27,"Closed loop, using oxygen sensor feedback to determine fuel mix/",35.0,27
2026-08-16 16:28:06.723,767.0,0.0,50.0,35.0,22.0,99.0,-0.77,27.45,-11.72,-5.47,3.11,0.09,0.74,-2.5,13.3,26.67,"Closed loop, using oxygen sensor feedback to determine fuel mix/",35.0,27
2026-08-16 16:28:08.431,761.0,0.0,50.0,35.0,22.0,99.0,-0.77,27.45,-11.72,-5.47,3.09,0.19,0.73,0.5,13.3,26.67,"Closed loop, using oxygen sensor feedback to determine fuel mix/",35.0,27
2026-08-16 16:28:10.138,755.5,0.0,50.0,35.0,22.0,99.0,-0.77,27.45,-7.81,-5.47,3.09,0.1,0.69,-2.0,13.2,26.27,"Closed loop, using oxygen sensor feedback to determine fuel mix/",35.0,27
2026-08-16 16:28:11.832,751.0,0.0,50.0,35.0,22.0,99.0,-0.77,27.06,-11.72,-6.25,3.1,0.08,0.73,-1.5,13.3,26.27,"Closed loop, using oxygen sensor feedback to determine fuel mix/",35.0,27
2026-08-16 16:28:13.526,763.0,0.0,51.0,35.0,21.0,99.0,-0.78,27.45,-10.94,-6.25,3.09,0.69,0.7,-0.5,13.4,26.67,"Closed loop, using oxygen sensor feedback to determine fuel mix/",35.0,27
2026-08-16 16:28:15.236,755.25,0.0,51.0,35.0,22.0,99.0,-0.77,27.45,-7.03,-6.25,3.07,0.09,0.69,-2.0,13.3,26.27,"Closed loop, using oxygen sensor feedback to determine fuel mix/",35.0,27
2026-08-16 16:28:16.926,752.0,0.0,51.0,35.0,21.0,99.0,-0.78,27.45,-10.94,-7.03,3.08,0.08,0.73,-1.0,13.3,26.27,"Closed loop, using oxygen sensor feedback to determine fuel mix/",35.0,27
2026-08-16 16:28:18.620,762.5,0.0,51.0,35.0,21.0,99.0,-0.78,27.06,-10.16,-7.03,3.06,0.47,0.69,-2.5,13.2,26.27,"Closed loop, using oxygen sensor feedback to determine fuel mix/",35.0,27
2026-08-16 16:28:20.312,754.25,0.0,51.0,35.0,21.0,99.0,-0.78,27.45,-6.25,-7.03,3.05,0.1,0.67,-1.5,13.3,26.27,"Closed loop, using oxygen sensor feedback to determine fuel mix/",35.0,27
2026-08-16 16:28:22.004,748.25,0.0,51.0,35.0,20.0,99.0,-0.79,27.45,-10.16,-7.81,3.06,0.08,0.73,-3.0,13.3,26.27,"Closed loop, using oxygen sensor feedback to determine fuel mix/",35.0,27
2026-08-16 16:28:23.700,746.0,0.0,52.0,35.0,22.0,99.0,-0.77,27.06,-9.38,-7.81,3.01,0.14,0.68,-1.0,13.3,26.27,"Closed loop, using oxygen sensor feedback to determine fuel mix/",35.0,28
2026-08-16 16:28:25.390,756.25,0.0,52.0,35.0,20.0,99.0,-0.79,27.06,-5.47,-7.81,3.04,0.14,0.69,-3.0,13.3,25.49,"Closed loop, using oxygen sensor feedback to determine fuel mix/",35.0,27
2026-08-16 16:28:27.087,751.5,0.0,52.0,35.0,21.0,99.0,-0.78,27.06,-9.38,-8.59,3.05,0.08,0.72,-1.5,13.3,26.27,"Closed loop, using oxygen sensor feedback to determine fuel mix/",35.0,28
2026-08-16 16:28:28.778,747.0,0.0,52.0,35.0,20.0,99.0,-0.79,27.06,-8.59,-9.38,3.03,0.1,0.69,-3.5,13.2,26.27,"Closed loop, using oxygen sensor feedback to determine fuel mix/",35.0,28
2026-08-16 16:28:30.488,767.0,0.0,52.0,35.0,22.0,99.0,-0.77,27.06,-4.69,-9.38,2.99,0.72,0.65,-2.5,13.3,25.49,"Closed loop, using oxygen sensor feedback to determine fuel mix/",35.0,28
2026-08-16 16:28:32.181,753.25,0.0,52.0,35.0,21.0,99.0,-0.78,27.06,-8.59,-9.38,3.02,0.08,0.69,-2.0,13.3,25.88,"Closed loop, using oxygen sensor feedback to determine fuel mix/",35.0,28
2026-08-16 16:28:33.874,751.25,0.0,52.0,35.0,21.0,99.0,-0.78,27.06,-7.81,-10.16,2.99,0.09,0.73,-1.5,13.3,25.49,"Closed loop, using oxygen sensor feedback to determine fuel mix/",35.0,28
2026-08-16 16:28:35.568,758.25,0.0,53.0,35.0,22.0,99.0,-0.77,27.06,-7.81,-10.16,2.96,0.73,0.66,1.5,13.3,25.1,"Closed loop, using oxygen sensor feedback to determine fuel mix/",35.0,28
2026-08-16 16:28:37.259,743.5,0.0,53.0,35.0,21.0,99.0,-0.78,27.06,-3.91,-10.16,2.96,0.08,0.69,0.0,13.3,25.49,"Closed loop, using oxygen sensor feedback to determine fuel mix/",35.0,28
2026-08-16 16:28:38.954,751.5,0.0,53.0,35.0,22.0,99.0,-0.77,27.06,-7.03,-10.94,2.97,0.09,0.73,-1.5,13.3,25.49,"Closed loop, using oxygen sensor feedback to determine fuel mix/",35.0,28
2026-08-16 16:28:40.663,755.25,0.0,53.0,35.0,20.0,99.0,-0.79,27.06,-7.03,-10.94,2.96,0.69,0.67,0.0,13.3,25.1,"Closed loop, using oxygen sensor feedback to determine fuel mix/",35.0,28
2026-08-16 16:28:42.372,740.25,0.0,53.0,35.0,22.0,99.0,-0.77,27.06,-3.12,-10.94,2.96,0.1,0.68,-3.0,13.2,25.1,"Closed loop, using oxygen sensor feedback to determine fuel mix/",35.0,28
2026-08-16 16:28:44.082,742.25,0.0,53.0,35.0,22.0,99.0,-0.77,27.06,-7.03,-10.94,2.93,0.09,0.73,-0.5,13.2,25.49,"Closed loop, using oxygen sensor feedback to determine fuel mix/",35.0,28
2026-08-16 16:28:45.775,755.5,0.0,53.0,35.0,20.0,99.0,-0.79,27.06,-7.03,-10.94,2.92,0.71,0.71,-1.5,13.3,25.1,"Closed loop, using oxygen sensor feedback to determine fuel mix/",35.0,28
2026-08-16 16:28:47.480,744.5,0.0,54.0,35.0,22.0,99.0,-0.77,27.06,-3.12,-12.5,2.94,0.08,0.68,-3.0,13.3,25.1,"Closed loop, using oxygen sensor feedback to determine fuel mix/",35.0,28
2026-08-16 16:28:49.193,739.25,0.0,54.0,35.0,21.0,99.0,-0.78,27.06,-6.25,-13.28,2.92,0.07,0.72,-2.0,13.2,25.49,"Closed loop, using oxygen sensor feedback to determine fuel mix/",35.0,28
2026-08-16 16:28:50.883,750.5,0.0,54.0,35.0,21.0,99.0,-0.78,27.06,-1.56,-13.28,2.91,0.74,0.6,-2.0,13.3,24.71,"Closed loop, using oxygen sensor feedback to determine fuel mix/",35.0,28
2026-08-16 16:28:52.576,740.0,0.0,54.0,35.0,21.0,99.0,-0.78,27.06,-5.47,-13.28,2.91,0.08,0.72,-2.0,13.2,25.1,"Closed loop, using oxygen sensor feedback to determine fuel mix/",35.0,28
2026-08-16 16:28:54.273,744.25,0.0,54.0,35.0,20.0,99.0,-0.79,27.06,-3.91,-13.28,2.9,0.17,0.67,2.0,13.3,24.71,"Closed loop, using oxygen sensor feedback to determine fuel mix/",35.0,28
2026-08-16 16:28:55.981,743.5,0.0,54.0,35.0,20.0,99.0,-0.79,26.67,-0.78,-13.28,2.85,0.33,0.68,-2.0,13.2,24.71,"Closed loop, using oxygen sensor feedback to determine fuel mix/",35.0,28
2026-08-16 16:28:57.690,743.25,0.0,54.0,35.0,20.0,99.0,-0.79,27.06,-5.47,-13.28,2.89,0.09,0.74,-0.5,13.2,24.71,"Closed loop, using oxygen sensor feedback to determine fuel mix/",35.0,28
2026-08-16 16:28:59.381,748.25,0.0,54.0,35.0,20.0,99.0,-0.79,26.67,-3.91,-13.28,2.87,0.72,0.67,-2.0,13.3,24.71,"Closed loop, using oxygen sensor feedback to determine fuel mix/",35.0,28
2026-08-16 16:29:01.090,746.0,0.0,54.0,35.0,20.0,99.0,-0.79,26.67,-0.78,-13.28,2.85,0.09,0.71,-3.0,13.3,24.31,"Closed loop, using oxygen sensor feedback to determine fuel mix/",35.0,28
2026-08-16 16:29:02.781,743.0,0.0,55.0,35.0,21.0,99.0,-0.78,26.67,-3.91,-13.28,2.86,0.09,0.75,-0.5,13.2,24.31,"Closed loop, using oxygen sensor feedback to determine fuel mix/",35.0,28
2026-08-16 16:29:04.494,744.0,0.0,55.0,35.0,21.0,99.0,-0.78,26.67,-3.91,-13.28,2.84,0.76,0.7,1.0,13.3,24.31,"Closed loop, using oxygen sensor feedback to determine fuel mix/",35.0,28
2026-08-16 16:29:06.200,740.75,0.0,55.0,35.0,20.0,99.0,-0.79,26.67,-3.91,-13.28,2.85,0.09,0.73,-0.5,13.2,24.31,"Closed loop, using oxygen sensor feedback to determine fuel mix/",35.0,28
2026-08-16 16:29:07.909,733.5,0.0,55.0,35.0,20.0,99.0,-0.79,26.67,-5.47,-13.28,2.83,0.1,0.77,-1.0,13.3,24.31,"Closed loop, using oxygen sensor feedback to determine fuel mix/",35.0,28
2026-08-16 16:29:09.604,737.0,0.0,55.0,35.0,21.0,99.0,-0.78,26.67,-1.56,-13.28,2.82,0.12,0.69,-1.5,13.3,24.31,"Closed loop, using oxygen sensor feedback to determine fuel mix/",35.0,28
2026-08-16 16:29:11.294,742.25,0.0,55.0,35.0,19.0,99.0,-0.8,26.67,-3.91,-13.28,2.78,0.1,0.74,0.5,13.3,23.92,"Closed loop, using oxygen sensor feedback to determine fuel mix/",35.0,28
2026-08-16 16:29:12.990,732.0,0.0,55.0,35.0,21.0,99.0,-0.78,26.67,-3.91,-13.28,2.78,0.73,0.73,0.5,13.3,24.31,"Closed loop, using oxygen sensor feedback to determine fuel mix/",35.0,28
2026-08-16 16:29:14.681,737.0,0.0,56.0,35.0,20.0,99.0,-0.79,26.67,-3.91,-13.28,2.8,0.09,0.73,-0.5,13.4,24.31,"Closed loop, using oxygen sensor feedback to determine fuel mix/",35.0,28
2026-08-16 16:29:16.377,734.5,0.0,56.0,35.0,21.0,99.0,-0.78,26.67,-5.47,-13.28,2.79,0.1,0.78,-0.5,13.3,23.92,"Closed loop, using oxygen sensor feedback to determine fuel mix/",35.0,28
2026-08-16 16:29:18.083,729.5,0.0,56.0,35.0,20.0,99.0,-0.79,26.67,-1.56,-13.28,2.82,0.09,0.69,-0.5,13.3,24.31,"Closed loop, using oxygen sensor feedback to determine fuel mix/",35.0,28
2026-08-16 16:29:19.777,734.25,0.0,56.0,35.0,21.0,99.0,-0.78,26.67,-3.91,-13.28,2.83,0.09,0.75,-0.5,13.3,24.31,"Closed loop, using oxygen sensor feedback to determine fuel mix/",35.0,28
2026-08-16 16:29:21.472,741.25,0.0,56.0,35.0,19.0,99.0,-0.8,26.67,-3.91,-14.06,2.81,0.73,0.71,2.5,13.2,24.71,"Closed loop, using oxygen sensor feedback to determine fuel mix/",35.0,28
2026-08-16 16:29:23.164,735.5,0.0,56.0,35.0,22.0,99.0,-0.77,27.06,-0.78,-13.28,2.88,0.07,0.69,-1.5,13.3,25.1,"Closed loop, using oxygen sensor feedback to determine fuel mix/",35.0,28
2026-08-16 16:29:24.873,712.75,0.0,56.0,34.0,24.0,99.0,-0.75,27.45,-3.12,-13.28,3.2,0.07,0.73,-2.0,13.3,28.24,"Closed loop, using oxygen sensor feedback to determine fuel mix/",35.0,28
2026-08-16 16:29:26.579,724.75,0.0,56.0,34.0,24.0,99.0,-0.75,27.84,0.78,-14.06,3.23,0.1,0.51,-5.5,13.3,27.84,"Closed loop, using oxygen sensor feedback to determine fuel mix/",34.0,28
2026-08-16 16:29:28.282,743.25,0.0,57.0,34.0,23.0,99.0,-0.76,27.45,-1.56,-14.06,3.24,0.78,0.71,-6.5,13.3,27.84,"Closed loop, using oxygen sensor feedback to determine fuel mix/",34.0,28
2026-08-16 16:29:29.982,728.0,0.0,57.0,34.0,22.0,99.0,-0.77,27.45,1.56,-13.28,3.23,0.08,0.68,-7.0,13.3,27.84,"Closed loop, using oxygen sensor feedback to determine fuel mix/",34.0,28
2026-08-16 16:29:31.693,726.5,0.0,57.0,34.0,22.0,99.0,-0.77,27.06,-0.78,-14.06,2.96,0.38,0.76,-2.0,13.3,25.49,"Closed loop, using oxygen sensor feedback to determine fuel mix/",34.0,28
2026-08-16 16:29:33.382,728.5,0.0,57.0,34.0,20.0,99.0,-0.79,26.67,-2.34,-14.06,2.81,0.71,0.77,-2.5,13.3,24.31,"Closed loop, using oxygen sensor feedback to determine fuel mix/",34.0,28
2026-08-16 16:29:35.090,725.0,0.0,57.0,34.0,20.0,99.0,-0.79,26.67,-3.12,-14.06,2.83,0.09,0.76,0.0,13.3,24.31,"Closed loop, using oxygen sensor feedback to determine fuel mix/",34.0,28
2026-08-16 16:29:36.800,729.25,0.0,57.0,34.0,21.0,99.0,-0.78,26.67,-3.12,-14.06,2.79,0.63,0.77,-2.5,13.3,24.31,"Closed loop, using oxygen sensor feedback to determine fuel mix/",34.0,28
2026-08-16 16:29:38.510,726.0,0.0,57.0,34.0,20.0,99.0,-0.79,26.67,-3.91,-14.06,2.83,0.08,0.73,0.0,13.3,24.31,"Closed loop, using oxygen sensor feedback to determine fuel mix/",34.0,28
2026-08-16 16:29:40.219,727.75,0.0,57.0,34.0,20.0,99.0,-0.79,26.67,-3.91,-14.06,2.76,0.09,0.77,-2.0,13.3,23.92,"Closed loop, using oxygen sensor feedback to determine fuel mix/",34.0,28
2026-08-16 16:29:41.914,733.5,0.0,57.0,34.0,21.0,99.0,-0.78,26.67,-0.78,-14.06,2.72,0.56,0.7,-1.5,13.3,23.53,"Closed loop, using oxygen sensor feedback to determine fuel mix/",34.0,28
2026-08-16 16:29:43.624,726.0,0.0,58.0,34.0,20.0,99.0,-0.79,26.67,-5.47,-14.06,2.73,0.09,0.76,0.0,13.3,23.53,"Closed loop, using oxygen sensor feedback to determine fuel mix/",34.0,28
2026-08-16 16:29:45.329,733.75,0.0,58.0,34.0,19.0,99.0,-0.8,26.67,-5.47,-14.06,2.7,0.73,0.7,2.0,13.3,23.92,"Closed loop, using oxygen sensor feedback to determine fuel mix/",34.0,28
2026-08-16 16:29:47.024,723.75,0.0,58.0,34.0,20.0,99.0,-0.79,26.67,-1.56,-14.06,2.79,0.07,0.69,-3.0,13.2,24.31,"Closed loop, using oxygen sensor feedback to determine fuel mix/",34.0,28
2026-08-16 16:29:48.716,727.5,0.0,58.0,34.0,21.0,99.0,-0.78,26.67,-3.91,-14.06,2.77,0.51,0.69,-1.0,13.3,23.92,"Closed loop, using oxygen sensor feedback to determine fuel mix/",34.0,28
2026-08-16 16:29:50.427,724.0,0.0,58.0,34.0,20.0,99.0,-0.79,26.67,-0.78,-14.06,2.76,0.09,0.66,-1.5,13.3,23.92,"Closed loop, using oxygen sensor feedback to determine fuel mix/",34.0,28
2026-08-16 16:29:52.135,727.25,0.0,58.0,34.0,20.0,99.0,-0.79,26.67,-3.91,-14.06,2.68,0.1,0.77,0.5,13.2,23.53,"Closed loop, using oxygen sensor feedback to determine fuel mix/",34.0,28
2026-08-16 16:29:53.844,724.25,0.0,58.0,34.0,20.0,99.0,-0.79,26.27,-0.78,-14.06,2.69,0.14,0.69,-1.5,13.3,22.75,"Closed loop, using oxygen sensor feedback to determine fuel mix/",34.0,28
2026-08-16 16:29:55.536,720.75,0.0,58.0,34.0,20.0,99.0,-0.79,26.27,-3.91,-14.06,2.65,0.1,0.78,-0.5,13.3,22.75,"Closed loop, using oxygen sensor feedback to determine fuel mix/",34.0,28
2026-08-16 16:29:57.261,722.5,0.0,59.0,34.0,20.0,99.0,-0.79,26.27,-0.78,-14.06,2.62,0.23,0.72,-1.0,13.2,23.14,"Closed loop, using oxygen sensor feedback to determine fuel mix/",34.0,28
2026-08-16 16:29:58.972,716.0,0.0,59.0,34.0,19.0,99.0,-0.8,26.27,-3.91,-14.06,2.61,0.1,0.77,1.0,13.2,22.75,"Closed loop, using oxygen sensor feedback to determine fuel mix/",34.0,28
2026-08-16 16:30:00.663,723.0,0.0,59.0,34.0,19.0,99.0,-0.8,26.27,-3.91,-14.06,2.61,0.76,0.73,2.0,13.3,22.75,"Closed loop, using oxygen sensor feedback to determine fuel mix/",34.0,28
2026-08-16 16:30:02.375,717.0,0.0,59.0,34.0,20.0,99.0,-0.79,26.27,-5.47,-14.06,2.62,0.09,0.75,2.0,13.3,22.75,"Closed loop, using oxygen sensor feedback to determine fuel mix/",34.0,28
2026-08-16 16:30:04.065,723.75,0.0,59.0,34.0,20.0,99.0,-0.79,26.27,-3.91,-14.06,2.61,0.71,0.74,0.5,13.3,22.75,"Closed loop, using oxygen sensor feedback to determine fuel mix/",34.0,28
2026-08-16 16:30:05.792,724.25,0.0,59.0,34.0,20.0,99.0,-0.79,26.27,-5.47,-14.06,2.61,0.09,0.73,1.5,13.2,23.14,"Closed loop, using oxygen sensor feedback to determine fuel mix/",34.0,28
2026-08-16 16:30:07.482,717.0,0.0,59.0,34.0,19.0,99.0,-0.8,26.27,-5.47,-14.06,2.61,0.09,0.77,1.0,13.3,22.75,"Closed loop, using oxygen sensor feedback to determine fuel mix/",34.0,28
2026-08-16 16:30:09.210,720.0,0.0,59.0,34.0,19.0,99.0,-0.8,26.27,-1.56,-14.84,2.61,0.12,0.68,-1.0,13.3,22.35,"Closed loop, using oxygen sensor feedback to determine fuel mix/",34.0,28
2026-08-16 16:30:10.933,719.25,0.0,59.0,34.0,19.0,99.0,-0.8,26.27,-3.91,-14.84,2.59,0.09,0.76,0.0,13.3,22.75,"Closed loop, using oxygen sensor feedback to determine fuel mix/",34.0,28
2026-08-16 16:30:12.641,717.75,0.0,59.0,34.0,20.0,99.0,-0.79,26.27,-3.91,-14.84,2.58,0.76,0.71,-1.5,13.2,22.35,"Closed loop, using oxygen sensor feedback to determine fuel mix/",34.0,28
2026-08-16 16:30:14.334,698.75,0.0,60.0,34.0,19.0,99.0,-0.8,26.27,-5.47,-14.06,2.6,0.07,0.73,2.5,13.3,23.14,"Closed loop, using oxygen sensor feedback to determine fuel mix/",34.0,28
2026-08-16 16:30:16.029,721.25,0.0,60.0,34.0,20.0,99.0,-0.79,26.27,-3.91,-14.84,2.61,0.57,0.7,1.5,13.3,22.75,"Closed loop, using oxygen sensor feedback to determine fuel mix/",34.0,28
2026-08-16 16:30:17.721,720.5,0.0,60.0,34.0,20.0,99.0,-0.79,26.27,-0.78,-14.84,2.6,0.09,0.72,-1.0,13.2,22.35,"Closed loop, using oxygen sensor feedback to determine fuel mix/",34.0,28
2026-08-16 16:30:19.447,706.75,0.0,60.0,34.0,20.0,99.0,-0.79,26.27,-5.47,-14.84,2.58,0.09,0.78,1.5,13.3,22.35,"Closed loop, using oxygen sensor feedback to determine fuel mix/",34.0,28
2026-08-16 16:30:21.153,716.75,0.0,60.0,34.0,,99.0,,26.27,-1.56,-14.84,2.54,0.12,0.67,2.0,13.2,22.35,"Closed loop, using oxygen sensor feedback to determine fuel mix/",34.0,28
2026-08-16 16:30:22.816,710.0,0.0,60.0,34.0,20.0,99.0,-0.79,26.27,-3.91,-14.84,2.56,0.09,0.76,2.0,13.3,22.35,"Closed loop, using oxygen sensor feedback to determine fuel mix/",34.0,28
2026-08-16 16:30:24.509,713.25,0.0,60.0,34.0,20.0,99.0,-0.79,25.88,-3.91,-14.84,2.51,0.75,0.7,-1.0,13.2,22.35,"Closed loop, using oxygen sensor feedback to determine fuel mix/",34.0,28
2026-08-16 16:30:26.215,721.0,0.0,60.0,34.0,20.0,99.0,-0.79,26.27,-5.47,-14.84,2.6,0.07,0.72,2.0,13.3,22.75,"Closed loop, using oxygen sensor feedback to determine fuel mix/",34.0,28
2026-08-16 16:30:27.942,718.5,0.0,60.0,34.0,20.0,99.0,-0.79,25.88,-3.91,-14.84,2.54,0.71,0.65,2.5,13.3,22.35,"Closed loop, using oxygen sensor feedback to determine fuel mix/",34.0,28
2026-08-16 16:30:29.633,716.75,0.0,60.0,34.0,19.0,99.0,-0.8,25.88,-0.78,-14.84,2.53,0.09,0.69,-1.0,13.3,21.96,"Closed loop, using oxygen sensor feedback to determine fuel mix/",34.0,28
2026-08-16 16:30:31.328,711.0,0.0,61.0,34.0,19.0,99.0,-0.8,25.88,-3.91,-14.84,2.51,0.09,0.76,0.5,13.3,21.96,"Closed loop, using oxygen sensor feedback to determine fuel mix/",34.0,28
2026-08-16 16:30:33.038,721.0,0.0,61.0,34.0,19.0,99.0,-0.8,25.88,-3.91,-14.84,2.49,0.76,0.67,2.0,13.3,21.96,"Closed loop, using oxygen sensor feedback to determine fuel mix/",34.0,28
2026-08-16 16:30:34.731,706.5,0.0,61.0,34.0,20.0,99.0,-0.79,25.88,-3.91,-14.84,2.49,0.09,0.72,2.5,13.3,21.96,"Closed loop, using oxygen sensor feedback to determine fuel mix/",34.0,28
2026-08-16 16:30:36.424,712.0,0.0,61.0,34.0,19.0,99.0,-0.8,25.88,-3.91,-14.84,2.5,0.12,0.73,2.5,13.3,21.96,"Closed loop, using oxygen sensor feedback to determine fuel mix/",34.0,28
2026-08-16 16:30:38.115,715.25,0.0,61.0,35.0,19.0,99.0,-0.8,25.88,-0.78,-14.84,2.46,0.1,0.69,2.5,13.3,21.57,"Closed loop, using oxygen sensor feedback to determine fuel mix/",34.0,28
2026-08-16 16:30:39.828,710.25,0.0,61.0,35.0,19.0,99.0,-0.8,25.88,-5.47,-14.84,2.46,0.08,0.77,1.0,13.3,21.57,"Closed loop, using oxygen sensor feedback to determine fuel mix/",34.0,28
2026-08-16 16:30:41.548,718.0,0.0,61.0,35.0,19.0,99.0,-0.8,25.88,-0.78,-14.84,2.43,0.72,0.64,2.5,13.2,21.18,"Closed loop, using oxygen sensor feedback to determine fuel mix/",34.0,28
2026-08-16 16:30:43.244,708.25,0.0,61.0,35.0,18.0,99.0,-0.81,25.88,-3.91,-14.84,2.44,0.09,0.72,3.5,13.2,21.57,"Closed loop, using oxygen sensor feedback to determine fuel mix/",34.0,28
2026-08-16 16:30:44.934,699.25,0.0,61.0,35.0,20.0,99.0,-0.79,25.88,-3.91,-14.84,2.45,0.52,0.71,2.0,13.3,21.57,"Closed loop, using oxygen sensor feedback to determine fuel mix/",34.0,28
2026-08-16 16:30:46.628,708.5,0.0,61.0,35.0,18.0,99.0,-0.81,25.88,-1.56,-14.84,2.45,0.08,0.67,1.5,13.3,21.18,"Closed loop, using oxygen sensor feedback to determine fuel mix/",34.0,29
2026-08-16 16:30:48.324,705.0,0.0,62.0,35.0,20.0,99.0,-0.79,25.88,-0.78,-14.84,2.44,0.1,0.73,0.5,13.3,20.78,"Closed loop, using oxygen sensor feedback to determine fuel mix/",34.0,29
2026-08-16 16:30:50.031,708.25,0.0,62.0,35.0,20.0,99.0,-0.79,25.49,-3.91,-14.84,2.4,0.09,0.78,1.5,13.2,21.18,"Closed loop, using oxygen sensor feedback to determine fuel mix/",34.0,29
2026-08-16 16:30:51.725,704.5,0.0,62.0,35.0,18.0,99.0,-0.81,25.88,-0.78,-14.84,2.39,0.62,0.69,2.0,13.3,20.78,"Closed loop, using oxygen sensor feedback to determine fuel mix/",34.0,29
2026-08-16 16:30:53.432,696.25,0.0,62.0,35.0,20.0,99.0,-0.79,25.88,-5.47,-14.84,2.41,0.08,0.76,3.0,13.2,21.18,"Closed loop, using oxygen sensor feedback to determine fuel mix/",34.0,29
2026-08-16 16:30:55.125,712.0,0.0,62.0,35.0,19.0,99.0,-0.8,25.49,-3.91,-14.84,2.4,0.73,0.6,3.0,13.2,21.18,"Closed loop, using oxygen sensor feedback to determine fuel mix/",34.0,29
2026-08-16 16:30:56.817,711.5,0.0,62.0,35.0,19.0,99.0,-0.8,25.49,-3.91,-14.84,2.4,0.72,0.72,3.0,13.3,21.18,"Closed loop, using oxygen sensor feedback to determine fuel mix/",34.0,29
2026-08-16 16:30:58.512,708.5,0.0,62.0,35.0,18.0,99.0,-0.81,25.88,-0.78,-14.84,2.41,0.08,0.72,1.0,13.3,20.78,"Closed loop, using oxygen sensor feedback to determine fuel mix/",34.0,29
2026-08-16 16:31:00.205,707.75,0.0,62.0,35.0,18.0,99.0,-0.81,25.49,-3.91,-14.84,2.4,0.09,0.76,3.5,13.3,21.18,"Closed loop, using oxygen sensor feedback to determine fuel mix/",34.0,29
2026-08-16 16:31:01.912,705.25,0.0,62.0,35.0,18.0,99.0,-0.81,25.49,-0.78,-14.84,2.4,0.23,0.65,2.0,13.3,21.18,"Closed loop, using oxygen sensor feedback to determine fuel mix/",34.0,29
2026-08-16 16:31:03.622,702.75,0.0,62.0,35.0,18.0,99.0,-0.81,25.49,-3.91,-14.84,2.4,0.09,0.76,2.5,13.3,21.18,"Closed loop, using oxygen sensor feedback to determine fuel mix/",34.0,29
2026-08-16 16:31:05.335,705.5,0.0,62.0,35.0,18.0,99.0,-0.81,25.49,-3.91,-14.84,2.4,0.76,0.65,4.5,13.3,21.18,"Closed loop, using oxygen sensor feedback to determine fuel mix/",34.0,29
2026-08-16 16:31:07.076,695.0,0.0,62.0,35.0,20.0,99.0,-0.79,25.49,-3.91,-14.84,2.4,0.09,0.7,3.5,13.2,21.18,"Closed loop, using oxygen sensor feedback to determine fuel mix/",34.0,29
2026-08-16 16:31:08.780,700.25,0.0,63.0,35.0,18.0,99.0,-0.81,25.49,-3.91,-14.84,2.39,0.09,0.74,3.5,13.3,21.18,"Closed loop, using oxygen sensor feedback to determine fuel mix/",34.0,29
2026-08-16 16:31:10.475,706.0,0.0,63.0,35.0,18.0,99.0,-0.81,25.49,-0.78,-14.84,2.38,0.19,0.65,2.5,13.3,20.78,"Closed loop, using oxygen sensor feedback to determine fuel mix/",34.0,29
2026-08-16 16:31:12.183,697.0,0.0,63.0,35.0,19.0,99.0,-0.8,25.49,-3.91,-14.84,2.4,0.09,0.76,4.0,13.3,21.18,"Closed loop, using oxygen sensor feedback to determine fuel mix/",34.0,29
2026-08-16 16:31:13.894,706.0,0.0,63.0,35.0,19.0,99.0,-0.8,25.49,-3.12,-14.84,2.37,0.75,0.63,4.0,13.3,20.78,"Closed loop, using oxygen sensor feedback to determine fuel mix/",34.0,29
2026-08-16 16:31:15.632,701.25,0.0,63.0,35.0,20.0,99.0,-0.79,25.49,-3.91,-14.84,2.4,0.08,0.74,3.0,13.2,21.18,"Closed loop, using oxygen sensor feedback to determine fuel mix/",34.0,29
2026-08-16 16:31:17.330,705.25,0.0,63.0,35.0,19.0,99.0,-0.8,25.49,-3.12,-14.84,2.38,0.73,0.63,4.5,13.3,20.78,"Closed loop, using oxygen sensor feedback to determine fuel mix/",34.0,29
2026-08-16 16:31:19.034,701.5,0.0,63.0,35.0,18.0,99.0,-0.81,25.49,-3.91,-14.84,2.39,0.08,0.71,3.5,13.3,20.78,"Closed loop, using oxygen sensor feedback to determine fuel mix/",34.0,29
2026-08-16 16:31:20.726,702.0,0.0,63.0,35.0,19.0,99.0,-0.8,25.49,-3.91,-14.84,2.35,0.61,0.7,3.0,13.2,20.78,"Closed loop, using oxygen sensor feedback to determine fuel mix/",34.0,29
2026-08-16 16:31:22.421,696.75,0.0,63.0,35.0,18.0,99.0,-0.81,25.49,-0.78,-14.84,2.37,0.09,0.7,-0.5,13.3,20.39,"Closed loop, using oxygen sensor feedback to determine fuel mix/",34.0,29
2026-08-16 16:31:24.113,692.75,0.0,63.0,35.0,19.0,99.0,-0.8,25.49,-3.91,-14.84,2.36,0.1,0.75,3.0,13.2,20.78,"Closed loop, using oxygen sensor feedback to determine fuel mix/",34.0,29
2026-08-16 16:31:25.824,701.25,0.0,63.0,35.0,19.0,99.0,-0.8,25.49,-0.78,-14.84,2.35,0.1,0.66,1.5,13.3,20.78,"Closed loop, using oxygen sensor feedback to determine fuel mix/",34.0,29
2026-08-16 16:31:27.516,693.25,0.0,63.0,35.0,18.0,99.0,-0.81,25.49,-3.91,-14.84,2.36,0.09,0.76,4.0,13.3,21.18,"Closed loop, using oxygen sensor feedback to determine fuel mix/",34.0,29
2026-08-16 16:31:29.208,706.25,0.0,63.0,35.0,18.0,99.0,-0.81,25.49,-0.78,-14.84,2.35,0.68,0.63,1.5,13.2,20.78,"Closed loop, using oxygen sensor feedback to determine fuel mix/",34.0,29
2026-08-16 16:31:30.902,706.75,0.0,64.0,35.0,18.0,99.0,-0.81,25.49,-0.78,-14.84,2.33,0.72,0.75,2.5,13.3,20.39,"Closed loop, using oxygen sensor feedback to determine fuel mix/",34.0,29
2026-08-16 16:31:32.593,693.5,0.0,64.0,35.0,18.0,99.0,-0.81,25.49,-5.47,-14.84,2.37,0.07,0.76,2.5,13.3,20.78,"Closed loop, using oxygen sensor feedback to determine fuel mix/",34.0,29
2026-08-16 16:31:34.286,706.0,0.0,64.0,35.0,18.0,99.0,-0.81,25.49,-0.78,-14.84,2.33,0.73,0.58,4.0,13.3,20.39,"Closed loop, using oxygen sensor feedback to determine fuel mix/",34.0,29
2026-08-16 16:31:35.997,695.75,0.0,64.0,35.0,20.0,99.0,-0.79,25.49,-3.91,-14.84,2.33,0.09,0.78,4.5,13.3,20.78,"Closed loop, using oxygen sensor feedback to determine fuel mix/",34.0,29
2026-08-16 16:31:37.706,698.0,0.0,64.0,35.0,18.0,99.0,-0.81,25.49,0.0,-14.84,2.33,0.68,0.63,2.0,13.3,20.78,"Closed loop, using oxygen sensor feedback to determine fuel mix/",34.0,29
2026-08-16 16:31:39.400,698.5,0.0,64.0,35.0,18.0,99.0,-0.81,25.49,-3.12,-14.84,2.32,0.76,0.73,3.0,13.3,20.39,"Closed loop, using oxygen sensor feedback to determine fuel mix/",34.0,29
2026-08-16 16:31:41.107,696.25,0.0,64.0,35.0,18.0,99.0,-0.81,25.49,-3.91,-14.84,2.35,0.08,0.76,4.0,13.2,20.78,"Closed loop, using oxygen sensor feedback to determine fuel mix/",34.0,29
2026-08-16 16:31:42.799,693.25,0.0,64.0,35.0,19.0,99.0,-0.8,25.49,-3.12,-14.84,2.3,0.73,0.62,3.0,13.2,20.39,"Closed loop, using oxygen sensor feedback to determine fuel mix/",34.0,29
2026-08-16 16:31:44.509,693.0,0.0,64.0,35.0,19.0,99.0,-0.8,25.49,-3.91,-14.84,2.32,0.08,0.71,2.0,13.3,20.39,"Closed loop, using oxygen sensor feedback to determine fuel mix/",34.0,29
2026-08-16 16:31:46.201,698.25,0.0,64.0,35.0,19.0,99.0,-0.8,25.49,-3.12,-14.84,2.28,0.49,0.64,4.5,13.2,20.39,"Closed loop, using oxygen sensor feedback to determine fuel mix/",34.0,29
2026-08-16 16:31:47.909,693.5,0.0,64.0,35.0,19.0,99.0,-0.8,25.49,-3.91,-14.84,2.3,0.1,0.76,5.0,13.3,20.39,"Closed loop, using oxygen sensor feedback to determine fuel mix/",34.0,29
2026-08-16 16:31:49.602,697.5,0.0,64.0,35.0,18.0,99.0,-0.81,25.49,-0.78,-14.84,2.29,0.09,0.67,3.0,13.3,20.0,"Closed loop, using oxygen sensor feedback to determine fuel mix/",34.0,29
2026-08-16 16:31:51.296,690.5,0.0,64.0,35.0,18.0,99.0,-0.81,25.1,-0.78,-14.84,2.27,0.1,0.73,2.5,13.3,20.0,"Closed loop, using oxygen sensor feedback to determine fuel mix/",34.0,29
2026-08-16 16:31:52.989,693.0,0.0,65.0,35.0,19.0,99.0,-0.8,25.49,-3.91,-14.84,2.25,0.1,0.78,6.0,13.3,20.39,"Closed loop, using oxygen sensor feedback to determine fuel mix/",34.0,29
2026-08-16 16:31:54.683,691.75,0.0,65.0,35.0,18.0,99.0,-0.81,25.1,-0.78,-14.84,2.26,0.1,0.67,2.0,13.3,19.61,"Closed loop, using oxygen sensor feedback to determine fuel mix/",34.0,29
2026-08-16 16:31:56.390,684.0,0.0,65.0,35.0,18.0,99.0,-0.81,25.1,-0.78,-14.84,2.27,0.12,0.76,4.0,13.3,20.0,"Closed loop, using oxygen sensor feedback to determine fuel mix/",34.0,29
2026-08-16 16:31:58.082,696.5,0.0,65.0,35.0,18.0,99.0,-0.81,25.49,-3.12,-14.84,2.26,0.09,0.77,4.0,13.3,20.0,"Closed loop, using oxygen sensor feedback to determine fuel mix/",34.0,29
2026-08-16 16:31:59.778,693.75,0.0,65.0,35.0,19.0,99.0,-0.8,25.1,0.0,-14.84,2.22,0.73,0.69,4.5,13.3,19.61,"Closed loop, using oxygen sensor feedback to determine fuel mix/",34.0,29
2026-08-16 16:32:01.471,691.0,0.0,65.0,35.0,19.0,99.0,-0.8,25.1,-3.91,-14.84,2.23,0.09,0.78,6.0,13.3,20.0,"Closed loop, using oxygen sensor feedback to determine fuel mix/",34.0,29
2026-08-16 16:32:03.163,693.25,0.0,65.0,35.0,18.0,99.0,-0.81,25.1,-0.78,-14.84,2.23,0.17,0.66,3.5,13.3,19.61,"Closed loop, using oxygen sensor feedback to determine fuel mix/",34.0,29
2026-08-16 16:32:04.854,695.75,0.0,65.0,35.0,19.0,99.0,-0.8,25.1,-3.91,-14.84,2.24,0.1,0.77,5.5,13.3,20.0,"Closed loop, using oxygen sensor feedback to determine fuel mix/",34.0,29
2026-08-16 16:32:06.548,687.0,0.0,65.0,35.0,19.0,99.0,-0.8,25.1,-0.78,-14.84,2.26,0.17,0.67,2.5,13.2,20.0,"Closed loop, using oxygen sensor feedback to determine fuel mix/",34.0,29
2026-08-16 16:32:08.244,691.25,0.0,65.0,35.0,19.0,99.0,-0.8,25.1,-3.91,-14.84,2.25,0.09,0.76,4.0,13.3,20.0,"Closed loop, using oxygen sensor feedback to determine fuel mix/",34.0,29
2026-08-16 16:32:09.950,697.0,0.0,65.0,35.0,18.0,99.0,-0.81,25.1,-0.78,-14.84,2.22,0.39,0.64,4.0,13.3,19.61,"Closed loop, using oxygen sensor feedback to determine fuel mix/",34.0,29
2026-08-16 16:32:11.675,686.75,0.0,65.0,35.0,18.0,99.0,-0.81,25.1,-3.91,-14.84,2.23,0.09,0.76,4.0,13.2,20.0,"Closed loop, using oxygen sensor feedback to determine fuel mix/",34.0,29
2026-08-16 16:32:13.383,691.5,0.0,65.0,35.0,19.0,99.0,-0.8,25.1,0.0,-14.84,2.24,0.62,0.64,1.5,13.2,19.61,"Closed loop, using oxygen sensor feedback to determine fuel mix/",34.0,29
2026-08-16 16:32:15.080,689.25,0.0,65.0,35.0,19.0,99.0,-0.8,25.1,-3.91,-14.84,2.21,0.09,0.77,6.0,13.2,19.61,"Closed loop, using oxygen sensor feedback to determine fuel mix/",34.0,29
2026-08-16 16:32:16.769,693.0,0.0,66.0,35.0,19.0,99.0,-0.8,25.1,0.0,-14.84,2.2,0.71,0.64,4.0,13.3,19.61,"Closed loop, using oxygen sensor feedback to determine fuel mix/",34.0,29
2026-08-16 16:32:18.467,683.0,0.0,66.0,35.0,18.0,99.0,-0.81,25.1,-3.91,-14.84,2.23,0.09,0.76,5.0,13.3,19.61,"Closed loop, using oxygen sensor feedback to determine fuel mix/",34.0,29
2026-08-16 16:32:20.171,694.0,0.0,66.0,35.0,19.0,99.0,-0.8,25.1,-3.12,-14.84,2.21,0.74,0.62,5.5,13.3,19.61,"Closed loop, using oxygen sensor feedback to determine fuel mix/",34.0,29
2026-08-16 16:32:21.863,687.5,0.0,66.0,35.0,19.0,99.0,-0.8,25.1,-3.12,-14.84,2.2,0.74,0.72,5.5,13.3,19.61,"Closed loop, using oxygen sensor feedback to determine fuel mix/",34.0,29
2026-08-16 16:32:23.558,687.75,0.0,66.0,35.0,19.0,99.0,-0.8,25.1,-3.91,-14.84,2.23,0.09,0.76,5.0,13.3,19.61,"Closed loop, using oxygen sensor feedback to determine fuel mix/",34.0,29
2026-08-16 16:32:25.268,691.0,0.0,66.0,35.0,19.0,99.0,-0.8,25.1,-3.12,-14.84,2.18,0.75,0.63,5.5,13.3,19.61,"Closed loop, using oxygen sensor feedback to determine fuel mix/",34.0,29
2026-08-16 16:32:26.963,682.25,0.0,66.0,35.0,19.0,99.0,-0.8,25.1,-3.91,-14.84,2.21,0.09,0.74,4.5,13.3,19.61,"Closed loop, using oxygen sensor feedback to determine fuel mix/",34.0,29
2026-08-16 16:32:28.685,698.5,0.0,66.0,35.0,19.0,99.0,-0.8,24.71,-3.12,-14.84,2.17,0.74,0.61,6.0,13.3,19.22,"Closed loop, using oxygen sensor feedback to determine fuel mix/",34.0,29
2026-08-16 16:32:30.382,678.75,0.0,66.0,35.0,18.0,99.0,-0.81,25.1,-3.91,-14.84,2.22,0.08,0.74,2.5,13.2,20.0,"Closed loop, using oxygen sensor feedback to determine fuel mix/",34.0,29
2026-08-16 16:32:32.084,691.5,0.0,66.0,35.0,19.0,99.0,-0.8,24.71,-3.12,-14.84,2.15,0.76,0.59,6.5,13.2,19.22,"Closed loop, using oxygen sensor feedback to determine fuel mix/",34.0,29
2026-08-16 16:32:33.779,690.5,0.0,66.0,35.0,19.0,99.0,-0.8,25.1,-3.91,-14.84,2.19,0.08,0.74,5.5,13.3,19.61,"Closed loop, using oxygen sensor feedback to determine fuel mix/",34.0,29
2026-08-16 16:32:35.473,687.25,0.0,66.0,35.0,18.0,99.0,-0.81,24.71,0.0,-14.84,2.18,0.74,0.56,6.0,13.2,18.82,"Closed loop, using oxygen sensor feedback to determine fuel mix/",34.0,29
2026-08-16 16:32:37.164,679.25,0.0,66.0,35.0,18.0,99.0,-0.81,24.71,-3.91,-14.84,2.17,0.24,0.8,7.5,13.3,19.22,"Closed loop, using oxygen sensor feedback to determine fuel mix/",34.0,29
2026-08-16 16:32:38.857,682.5,0.0,67.0,35.0,18.0,99.0,-0.81,25.1,-0.78,-14.84,2.19,0.08,0.71,6.0,13.3,19.61,"Closed loop, using oxygen sensor feedback to determine fuel mix/",34.0,29
2026-08-16 16:32:40.553,684.0,0.0,67.0,35.0,19.0,99.0,-0.8,24.71,-3.12,-14.84,2.18,0.69,0.65,7.0,13.3,19.22,"Closed loop, using oxygen sensor feedback to determine fuel mix/",34.0,29
2026-08-16 16:32:42.261,680.0,0.0,67.0,35.0,18.0,99.0,-0.81,24.71,-0.78,-14.84,2.16,0.09,0.7,5.5,13.2,19.22,"Closed loop, using oxygen sensor feedback to determine fuel mix/",34.0,29
2026-08-16 16:32:43.953,681.25,0.0,67.0,35.0,18.0,99.0,-0.81,24.71,-3.91,-14.84,2.18,0.28,0.65,4.0,13.2,19.22,"Closed loop, using oxygen sensor feedback to determine fuel mix/",34.0,29
2026-08-16 16:32:45.664,677.75,0.0,67.0,35.0,19.0,99.0,-0.8,24.71,-3.12,-14.84,2.18,0.71,0.73,5.5,13.3,18.82,"Closed loop, using oxygen sensor feedback to determine fuel mix/",34.0,29
2026-08-16 16:32:47.353,680.5,0.0,67.0,35.0,18.0,99.0,-0.81,24.71,-3.91,-14.84,2.17,0.08,0.72,4.5,13.2,19.22,"Closed loop, using oxygen sensor feedback to determine fuel mix/",34.0,29
2026-08-16 16:32:49.052,687.75,0.0,67.0,35.0,18.0,99.0,-0.81,24.71,-3.12,-14.84,2.12,0.73,0.59,7.0,13.2,19.22,"Closed loop, using oxygen sensor feedback to determine fuel mix/",34.0,29
2026-08-16 16:32:50.758,686.0,0.0,67.0,35.0,18.0,99.0,-0.81,24.71,-3.12,-14.84,2.12,0.76,0.71,6.5,13.2,18.82,"Closed loop, using oxygen sensor feedback to determine fuel mix/",34.0,29
2026-08-16 16:32:52.451,673.25,0.0,67.0,35.0,18.0,99.0,-0.81,24.71,-3.91,-14.84,2.15,0.08,0.76,4.5,13.2,19.22,"Closed loop, using oxygen sensor feedback to determine fuel mix/",34.0,29
2026-08-16 16:32:54.145,686.5,0.0,67.0,35.0,18.0,99.0,-0.81,24.71,-3.12,-14.84,2.11,0.76,0.58,8.0,13.3,18.82,"Closed loop, using oxygen sensor feedback to determine fuel mix/",34.0,29
2026-08-16 16:32:55.851,678.25,0.0,67.0,35.0,18.0,99.0,-0.81,24.71,0.0,-14.84,2.09,0.71,0.74,8.0,13.3,18.82,"Closed loop, using oxygen sensor feedback to determine fuel mix/",34.0,29
2026-08-16 16:32:57.561,679.25,0.0,67.0,35.0,18.0,99.0,-0.81,24.71,-3.91,-14.84,2.15,0.09,0.78,6.0,13.3,19.22,"Closed loop, using oxygen sensor feedback to determine fuel mix/",34.0,29
2026-08-16 16:32:59.253,683.0,0.0,67.0,35.0,19.0,99.0,-0.8,24.71,0.0,-14.84,2.14,0.14,0.59,4.5,13.3,19.22,"Closed loop, using oxygen sensor feedback to determine fuel mix/",34.0,29
2026-08-16 16:33:00.949,673.0,0.0,67.0,35.0,18.0,99.0,-0.81,24.31,-3.12,-14.84,2.11,0.73,0.76,8.0,13.3,18.82,"Closed loop, using oxygen sensor feedback to determine fuel mix/",34.0,29
2026-08-16 16:33:02.655,677.75,0.0,67.0,35.0,19.0,99.0,-0.8,25.1,-3.91,-14.84,2.17,0.08,0.75,7.5,13.3,19.61,"Closed loop, using oxygen sensor feedback to determine fuel mix/",34.0,30
2026-08-16 16:33:04.366,686.0,0.0,68.0,35.0,18.0,99.0,-0.81,24.31,0.0,-14.84,2.08,0.73,0.53,6.0,13.3,18.43,"Closed loop, using oxygen sensor feedback to determine fuel mix/",34.0,29
2026-08-16 16:33:06.056,679.75,0.0,68.0,35.0,18.0,99.0,-0.81,24.71,-3.91,-14.84,2.11,0.69,0.79,8.5,13.1,18.82,"Closed loop, using oxygen sensor feedback to determine fuel mix/",34.0,30
2026-08-16 16:33:07.750,677.0,0.0,68.0,35.0,18.0,99.0,-0.81,24.71,-3.91,-14.84,2.14,0.08,0.72,6.0,13.3,19.22,"Closed loop, using oxygen sensor feedback to determine fuel mix/",34.0,30
2026-08-16 16:33:09.443,682.75,0.0,68.0,35.0,18.0,99.0,-0.81,24.31,0.0,-14.84,2.08,0.77,0.57,6.5,13.3,18.82,"Closed loop, using oxygen sensor feedback to determine fuel mix/",34.0,30
2026-08-16 16:33:11.138,671.0,0.0,68.0,35.0,18.0,99.0,-0.81,24.71,-3.91,-14.84,2.14,0.09,0.79,5.5,13.2,19.22,"Closed loop, using oxygen sensor feedback to determine fuel mix/",34.0,30
2026-08-16 16:33:12.832,681.5,0.0,68.0,35.0,18.0,99.0,-0.81,24.71,-0.78,-14.84,2.11,0.09,0.66,6.0,13.3,18.82,"Closed loop, using oxygen sensor feedback to determine fuel mix/",34.0,30
2026-08-16 16:33:14.524,681.0,0.0,68.0,35.0,18.0,99.0,-0.81,24.31,0.0,-14.84,2.1,0.78,0.64,5.0,13.2,18.43,"Closed loop, using oxygen sensor feedback to determine fuel mix/",34.0,30
2026-08-16 16:33:16.217,680.25,0.0,68.0,35.0,19.0,99.0,-0.8,24.71,-3.91,-14.84,2.12,0.09,0.78,7.0,13.3,18.82,"Closed loop, using oxygen sensor feedback to determine fuel mix/",34.0,30
2026-08-16 16:33:17.925,684.25,0.0,68.0,35.0,18.0,99.0,-0.81,24.31,0.0,-14.84,2.09,0.18,0.61,5.5,13.3,18.82,"Closed loop, using oxygen sensor feedback to determine fuel mix/",34.0,30
2026-08-16 16:33:19.619,683.0,0.0,68.0,35.0,19.0,99.0,-0.8,24.71,-0.78,-14.84,2.09,0.12,0.74,4.5,13.2,18.82,"Closed loop, using oxygen sensor feedback to determine fuel mix/",34.0,30
2026-08-16 16:33:21.311,674.5,0.0,68.0,35.0,19.0,99.0,-0.8,24.71,-3.91,-14.84,2.12,0.08,0.76,5.0,13.3,18.82,"Closed loop, using oxygen sensor feedback to determine fuel mix/",34.0,30
2026-08-16 16:33:23.003,685.25,0.0,68.0,35.0,19.0,99.0,-0.8,24.71,-0.78,-14.84,2.11,0.12,0.59,8.0,13.2,18.82,"Closed loop, using oxygen sensor feedback to determine fuel mix/",34.0,30
2026-08-16 16:33:24.712,682.25,0.0,68.0,35.0,17.0,99.0,-0.82,24.31,-3.12,-14.84,2.08,0.79,0.73,9.0,13.3,18.82,"Closed loop, using oxygen sensor feedback to determine fuel mix/",34.0,30
2026-08-16 16:33:26.408,674.25,0.0,68.0,35.0,19.0,99.0,-0.8,24.71,-3.91,-14.84,2.11,0.07,0.76,6.5,13.3,18.82,"Closed loop, using oxygen sensor feedback to determine fuel mix/",34.0,30
2026-08-16 16:33:28.117,687.0,0.0,68.0,35.0,18.0,99.0,-0.81,24.71,0.0,-14.84,2.09,0.74,0.49,5.5,13.3,18.43,"Closed loop, using oxygen sensor feedback to determine fuel mix/",34.0,30
2026-08-16 16:33:29.842,675.0,0.0,68.0,35.0,19.0,99.0,-0.8,24.71,-3.12,-14.84,2.1,0.69,0.78,10.0,13.3,18.82,"Closed loop, using oxygen sensor feedback to determine fuel mix/",34.0,30
2026-08-16 16:33:31.568,669.0,0.0,69.0,35.0,18.0,99.0,-0.81,24.71,-3.91,-14.84,2.13,0.07,0.72,7.0,13.3,19.22,"Closed loop, using oxygen sensor feedback to determine fuel mix/",34.0,30
2026-08-16 16:33:33.275,680.5,0.0,69.0,35.0,18.0,99.0,-0.81,24.71,0.0,-14.84,2.11,0.76,0.5,5.0,13.2,18.43,"Closed loop, using oxygen sensor feedback to determine fuel mix/",34.0,30
2026-08-16 16:33:34.971,674.5,0.0,69.0,35.0,18.0,99.0,-0.81,24.71,-3.91,-14.84,2.09,0.14,0.79,8.0,13.3,18.82,"Closed loop, using oxygen sensor feedback to determine fuel mix/",34.0,30
2026-08-16 16:33:36.659,672.25,0.0,69.0,35.0,19.0,99.0,-0.8,24.71,-0.78,-14.84,2.15,0.07,0.69,4.0,13.3,18.82,"Closed loop, using oxygen sensor feedback to determine fuel mix/",34.0,30
2026-08-16 16:33:38.354,687.0,0.0,69.0,35.0,18.0,99.0,-0.81,24.31,0.0,-14.84,2.05,0.78,0.5,7.0,13.2,18.43,"Closed loop, using oxygen sensor feedback to determine fuel mix/",34.0,30
2026-08-16 16:33:40.079,676.25,0.0,69.0,35.0,19.0,99.0,-0.8,24.31,-3.91,-14.84,2.09,0.1,0.8,6.0,13.3,18.82,"Closed loop, using oxygen sensor feedback to determine fuel mix/",34.0,30
2026-08-16 16:33:41.789,676.25,0.0,69.0,35.0,19.0,99.0,-0.8,24.71,-0.78,-14.84,2.14,0.07,0.7,5.0,13.3,19.22,"Closed loop, using oxygen sensor feedback to determine fuel mix/",34.0,30
2026-08-16 16:33:43.480,686.0,0.0,69.0,35.0,17.0,99.0,-0.82,24.71,0.0,-14.84,2.09,0.75,0.49,8.5,13.3,18.82,"Closed loop, using oxygen sensor feedback to determine fuel mix/",34.0,30
2026-08-16 16:33:45.173,677.5,0.0,69.0,35.0,19.0,99.0,-0.8,24.71,-3.91,-14.84,2.12,0.1,0.78,6.0,13.2,19.22,"Closed loop, using oxygen sensor feedback to determine fuel mix/",34.0,30
2026-08-16 16:33:46.869,674.0,0.0,69.0,35.0,18.0,99.0,-0.81,24.71,-0.78,-14.84,2.16,0.07,0.66,6.0,13.3,19.22,"Closed loop, using oxygen sensor feedback to determine fuel mix/",34.0,30
2026-08-16 16:33:48.577,684.0,0.0,69.0,35.0,18.0,99.0,-0.81,24.71,0.78,-14.84,2.09,0.76,0.41,7.5,13.2,18.82,"Closed loop, using oxygen sensor feedback to determine fuel mix/",34.0,30
2026-08-16 16:33:50.270,677.0,0.0,69.0,35.0,17.0,99.0,-0.82,24.71,-3.12,-14.84,2.13,0.72,0.78,7.0,13.2,19.22,"Closed loop, using oxygen sensor feedback to determine fuel mix/",34.0,30
2026-08-16 16:33:51.965,675.5,0.0,69.0,35.0,18.0,99.0,-0.81,24.71,-3.12,-14.84,2.14,0.08,0.74,11.0,12.8,21.96,"Closed loop, using oxygen sensor feedback to determine fuel mix/",34.0,30
2026-08-16 16:33:53.657,669.75,0.0,69.0,35.0,21.0,99.0,-0.78,26.67,0.78,-14.84,2.8,0.1,0.43,-6.5,13.2,23.92,"Closed loop, using oxygen sensor feedback to determine fuel mix/",34.0,30
2026-08-16 16:33:55.347,676.0,0.0,69.0,35.0,22.0,99.0,-0.77,26.27,2.34,-14.84,2.67,0.74,0.4,-0.5,13.4,24.71,"Closed loop, using oxygen sensor feedback to determine fuel mix/",34.0,30
2026-08-16 16:33:57.044,675.5,0.0,69.0,35.0,21.0,99.0,-0.78,26.67,-0.78,-14.84,2.7,0.09,0.72,-2.0,13.3,24.71,"Closed loop, using oxygen sensor feedback to determine fuel mix/",34.0,30
2026-08-16 16:33:58.749,681.25,0.0,69.0,35.0,22.0,99.0,-0.77,26.27,3.12,-14.84,2.53,0.74,0.37,-1.0,13.3,22.35,"Closed loop, using oxygen sensor feedback to determine fuel mix/",34.0,30
2026-08-16 16:34:00.463,678.5,0.0,69.0,35.0,22.0,99.0,-0.77,26.67,0.0,-14.06,2.79,0.81,0.79,-3.0,13.3,24.31,"Closed loop, using oxygen sensor feedback to determine fuel mix/",34.0,30
2026-08-16 16:34:02.170,680.0,0.0,70.0,35.0,23.0,99.0,-0.76,26.67,-0.78,-14.84,2.72,0.07,0.73,-3.5,13.3,24.31,"Closed loop, using oxygen sensor feedback to determine fuel mix/",34.0,30
2026-08-16 16:34:03.863,691.75,0.0,70.0,35.0,20.0,99.0,-0.79,25.88,3.12,-15.62,2.41,0.81,0.54,-1.5,13.3,21.18,"Closed loop, using oxygen sensor feedback to determine fuel mix/",34.0,30
2026-08-16 16:34:05.578,683.0,0.0,70.0,35.0,19.0,99.0,-0.8,24.71,-0.78,-15.62,2.2,0.76,0.82,9.5,13.2,19.61,"Closed loop, using oxygen sensor feedback to determine fuel mix/",34.0,30
2026-08-16 16:34:07.294,680.5,0.0,70.0,35.0,20.0,99.0,-0.79,25.1,-2.34,-14.84,2.2,0.09,0.78,3.5,13.3,19.61,"Closed loop, using oxygen sensor feedback to determine fuel mix/",34.0,30
2026-08-16 16:34:08.990,671.0,0.0,70.0,35.0,19.0,99.0,-0.8,24.71,0.78,-14.84,2.17,0.09,0.73,5.0,13.2,19.22,"Closed loop, using oxygen sensor feedback to determine fuel mix/",34.0,30
2026-08-16 16:34:10.683,671.25,0.0,70.0,35.0,19.0,99.0,-0.8,24.71,-2.34,-14.84,2.15,0.12,0.78,6.0,13.2,19.61,"Closed loop, using oxygen sensor feedback to determine fuel mix/",34.0,30
2026-08-16 16:34:12.392,683.75,0.0,70.0,35.0,18.0,99.0,-0.81,25.1,0.78,-14.84,2.19,0.08,0.72,5.0,13.3,19.22,"Closed loop, using oxygen sensor feedback to determine fuel mix/",34.0,30
2026-08-16 16:34:14.081,677.75,0.0,70.0,35.0,19.0,99.0,-0.8,24.71,-2.34,-14.84,2.16,0.2,0.73,6.5,13.3,19.22,"Closed loop, using oxygen sensor feedback to determine fuel mix/",34.0,30
2026-08-16 16:34:15.775,682.25,0.0,70.0,35.0,19.0,99.0,-0.8,24.71,0.78,-14.84,2.18,0.09,0.69,4.5,13.3,19.22,"Closed loop, using oxygen sensor feedback to determine fuel mix/",34.0,30
2026-08-16 16:34:17.472,676.0,0.0,70.0,35.0,19.0,99.0,-0.8,24.71,-2.34,-14.84,2.16,0.1,0.74,5.5,13.2,19.22,"Closed loop, using oxygen sensor feedback to determine fuel mix/",34.0,30
2026-08-16 16:34:19.162,678.0,0.0,70.0,35.0,19.0,99.0,-0.8,24.71,0.78,-14.84,2.15,0.09,0.67,7.0,13.3,19.22,"Closed loop, using oxygen sensor feedback to determine fuel mix/",34.0,30
2026-08-16 16:34:20.858,683.25,0.0,71.0,35.0,19.0,99.0,-0.8,24.71,-2.34,-14.84,2.15,0.12,0.75,5.5,13.3,19.22,"Closed loop, using oxygen sensor feedback to determine fuel mix/",34.0,30
2026-08-16 16:34:22.566,679.0,0.0,71.0,35.0,19.0,99.0,-0.8,25.1,0.78,-14.84,2.18,0.09,0.67,5.5,13.3,18.82,"Closed loop, using oxygen sensor feedback to determine fuel mix/",34.0,30
2026-08-16 16:34:24.276,676.25,0.0,71.0,35.0,19.0,99.0,-0.8,24.71,0.78,-14.84,2.14,0.11,0.71,4.0,13.3,18.82,"Closed loop, using oxygen sensor feedback to determine fuel mix/",34.0,30
2026-08-16 16:34:25.997,683.75,0.0,71.0,35.0,19.0,99.0,-0.8,24.71,-3.12,-14.84,2.16,0.09,0.78,6.0,13.3,19.22,"Closed loop, using oxygen sensor feedback to determine fuel mix/",34.0,30
2026-08-16 16:34:27.693,686.5,0.0,71.0,35.0,19.0,99.0,-0.8,25.1,0.0,-14.84,2.19,0.09,0.64,6.0,13.3,19.61,"Closed loop, using oxygen sensor feedback to determine fuel mix/",34.0,30
2026-08-16 16:34:29.386,682.75,0.0,71.0,35.0,19.0,99.0,-0.8,24.71,0.78,-14.84,2.12,0.77,0.59,6.5,13.3,18.82,"Closed loop, using oxygen sensor feedback to determine fuel mix/",34.0,30
2026-08-16 16:34:31.079,679.0,0.0,71.0,35.0,20.0,99.0,-0.79,25.1,-3.12,-14.84,2.18,0.08,0.78,7.0,13.3,19.61,"Closed loop, using oxygen sensor feedback to determine fuel mix/",34.0,30
2026-08-16 16:34:32.772,675.25,0.0,71.0,35.0,18.0,99.0,-0.81,24.71,0.78,-14.84,2.13,0.16,0.55,5.5,13.2,19.22,"Closed loop, using oxygen sensor feedback to determine fuel mix/",34.0,30
2026-08-16 16:34:34.478,679.0,0.0,71.0,35.0,19.0,99.0,-0.8,24.71,-2.34,-14.84,2.14,0.77,0.7,5.5,13.3,19.22,"Closed loop, using oxygen sensor feedback to determine fuel mix/",34.0,30
2026-08-16 16:34:36.175,681.75,0.0,71.0,35.0,18.0,99.0,-0.81,25.1,-3.12,-14.84,2.21,0.08,0.75,6.0,13.2,19.61,"Closed loop, using oxygen sensor feedback to determine fuel mix/",34.0,30
2026-08-16 16:34:37.883,680.5,0.0,71.0,35.0,19.0,99.0,-0.8,24.71,0.78,-14.84,2.14,0.73,0.46,7.0,13.3,19.22,"Closed loop, using oxygen sensor feedback to determine fuel mix/",34.0,30
2026-08-16 16:34:39.577,686.25,0.0,71.0,35.0,19.0,99.0,-0.8,24.71,-2.34,-14.84,2.13,0.74,0.74,6.0,13.2,19.22,"Closed loop, using oxygen sensor feedback to determine fuel mix/",34.0,30
2026-08-16 16:34:41.285,677.5,0.0,72.0,35.0,19.0,99.0,-0.8,25.1,-3.12,-14.84,2.18,0.07,0.72,9.0,13.3,20.0,"Closed loop, using oxygen sensor feedback to determine fuel mix/",34.0,30
2026-08-16 16:34:42.979,682.25,0.0,72.0,35.0,18.0,99.0,-0.81,24.71,0.78,-14.84,2.16,0.72,0.39,6.5,13.3,19.22,"Closed loop, using oxygen sensor feedback to determine fuel mix/",34.0,30
2026-08-16 16:34:44.670,677.0,0.0,72.0,35.0,18.0,99.0,-0.81,24.71,-2.34,-14.84,2.15,0.74,0.73,7.5,13.3,19.22,"Closed loop, using oxygen sensor feedback to determine fuel mix/",34.0,30
2026-08-16 16:34:46.380,678.0,0.0,72.0,35.0,18.0,99.0,-0.81,25.1,-3.12,-14.84,2.18,0.08,0.72,7.0,13.3,19.61,"Closed loop, using oxygen sensor feedback to determine fuel mix/",34.0,30
2026-08-16 16:34:48.071,687.5,0.0,72.0,35.0,18.0,99.0,-0.81,24.71,0.78,-14.84,2.11,0.77,0.42,4.5,13.2,18.82,"Closed loop, using oxygen sensor feedback to determine fuel mix/",34.0,30
2026-08-16 16:34:49.766,679.25,0.0,72.0,35.0,18.0,99.0,-0.81,24.71,-2.34,-14.84,2.12,0.71,0.78,6.5,13.1,19.22,"Closed loop, using oxygen sensor feedback to determine fuel mix/",34.0,30
2026-08-16 16:34:51.476,677.25,0.0,72.0,35.0,19.0,99.0,-0.8,25.1,-3.12,-14.84,2.18,0.08,0.71,5.0,13.3,19.22,"Closed loop, using oxygen sensor feedback to determine fuel mix/",34.0,30
2026-08-16 16:34:53.168,686.5,0.0,72.0,35.0,18.0,99.0,-0.81,24.71,0.78,-14.84,2.14,0.74,0.42,4.0,13.2,18.82,"Closed loop, using oxygen sensor feedback to determine fuel mix/",34.0,30
2026-08-16 16:34:54.861,670.5,0.0,72.0,35.0,19.0,99.0,-0.8,24.71,-2.34,-14.84,2.14,0.71,0.76,6.5,13.3,19.22,"Closed loop, using oxygen sensor feedback to determine fuel mix/",34.0,30
2026-08-16 16:34:56.552,682.5,0.0,72.0,35.0,19.0,99.0,-0.8,25.1,-3.12,-14.84,2.19,0.07,0.7,4.5,13.3,19.61,"Closed loop, using oxygen sensor feedback to determine fuel mix/",34.0,30
2026-08-16 16:34:58.248,685.0,0.0,72.0,35.0,19.0,99.0,-0.8,24.71,0.78,-14.84,2.11,0.74,0.32,7.5,13.3,19.22,"Closed loop, using oxygen sensor feedback to determine fuel mix/",34.0,30
2026-08-16 16:34:59.940,680.25,0.0,72.0,35.0,19.0,99.0,-0.8,24.71,-2.34,-14.84,2.16,0.42,0.71,5.5,13.3,18.82,"Closed loop, using oxygen sensor feedback to determine fuel mix/",34.0,30
2026-08-16 16:35:01.665,683.25,0.0,72.0,35.0,18.0,99.0,-0.81,24.71,0.0,-14.84,2.16,0.07,0.67,5.5,13.2,18.82,"Closed loop, using oxygen sensor feedback to determine fuel mix/",34.0,30
2026-08-16 16:35:03.378,686.5,0.0,72.0,35.0,18.0,99.0,-0.81,24.71,0.78,-14.84,2.12,0.76,0.41,5.5,13.3,18.82,"Closed loop, using oxygen sensor feedback to determine fuel mix/",34.0,30
2026-08-16 16:35:05.083,678.0,0.0,72.0,35.0,18.0,99.0,-0.81,24.71,-3.12,-14.84,2.15,0.09,0.78,5.0,13.3,19.22,"Closed loop, using oxygen sensor feedback to determine fuel mix/",34.0,30
2026-08-16 16:35:06.778,682.5,0.0,72.0,35.0,18.0,99.0,-0.81,24.71,0.0,-14.84,2.15,0.09,0.62,4.0,13.3,19.22,"Closed loop, using oxygen sensor feedback to determine fuel mix/",34.0,30
2026-08-16 16:35:08.484,685.0,0.0,73.0,35.0,19.0,99.0,-0.8,24.71,0.78,-14.84,2.13,0.74,0.42,4.0,13.3,19.22,"Closed loop, using oxygen sensor feedback to determine fuel mix/",34.0,30
2026-08-16 16:35:10.180,676.75,0.0,73.0,35.0,19.0,99.0,-0.8,25.1,-3.12,-14.84,2.17,0.09,0.76,7.0,13.3,19.61,"Closed loop, using oxygen sensor feedback to determine fuel mix/",34.0,30
2026-08-16 16:35:11.870,689.5,0.0,73.0,35.0,18.0,99.0,-0.81,24.71,0.0,-14.84,2.15,0.09,0.52,5.0,13.2,18.82,"Closed loop, using oxygen sensor feedback to determine fuel mix/",34.0,30
2026-08-16 16:35:13.564,686.25,0.0,73.0,35.0,18.0,99.0,-0.81,24.71,0.78,-14.84,2.14,0.76,0.36,5.5,13.2,19.22,"Closed loop, using oxygen sensor feedback to determine fuel mix/",34.0,30
2026-08-16 16:35:15.271,680.25,0.0,73.0,35.0,18.0,99.0,-0.81,24.71,0.78,-14.84,2.13,0.11,0.75,5.0,13.3,18.82,"Closed loop, using oxygen sensor feedback to determine fuel mix/",34.0,30
2026-08-16 16:35:16.984,677.0,0.0,73.0,36.0,19.0,99.0,-0.8,24.71,-2.34,-14.84,2.12,0.09,0.77,6.5,13.3,19.22,"Closed loop, using oxygen sensor feedback to determine fuel mix/",34.0,31
2026-08-16 16:35:18.689,677.5,0.0,73.0,35.0,19.0,99.0,-0.8,24.71,0.78,-14.84,2.12,0.1,0.65,5.0,13.3,18.82,"Closed loop, using oxygen sensor feedback to determine fuel mix/",34.0,31
2026-08-16 16:35:20.383,678.25,0.0,73.0,36.0,18.0,99.0,-0.81,24.71,1.56,-14.84,2.11,0.78,0.61,9.0,13.4,18.82,"Closed loop, using oxygen sensor feedback to determine fuel mix/",34.0,31
2026-08-16 16:35:22.079,674.0,0.0,73.0,35.0,19.0,99.0,-0.8,24.71,-2.34,-14.84,2.13,0.09,0.77,8.0,13.3,19.22,"Closed loop, using oxygen sensor feedback to determine fuel mix/",34.0,31
2026-08-16 16:35:23.776,675.0,0.0,73.0,36.0,18.0,99.0,-0.81,24.71,1.56,-14.84,2.1,0.14,0.61,3.5,13.3,18.82,"Closed loop, using oxygen sensor feedback to determine fuel mix/",34.0,31
2026-08-16 16:35:25.481,687.0,0.0,73.0,36.0,19.0,99.0,-0.8,24.71,-1.56,-14.84,2.1,0.76,0.74,6.5,13.3,18.82,"Closed loop, using oxygen sensor feedback to determine fuel mix/",34.0,31
2026-08-16 16:35:27.172,679.75,0.0,73.0,36.0,18.0,99.0,-0.81,24.71,-2.34,-14.84,2.11,0.08,0.75,9.5,13.3,19.22,"Closed loop, using oxygen sensor feedback to determine fuel mix/",34.0,31
2026-08-16 16:35:28.866,679.5,0.0,73.0,35.0,19.0,99.0,-0.8,24.71,1.56,-14.84,2.14,0.74,0.55,5.5,13.3,18.82,"Closed loop, using oxygen sensor feedback to determine fuel mix/",34.0,31
2026-08-16 16:35:30.575,675.25,0.0,73.0,36.0,18.0,99.0,-0.81,24.71,-2.34,-14.84,2.14,0.36,0.77,4.0,13.2,19.22,"Closed loop, using oxygen sensor feedback to determine fuel mix/",34.0,31
2026-08-16 16:35:32.267,660.5,0.0,73.0,36.0,18.0,99.0,-0.81,25.1,0.78,-14.84,2.19,0.08,0.69,4.0,13.3,18.82,"Closed loop, using oxygen sensor feedback to determine fuel mix/",34.0,31
2026-08-16 16:35:33.963,685.75,0.0,74.0,36.0,18.0,99.0,-0.81,24.71,1.56,-14.84,2.12,0.77,0.55,4.0,13.2,18.82,"Closed loop, using oxygen sensor feedback to determine fuel mix/",34.0,31
2026-08-16 16:35:35.655,676.75,0.0,74.0,35.0,19.0,99.0,-0.8,24.71,-2.34,-14.84,2.15,0.09,0.79,4.5,13.3,19.61,"Closed loop, using oxygen sensor feedback to determine fuel mix/",34.0,31
2026-08-16 16:35:37.362,671.0,0.0,74.0,36.0,19.0,99.0,-0.8,24.71,0.78,-14.84,2.15,0.09,0.64,6.0,13.3,19.22,"Closed loop, using oxygen sensor feedback to determine fuel mix/",34.0,31
2026-08-16 16:35:39.088,686.5,0.0,74.0,36.0,17.0,99.0,-0.82,24.31,1.56,-14.84,2.08,0.77,0.51,5.5,13.3,19.22,"Closed loop, using oxygen sensor feedback to determine fuel mix/",34.0,31
2026-08-16 16:35:40.781,684.0,0.0,74.0,36.0,18.0,99.0,-0.81,24.71,-2.34,-14.84,2.15,0.1,0.79,6.5,13.2,19.22,"Closed loop, using oxygen sensor feedback to determine fuel mix/",34.0,31
2026-08-16 16:35:42.474,675.5,0.0,74.0,36.0,18.0,99.0,-0.81,24.71,0.78,-14.84,2.13,0.09,0.66,6.0,13.3,18.82,"Closed loop, using oxygen sensor feedback to determine fuel mix/",34.0,31
2026-08-16 16:35:44.185,682.25,0.0,74.0,36.0,17.0,99.0,-0.82,24.71,1.56,-14.84,2.12,0.77,0.51,3.5,13.2,18.82,"Closed loop, using oxygen sensor feedback to determine fuel mix/",34.0,31
2026-08-16 16:35:45.907,681.0,0.0,74.0,36.0,19.0,99.0,-0.8,24.71,-2.34,-14.84,2.14,0.1,0.79,4.5,13.3,19.22,"Closed loop, using oxygen sensor feedback to determine fuel mix/",34.0,31
2026-08-16 16:35:47.602,677.75,0.0,74.0,36.0,18.0,99.0,-0.81,24.71,0.78,-14.84,2.14,0.08,0.68,6.0,13.2,18.82,"Closed loop, using oxygen sensor feedback to determine fuel mix/",34.0,31
2026-08-16 16:35:49.291,689.0,0.0,74.0,36.0,18.0,99.0,-0.81,24.71,1.56,-14.84,2.09,0.78,0.57,5.0,13.3,18.43,"Closed loop, using oxygen sensor feedback to determine fuel mix/",34.0,31
2026-08-16 16:35:50.988,674.0,0.0,74.0,36.0,19.0,99.0,-0.8,24.71,-2.34,-14.84,2.13,0.09,0.79,4.0,13.3,18.82,"Closed loop, using oxygen sensor feedback to determine fuel mix/",34.0,31
2026-08-16 16:35:52.679,682.25,0.0,74.0,36.0,19.0,99.0,-0.8,24.71,0.78,-14.84,2.15,0.09,0.63,3.0,13.2,19.22,"Closed loop, using oxygen sensor feedback to determine fuel mix/",34.0,31
2026-08-16 16:35:54.374,682.25,0.0,74.0,36.0,18.0,99.0,-0.81,25.1,1.56,-14.84,2.17,0.75,0.55,3.5,13.2,19.22,"Closed loop, using oxygen sensor feedback to determine fuel mix/",34.0,31
2026-08-16 16:35:56.067,672.75,0.0,74.0,36.0,20.0,99.0,-0.79,25.1,-1.56,-14.84,2.24,0.08,0.77,4.0,13.3,20.0,"Closed loop, using oxygen sensor feedback to determine fuel mix/",34.0,31
2026-08-16 16:35:57.759,687.5,0.0,74.0,35.0,19.0,99.0,-0.8,25.1,2.34,-14.84,2.19,0.75,0.48,3.5,13.3,19.22,"Closed loop, using oxygen sensor feedback to determine fuel mix/",34.0,31
2026-08-16 16:35:59.455,684.25,0.0,74.0,36.0,19.0,99.0,-0.8,24.71,-0.78,-14.84,2.11,0.77,0.78,5.0,13.3,18.82,"Closed loop, using oxygen sensor feedback to determine fuel mix/",34.0,31
2026-08-16 16:36:01.145,682.25,0.0,74.0,36.0,19.0,99.0,-0.8,24.71,-1.56,-14.84,2.14,0.09,0.76,5.0,13.2,19.22,"Closed loop, using oxygen sensor feedback to determine fuel mix/",34.0,31
2026-08-16 16:36:02.854,685.5,0.0,75.0,36.0,18.0,99.0,-0.81,24.31,-0.78,-14.84,2.08,0.74,0.66,7.0,13.3,18.82,"Closed loop, using oxygen sensor feedback to determine fuel mix/",34.0,31
2026-08-16 16:36:04.570,679.75,0.0,75.0,36.0,19.0,99.0,-0.8,24.71,-1.56,-14.84,2.14,0.09,0.76,6.0,13.3,19.22,"Closed loop, using oxygen sensor feedback to determine fuel mix/",34.0,31
2026-08-16 16:36:06.272,685.0,0.0,75.0,36.0,18.0,99.0,-0.81,24.71,2.34,-14.84,2.1,0.72,0.6,7.5,13.3,18.82,"Closed loop, using oxygen sensor feedback to determine fuel mix/",34.0,31
2026-08-16 16:36:07.970,677.0,0.0,75.0,36.0,18.0,99.0,-0.81,24.31,1.56,-14.84,2.1,0.12,0.76,6.0,13.2,18.82,"Closed loop, using oxygen sensor feedback to determine fuel mix/",34.0,31
2026-08-16 16:36:09.673,681.0,0.0,75.0,36.0,18.0,99.0,-0.81,24.71,-1.56,-14.84,2.14,0.1,0.77,6.0,13.3,19.22,"Closed loop, using oxygen sensor feedback to determine fuel mix/",34.0,31
2026-08-16 16:36:11.369,679.25,0.0,75.0,36.0,19.0,99.0,-0.8,24.71,1.56,-14.84,2.13,0.1,0.68,3.0,13.2,18.82,"Closed loop, using oxygen sensor feedback to determine fuel mix/",34.0,31
2026-08-16 16:36:13.079,684.25,0.0,75.0,36.0,19.0,99.0,-0.8,24.71,-1.56,-14.84,2.14,0.1,0.74,7.0,13.3,19.22,"Closed loop, using oxygen sensor feedback to determine fuel mix/",34.0,31
2026-08-16 16:36:14.787,685.0,0.0,75.0,36.0,19.0,99.0,-0.8,24.71,1.56,-14.84,2.14,0.1,0.65,4.0,13.3,18.82,"Closed loop, using oxygen sensor feedback to determine fuel mix/",34.0,31
2026-08-16 16:36:16.495,681.5,0.0,75.0,36.0,19.0,99.0,-0.8,24.71,1.56,-14.84,2.14,0.12,0.71,3.0,13.2,18.82,"Closed loop, using oxygen sensor feedback to determine fuel mix/",34.0,31
2026-08-16 16:36:18.189,685.25,0.0,75.0,36.0,17.0,99.0,-0.82,24.71,-1.56,-14.84,2.11,0.67,0.76,6.5,13.2,18.82,"Closed loop, using oxygen sensor feedback to determine fuel mix/",34.0,31
2026-08-16 16:36:19.881,677.75,0.0,75.0,36.0,19.0,99.0,-0.8,24.71,-1.56,-14.84,2.11,0.09,0.71,4.5,13.3,18.82,"Closed loop, using oxygen sensor feedback to determine fuel mix/",34.0,31
2026-08-16 16:36:21.575,677.5,0.0,75.0,36.0,19.0,99.0,-0.8,24.71,-0.78,-14.84,2.12,0.68,0.61,5.0,13.3,18.82,"Closed loop, using oxygen sensor feedback to determine fuel mix/",34.0,31
2026-08-16 16:36:23.283,678.75,0.0,75.0,36.0,19.0,99.0,-0.8,24.71,-0.78,-14.84,2.1,0.74,0.72,7.0,13.3,18.82,"Closed loop, using oxygen sensor feedback to determine fuel mix/",34.0,31
2026-08-16 16:36:24.975,675.5,0.0,75.0,36.0,18.0,99.0,-0.81,24.71,-1.56,-14.84,2.15,0.09,0.74,12.0,13.3,19.22,"Closed loop, using oxygen sensor feedback to determine fuel mix/",34.0,31
2026-08-16 16:36:26.686,687.75,0.0,76.0,36.0,19.0,99.0,-0.8,24.71,-0.78,-14.84,2.11,0.75,0.59,,13.3,18.82,"Closed loop, using oxygen sensor feedback to determine fuel mix/",34.0,31
2026-08-16 16:36:28.345,683.75,0.0,76.0,36.0,18.0,99.0,-0.81,24.31,2.34,-14.84,2.08,0.61,0.73,4.5,13.3,18.43,"Closed loop, using oxygen sensor feedback to determine fuel mix/",34.0,31
2026-08-16 16:36:30.039,674.0,0.0,76.0,36.0,18.0,99.0,-0.81,24.71,-1.56,-14.84,2.13,0.09,0.78,5.0,13.3,19.22,"Closed loop, using oxygen sensor feedback to determine fuel mix/",34.0,31
2026-08-16 16:36:31.732,681.25,0.0,76.0,36.0,17.0,99.0,-0.82,24.71,1.56,-14.84,2.11,0.12,0.64,3.0,13.3,18.43,"Closed loop, using oxygen sensor feedback to determine fuel mix/",34.0,31
2026-08-16 16:36:33.426,679.0,0.0,76.0,36.0,19.0,99.0,-0.8,24.71,-1.56,-14.84,2.11,0.1,0.76,7.5,13.3,18.82,"Closed loop, using oxygen sensor feedback to determine fuel mix/",34.0,31
2026-08-16 16:36:35.118,687.25,0.0,76.0,36.0,18.0,99.0,-0.81,24.31,1.56,-14.84,2.09,0.11,0.62,4.0,13.2,18.82,"Closed loop, using oxygen sensor feedback to determine fuel mix/",34.0,31
2026-08-16 16:36:36.812,679.25,0.0,76.0,36.0,18.0,99.0,-0.81,24.31,-0.78,-14.84,2.06,0.8,0.73,8.0,13.3,18.43,"Closed loop, using oxygen sensor feedback to determine fuel mix/",34.0,31
2026-08-16 16:36:38.518,673.75,0.0,76.0,36.0,18.0,99.0,-0.81,24.71,-1.56,-14.84,2.11,0.08,0.78,6.0,13.3,18.82,"Closed loop, using oxygen sensor feedback to determine fuel mix/",34.0,31
2026-08-16 16:36:40.229,682.5,0.0,76.0,36.0,18.0,99.0,-0.81,24.31,2.34,-14.84,2.11,0.45,0.63,2.5,13.2,18.43,"Closed loop, using oxygen sensor feedback to determine fuel mix/",34.0,31
2026-08-16 16:36:41.922,675.75,0.0,76.0,36.0,18.0,99.0,-0.81,24.71,-1.56,-14.84,2.11,0.09,0.76,6.5,13.3,18.82,"Closed loop, using oxygen sensor feedback to determine fuel mix/",34.0,31
2026-08-16 16:36:43.616,677.25,0.0,76.0,36.0,19.0,99.0,-0.8,24.31,2.34,-14.84,2.07,0.15,0.59,5.5,13.3,18.82,"Closed loop, using oxygen sensor feedback to determine fuel mix/",34.0,31
2026-08-16 16:36:45.310,678.25,0.0,76.0,36.0,18.0,99.0,-0.81,24.71,-0.78,-14.84,2.12,0.78,0.74,7.5,13.3,18.82,"Closed loop, using oxygen sensor feedback to determine fuel mix/",34.0,31
2026-08-16 16:36:47.003,670.75,0.0,76.0,36.0,18.0,99.0,-0.81,24.71,-1.56,-14.84,2.11,0.09,0.75,5.0,13.2,19.22,"Closed loop, using oxygen sensor feedback to determine fuel mix/",34.0,31
2026-08-16 16:36:48.697,689.5,0.0,76.0,36.0,19.0,99.0,-0.8,24.31,2.34,-14.84,2.08,0.76,0.56,5.0,13.3,18.43,"Closed loop, using oxygen sensor feedback to determine fuel mix/",34.0,31
2026-08-16 16:36:50.386,676.75,0.0,77.0,36.0,18.0,99.0,-0.81,24.31,-1.56,-14.84,2.08,0.5,0.79,12.0,13.3,18.82,"Closed loop, using oxygen sensor feedback to determine fuel mix/",34.0,31
2026-08-16 16:36:52.097,680.25,0.0,76.0,36.0,19.0,99.0,-0.8,24.71,-1.56,-14.84,2.11,0.08,0.72,5.5,13.3,18.82,"Closed loop, using oxygen sensor feedback to determine fuel mix/",34.0,31
2026-08-16 16:36:53.791,678.5,0.0,76.0,36.0,17.0,99.0,-0.82,24.71,-0.78,-14.84,2.09,0.72,0.57,7.0,13.3,18.82,"Closed loop, using oxygen sensor feedback to determine fuel mix/",34.0,31
2026-08-16 16:36:55.482,677.0,0.0,77.0,36.0,19.0,99.0,-0.8,24.71,-0.78,-14.84,2.1,0.74,0.71,5.0,13.3,18.82,"Closed loop, using oxygen sensor feedback to determine fuel mix/",34.0,31
2026-08-16 16:36:57.175,680.25,0.0,77.0,36.0,19.0,99.0,-0.8,24.71,-1.56,-14.84,2.13,0.08,0.7,6.0,13.3,18.82,"Closed loop, using oxygen sensor feedback to determine fuel mix/",34.0,31
2026-08-16 16:36:58.869,682.25,0.0,77.0,36.0,17.0,99.0,-0.82,24.31,2.34,-14.84,2.05,0.78,0.48,7.5,13.3,18.43,"Closed loop, using oxygen sensor feedback to determine fuel mix/",34.0,31
2026-08-16 16:37:00.565,678.5,0.0,77.0,36.0,18.0,99.0,-0.81,24.71,-1.56,-14.84,2.12,0.69,0.8,7.0,13.3,18.82,"Closed loop, using oxygen sensor feedback to determine fuel mix/",34.0,31
2026-08-16 16:37:02.272,673.25,0.0,77.0,36.0,18.0,99.0,-0.81,24.71,-1.56,-14.84,2.12,0.08,0.72,5.5,13.3,18.82,"Closed loop, using oxygen sensor feedback to determine fuel mix/",34.0,31
2026-08-16 16:37:03.969,685.75,0.0,77.0,36.0,17.0,99.0,-0.82,24.31,2.34,-14.84,2.07,0.79,0.56,8.0,13.3,18.43,"Closed loop, using oxygen sensor feedback to determine fuel mix/",34.0,31
2026-08-16 16:37:05.688,678.25,0.0,77.0,36.0,19.0,99.0,-0.8,24.71,-1.56,-14.84,2.09,0.1,0.79,5.0,13.1,18.82,"Closed loop, using oxygen sensor feedback to determine fuel mix/",34.0,31
2026-08-16 16:37:07.399,680.5,0.0,77.0,36.0,18.0,99.0,-0.81,24.71,1.56,-14.84,2.11,0.08,0.69,5.0,13.3,18.43,"Closed loop, using oxygen sensor feedback to determine fuel mix/",34.0,31
2026-08-16 16:37:09.092,681.75,0.0,77.0,36.0,18.0,99.0,-0.81,24.71,-1.56,-14.84,2.11,0.31,0.64,4.0,13.3,18.82,"Closed loop, using oxygen sensor feedback to determine fuel mix/",34.0,32
2026-08-16 16:37:10.784,679.0,0.0,77.0,36.0,17.0,99.0,-0.82,24.71,-0.78,-14.84,2.11,0.72,0.72,6.5,13.3,18.82,"Closed loop, using oxygen sensor feedback to determine fuel mix/",34.0,32
2026-08-16 16:37:12.477,675.0,0.0,77.0,36.0,19.0,99.0,-0.8,24.71,-1.56,-14.84,2.13,0.08,0.7,6.0,13.3,19.22,"Closed loop, using oxygen sensor feedback to determine fuel mix/",34.0,32
2026-08-16 16:37:14.186,686.0,0.0,78.0,36.0,17.0,99.0,-0.82,24.31,2.34,-14.84,2.07,0.79,0.48,5.5,13.3,18.43,"Closed loop, using oxygen sensor feedback to determine fuel mix/",34.0,32
2026-08-16 16:37:15.881,675.75,0.0,78.0,36.0,17.0,99.0,-0.82,24.31,-1.56,-14.84,2.07,0.56,0.79,8.5,13.3,18.82,"Closed loop, using oxygen sensor feedback to determine fuel mix/",34.0,32
2026-08-16 16:37:17.590,673.25,0.0,78.0,36.0,18.0,99.0,-0.81,24.71,-1.56,-14.84,2.12,0.08,0.71,8.5,13.3,18.82,"Closed loop, using oxygen sensor feedback to determine fuel mix/",34.0,32
2026-08-16 16:37:19.299,684.25,0.0,78.0,36.0,18.0,99.0,-0.81,24.71,2.34,-14.84,2.16,0.76,0.47,6.5,13.3,19.22,"Closed loop, using oxygen sensor feedback to determine fuel mix/",34.0,32
2026-08-16 16:37:20.990,673.25,0.0,78.0,36.0,19.0,99.0,-0.8,24.71,-1.56,-14.84,2.1,0.1,0.78,6.0,13.3,19.22,"Closed loop, using oxygen sensor feedback to determine fuel mix/",34.0,32
2026-08-16 16:37:22.685,670.75,0.0,78.0,36.0,20.0,99.0,-0.79,24.71,1.56,-14.84,2.13,0.07,0.67,4.5,13.2,18.82,"Closed loop, using oxygen sensor feedback to determine fuel mix/",34.0,32
2026-08-16 16:37:24.392,688.5,0.0,78.0,36.0,19.0,99.0,-0.8,24.71,2.34,-14.84,2.13,0.78,0.35,5.5,13.3,18.82,"Closed loop, using oxygen sensor feedback to determine fuel mix/",34.0,32
2026-08-16 16:37:26.084,678.0,0.0,78.0,36.0,18.0,99.0,-0.81,24.31,-1.56,-14.84,2.08,0.18,0.78,8.5,13.2,18.82,"Closed loop, using oxygen sensor feedback to determine fuel mix/",34.0,32
2026-08-16 16:37:27.778,683.25,0.0,78.0,36.0,18.0,99.0,-0.81,24.71,1.56,-14.84,2.11,0.07,0.69,3.5,13.2,18.82,"Closed loop, using oxygen sensor feedback to determine fuel mix/",34.0,32
2026-08-16 16:37:29.487,686.25,0.0,78.0,36.0,17.0,99.0,-0.82,24.31,2.34,-14.84,2.06,0.78,0.54,4.5,13.3,18.43,"Closed loop, using oxygen sensor feedback to determine fuel mix/",34.0,32
2026-08-16 16:37:31.181,676.75,0.0,78.0,36.0,19.0,99.0,-0.8,24.71,-1.56,-14.84,2.1,0.09,0.79,6.0,13.2,18.82,"Closed loop, using oxygen sensor feedback to determine fuel mix/",34.0,32
2026-08-16 16:37:32.874,679.75,0.0,78.0,36.0,18.0,99.0,-0.81,24.71,1.56,-14.84,2.15,0.08,0.66,5.5,13.3,19.22,"Closed loop, using oxygen sensor feedback to determine fuel mix/",34.0,32
2026-08-16 16:37:34.587,674.5,0.0,78.0,36.0,18.0,99.0,-0.81,24.71,2.34,-14.84,2.11,0.76,0.48,3.5,13.2,18.82,"Closed loop, using oxygen sensor feedback to determine fuel mix/",34.0,32
2026-08-16 16:37:36.309,675.0,0.0,78.0,36.0,19.0,99.0,-0.8,24.71,-1.56,-14.84,2.09,0.1,0.78,10.5,13.3,18.82,"Closed loop, using oxygen sensor feedback to determine fuel mix/",34.0,32
2026-08-16 16:37:38.018,685.5,0.0,78.0,36.0,18.0,99.0,-0.81,24.71,1.56,-14.84,2.1,0.09,0.65,8.0,13.3,18.43,"Closed loop, using oxygen sensor feedback to determine fuel mix/",34.0,32
2026-08-16 16:37:39.709,688.5,0.0,78.0,36.0,18.0,99.0,-0.81,24.31,2.34,-14.84,2.06,0.79,0.46,5.0,13.2,18.43,"Closed loop, using oxygen sensor feedback to determine fuel mix/",34.0,32
2026-08-16 16:37:41.420,677.0,0.0,79.0,36.0,18.0,99.0,-0.81,24.31,-1.56,-14.84,2.09,0.1,0.79,6.5,13.2,18.82,"Closed loop, using oxygen sensor feedback to determine fuel mix/",34.0,32
2026-08-16 16:37:43.128,678.0,0.0,79.0,36.0,17.0,99.0,-0.82,24.31,1.56,-14.84,2.07,0.09,0.66,4.0,13.3,18.43,"Closed loop, using oxygen sensor feedback to determine fuel mix/",34.0,32
2026-08-16 16:37:44.821,687.75,0.0,79.0,36.0,17.0,99.0,-0.82,24.31,2.34,-14.84,2.05,0.79,0.57,6.5,13.3,18.43,"Closed loop, using oxygen sensor feedback to determine fuel mix/",34.0,32
2026-08-16 16:37:46.529,672.5,0.0,79.0,36.0,19.0,99.0,-0.8,24.71,-1.56,-14.84,2.09,0.08,0.79,7.5,13.3,18.82,"Closed loop, using oxygen sensor feedback to determine fuel mix/",34.0,32
2026-08-16 16:37:48.238,689.75,0.0,79.0,36.0,18.0,99.0,-0.81,24.71,1.56,-14.84,2.06,0.1,0.57,5.0,13.3,18.43,"Closed loop, using oxygen sensor feedback to determine fuel mix/",34.0,32
2026-08-16 16:37:49.935,683.25,0.0,79.0,36.0,18.0,99.0,-0.81,24.31,2.34,-14.84,2.04,0.78,0.53,7.5,13.3,18.04,"Closed loop, using oxygen sensor feedback to determine fuel mix/",34.0,32
2026-08-16 16:37:51.645,677.0,0.0,79.0,36.0,19.0,99.0,-0.8,24.31,-1.56,-14.84,2.1,0.09,0.78,6.0,13.2,18.43,"Closed loop, using oxygen sensor feedback to determine fuel mix/",34.0,32
2026-08-16 16:37:53.349,685.25,0.0,79.0,36.0,18.0,99.0,-0.81,24.31,1.56,-14.84,2.07,0.11,0.59,5.0,13.2,18.43,"Closed loop, using oxygen sensor feedback to determine fuel mix/",34.0,32
2026-08-16 16:37:55.058,681.5,0.0,79.0,36.0,18.0,99.0,-0.81,24.31,2.34,-14.84,2.05,0.8,0.65,5.5,13.2,18.04,"Closed loop, using oxygen sensor feedback to determine fuel mix/",34.0,32
2026-08-16 16:37:56.756,678.5,0.0,79.0,36.0,17.0,99.0,-0.82,24.71,-1.56,-14.84,2.08,0.08,0.78,5.5,13.3,18.82,"Closed loop, using oxygen sensor feedback to determine fuel mix/",34.0,32
2026-08-16 16:37:58.448,690.0,0.0,79.0,36.0,18.0,99.0,-0.81,24.71,2.34,-14.84,2.09,0.12,0.57,6.5,13.3,18.43,"Closed loop, using oxygen sensor feedback to determine fuel mix/",34.0,32
2026-08-16 16:38:00.142,674.5,0.0,79.0,36.0,18.0,99.0,-0.81,24.31,-0.78,-14.84,2.04,0.79,0.69,6.5,13.3,18.04,"Closed loop, using oxygen sensor feedback to determine fuel mix/",34.0,32
2026-08-16 16:38:01.849,675.25,0.0,79.0,36.0,19.0,99.0,-0.8,24.71,-1.56,-14.84,2.09,0.08,0.78,4.5,13.2,18.43,"Closed loop, using oxygen sensor feedback to determine fuel mix/",34.0,32
2026-08-16 16:38:03.542,677.0,0.0,79.0,36.0,18.0,99.0,-0.81,24.71,2.34,-14.84,2.08,0.12,0.55,5.5,13.2,18.43,"Closed loop, using oxygen sensor feedback to determine fuel mix/",34.0,32
2026-08-16 16:38:05.237,681.0,0.0,79.0,36.0,19.0,99.0,-0.8,24.31,2.34,-14.84,2.04,0.79,0.66,9.5,13.2,18.43,"Closed loop, using oxygen sensor feedback to determine fuel mix/",34.0,32
2026-08-16 16:38:06.946,678.5,0.0,79.0,36.0,18.0,99.0,-0.81,25.1,-1.56,-14.84,2.13,0.07,0.77,6.0,13.3,18.82,"Closed loop, using oxygen sensor feedback to determine fuel mix/",34.0,32
2026-08-16 16:38:08.638,688.0,0.0,79.0,36.0,17.0,99.0,-0.82,24.31,2.34,-14.84,2.08,0.18,0.44,5.0,13.3,18.43,"Closed loop, using oxygen sensor feedback to determine fuel mix/",34.0,32
2026-08-16 16:38:10.330,684.75,0.0,80.0,36.0,18.0,99.0,-0.81,24.31,-0.78,-14.84,2.04,0.8,0.62,5.5,13.2,18.43,"Closed loop, using oxygen sensor feedback to determine fuel mix/",34.0,32
2026-08-16 16:38:12.023,671.75,0.0,80.0,36.0,18.0,99.0,-0.81,24.31,-1.56,-14.84,2.08,0.07,0.77,6.0,13.3,18.82,"Closed loop, using oxygen sensor feedback to determine fuel mix/",34.0,32
2026-08-16 16:38:13.733,682.75,0.0,80.0,36.0,18.0,99.0,-0.81,24.31,2.34,-14.84,2.05,0.3,0.47,7.5,13.3,18.43,"Closed loop, using oxygen sensor feedback to determine fuel mix/",34.0,32
2026-08-16 16:38:15.443,682.75,0.0,80.0,36.0,19.0,99.0,-0.8,24.31,-0.78,-14.84,2.05,0.78,0.69,5.5,13.2,18.04,"Closed loop, using oxygen sensor feedback to determine fuel mix/",34.0,32
2026-08-16 16:38:17.136,673.75,0.0,80.0,36.0,17.0,99.0,-0.82,24.31,-1.56,-14.84,2.05,0.08,0.76,6.5,13.3,18.82,"Closed loop, using oxygen sensor feedback to determine fuel mix/",34.0,32
2026-08-16 16:38:18.843,681.25,0.0,80.0,36.0,18.0,99.0,-0.81,24.31,2.34,-14.84,2.07,0.68,0.47,6.0,13.3,18.43,"Closed loop, using oxygen sensor feedback to determine fuel mix/",34.0,32
2026-08-16 16:38:20.538,678.25,0.0,80.0,36.0,17.0,99.0,-0.82,24.31,-0.78,-14.84,2.04,0.8,0.73,5.5,13.3,18.43,"Closed loop, using oxygen sensor feedback to determine fuel mix/",34.0,32
2026-08-16 16:38:22.228,678.25,0.0,80.0,36.0,18.0,99.0,-0.81,24.31,-1.56,-14.84,2.07,0.08,0.76,6.5,13.3,18.43,"Closed loop, using oxygen sensor feedback to determine fuel mix/",34.0,32
2026-08-16 16:38:23.923,686.25,0.0,80.0,36.0,17.0,99.0,-0.82,24.31,2.34,-14.84,2.05,0.43,0.47,8.5,13.3,18.43,"Closed loop, using oxygen sensor feedback to determine fuel mix/",34.0,32
2026-08-16 16:38:25.631,685.75,0.0,80.0,36.0,18.0,99.0,-0.81,24.31,-0.78,-14.84,2.05,0.78,0.69,9.0,13.3,18.43,"Closed loop, using oxygen sensor feedback to determine fuel mix/",34.0,32
2026-08-16 16:38:27.339,675.5,0.0,80.0,36.0,18.0,99.0,-0.81,24.71,-1.56,-14.84,2.09,0.07,0.76,5.0,13.2,18.43,"Closed loop, using oxygen sensor feedback to determine fuel mix/",34.0,32
2026-08-16 16:38:29.031,682.25,0.0,80.0,36.0,18.0,99.0,-0.81,24.31,2.34,-14.84,2.06,0.73,0.44,5.0,13.3,18.43,"Closed loop, using oxygen sensor feedback to determine fuel mix/",34.0,32
2026-08-16 16:38:30.726,685.75,0.0,80.0,36.0,17.0,99.0,-0.82,24.31,-0.78,-14.84,2.04,0.78,0.75,7.5,13.3,18.43,"Closed loop, using oxygen sensor feedback to determine fuel mix/",34.0,32
2026-08-16 16:38:32.418,675.0,0.0,80.0,36.0,19.0,99.0,-0.8,24.71,-1.56,-14.84,2.08,0.07,0.76,6.5,13.3,18.43,"Closed loop, using oxygen sensor feedback to determine fuel mix/",34.0,32
2026-08-16 16:38:34.112,679.0,0.0,80.0,36.0,19.0,99.0,-0.8,24.71,2.34,-14.84,2.16,0.72,0.47,6.0,13.2,19.22,"Closed loop, using oxygen sensor feedback to determine fuel mix/",34.0,32
2026-08-16 16:38:35.805,678.25,0.0,80.0,36.0,20.0,99.0,-0.79,24.71,-0.78,-14.84,2.16,0.72,0.72,5.0,13.3,19.61,"Closed loop, using oxygen sensor feedback to determine fuel mix/",34.0,32
2026-08-16 16:38:37.514,678.25,0.0,80.0,36.0,20.0,99.0,-0.79,25.1,2.34,-14.84,2.22,0.07,0.65,4.5,13.3,19.61,"Closed loop, using oxygen sensor feedback to determine fuel mix/",34.0,32
2026-08-16 16:38:39.208,684.75,0.0,81.0,36.0,18.0,99.0,-0.81,24.31,3.12,-14.84,2.05,0.77,0.33,6.0,13.2,18.43,"Closed loop, using oxygen sensor feedback to determine fuel mix/",34.0,32
2026-08-16 16:38:40.900,674.5,0.0,81.0,36.0,18.0,99.0,-0.81,24.31,-0.78,-14.84,2.09,0.58,0.78,6.5,13.3,18.43,"Closed loop, using oxygen sensor feedback to determine fuel mix/",34.0,32
2026-08-16 16:38:42.613,683.5,0.0,81.0,36.0,19.0,99.0,-0.8,24.71,2.34,-14.84,2.1,0.09,0.7,3.5,13.2,18.43,"Closed loop, using oxygen sensor feedback to determine fuel mix/",34.0,32
2026-08-16 16:38:44.315,683.5,0.0,81.0,36.0,19.0,99.0,-0.8,24.31,-0.78,-14.84,2.07,0.49,0.62,7.5,13.3,18.43,"Closed loop, using oxygen sensor feedback to determine fuel mix/",34.0,32
2026-08-16 16:38:46.028,678.25,0.0,81.0,36.0,18.0,99.0,-0.81,24.31,0.0,-14.84,2.08,0.74,0.72,9.5,13.2,18.82,"Closed loop, using oxygen sensor feedback to determine fuel mix/",34.0,32
2026-08-16 16:38:47.719,676.75,0.0,81.0,36.0,18.0,99.0,-0.81,24.31,-0.78,-14.84,2.09,0.08,0.7,3.5,13.2,18.82,"Closed loop, using oxygen sensor feedback to determine fuel mix/",34.0,32
2026-08-16 16:38:49.411,674.25,0.0,81.0,36.0,19.0,99.0,-0.8,24.31,3.12,-14.84,2.06,0.78,0.53,4.5,13.3,18.43,"Closed loop, using oxygen sensor feedback to determine fuel mix/",34.0,32
2026-08-16 16:38:51.121,673.75,0.0,81.0,36.0,19.0,99.0,-0.8,24.31,-0.78,-14.84,2.06,0.65,0.79,8.0,13.3,18.43,"Closed loop, using oxygen sensor feedback to determine fuel mix/",34.0,32
2026-08-16 16:38:52.813,677.0,0.0,81.0,36.0,19.0,99.0,-0.8,24.31,-0.78,-14.84,2.07,0.08,0.73,5.0,13.2,18.43,"Closed loop, using oxygen sensor feedback to determine fuel mix/",34.0,32
2026-08-16 16:38:54.506,678.0,0.0,81.0,36.0,18.0,99.0,-0.81,24.31,0.0,-14.84,2.04,0.74,0.61,6.0,13.3,18.43,"Closed loop, using oxygen sensor feedback to determine fuel mix/",34.0,32
2026-08-16 16:38:56.199,680.75,0.0,81.0,36.0,19.0,99.0,-0.8,24.31,-0.78,-14.84,2.04,0.09,0.73,6.0,13.3,18.43,"Closed loop, using oxygen sensor feedback to determine fuel mix/",34.0,32
2026-08-16 16:38:57.892,682.75,0.0,81.0,36.0,18.0,99.0,-0.81,24.31,0.0,-14.84,2.06,0.73,0.57,6.0,13.3,18.43,"Closed loop, using oxygen sensor feedback to determine fuel mix/",34.0,32
2026-08-16 16:38:59.584,680.25,0.0,81.0,36.0,18.0,99.0,-0.81,24.31,0.0,-14.84,2.06,0.76,0.7,10.5,13.3,18.43,"Closed loop, using oxygen sensor feedback to determine fuel mix/",34.0,32
2026-08-16 16:39:01.280,677.25,0.0,81.0,36.0,19.0,99.0,-0.8,24.31,-0.78,-14.84,2.06,0.09,0.74,8.0,13.3,18.43,"Closed loop, using oxygen sensor feedback to determine fuel mix/",34.0,33
2026-08-16 16:39:02.972,677.25,0.0,81.0,36.0,17.0,99.0,-0.82,24.31,0.0,-14.84,2.05,0.76,0.6,7.5,13.3,18.43,"Closed loop, using oxygen sensor feedback to determine fuel mix/",34.0,33
2026-08-16 16:39:04.663,679.25,0.0,81.0,36.0,17.0,99.0,-0.82,24.31,-0.78,-14.84,2.06,0.08,0.73,6.0,13.3,18.43,"Closed loop, using oxygen sensor feedback to determine fuel mix/",34.0,33
2026-08-16 16:39:06.357,686.5,0.0,81.0,36.0,18.0,99.0,-0.81,24.31,3.12,-14.84,2.03,0.77,0.52,7.5,13.3,18.04,"Closed loop, using oxygen sensor feedback to determine fuel mix/",34.0,33
2026-08-16 16:39:08.052,674.0,0.0,82.0,36.0,18.0,99.0,-0.81,24.71,-0.78,-14.84,2.08,0.69,0.79,9.0,13.2,18.43,"Closed loop, using oxygen sensor feedback to determine fuel mix/",34.0,33
2026-08-16 16:39:09.748,672.5,0.0,82.0,36.0,19.0,99.0,-0.8,24.71,-0.78,-14.84,2.11,0.08,0.73,4.0,13.3,18.82,"Closed loop, using oxygen sensor feedback to determine fuel mix/",34.0,33
2026-08-16 16:39:11.452,681.75,0.0,82.0,36.0,17.0,99.0,-0.82,24.31,0.0,-14.84,2.05,0.74,0.6,6.0,13.3,18.43,"Closed loop, using oxygen sensor feedback to determine fuel mix/",34.0,33
2026-08-16 16:39:13.163,677.75,0.0,82.0,36.0,19.0,99.0,-0.8,24.71,-0.78,-14.84,2.09,0.08,0.71,6.5,13.3,18.82,"Closed loop, using oxygen sensor feedback to determine fuel mix/",34.0,33
2026-08-16 16:39:14.854,684.25,0.0,82.0,36.0,17.0,99.0,-0.82,24.31,3.12,-14.84,2.04,0.79,0.46,5.0,13.2,18.43,"Closed loop, using oxygen sensor feedback to determine fuel mix/",34.0,33
2026-08-16 16:39:16.549,675.75,0.0,82.0,36.0,17.0,99.0,-0.82,24.31,-0.78,-14.84,2.04,0.68,0.8,10.0,13.3,18.43,"Closed loop, using oxygen sensor feedback to determine fuel mix/",34.0,33
2026-08-16 16:39:18.255,676.0,0.0,82.0,36.0,18.0,99.0,-0.81,24.31,-0.78,-14.84,2.06,0.08,0.73,7.0,13.3,18.43,"Closed loop, using oxygen sensor feedback to determine fuel mix/",34.0,33
2026-08-16 16:39:19.951,684.25,0.0,82.0,36.0,17.0,99.0,-0.82,24.31,0.0,-14.84,2.05,0.74,0.62,6.5,13.2,18.43,"Closed loop, using oxygen sensor feedback to determine fuel mix/",34.0,33
2026-08-16 16:39:21.658,679.25,0.0,82.0,36.0,19.0,99.0,-0.8,24.71,-0.78,-14.84,2.07,0.08,0.71,9.0,13.4,18.43,"Closed loop, using oxygen sensor feedback to determine fuel mix/",34.0,33
2026-08-16 16:39:23.352,687.75,0.0,82.0,36.0,17.0,99.0,-0.82,24.31,3.12,-14.84,2.03,0.77,0.52,5.5,13.3,18.04,"Closed loop, using oxygen sensor feedback to determine fuel mix/",34.0,33
2026-08-16 16:39:25.062,672.5,0.0,82.0,36.0,19.0,99.0,-0.8,24.31,-0.78,-14.84,2.05,0.61,0.79,6.5,13.3,18.43,"Closed loop, using oxygen sensor feedback to determine fuel mix/",34.0,33
2026-08-16 16:39:26.753,679.25,0.0,82.0,36.0,19.0,99.0,-0.8,24.31,2.34,-14.84,2.07,0.08,0.71,4.0,13.3,18.43,"Closed loop, using oxygen sensor feedback to determine fuel mix/",34.0,33
2026-08-16 16:39:28.448,677.25,0.0,82.0,36.0,19.0,99.0,-0.8,24.31,0.0,-14.84,2.06,0.69,0.58,5.5,13.1,18.82,"Closed loop, using oxygen sensor feedback to determine fuel mix/",34.0,33
2026-08-16 16:39:30.170,676.75,0.0,82.0,36.0,19.0,99.0,-0.8,24.31,0.0,-14.84,2.05,0.75,0.7,6.5,13.3,18.43,"Closed loop, using oxygen sensor feedback to determine fuel mix/",34.0,33
2026-08-16 16:39:31.881,676.25,0.0,82.0,36.0,18.0,99.0,-0.81,24.31,-0.78,-14.84,2.08,0.08,0.72,4.0,13.3,18.43,"Closed loop, using oxygen sensor feedback to determine fuel mix/",34.0,33
2026-08-16 16:39:33.571,681.5,0.0,82.0,36.0,19.0,99.0,-0.8,24.31,3.12,-14.84,2.05,0.77,0.51,4.5,13.3,18.43,"Closed loop, using oxygen sensor feedback to determine fuel mix/",34.0,33
2026-08-16 16:39:35.275,680.25,0.0,83.0,36.0,17.0,99.0,-0.82,24.31,-0.78,-14.84,2.05,0.62,0.79,5.0,13.2,18.43,"Closed loop, using oxygen sensor feedback to determine fuel mix/",34.0,33
2026-08-16 16:39:36.975,677.75,0.0,83.0,36.0,19.0,99.0,-0.8,24.31,2.34,-14.84,2.07,0.08,0.71,5.5,13.2,18.43,"Closed loop, using oxygen sensor feedback to determine fuel mix/",34.0,33
2026-08-16 16:39:38.684,682.5,0.0,83.0,36.0,19.0,99.0,-0.8,24.31,3.12,-14.84,2.04,0.78,0.54,6.0,13.3,18.43,"Closed loop, using oxygen sensor feedback to determine fuel mix/",34.0,33
2026-08-16 16:39:40.379,679.75,0.0,83.0,36.0,19.0,99.0,-0.8,24.31,-0.78,-14.84,2.05,0.14,0.79,9.0,13.3,18.43,"Closed loop, using oxygen sensor feedback to determine fuel mix/",34.0,33
2026-08-16 16:39:42.072,677.25,0.0,83.0,36.0,19.0,99.0,-0.8,24.31,2.34,-14.84,2.06,0.08,0.68,3.0,13.3,18.43,"Closed loop, using oxygen sensor feedback to determine fuel mix/",34.0,33
2026-08-16 16:39:43.780,681.0,0.0,83.0,36.0,18.0,99.0,-0.81,24.31,3.12,-14.84,2.01,0.8,0.56,5.5,13.2,18.04,"Closed loop, using oxygen sensor feedback to determine fuel mix/",34.0,33
2026-08-16 16:39:45.471,675.75,0.0,83.0,36.0,18.0,99.0,-0.81,24.31,-0.78,-14.84,2.06,0.1,0.79,10.5,13.3,18.43,"Closed loop, using oxygen sensor feedback to determine fuel mix/",34.0,33
2026-08-16 16:39:47.165,676.25,0.0,83.0,36.0,19.0,99.0,-0.8,24.31,2.34,-14.84,2.08,0.09,0.68,6.5,13.3,18.82,"Closed loop, using oxygen sensor feedback to determine fuel mix/",34.0,33
2026-08-16 16:39:48.872,682.5,0.0,83.0,36.0,18.0,99.0,-0.81,24.31,-0.78,-14.84,2.08,0.13,0.66,4.0,13.3,18.43,"Closed loop, using oxygen sensor feedback to determine fuel mix/",34.0,33
2026-08-16 16:39:50.567,678.0,0.0,83.0,36.0,19.0,99.0,-0.8,24.31,0.0,-14.84,2.06,0.69,0.73,6.5,13.3,18.82,"Closed loop, using oxygen sensor feedback to determine fuel mix/",34.0,33
2026-08-16 16:39:52.258,682.5,0.0,83.0,36.0,18.0,99.0,-0.81,24.31,-0.78,-14.84,2.08,0.09,0.7,6.0,13.3,18.43,"Closed loop, using oxygen sensor feedback to determine fuel mix/",34.0,33
2026-08-16 16:39:53.953,686.75,0.0,83.0,36.0,19.0,99.0,-0.8,24.31,3.12,-14.84,2.03,0.78,0.56,7.5,13.3,18.04,"Closed loop, using oxygen sensor feedback to determine fuel mix/",34.0,33
2026-08-16 16:39:55.666,678.75,0.0,83.0,36.0,19.0,99.0,-0.8,24.31,-0.78,-14.84,2.05,0.1,0.79,5.0,13.3,18.43,"Closed loop, using oxygen sensor feedback to determine fuel mix/",34.0,33
2026-08-16 16:39:57.371,673.75,0.0,83.0,36.0,19.0,99.0,-0.8,24.31,2.34,-14.84,2.06,0.08,0.67,5.0,13.3,18.43,"Closed loop, using oxygen sensor feedback to determine fuel mix/",34.0,33
2026-08-16 16:39:59.065,679.5,0.0,83.0,36.0,19.0,99.0,-0.8,24.31,3.12,-14.84,2.04,0.79,0.54,6.0,13.3,18.04,"Closed loop, using oxygen sensor feedback to determine fuel mix/",34.0,33
2026-08-16 16:40:00.770,678.0,0.0,83.0,36.0,18.0,99.0,-0.81,24.31,-0.78,-14.84,2.06,0.09,0.79,6.5,13.3,18.43,"Closed loop, using oxygen sensor feedback to determine fuel mix/",34.0,33
2026-08-16 16:40:02.470,673.0,0.0,84.0,36.0,19.0,99.0,-0.8,24.31,2.34,-14.84,2.07,0.09,0.66,5.0,13.3,18.43,"Closed loop, using oxygen sensor feedback to determine fuel mix/",34.0,33
2026-08-16 16:40:04.174,682.75,0.0,84.0,36.0,17.0,99.0,-0.82,24.31,3.12,-14.84,2.03,0.78,0.58,6.5,13.3,18.04,"Closed loop, using oxygen sensor feedback to determine fuel mix/",34.0,33
2026-08-16 16:40:05.867,677.75,0.0,84.0,36.0,18.0,99.0,-0.81,24.71,-0.78,-14.84,2.07,0.09,0.79,7.0,13.3,18.82,"Closed loop, using oxygen sensor feedback to determine fuel mix/",34.0,33
2026-08-16 16:40:07.559,683.25,0.0,84.0,36.0,17.0,99.0,-0.82,24.31,2.34,-14.84,2.07,0.09,0.64,4.5,13.2,18.04,"Closed loop, using oxygen sensor feedback to determine fuel mix/",34.0,33
2026-08-16 16:40:09.269,688.0,0.0,84.0,36.0,19.0,99.0,-0.8,24.31,3.12,-14.84,2.03,0.79,0.57,3.5,13.3,18.04,"Closed loop, using oxygen sensor feedback to determine fuel mix/",34.0,33
2026-08-16 16:40:10.965,671.25,0.0,84.0,36.0,18.0,99.0,-0.81,24.31,-0.78,-14.84,2.06,0.09,0.79,5.5,13.2,18.43,"Closed loop, using oxygen sensor feedback to determine fuel mix/",34.0,33
2026-08-16 16:40:12.670,684.5,0.0,84.0,36.0,18.0,99.0,-0.81,24.31,2.34,-14.84,2.07,0.09,0.64,6.0,13.3,18.43,"Closed loop, using oxygen sensor feedback to determine fuel mix/",34.0,33
2026-08-16 16:40:14.380,687.0,0.0,84.0,36.0,18.0,99.0,-0.81,23.92,3.12,-14.84,2.0,0.79,0.62,7.0,13.2,18.04,"Closed loop, using oxygen sensor feedback to determine fuel mix/",34.0,33
2026-08-16 16:40:16.088,675.5,0.0,84.0,36.0,18.0,99.0,-0.81,24.31,-0.78,-14.84,2.04,0.09,0.78,6.5,13.3,18.43,"Closed loop, using oxygen sensor feedback to determine fuel mix/",34.0,33
2026-08-16 16:40:17.784,682.25,0.0,84.0,36.0,19.0,99.0,-0.8,24.31,2.34,-14.84,2.05,0.1,0.63,9.0,13.3,18.43,"Closed loop, using oxygen sensor feedback to determine fuel mix/",34.0,33
2026-08-16 16:40:19.491,684.0,0.0,84.0,36.0,19.0,99.0,-0.8,24.31,0.0,-14.84,2.03,0.78,0.69,5.0,13.3,18.04,"Closed loop, using oxygen sensor feedback to determine fuel mix/",34.0,33
2026-08-16 16:40:21.200,665.75,0.0,84.0,36.0,18.0,99.0,-0.81,24.71,-0.78,-14.84,2.07,0.08,0.77,10.5,13.2,18.43,"Closed loop, using oxygen sensor feedback to determine fuel mix/",34.0,33
2026-08-16 16:40:22.892,685.25,0.0,84.0,36.0,17.0,99.0,-0.82,24.31,3.12,-14.84,2.04,0.52,0.48,6.5,13.3,18.43,"Closed loop, using oxygen sensor feedback to determine fuel mix/",34.0,33
2026-08-16 16:40:24.601,682.25,0.0,84.0,36.0,17.0,99.0,-0.82,24.31,0.0,-14.84,2.04,0.79,0.72,6.0,13.3,18.43,"Closed loop, using oxygen sensor feedback to determine fuel mix/",34.0,33
2026-08-16 16:40:26.293,682.0,0.0,85.0,36.0,18.0,99.0,-0.81,24.71,-0.78,-14.84,2.09,0.08,0.76,9.0,13.3,18.82,"Closed loop, using oxygen sensor feedback to determine fuel mix/",34.0,33
2026-08-16 16:40:27.997,689.75,0.0,84.0,36.0,18.0,99.0,-0.81,24.31,3.12,-14.84,2.04,0.71,0.46,8.0,13.2,18.43,"Closed loop, using oxygen sensor feedback to determine fuel mix/",34.0,33
2026-08-16 16:40:29.704,686.0,0.0,84.0,36.0,17.0,99.0,-0.82,24.31,0.0,-14.84,2.03,0.77,0.74,6.0,13.2,18.43,"Closed loop, using oxygen sensor feedback to determine fuel mix/",34.0,33
2026-08-16 16:40:31.421,670.0,0.0,84.0,36.0,18.0,99.0,-0.81,24.31,-0.78,-14.84,2.11,0.08,0.75,4.5,13.2,18.43,"Closed loop, using oxygen sensor feedback to determine fuel mix/",34.0,33
2026-08-16 16:40:33.146,683.75,0.0,84.0,36.0,19.0,99.0,-0.8,24.31,3.12,-14.84,2.06,0.68,0.39,6.5,13.3,18.43,"Closed loop, using oxygen sensor feedback to determine fuel mix/",34.0,33
2026-08-16 16:40:34.840,681.25,0.0,85.0,36.0,17.0,99.0,-0.82,24.31,0.0,-14.84,2.03,0.77,0.69,5.5,13.3,18.43,"Closed loop, using oxygen sensor feedback to determine fuel mix/",34.0,33
2026-08-16 16:40:36.533,674.25,0.0,85.0,36.0,18.0,99.0,-0.81,24.31,-0.78,-14.84,2.07,0.08,0.75,7.0,13.3,18.43,"Closed loop, using oxygen sensor feedback to determine fuel mix/",34.0,33
2026-08-16 16:40:38.225,686.5,0.0,85.0,36.0,18.0,99.0,-0.81,24.31,3.12,-14.84,2.04,0.72,0.43,3.5,13.2,18.04,"Closed loop, using oxygen sensor feedback to determine fuel mix/",34.0,33
2026-08-16 16:40:39.916,678.0,0.0,85.0,36.0,17.0,99.0,-0.82,24.31,0.0,-14.84,2.03,0.77,0.72,7.0,13.2,18.43,"Closed loop, using oxygen sensor feedback to determine fuel mix/",34.0,33
2026-08-16 16:40:41.609,675.25,0.0,85.0,36.0,18.0,99.0,-0.81,24.31,-0.78,-14.84,2.07,0.07,0.75,9.0,13.2,18.82,"Closed loop, using oxygen sensor feedback to determine fuel mix/",34.0,33
2026-08-16 16:40:43.305,682.75,0.0,85.0,36.0,18.0,99.0,-0.81,24.31,3.12,-14.84,2.05,0.73,0.4,6.5,13.1,18.43,"Closed loop, using oxygen sensor feedback to determine fuel mix/",34.0,33
2026-08-16 16:40:44.998,681.25,0.0,85.0,36.0,18.0,99.0,-0.81,24.31,0.0,-14.84,2.05,0.74,0.73,6.0,13.3,18.43,"Closed loop, using oxygen sensor feedback to determine fuel mix/",34.0,33
2026-08-16 16:40:46.709,673.0,0.0,85.0,36.0,18.0,99.0,-0.81,24.31,-0.78,-14.84,2.06,0.07,0.73,10.5,13.2,18.43,"Closed loop, using oxygen sensor feedback to determine fuel mix/",34.0,33
2026-08-16 16:40:48.415,691.5,0.0,85.0,36.0,18.0,99.0,-0.81,24.31,3.12,-14.84,2.04,0.75,0.35,5.5,13.2,18.43,"Closed loop, using oxygen sensor feedback to determine fuel mix/",34.0,33
2026-08-16 16:40:50.126,676.0,0.0,85.0,36.0,18.0,99.0,-0.81,24.31,0.0,-14.84,2.06,0.72,0.74,6.0,13.3,18.43,"Closed loop, using oxygen sensor feedback to determine fuel mix/",34.0,33
2026-08-16 16:40:51.816,677.25,0.0,85.0,36.0,18.0,99.0,-0.81,24.71,2.34,-14.84,2.08,0.07,0.69,3.0,13.3,18.43,"Closed loop, using oxygen sensor feedback to determine fuel mix/",34.0,33
2026-08-16 16:40:53.524,686.75,0.0,85.0,36.0,18.0,99.0,-0.81,24.31,3.12,-14.84,2.02,0.76,0.35,7.0,13.3,18.04,"Closed loop, using oxygen sensor feedback to determine fuel mix/",34.0,33
2026-08-16 16:40:55.219,677.5,0.0,85.0,36.0,17.0,99.0,-0.82,24.31,-0.78,-14.84,2.03,0.34,0.76,7.0,13.3,18.04,"Closed loop, using oxygen sensor feedback to determine fuel mix/",34.0,33
2026-08-16 16:40:56.909,680.5,0.0,85.0,36.0,18.0,99.0,-0.81,24.71,2.34,-14.84,2.09,0.07,0.69,7.5,13.3,18.82,"Closed loop, using oxygen sensor feedback to determine fuel mix/",34.0,33
2026-08-16 16:40:58.602,683.75,0.0,85.0,36.0,18.0,99.0,-0.81,24.31,3.12,-14.84,2.02,0.76,0.38,2.5,13.2,18.04,"Closed loop, using oxygen sensor feedback to determine fuel mix/",34.0,33
2026-08-16 16:41:00.296,677.75,0.0,85.0,36.0,18.0,99.0,-0.81,24.71,-0.78,-14.84,2.08,0.1,0.77,6.0,13.3,18.43,"Closed loop, using oxygen sensor feedback to determine fuel mix/",34.0,33
2026-08-16 16:41:02.005,679.5,0.0,85.0,36.0,19.0,99.0,-0.8,24.31,2.34,-14.84,2.05,0.08,0.65,2.5,13.3,18.04,"Closed loop, using oxygen sensor feedback to determine fuel mix/",34.0,33
2026-08-16 16:41:03.705,684.0,0.0,85.0,36.0,18.0,99.0,-0.81,24.31,3.12,-14.84,2.03,0.77,0.39,4.5,13.3,18.04,"Closed loop, using oxygen sensor feedback to determine fuel mix/",34.0,34
2026-08-16 16:41:05.406,680.0,0.0,85.0,36.0,18.0,99.0,-0.81,24.31,-0.78,-14.84,2.06,0.09,0.77,6.0,13.3,18.43,"Closed loop, using oxygen sensor feedback to determine fuel mix/",34.0,34
2026-08-16 16:41:07.105,684.0,0.0,85.0,36.0,19.0,99.0,-0.8,24.31,2.34,-14.84,2.05,0.1,0.56,4.5,13.2,18.43,"Closed loop, using oxygen sensor feedback to determine fuel mix/",34.0,34
2026-08-16 16:41:08.809,686.5,0.0,85.0,36.0,17.0,99.0,-0.82,24.31,3.12,-14.84,2.02,0.78,0.49,6.5,13.3,18.04,"Closed loop, using oxygen sensor feedback to determine fuel mix/",34.0,34
2026-08-16 16:41:10.505,675.75,0.0,85.0,36.0,19.0,99.0,-0.8,24.31,-0.78,-14.84,2.04,0.08,0.77,7.0,13.3,18.43,"Closed loop, using oxygen sensor feedback to determine fuel mix/",34.0,34
2026-08-16 16:41:12.211,683.0,0.0,85.0,36.0,19.0,99.0,-0.8,24.31,3.12,-14.84,2.04,0.13,0.46,4.5,13.2,18.04,"Closed loop, using oxygen sensor feedback to determine fuel mix/",34.0,34
2026-08-16 16:41:13.920,683.5,0.0,85.0,36.0,17.0,99.0,-0.82,23.92,3.12,-14.84,2.01,0.78,0.52,7.0,13.3,18.04,"Closed loop, using oxygen sensor feedback to determine fuel mix/",34.0,34
2026-08-16 16:41:15.612,675.75,0.0,85.0,36.0,18.0,99.0,-0.81,24.31,-0.78,-14.84,2.03,0.08,0.77,5.5,13.2,18.43,"Closed loop, using oxygen sensor feedback to determine fuel mix/",34.0,34
2026-08-16 16:41:17.306,685.25,0.0,86.0,36.0,18.0,99.0,-0.81,24.31,3.12,-14.84,2.03,0.15,0.45,5.0,13.2,18.04,"Closed loop, using oxygen sensor feedback to determine fuel mix/",34.0,34
2026-08-16 16:41:19.017,680.75,0.0,85.0,36.0,,99.0,,23.92,3.12,-14.84,2.01,0.77,0.52,6.0,13.3,18.04,"Closed loop, using oxygen sensor feedback to determine fuel mix/",34.0,34
2026-08-16 16:41:20.704,676.75,0.0,85.0,36.0,19.0,99.0,-0.8,24.31,-0.78,-14.84,2.06,0.08,0.76,5.5,13.3,18.43,"Closed loop, using oxygen sensor feedback to determine fuel mix/",34.0,34
2026-08-16 16:41:22.401,684.5,0.0,85.0,36.0,18.0,99.0,-0.81,24.31,3.12,-14.84,2.02,0.15,0.36,6.5,13.3,18.04,"Closed loop, using oxygen sensor feedback to determine fuel mix/",34.0,34
2026-08-16 16:41:24.093,680.75,0.0,86.0,36.0,18.0,99.0,-0.81,24.31,0.0,-14.84,2.02,0.76,0.47,6.5,13.3,18.04,"Closed loop, using oxygen sensor feedback to determine fuel mix/",34.0,34
2026-08-16 16:41:25.819,671.5,0.0,86.0,36.0,19.0,99.0,-0.8,24.31,-0.78,-14.84,2.04,0.08,0.74,5.0,13.2,18.43,"Closed loop, using oxygen sensor feedback to determine fuel mix/",34.0,34
2026-08-16 16:41:27.513,678.5,0.0,86.0,36.0,18.0,99.0,-0.81,24.31,3.12,-14.84,2.03,0.27,0.31,5.0,13.3,18.04,"Closed loop, using oxygen sensor feedback to determine fuel mix/",34.0,34
2026-08-16 16:41:29.206,680.25,0.0,86.0,36.0,18.0,99.0,-0.81,23.92,0.0,-14.84,1.99,0.77,0.48,8.5,13.3,18.04,"Closed loop, using oxygen sensor feedback to determine fuel mix/",34.0,34
2026-08-16 16:41:30.912,673.0,0.0,86.0,36.0,19.0,99.0,-0.8,24.31,-0.78,-14.84,2.04,0.08,0.73,7.0,13.3,18.43,"Closed loop, using oxygen sensor feedback to determine fuel mix/",34.0,34
2026-08-16 16:41:32.623,681.25,0.0,86.0,36.0,18.0,99.0,-0.81,24.31,3.12,-14.84,2.01,0.74,0.29,7.0,13.3,18.04,"Closed loop, using oxygen sensor feedback to determine fuel mix/",34.0,34
2026-08-16 16:41:34.317,686.75,0.0,86.0,36.0,19.0,99.0,-0.8,23.92,0.0,-14.84,1.99,0.76,0.61,8.0,13.3,18.04,"Closed loop, using oxygen sensor feedback to determine fuel mix/",34.0,34
2026-08-16 16:41:36.008,672.5,0.0,86.0,36.0,19.0,99.0,-0.8,24.31,-0.78,-14.84,2.01,0.07,0.72,6.5,13.3,18.04,"Closed loop, using oxygen sensor feedback to determine fuel mix/",34.0,34
2026-08-16 16:41:37.701,684.0,0.0,86.0,36.0,18.0,99.0,-0.81,23.92,3.12,-14.84,1.99,0.74,0.28,8.0,13.2,17.65,"Closed loop, using oxygen sensor feedback to determine fuel mix/",34.0,34
2026-08-16 16:41:39.393,678.75,0.0,86.0,36.0,19.0,99.0,-0.8,23.92,0.0,-14.84,2.0,0.75,0.61,7.5,13.3,18.04,"Closed loop, using oxygen sensor feedback to determine fuel mix/",34.0,34
2026-08-16 16:41:41.089,678.5,0.0,86.0,36.0,17.0,99.0,-0.82,24.31,-0.78,-14.84,2.04,0.07,0.71,7.0,13.3,18.43,"Closed loop, using oxygen sensor feedback to determine fuel mix/",34.0,34
2026-08-16 16:41:42.794,682.0,0.0,86.0,36.0,19.0,99.0,-0.8,23.92,3.12,-14.84,1.98,0.74,0.3,6.0,13.3,18.04,"Closed loop, using oxygen sensor feedback to determine fuel mix/",34.0,34
2026-08-16 16:41:44.491,683.75,0.0,86.0,36.0,17.0,99.0,-0.82,24.31,0.0,-14.84,2.01,0.73,0.65,8.0,13.2,18.04,"Closed loop, using oxygen sensor feedback to determine fuel mix/",34.0,34
2026-08-16 16:41:46.181,680.0,0.0,86.0,36.0,17.0,99.0,-0.82,24.31,2.34,-14.84,2.04,0.07,0.68,4.0,13.2,18.04,"Closed loop, using oxygen sensor feedback to determine fuel mix/",34.0,34
2026-08-16 16:41:47.876,685.25,0.0,86.0,36.0,17.0,99.0,-0.82,23.92,3.12,-14.84,2.01,0.74,0.29,6.5,13.3,18.04,"Closed loop, using oxygen sensor feedback to determine fuel mix/",34.0,34
2026-08-16 16:41:49.584,671.0,0.0,86.0,36.0,18.0,99.0,-0.81,24.31,0.0,-14.84,2.02,0.64,0.68,5.0,13.3,18.04,"Closed loop, using oxygen sensor feedback to determine fuel mix/",34.0,34
2026-08-16 16:41:51.275,681.75,0.0,86.0,36.0,19.0,99.0,-0.8,23.92,2.34,-14.84,2.01,0.07,0.67,5.0,13.2,18.04,"Closed loop, using oxygen sensor feedback to determine fuel mix/",34.0,34
2026-08-16 16:41:52.974,681.25,0.0,86.0,36.0,18.0,99.0,-0.81,23.92,3.12,-14.84,1.98,0.74,0.3,6.5,13.3,17.65,"Closed loop, using oxygen sensor feedback to determine fuel mix/",34.0,34
2026-08-16 16:41:54.679,672.75,0.0,86.0,36.0,17.0,99.0,-0.82,24.31,0.0,-14.84,2.01,0.54,0.68,6.5,13.2,18.04,"Closed loop, using oxygen sensor feedback to determine fuel mix/",34.0,34
2026-08-16 16:41:56.372,685.75,0.0,86.0,36.0,17.0,99.0,-0.82,23.92,0.0,-14.84,2.0,0.74,0.69,6.0,13.3,18.04,"Closed loop, using oxygen sensor feedback to determine fuel mix/",34.0,34
2026-08-16 16:41:58.080,674.5,0.0,86.0,36.0,18.0,99.0,-0.81,24.31,-0.78,-14.84,2.03,0.07,0.7,9.0,13.3,18.43,"Closed loop, using oxygen sensor feedback to determine fuel mix/",34.0,34
2026-08-16 16:41:59.778,680.25,0.0,86.0,36.0,18.0,99.0,-0.81,24.31,3.12,-14.84,2.01,0.72,0.32,5.0,13.3,18.04,"Closed loop, using oxygen sensor feedback to determine fuel mix/",34.0,34
2026-08-16 16:42:01.502,678.0,0.0,86.0,36.0,18.0,99.0,-0.81,24.31,0.0,-14.84,2.0,0.74,0.64,6.0,13.2,18.04,"Closed loop, using oxygen sensor feedback to determine fuel mix/",34.0,34
2026-08-16 16:42:03.225,684.25,0.0,86.0,36.0,18.0,99.0,-0.81,24.31,-0.78,-14.84,2.04,0.07,0.69,5.5,13.3,18.04,"Closed loop, using oxygen sensor feedback to determine fuel mix/",34.0,34
2026-08-16 16:42:04.917,682.25,0.0,86.0,36.0,17.0,99.0,-0.82,24.31,4.69,-14.84,2.0,0.73,0.26,4.0,13.3,17.65,"Closed loop, using oxygen sensor feedback to determine fuel mix/",34.0,34
2026-08-16 16:42:06.610,683.25,0.0,86.0,36.0,18.0,99.0,-0.81,23.92,0.78,-14.84,2.0,0.77,0.6,6.0,13.3,18.04,"Closed loop, using oxygen sensor feedback to determine fuel mix/",34.0,34
2026-08-16 16:42:08.303,680.75,0.0,86.0,36.0,17.0,99.0,-0.82,23.92,0.0,-14.84,1.99,0.09,0.74,7.0,13.2,18.04,"Closed loop, using oxygen sensor feedback to determine fuel mix/",34.0,34
2026-08-16 16:42:10.010,686.25,0.0,86.0,36.0,18.0,99.0,-0.81,23.92,4.69,-14.84,1.99,0.74,0.51,4.5,13.3,17.65,"Closed loop, using oxygen sensor feedback to determine fuel mix/",34.0,34
2026-08-16 16:42:11.721,674.0,0.0,86.0,36.0,17.0,99.0,-0.82,23.92,0.78,-14.84,1.99,0.73,0.77,6.0,13.2,18.04,"Closed loop, using oxygen sensor feedback to determine fuel mix/",34.0,34
2026-08-16 16:42:13.411,674.0,0.0,86.0,36.0,18.0,99.0,-0.81,24.31,0.0,-14.06,2.02,0.08,0.74,6.0,13.2,18.04,"Closed loop, using oxygen sensor feedback to determine fuel mix/",34.0,34
2026-08-16 16:42:15.107,680.5,0.0,86.0,36.0,17.0,99.0,-0.82,23.92,0.78,-14.06,1.99,0.76,0.52,6.0,13.3,18.04,"Closed loop, using oxygen sensor feedback to determine fuel mix/",34.0,34
2026-08-16 16:42:16.813,684.75,0.0,86.0,36.0,19.0,99.0,-0.8,23.92,4.69,-14.06,1.96,0.7,0.71,7.0,13.2,17.65,"Closed loop, using oxygen sensor feedback to determine fuel mix/",34.0,34
2026-08-16 16:42:18.526,676.5,0.0,86.0,36.0,18.0,99.0,-0.81,23.92,0.0,-13.28,2.0,0.1,0.77,6.0,13.3,18.04,"Closed loop, using oxygen sensor feedback to determine fuel mix/",34.0,34
2026-08-16 16:42:20.218,683.75,0.0,86.0,36.0,17.0,99.0,-0.82,23.92,3.12,-14.06,1.99,0.14,0.67,4.5,13.3,17.65,"Closed loop, using oxygen sensor feedback to determine fuel mix/",34.0,34
2026-08-16 16:42:21.925,,0.0,86.0,36.0,18.0,99.0,-0.81,24.31,0.0,-13.28,,0.12,0.76,7.5,13.3,18.04,"Closed loop, using oxygen sensor feedback to determine fuel mix/",34.0,34
2026-08-16 16:42:23.558,681.75,0.0,86.0,36.0,18.0,99.0,-0.81,23.92,3.12,-14.06,2.0,0.1,0.69,4.0,13.3,17.65,"Closed loop, using oxygen sensor feedback to determine fuel mix/",34.0,34
2026-08-16 16:42:25.247,680.75,0.0,86.0,36.0,18.0,99.0,-0.81,23.92,0.0,-14.06,1.98,0.61,0.74,7.5,13.3,18.04,"Closed loop, using oxygen sensor feedback to determine fuel mix/",34.0,34
2026-08-16 16:42:26.943,680.75,0.0,86.0,36.0,17.0,99.0,-0.82,23.92,,-14.06,2.01,0.09,0.72,3.5,13.2,17.65,"Closed loop, using oxygen sensor feedback to determine fuel mix/",34.0,34
2026-08-16 16:42:28.600,678.75,0.0,86.0,36.0,18.0,99.0,-0.81,23.92,0.0,-14.06,1.99,0.74,0.67,6.5,13.2,18.04,"Closed loop, using oxygen sensor feedback to determine fuel mix/",34.0,34
2026-08-16 16:42:30.296,682.0,0.0,86.0,36.0,17.0,99.0,-0.82,24.31,0.0,-14.06,2.01,0.09,0.74,7.0,13.3,18.04,"Closed loop, using oxygen sensor feedback to determine fuel mix/",34.0,34
2026-08-16 16:42:32.002,683.0,0.0,86.0,36.0,17.0,99.0,-0.82,23.92,0.78,-14.06,1.97,0.77,0.64,6.5,13.3,17.65,"Closed loop, using oxygen sensor feedback to determine fuel mix/",34.0,34
2026-08-16 16:42:33.735,680.25,0.0,86.0,36.0,18.0,99.0,-0.81,23.92,0.0,-14.06,1.99,0.09,0.76,5.5,13.2,17.65,"Closed loop, using oxygen sensor feedback to determine fuel mix/",34.0,34
2026-08-16 16:42:35.453,686.0,0.0,86.0,36.0,17.0,99.0,-0.82,23.92,0.78,-14.06,1.98,0.77,0.65,7.5,13.3,18.04,"Closed loop, using oxygen sensor feedback to determine fuel mix/",34.0,34
2026-08-16 16:42:37.147,675.5,0.0,86.0,36.0,18.0,99.0,-0.81,24.31,0.0,-13.28,2.01,0.09,0.77,7.0,13.3,18.04,"Closed loop, using oxygen sensor feedback to determine fuel mix/",34.0,34
2026-08-16 16:42:38.856,684.25,0.0,86.0,36.0,17.0,99.0,-0.82,23.92,0.78,-13.28,2.0,0.73,0.62,5.5,13.2,17.65,"Closed loop, using oxygen sensor feedback to determine fuel mix/",34.0,34
2026-08-16 16:42:40.547,682.25,0.0,86.0,36.0,19.0,99.0,-0.8,24.31,0.0,-13.28,2.01,0.1,0.76,5.5,13.3,18.04,"Closed loop, using oxygen sensor feedback to determine fuel mix/",34.0,34
2026-08-16 16:42:42.241,684.75,0.0,87.0,36.0,18.0,99.0,-0.81,23.92,4.69,-13.28,1.99,0.74,0.68,4.5,13.3,17.65,"Closed loop, using oxygen sensor feedback to determine fuel mix/",34.0,34
2026-08-16 16:42:43.949,680.75,0.0,86.0,36.0,19.0,99.0,-0.8,23.92,0.0,-13.28,1.99,0.11,0.78,5.0,13.2,17.65,"Closed loop, using oxygen sensor feedback to determine fuel mix/",34.0,34
2026-08-16 16:42:45.661,675.0,0.0,86.0,36.0,18.0,99.0,-0.81,23.92,3.12,-13.28,1.99,0.1,0.71,5.0,13.3,17.65,"Closed loop, using oxygen sensor feedback to determine fuel mix/",34.0,34
2026-08-16 16:42:47.352,675.5,0.0,86.0,36.0,18.0,99.0,-0.81,23.92,0.0,-13.28,2.0,0.59,0.77,5.0,13.2,18.04,"Closed loop, using oxygen sensor feedback to determine fuel mix/",34.0,34
2026-08-16 16:42:49.045,681.0,0.0,86.0,36.0,18.0,99.0,-0.81,23.92,0.0,-13.28,2.01,0.09,0.73,7.0,13.3,18.04,"Closed loop, using oxygen sensor feedback to determine fuel mix/",34.0,34
2026-08-16 16:42:50.792,685.0,0.0,86.0,37.0,17.0,99.0,-0.82,23.92,0.0,-13.28,1.99,0.74,0.73,7.0,13.3,17.65,"Closed loop, using oxygen sensor feedback to determine fuel mix/",34.0,34
2026-08-16 16:42:52.494,676.5,0.0,86.0,37.0,18.0,99.0,-0.81,24.31,0.0,,2.01,0.09,0.76,8.5,13.3,18.04,"Closed loop, using oxygen sensor feedback to determine fuel mix/",34.0,34
2026-08-16 16:42:54.157,683.5,0.0,87.0,37.0,17.0,99.0,-0.82,23.92,0.78,-13.28,1.98,0.77,0.67,6.0,13.3,17.65,"Closed loop, using oxygen sensor feedback to determine fuel mix/",34.0,34
2026-08-16 16:42:55.864,676.5,0.0,86.0,37.0,19.0,99.0,-0.8,23.92,0.0,-13.28,2.0,0.1,0.78,5.5,13.3,18.04,"Closed loop, using oxygen sensor feedback to determine fuel mix/",34.0,34
2026-08-16 16:42:57.558,689.5,0.0,87.0,37.0,17.0,99.0,-0.82,23.92,3.12,-13.28,1.97,0.2,0.69,6.5,13.3,17.65,"Closed loop, using oxygen sensor feedback to determine fuel mix/",34.0,34
2026-08-16 16:42:59.249,677.25,0.0,86.0,37.0,18.0,99.0,-0.81,23.92,0.0,-13.28,1.98,0.14,0.78,7.5,13.3,18.04,"Closed loop, using oxygen sensor feedback to determine fuel mix/",34.0,34
2026-08-16 16:43:00.943,681.25,0.0,87.0,37.0,18.0,99.0,-0.81,24.31,3.12,-13.28,2.02,0.09,0.71,6.0,13.3,18.04,"Closed loop, using oxygen sensor feedback to determine fuel mix/",34.0,34
2026-08-16 16:43:02.635,676.0,0.0,86.0,37.0,19.0,99.0,-0.8,24.31,0.0,-13.28,2.0,0.73,0.73,4.5,13.2,18.04,"Closed loop, using oxygen sensor feedback to determine fuel mix/",34.0,34
2026-08-16 16:43:04.363,675.0,0.0,87.0,37.0,17.0,99.0,-0.82,23.92,0.0,-13.28,2.0,0.09,0.75,6.5,13.3,18.04,"Closed loop, using oxygen sensor feedback to determine fuel mix/",34.0,34
2026-08-16 16:43:06.054,685.75,0.0,86.0,37.0,18.0,99.0,-0.81,23.92,0.78,-13.28,1.97,0.78,0.68,6.0,13.3,17.65,"Closed loop, using oxygen sensor feedback to determine fuel mix/",34.0,34
2026-08-16 16:43:07.748,676.5,0.0,87.0,37.0,18.0,99.0,-0.81,24.31,-0.78,-13.28,2.01,0.09,0.77,5.0,13.2,18.04,"Closed loop, using oxygen sensor feedback to determine fuel mix/",34.0,34
2026-08-16 16:43:09.474,684.5,0.0,87.0,37.0,18.0,99.0,-0.81,23.92,2.34,-13.28,1.98,0.16,0.66,5.0,13.3,17.65,"Closed loop, using oxygen sensor feedback to determine fuel mix/",34.0,34
2026-08-16 16:43:11.180,675.5,0.0,86.0,37.0,17.0,99.0,-0.82,23.92,-0.78,-13.28,1.99,0.09,0.77,6.0,13.2,17.65,"Closed loop, using oxygen sensor feedback to determine fuel mix/",34.0,34
2026-08-16 16:43:12.875,681.25,0.0,87.0,37.0,18.0,99.0,-0.81,23.92,2.34,-13.28,1.99,0.12,0.65,5.5,13.3,17.65,"Closed loop, using oxygen sensor feedback to determine fuel mix/",34.0,34
2026-08-16 16:43:14.580,673.5,0.0,86.0,37.0,17.0,99.0,-0.82,24.31,2.34,-13.28,2.02,0.1,0.75,4.5,13.2,18.04,"Closed loop, using oxygen sensor feedback to determine fuel mix/",34.0,34
2026-08-16 16:43:16.277,680.5,0.0,87.0,37.0,19.0,99.0,-0.8,24.31,-0.78,-13.28,2.01,0.71,0.75,7.5,13.3,18.04,"Closed loop, using oxygen sensor feedback to determine fuel mix/",34.0,34
2026-08-16 16:43:18.001,678.0,0.0,87.0,37.0,18.0,99.0,-0.81,24.31,-0.78,-13.28,2.02,0.08,0.72,7.5,13.2,18.04,"Closed loop, using oxygen sensor feedback to determine fuel mix/",34.0,34
2026-08-16 16:43:19.694,681.5,0.0,86.0,37.0,17.0,99.0,-0.82,23.92,0.0,-13.28,2.0,0.74,0.6,6.0,13.2,18.04,"Closed loop, using oxygen sensor feedback to determine fuel mix/",34.0,34
2026-08-16 16:43:21.385,679.25,0.0,87.0,37.0,18.0,99.0,-0.81,23.92,-0.78,-13.28,1.99,0.09,0.72,6.0,13.2,18.04,"Closed loop, using oxygen sensor feedback to determine fuel mix/",34.0,34
2026-08-16 16:43:23.095,684.0,0.0,87.0,37.0,17.0,99.0,-0.82,23.92,3.12,-13.28,1.98,0.78,0.57,3.5,13.3,17.65,"Closed loop, using oxygen sensor feedback to determine fuel mix/",34.0,34
2026-08-16 16:43:24.812,675.25,0.0,87.0,37.0,17.0,99.0,-0.82,23.92,-0.78,-13.28,1.98,0.47,0.79,5.0,13.2,18.04,"Closed loop, using oxygen sensor feedback to determine fuel mix/",34.0,35
2026-08-16 16:43:26.512,675.75,0.0,86.0,37.0,17.0,99.0,-0.82,23.92,1.56,-13.28,2.0,0.08,0.71,5.5,13.3,17.65,"Closed loop, using oxygen sensor feedback to determine fuel mix/",34.0,35
2026-08-16 16:43:28.208,681.5,0.0,87.0,37.0,18.0,99.0,-0.81,23.92,2.34,-13.28,1.98,0.77,0.56,6.0,13.3,17.65,"Closed loop, using oxygen sensor feedback to determine fuel mix/",34.0,35
2026-08-16 16:43:29.901,674.25,0.0,87.0,37.0,17.0,99.0,-0.82,23.92,-1.56,-13.28,1.98,0.09,0.78,7.0,13.3,17.65,"Closed loop, using oxygen sensor feedback to determine fuel mix/",34.0,35
2026-08-16 16:43:31.611,680.75,0.0,86.0,37.0,17.0,99.0,-0.82,23.92,1.56,-13.28,2.0,0.09,0.65,6.5,13.3,18.04,"Closed loop, using oxygen sensor feedback to determine fuel mix/",34.0,35
2026-08-16 16:43:33.318,687.25,0.0,87.0,37.0,17.0,99.0,-0.82,23.92,2.34,-13.28,1.99,0.77,0.52,6.0,13.3,17.65,"Closed loop, using oxygen sensor feedback to determine fuel mix/",34.0,35
2026-08-16 16:43:35.042,679.0,0.0,87.0,37.0,17.0,99.0,-0.82,24.31,-1.56,-13.28,2.02,0.09,0.78,7.0,13.3,18.04,"Closed loop, using oxygen sensor feedback to determine fuel mix/",34.0,35
2026-08-16 16:43:36.753,683.75,0.0,87.0,37.0,17.0,99.0,-0.82,23.92,1.56,-13.28,2.0,0.1,0.58,5.5,13.3,18.04,"Closed loop, using oxygen sensor feedback to determine fuel mix/",34.0,35
2026-08-16 16:43:38.446,674.0,0.0,87.0,37.0,17.0,99.0,-0.82,23.92,2.34,-13.28,1.98,0.8,0.55,6.5,13.2,17.65,"Closed loop, using oxygen sensor feedback to determine fuel mix/",34.0,35
2026-08-16 16:43:40.154,669.25,0.0,87.0,37.0,18.0,99.0,-0.81,24.31,-1.56,-13.28,2.02,0.09,0.78,6.0,13.3,18.04,"Closed loop, using oxygen sensor feedback to determine fuel mix/",34.0,35
2026-08-16 16:43:41.862,680.75,0.0,86.0,38.0,18.0,99.0,-0.81,23.92,1.56,-13.28,2.0,0.09,0.58,3.0,13.2,17.65,"Closed loop, using oxygen sensor feedback to determine fuel mix/",34.0,35
2026-08-16 16:43:43.573,684.0,0.0,87.0,38.0,17.0,99.0,-0.82,23.92,2.34,-13.28,1.98,0.78,0.49,6.5,13.3,17.65,"Closed loop, using oxygen sensor feedback to determine fuel mix/",34.0,35
2026-08-16 16:43:45.263,674.0,0.0,87.0,38.0,17.0,99.0,-0.82,24.31,-1.56,-13.28,2.01,0.09,0.78,5.5,13.3,18.04,"Closed loop, using oxygen sensor feedback to determine fuel mix/",34.0,35
2026-08-16 16:43:46.964,683.0,0.0,87.0,38.0,17.0,99.0,-0.82,23.92,1.56,-13.28,2.01,0.09,0.64,5.0,13.2,17.65,"Closed loop, using oxygen sensor feedback to determine fuel mix/",34.0,35
2026-08-16 16:43:48.667,683.0,0.0,87.0,38.0,18.0,99.0,-0.81,23.92,2.34,-13.28,1.98,0.78,0.51,6.0,13.3,17.65,"Closed loop, using oxygen sensor feedback to determine fuel mix/",34.0,35
2026-08-16 16:43:50.360,680.5,0.0,87.0,38.0,18.0,99.0,-0.81,23.92,-1.56,-13.28,2.01,0.1,0.79,6.5,13.3,18.04,"Closed loop, using oxygen sensor feedback to determine fuel mix/",34.0,35
2026-08-16 16:43:52.053,680.25,0.0,87.0,38.0,18.0,99.0,-0.81,23.92,1.56,-13.28,2.01,0.08,0.64,5.0,13.3,18.04,"Closed loop, using oxygen sensor feedback to determine fuel mix/",34.0,35
2026-08-16 16:43:53.744,680.0,0.0,87.0,38.0,18.0,99.0,-0.81,23.92,2.34,-13.28,1.99,0.79,0.42,5.5,13.3,18.04,"Closed loop, using oxygen sensor feedback to determine fuel mix/",34.0,35
2026-08-16 16:43:55.438,673.75,0.0,87.0,38.0,18.0,99.0,-0.81,24.31,-1.56,-13.28,2.01,0.1,0.78,6.5,13.2,18.04,"Closed loop, using oxygen sensor feedback to determine fuel mix/",34.0,35
2026-08-16 16:43:57.132,673.5,0.0,87.0,38.0,18.0,99.0,-0.81,24.31,1.56,-13.28,1.99,0.08,0.67,6.5,13.3,18.04,"Closed loop, using oxygen sensor feedback to determine fuel mix/",34.0,35
2026-08-16 16:43:58.827,682.0,0.0,87.0,38.0,17.0,99.0,-0.82,23.92,2.34,-13.28,1.98,0.79,0.48,6.0,13.3,17.65,"Closed loop, using oxygen sensor feedback to determine fuel mix/",34.0,35
2026-08-16 16:44:00.533,678.0,0.0,87.0,38.0,19.0,99.0,-0.8,23.92,-1.56,-13.28,2.0,0.24,0.79,6.5,13.2,18.04,"Closed loop, using oxygen sensor feedback to determine fuel mix/",34.0,35
2026-08-16 16:44:02.229,679.0,0.0,87.0,38.0,19.0,99.0,-0.8,24.31,1.56,-13.28,2.02,0.07,0.69,4.5,13.3,18.04,"Closed loop, using oxygen sensor feedback to determine fuel mix/",34.0,35
2026-08-16 16:44:03.920,680.25,0.0,87.0,38.0,19.0,99.0,-0.8,23.92,2.34,-13.28,1.99,0.78,0.46,5.0,13.2,17.65,"Closed loop, using oxygen sensor feedback to determine fuel mix/",34.0,35
2026-08-16 16:44:05.629,674.75,0.0,87.0,38.0,18.0,99.0,-0.81,23.92,-1.56,-13.28,2.01,0.38,0.78,7.0,13.2,18.04,"Closed loop, using oxygen sensor feedback to determine fuel mix/",34.0,35
2026-08-16 16:44:07.321,680.75,0.0,87.0,38.0,17.0,99.0,-0.82,24.31,1.56,-13.28,2.03,0.07,0.69,6.0,13.3,18.43,"Closed loop, using oxygen sensor feedback to determine fuel mix/",34.0,35
2026-08-16 16:44:09.016,683.5,0.0,87.0,38.0,19.0,99.0,-0.8,23.92,2.34,-13.28,2.0,0.78,0.45,5.5,13.2,18.04,"Closed loop, using oxygen sensor feedback to determine fuel mix/",34.0,35
2026-08-16 16:44:10.707,680.75,0.0,87.0,38.0,17.0,99.0,-0.82,23.92,-1.56,-13.28,2.0,0.61,0.78,7.0,13.3,18.04,"Closed loop, using oxygen sensor feedback to determine fuel mix/",34.0,35
2026-08-16 16:44:12.399,676.75,0.0,87.0,38.0,17.0,99.0,-0.82,24.31,1.56,-13.28,2.02,0.07,0.7,3.5,13.3,17.65,"Closed loop, using oxygen sensor feedback to determine fuel mix/",34.0,35
2026-08-16 16:44:14.094,680.25,0.0,87.0,38.0,17.0,99.0,-0.82,23.92,2.34,-13.28,2.0,0.77,0.46,5.5,13.3,17.65,"Closed loop, using oxygen sensor feedback to determine fuel mix/",34.0,35
2026-08-16 16:44:15.804,667.75,0.0,87.0,38.0,19.0,99.0,-0.8,24.71,-1.56,-12.5,2.14,0.1,0.78,7.0,13.3,18.82,"Closed loop, using oxygen sensor feedback to determine fuel mix/",34.0,35
2026-08-16 16:44:17.499,678.0,0.0,87.0,38.0,20.0,99.0,-0.79,24.71,1.56,-13.28,2.15,0.07,0.5,7.5,12.7,21.96,"Closed loop, using oxygen sensor feedback to determine fuel mix/",34.0,35
2026-08-16 16:44:19.204,677.0,0.0,87.0,38.0,20.0,99.0,-0.79,25.88,3.12,-13.28,2.48,0.74,0.18,-1.0,12.6,22.75,"Closed loop, using oxygen sensor feedback to determine fuel mix/",34.0,35
2026-08-16 16:44:20.900,676.25,0.0,87.0,38.0,23.0,99.0,-0.76,26.27,0.0,-13.28,2.64,0.67,0.41,-4.0,13.4,23.92,"Closed loop, using oxygen sensor feedback to determine fuel mix/",34.0,35
2026-08-16 16:44:22.609,676.75,0.0,87.0,38.0,20.0,99.0,-0.79,25.49,4.69,-13.28,2.35,0.78,0.51,-3.5,13.4,20.39,"Closed loop, using oxygen sensor feedback to determine fuel mix/",34.0,35
2026-08-16 16:44:24.302,679.0,0.0,87.0,38.0,17.0,99.0,-0.82,24.31,0.0,-13.28,2.05,0.79,0.81,4.5,13.3,18.43,"Closed loop, using oxygen sensor feedback to determine fuel mix/",34.0,35
2026-08-16 16:44:26.009,673.0,0.0,87.0,38.0,19.0,99.0,-0.8,24.31,-1.56,-13.28,2.05,0.09,0.77,5.5,13.3,18.43,"Closed loop, using oxygen sensor feedback to determine fuel mix/",34.0,35
2026-08-16 16:44:27.704,684.0,0.0,87.0,38.0,18.0,99.0,-0.81,24.31,1.56,-13.28,2.03,0.1,0.68,2.5,13.3,18.04,"Closed loop, using oxygen sensor feedback to determine fuel mix/",34.0,35
2026-08-16 16:44:29.398,675.75,0.0,87.0,38.0,18.0,99.0,-0.81,24.31,-1.56,-13.28,2.03,0.1,0.76,6.5,13.2,18.04,"Closed loop, using oxygen sensor feedback to determine fuel mix/",34.0,35
2026-08-16 16:44:31.089,681.25,0.0,87.0,38.0,18.0,99.0,-0.81,24.31,1.56,-12.5,2.03,0.09,0.67,5.5,13.3,18.04,"Closed loop, using oxygen sensor feedback to determine fuel mix/",34.0,35
2026-08-16 16:44:32.800,682.5,0.0,87.0,39.0,18.0,99.0,-0.81,23.92,2.34,-13.28,2.01,0.79,0.62,5.5,13.3,18.04,"Closed loop, using oxygen sensor feedback to determine fuel mix/",34.0,35
2026-08-16 16:44:34.490,677.25,0.0,87.0,39.0,17.0,99.0,-0.82,24.31,-1.56,-12.5,2.03,0.1,0.79,5.0,13.3,18.43,"Closed loop, using oxygen sensor feedback to determine fuel mix/",34.0,35
2026-08-16 16:44:36.201,675.5,0.0,87.0,39.0,18.0,99.0,-0.81,24.31,1.56,-12.5,2.07,0.09,0.67,3.0,13.3,18.04,"Closed loop, using oxygen sensor feedback to determine fuel mix/",34.0,35
2026-08-16 16:44:37.910,688.5,0.0,87.0,39.0,17.0,99.0,-0.82,23.92,2.34,-13.28,2.02,0.8,0.6,4.0,13.2,18.04,"Closed loop, using oxygen sensor feedback to determine fuel mix/",34.0,35
2026-08-16 16:44:39.623,678.0,0.0,87.0,39.0,18.0,99.0,-0.81,24.31,-1.56,-12.5,2.02,0.09,0.79,6.5,13.3,18.04,"Closed loop, using oxygen sensor feedback to determine fuel mix/",34.0,35
2026-08-16 16:44:41.326,678.75,0.0,87.0,39.0,18.0,99.0,-0.81,24.31,1.56,-12.5,2.03,0.09,0.68,3.5,13.2,18.04,"Closed loop, using oxygen sensor feedback to determine fuel mix/",34.0,35
2026-08-16 16:44:43.021,673.75,0.0,87.0,39.0,19.0,99.0,-0.8,24.31,-1.56,-13.28,2.03,0.12,0.69,3.5,13.2,18.04,"Closed loop, using oxygen sensor feedback to determine fuel mix/",34.0,35
2026-08-16 16:44:44.727,679.75,0.0,87.0,39.0,17.0,99.0,-0.82,24.31,-0.78,-13.28,2.02,0.73,0.73,7.5,13.3,18.43,"Closed loop, using oxygen sensor feedback to determine fuel mix/",34.0,35
2026-08-16 16:44:46.422,680.25,0.0,87.0,39.0,18.0,99.0,-0.81,24.31,-1.56,-13.28,2.04,0.08,0.71,4.5,13.3,18.43,"Closed loop, using oxygen sensor feedback to determine fuel mix/",34.0,35
2026-08-16 16:44:48.117,680.25,0.0,87.0,39.0,18.0,99.0,-0.81,23.92,2.34,-13.28,2.01,0.79,0.54,4.0,13.2,18.04,"Closed loop, using oxygen sensor feedback to determine fuel mix/",34.0,35
2026-08-16 16:44:49.809,681.0,0.0,87.0,39.0,19.0,99.0,-0.8,24.31,-1.56,-12.5,2.03,0.41,0.79,6.5,13.3,18.43,"Closed loop, using oxygen sensor feedback to determine fuel mix/",34.0,35
2026-08-16 16:44:51.519,681.25,0.0,87.0,39.0,19.0,99.0,-0.8,24.31,1.56,-13.28,2.08,0.07,0.69,3.0,13.3,18.43,"Closed loop, using oxygen sensor feedback to determine fuel mix/",34.0,35
2026-08-16 16:44:53.211,686.0,0.0,87.0,39.0,18.0,99.0,-0.81,24.31,2.34,-13.28,2.01,0.8,0.53,4.5,13.3,18.04,"Closed loop, using oxygen sensor feedback to determine fuel mix/",34.0,35
2026-08-16 16:44:54.905,674.25,0.0,87.0,39.0,18.0,99.0,-0.81,24.31,-1.56,-12.5,2.04,0.12,0.79,4.0,13.2,18.04,"Closed loop, using oxygen sensor feedback to determine fuel mix/",34.0,35
2026-08-16 16:44:56.611,679.5,0.0,87.0,39.0,18.0,99.0,-0.81,24.31,1.56,-12.5,2.05,0.08,0.7,4.0,13.3,18.43,"Closed loop, using oxygen sensor feedback to determine fuel mix/",34.0,35
2026-08-16 16:44:58.305,678.5,0.0,87.0,39.0,19.0,99.0,-0.8,24.31,-1.56,-13.28,2.05,0.7,0.61,5.5,13.3,18.43,"Closed loop, using oxygen sensor feedback to determine fuel mix/",34.0,35
2026-08-16 16:44:59.998,682.5,0.0,87.0,39.0,17.0,99.0,-0.82,24.31,-0.78,-13.28,2.03,0.76,0.72,6.0,13.2,18.43,"Closed loop, using oxygen sensor feedback to determine fuel mix/",34.0,35
2026-08-16 16:45:01.692,673.5,0.0,87.0,39.0,18.0,99.0,-0.81,24.31,-1.56,-12.5,2.06,0.08,0.74,5.0,13.3,18.43,"Closed loop, using oxygen sensor feedback to determine fuel mix/",34.0,35
2026-08-16 16:45:03.385,686.75,0.0,87.0,39.0,18.0,99.0,-0.81,24.31,-0.78,-13.28,2.03,0.76,0.55,6.5,13.2,18.43,"Closed loop, using oxygen sensor feedback to determine fuel mix/",34.0,35
2026-08-16 16:45:05.078,687.75,0.0,87.0,39.0,19.0,99.0,-0.8,24.31,2.34,-13.28,2.04,0.27,0.74,5.0,13.3,18.43,"Closed loop, using oxygen sensor feedback to determine fuel mix/",34.0,35
2026-08-16 16:45:06.788,678.5,0.0,87.0,39.0,17.0,99.0,-0.82,24.31,-1.56,-12.5,2.05,0.09,0.78,5.5,13.3,18.43,"Closed loop, using oxygen sensor feedback to determine fuel mix/",34.0,35
2026-08-16 16:45:08.497,680.25,0.0,87.0,40.0,17.0,99.0,-0.82,23.92,1.56,-13.28,2.01,0.11,0.64,4.5,13.3,18.04,"Closed loop, using oxygen sensor feedback to determine fuel mix/",34.0,36
2026-08-16 16:45:10.206,677.25,0.0,87.0,40.0,17.0,99.0,-0.82,24.31,1.56,-12.5,2.04,0.1,0.72,4.0,13.3,18.04,"Closed loop, using oxygen sensor feedback to determine fuel mix/",34.0,36
2026-08-16 16:45:11.897,674.25,0.0,87.0,40.0,17.0,99.0,-0.82,24.31,-1.56,-13.28,2.04,0.62,0.76,6.5,13.3,18.43,"Closed loop, using oxygen sensor feedback to determine fuel mix/",34.0,36
2026-08-16 16:45:13.607,679.75,0.0,87.0,40.0,17.0,99.0,-0.82,24.31,1.56,-13.28,2.05,0.08,0.69,4.5,13.3,18.43,"Closed loop, using oxygen sensor feedback to determine fuel mix/",34.0,36
2026-08-16 16:45:15.298,679.75,0.0,87.0,40.0,18.0,99.0,-0.81,24.31,-0.78,-13.28,2.03,0.71,0.57,5.5,13.2,18.43,"Closed loop, using oxygen sensor feedback to determine fuel mix/",34.0,36
2026-08-16 16:45:16.992,685.75,0.0,87.0,40.0,17.0,99.0,-0.82,23.92,-0.78,-13.28,2.02,0.77,0.72,5.0,13.3,18.04,"Closed loop, using oxygen sensor feedback to determine fuel mix/",34.0,36
2026-08-16 16:45:18.686,680.0,0.0,87.0,40.0,19.0,99.0,-0.8,24.31,-1.56,-12.5,2.04,0.09,0.76,5.5,13.3,18.43,"Closed loop, using oxygen sensor feedback to determine fuel mix/",34.0,36
2026-08-16 16:45:20.377,686.75,0.0,87.0,40.0,17.0,99.0,-0.82,24.31,-0.78,-13.28,2.02,0.76,0.61,7.0,13.2,18.43,"Closed loop, using oxygen sensor feedback to determine fuel mix/",34.0,36
2026-08-16 16:45:22.074,683.5,0.0,87.0,40.0,19.0,99.0,-0.8,24.31,-1.56,-13.28,2.04,0.09,0.76,7.5,13.3,18.43,"Closed loop, using oxygen sensor feedback to determine fuel mix/",34.0,36
2026-08-16 16:45:23.780,689.75,0.0,87.0,40.0,17.0,99.0,-0.82,24.31,-0.78,-13.28,2.02,0.73,0.59,6.0,13.2,18.04,"Closed loop, using oxygen sensor feedback to determine fuel mix/",34.0,36
2026-08-16 16:45:25.476,687.75,0.0,87.0,40.0,17.0,99.0,-0.82,24.31,1.56,-13.28,2.03,0.12,0.76,5.0,13.3,18.43,"Closed loop, using oxygen sensor feedback to determine fuel mix/",34.0,36
2026-08-16 16:45:27.167,672.75,0.0,87.0,40.0,18.0,99.0,-0.81,24.31,-1.56,-12.5,2.04,0.1,0.78,6.0,13.2,18.43,"Closed loop, using oxygen sensor feedback to determine fuel mix/",34.0,36
2026-08-16 16:45:28.877,677.75,0.0,87.0,40.0,18.0,99.0,-0.81,24.31,1.56,-13.28,2.07,0.09,0.66,2.5,13.2,18.04,"Closed loop, using oxygen sensor feedback to determine fuel mix/",34.0,36
2026-08-16 16:45:30.569,680.75,0.0,87.0,40.0,18.0,99.0,-0.81,24.31,-0.78,-13.28,2.03,0.8,0.68,5.0,13.3,18.43,"Closed loop, using oxygen sensor feedback to determine fuel mix/",34.0,36
2026-08-16 16:45:32.261,679.0,0.0,87.0,40.0,18.0,99.0,-0.81,24.31,-1.56,-12.5,2.04,0.09,0.78,5.5,13.2,18.43,"Closed loop, using oxygen sensor feedback to determine fuel mix/",34.0,36
2026-08-16 16:45:33.975,685.75,0.0,87.0,40.0,18.0,99.0,-0.81,24.31,1.56,-13.28,2.05,0.1,0.67,4.0,13.2,18.04,"Closed loop, using oxygen sensor feedback to determine fuel mix/",34.0,36
2026-08-16 16:45:35.679,682.75,0.0,87.0,40.0,19.0,99.0,-0.8,24.31,-1.56,-13.28,2.05,0.11,0.74,7.0,13.3,18.43,"Closed loop, using oxygen sensor feedback to determine fuel mix/",34.0,36
2026-08-16 16:45:37.376,679.0,0.0,87.0,40.0,18.0,99.0,-0.81,24.31,1.56,-12.5,2.03,0.09,0.67,5.0,13.2,18.43,"Closed loop, using oxygen sensor feedback to determine fuel mix/",34.0,36
2026-08-16 16:45:39.066,678.25,0.0,87.0,40.0,18.0,99.0,-0.81,24.31,-1.56,-13.28,2.04,0.43,0.66,6.0,13.3,18.43,"Closed loop, using oxygen sensor feedback to determine fuel mix/",34.0,36
2026-08-16 16:45:40.777,679.75,0.0,87.0,40.0,18.0,99.0,-0.81,24.31,-0.78,-13.28,2.03,0.76,0.73,5.0,13.3,18.43,"Closed loop, using oxygen sensor feedback to determine fuel mix/",34.0,36
2026-08-16 16:45:42.471,677.75,0.0,87.0,40.0,19.0,99.0,-0.8,24.31,-1.56,-12.5,2.05,0.08,0.74,2.5,13.2,18.43,"Closed loop, using oxygen sensor feedback to determine fuel mix/",34.0,36
2026-08-16 16:45:44.161,682.0,0.0,87.0,40.0,18.0,99.0,-0.81,24.31,-0.78,-13.28,2.03,0.77,0.56,6.0,13.3,18.43,"Closed loop, using oxygen sensor feedback to determine fuel mix/",34.0,36
2026-08-16 16:45:45.872,677.5,0.0,87.0,40.0,19.0,99.0,-0.8,24.31,-1.56,-12.5,2.05,0.08,0.74,5.0,13.3,18.43,"Closed loop, using oxygen sensor feedback to determine fuel mix/",34.0,36
2026-08-16 16:45:47.564,687.25,0.0,87.0,40.0,17.0,99.0,-0.82,23.92,2.34,-13.28,2.0,0.76,0.48,7.0,13.3,18.04,"Closed loop, using oxygen sensor feedback to determine fuel mix/",34.0,36
2026-08-16 16:45:49.258,677.0,0.0,87.0,40.0,19.0,99.0,-0.8,24.31,-0.78,-13.28,2.02,0.77,0.78,5.5,13.3,18.04,"Closed loop, using oxygen sensor feedback to determine fuel mix/",34.0,36
2026-08-16 16:45:50.950,674.5,0.0,87.0,40.0,18.0,99.0,-0.81,24.31,-1.56,-12.5,2.04,0.09,0.76,4.0,13.2,18.43,"Closed loop, using oxygen sensor feedback to determine fuel mix/",34.0,36
2026-08-16 16:45:52.660,682.5,0.0,87.0,40.0,19.0,99.0,-0.8,23.92,-0.78,-13.28,2.03,0.73,0.59,5.0,13.3,18.04,"Closed loop, using oxygen sensor feedback to determine fuel mix/",34.0,36
2026-08-16 16:45:54.352,678.75,0.0,87.0,40.0,17.0,99.0,-0.82,24.31,-1.56,-12.5,2.03,0.09,0.76,5.0,13.2,18.43,"Closed loop, using oxygen sensor feedback to determine fuel mix/",34.0,36
2026-08-16 16:45:56.046,679.5,0.0,87.0,40.0,17.0,99.0,-0.82,23.92,2.34,-13.28,2.02,0.66,0.59,4.0,13.2,18.04,"Closed loop, using oxygen sensor feedback to determine fuel mix/",34.0,36
2026-08-16 16:45:57.737,679.25,0.0,87.0,40.0,17.0,99.0,-0.82,23.92,-0.78,-13.28,2.02,0.78,0.77,7.0,13.1,18.04,"Closed loop, using oxygen sensor feedback to determine fuel mix/",34.0,36
2026-08-16 16:45:59.431,682.5,0.0,86.0,40.0,17.0,99.0,-0.82,24.31,-1.56,-13.28,2.04,0.09,0.76,5.0,13.3,18.43,"Closed loop, using oxygen sensor feedback to determine fuel mix/",34.0,36
2026-08-16 16:46:01.124,685.25,0.0,87.0,40.0,17.0,99.0,-0.82,24.31,-0.78,-13.28,2.02,0.73,0.62,9.5,13.3,18.43,"Closed loop, using oxygen sensor feedback to determine fuel mix/",34.0,36
2026-08-16 16:46:02.832,682.0,0.0,86.0,40.0,17.0,99.0,-0.82,24.31,-1.56,-12.5,2.06,0.09,0.76,4.0,13.3,18.43,"Closed loop, using oxygen sensor feedback to determine fuel mix/",34.0,36
2026-08-16 16:46:04.535,683.75,0.0,87.0,40.0,17.0,99.0,-0.82,24.31,2.34,-13.28,2.0,0.73,0.56,6.0,13.3,18.04,"Closed loop, using oxygen sensor feedback to determine fuel mix/",34.0,36
2026-08-16 16:46:06.235,678.5,0.0,86.0,40.0,17.0,99.0,-0.82,24.31,-0.78,-13.28,2.03,0.74,0.78,4.5,13.3,18.43,"Closed loop, using oxygen sensor feedback to determine fuel mix/",34.0,36
2026-08-16 16:46:07.930,676.0,0.0,86.0,40.0,18.0,99.0,-0.81,24.31,-1.56,-12.5,2.04,0.09,0.74,6.0,13.3,18.43,"Closed loop, using oxygen sensor feedback to determine fuel mix/",34.0,36
2026-08-16 16:46:09.654,686.25,0.0,86.0,40.0,18.0,99.0,-0.81,24.31,-0.78,-13.28,2.04,0.76,0.58,5.5,13.3,18.04,"Closed loop, using oxygen sensor feedback to determine fuel mix/",34.0,36
2026-08-16 16:46:11.347,688.5,0.0,86.0,40.0,17.0,99.0,-0.82,23.92,2.34,-13.28,2.02,0.69,0.74,5.5,13.3,18.04,"Closed loop, using oxygen sensor feedback to determine fuel mix/",34.0,36
2026-08-16 16:46:13.040,678.25,0.0,86.0,40.0,19.0,99.0,-0.8,24.31,-1.56,-13.28,2.05,0.09,0.77,4.5,13.3,18.43,"Closed loop, using oxygen sensor feedback to determine fuel mix/",34.0,36
2026-08-16 16:46:14.735,685.25,0.0,86.0,40.0,18.0,99.0,-0.81,23.92,2.34,-13.28,2.03,0.14,0.64,3.5,13.3,18.04,"Closed loop, using oxygen sensor feedback to determine fuel mix/",34.0,36
2026-08-16 16:46:16.424,673.75,0.0,86.0,40.0,19.0,99.0,-0.8,24.31,1.56,-12.5,2.04,0.09,0.75,3.5,13.2,18.04,"Closed loop, using oxygen sensor feedback to determine fuel mix/",34.0,36
2026-08-16 16:46:18.135,672.0,0.0,86.0,40.0,17.0,99.0,-0.82,24.31,-1.56,-13.28,2.04,0.67,0.76,4.0,13.3,18.04,"Closed loop, using oxygen sensor feedback to determine fuel mix/",34.0,36
2026-08-16 16:46:19.827,677.25,0.0,86.0,40.0,19.0,99.0,-0.8,24.31,-1.56,-12.5,2.05,0.08,0.71,2.5,13.3,18.43,"Closed loop, using oxygen sensor feedback to determine fuel mix/",34.0,37
2026-08-16 16:46:21.536,677.25,0.0,86.0,41.0,18.0,99.0,-0.81,24.31,-0.78,-12.5,2.06,0.69,0.58,6.5,13.1,18.82,"Closed loop, using oxygen sensor feedback to determine fuel mix/",34.0,37
2026-08-16 16:46:23.231,671.0,0.0,86.0,40.0,21.0,99.0,-0.78,26.27,-0.78,-11.72,2.68,0.45,0.71,-9.0,13.1,23.14,"Closed loop, using oxygen sensor feedback to determine fuel mix/",34.0,37
2026-08-16 16:46:24.939,678.5,0.0,86.0,40.0,21.0,99.0,-0.78,26.27,2.34,-12.5,2.56,0.09,0.55,-5.5,13.2,22.35,"Closed loop, using oxygen sensor feedback to determine fuel mix/",34.0,37
2026-08-16 16:46:26.631,687.0,0.0,86.0,41.0,19.0,99.0,-0.8,25.1,3.12,-13.28,2.2,0.81,0.59,1.0,13.2,18.82,"Closed loop, using oxygen sensor feedback to determine fuel mix/",34.0,37
2026-08-16 16:46:28.325,674.25,0.0,86.0,40.0,17.0,99.0,-0.82,24.31,-1.56,-13.28,2.07,0.6,0.79,5.5,13.3,18.82,"Closed loop, using oxygen sensor feedback to determine fuel mix/",34.0,37
2026-08-16 16:46:30.050,681.5,0.0,86.0,41.0,18.0,99.0,-0.81,24.31,1.56,-13.28,2.08,0.08,0.71,4.5,13.3,18.82,"Closed loop, using oxygen sensor feedback to determine fuel mix/",34.0,37
2026-08-16 16:46:31.760,674.75,0.0,86.0,41.0,18.0,99.0,-0.81,24.31,-0.78,-13.28,2.06,0.72,0.6,5.0,13.2,18.82,"Closed loop, using oxygen sensor feedback to determine fuel mix/",34.0,37
2026-08-16 16:46:33.452,672.0,0.0,86.0,41.0,17.0,99.0,-0.82,24.31,1.56,-12.5,2.08,0.08,0.69,2.5,13.2,18.43,"Closed loop, using oxygen sensor feedback to determine fuel mix/",34.0,37
2026-08-16 16:46:35.145,687.75,0.0,86.0,41.0,18.0,99.0,-0.81,24.31,2.34,-13.28,2.04,0.79,0.5,5.0,13.2,18.43,"Closed loop, using oxygen sensor feedback to determine fuel mix/",34.0,37
2026-08-16 16:46:36.857,680.5,0.0,86.0,41.0,19.0,99.0,-0.8,24.31,-1.56,-13.28,2.04,0.59,0.79,8.5,13.3,18.43,"Closed loop, using oxygen sensor feedback to determine fuel mix/",34.0,37
2026-08-16 16:46:38.563,680.0,0.0,86.0,41.0,19.0,99.0,-0.8,24.31,1.56,-12.5,2.06,0.08,0.71,4.0,13.2,18.43,"Closed loop, using oxygen sensor feedback to determine fuel mix/",34.0,37
2026-08-16 16:46:40.259,680.0,0.0,86.0,41.0,19.0,99.0,-0.8,24.31,-0.78,-13.28,2.05,0.72,0.59,3.5,13.2,18.43,"Closed loop, using oxygen sensor feedback to determine fuel mix/",34.0,37
2026-08-16 16:46:41.968,686.25,0.0,86.0,41.0,17.0,99.0,-0.82,24.31,-0.78,-13.28,2.03,0.76,0.71,6.0,13.3,18.43,"Closed loop, using oxygen sensor feedback to determine fuel mix/",34.0,37
2026-08-16 16:46:43.658,675.0,0.0,86.0,41.0,18.0,99.0,-0.81,24.31,-1.56,-12.5,2.06,0.08,0.76,5.0,13.2,18.43,"Closed loop, using oxygen sensor feedback to determine fuel mix/",34.0,37
2026-08-16 16:46:45.352,683.75,0.0,86.0,41.0,17.0,99.0,-0.82,24.31,2.34,-13.28,2.03,0.75,0.53,5.5,13.3,18.43,"Closed loop, using oxygen sensor feedback to determine fuel mix/",34.0,37
2026-08-16 16:46:47.059,675.25,0.0,86.0,41.0,19.0,99.0,-0.8,24.31,-0.78,-12.5,2.05,0.74,0.78,5.5,13.3,18.43,"Closed loop, using oxygen sensor feedback to determine fuel mix/",34.0,37
2026-08-16 16:46:48.755,673.75,0.0,86.0,41.0,17.0,99.0,-0.82,24.31,-1.56,-12.5,2.07,0.08,0.74,5.0,13.3,18.82,"Closed loop, using oxygen sensor feedback to determine fuel mix/",34.0,37
2026-08-16 16:46:50.449,686.0,0.0,86.0,41.0,17.0,99.0,-0.82,24.31,2.34,-13.28,2.04,0.76,0.51,4.5,13.3,18.43,"Closed loop, using oxygen sensor feedback to determine fuel mix/",34.0,37
2026-08-16 16:46:52.140,666.75,0.0,86.0,41.0,17.0,99.0,-0.82,23.92,-1.56,-12.5,2.03,0.71,0.78,6.0,13.2,18.43,"Closed loop, using oxygen sensor feedback to determine fuel mix/",34.0,37
2026-08-16 16:46:53.849,679.75,0.0,86.0,41.0,18.0,99.0,-0.81,24.31,-1.56,-12.5,2.06,0.07,0.73,4.0,13.2,18.82,"Closed loop, using oxygen sensor feedback to determine fuel mix/",34.0,37
2026-08-16 16:46:55.542,675.25,0.0,86.0,41.0,18.0,99.0,-0.81,24.31,-0.78,-13.28,2.05,0.75,0.56,3.5,13.3,18.43,"Closed loop, using oxygen sensor feedback to determine fuel mix/",34.0,37
2026-08-16 16:46:57.242,681.5,0.0,86.0,41.0,18.0,99.0,-0.81,24.31,2.34,-13.28,2.05,0.72,0.71,5.0,13.3,18.43,"Closed loop, using oxygen sensor feedback to determine fuel mix/",34.0,37
2026-08-16 16:46:58.943,679.75,0.0,86.0,42.0,17.0,99.0,-0.82,24.31,-1.56,-13.28,2.06,0.09,0.77,6.0,13.3,18.43,"Closed loop, using oxygen sensor feedback to determine fuel mix/",34.0,37
2026-08-16 16:47:00.654,674.5,0.0,85.0,42.0,18.0,99.0,-0.81,24.31,2.34,-13.28,2.05,0.19,0.63,3.0,13.3,18.43,"Closed loop, using oxygen sensor feedback to determine fuel mix/",34.0,37
2026-08-16 16:47:02.345,678.0,0.0,86.0,42.0,18.0,99.0,-0.81,24.31,1.56,-12.5,2.05,0.1,0.76,6.5,13.3,18.43,"Closed loop, using oxygen sensor feedback to determine fuel mix/",34.0,37
2026-08-16 16:47:04.055,675.75,0.0,86.0,42.0,18.0,99.0,-0.81,24.31,-1.56,-12.5,2.06,0.1,0.77,6.0,13.3,18.82,"Closed loop, using oxygen sensor feedback to determine fuel mix/",34.0,37
2026-08-16 16:47:05.749,677.75,0.0,86.0,42.0,18.0,99.0,-0.81,24.31,1.56,-12.5,2.05,0.08,0.67,4.5,13.3,18.43,"Closed loop, using oxygen sensor feedback to determine fuel mix/",34.0,37
2026-08-16 16:47:07.441,686.75,0.0,85.0,42.0,18.0,99.0,-0.81,23.92,2.34,-13.28,2.03,0.81,0.58,4.5,13.3,18.43,"Closed loop, using oxygen sensor feedback to determine fuel mix/",34.0,37
2026-08-16 16:47:09.137,674.75,0.0,85.0,42.0,17.0,99.0,-0.82,24.31,-1.56,-12.5,2.05,0.09,0.79,7.0,13.3,18.82,"Closed loop, using oxygen sensor feedback to determine fuel mix/",34.0,37
2026-08-16 16:47:10.859,675.5,0.0,85.0,42.0,17.0,99.0,-0.82,24.31,1.56,-12.5,2.04,0.08,0.65,4.0,13.3,18.43,"Closed loop, using oxygen sensor feedback to determine fuel mix/",34.0,37
2026-08-16 16:47:12.568,686.5,0.0,85.0,42.0,17.0,99.0,-0.82,24.31,2.34,-13.28,2.04,0.79,0.57,5.0,13.3,18.43,"Closed loop, using oxygen sensor feedback to determine fuel mix/",34.0,37
2026-08-16 16:47:14.259,673.25,0.0,85.0,42.0,17.0,99.0,-0.82,24.31,-1.56,-12.5,2.07,0.09,0.78,6.5,13.2,18.82,"Closed loop, using oxygen sensor feedback to determine fuel mix/",34.0,37
2026-08-16 16:47:15.956,684.75,0.0,85.0,42.0,19.0,99.0,-0.8,24.31,1.56,-12.5,2.07,0.1,0.65,6.0,13.3,18.82,"Closed loop, using oxygen sensor feedback to determine fuel mix/",34.0,37
2026-08-16 16:47:17.663,687.25,0.0,85.0,42.0,17.0,99.0,-0.82,24.31,-0.78,-13.28,2.04,0.79,0.69,4.5,13.3,18.43,"Closed loop, using oxygen sensor feedback to determine fuel mix/",34.0,37
2026-08-16 16:47:19.356,673.5,0.0,85.0,42.0,19.0,99.0,-0.8,24.31,-1.56,-12.5,2.08,0.08,0.78,6.5,13.3,18.82,"Closed loop, using oxygen sensor feedback to determine fuel mix/",34.0,37
2026-08-16 16:47:21.049,686.75,0.0,85.0,42.0,18.0,99.0,-0.81,23.92,1.56,-13.28,2.05,0.12,0.6,3.0,13.2,18.43,"Closed loop, using oxygen sensor feedback to determine fuel mix/",34.0,38
2026-08-16 16:47:22.742,682.25,0.0,85.0,42.0,18.0,99.0,-0.81,24.31,-0.78,-13.28,2.04,0.8,0.74,7.0,13.2,18.43,"Closed loop, using oxygen sensor feedback to determine fuel mix/",34.0,38
2026-08-16 16:47:24.451,678.5,0.0,85.0,42.0,18.0,99.0,-0.81,24.31,-1.56,-12.5,2.08,0.09,0.77,5.0,13.2,19.22,"Closed loop, using oxygen sensor feedback to determine fuel mix/",34.0,38
2026-08-16 16:47:26.144,682.75,0.0,85.0,42.0,18.0,99.0,-0.81,24.31,2.34,-13.28,2.06,0.21,0.62,2.5,13.2,18.82,"Closed loop, using oxygen sensor feedback to determine fuel mix/",34.0,38
2026-08-16 16:47:27.838,669.0,0.0,85.0,42.0,19.0,99.0,-0.8,24.31,1.56,-12.5,2.07,0.1,0.75,3.0,13.3,18.43,"Closed loop, using oxygen sensor feedback to determine fuel mix/",34.0,38
2026-08-16 16:47:29.528,682.25,0.0,85.0,42.0,17.0,99.0,-0.82,24.31,-1.56,-13.28,2.08,0.12,0.77,5.0,13.2,18.82,"Closed loop, using oxygen sensor feedback to determine fuel mix/",34.0,38
2026-08-16 16:47:31.240,677.75,0.0,85.0,42.0,19.0,99.0,-0.8,24.31,1.56,-12.5,2.09,0.08,0.68,3.0,13.2,18.43,"Closed loop, using oxygen sensor feedback to determine fuel mix/",34.0,38
2026-08-16 16:47:32.930,681.25,0.0,85.0,42.0,17.0,99.0,-0.82,23.92,2.34,-13.28,2.03,0.8,0.65,5.0,13.3,18.43,"Closed loop, using oxygen sensor feedback to determine fuel mix/",34.0,38
2026-08-16 16:47:34.625,676.0,0.0,85.0,42.0,18.0,99.0,-0.81,24.31,-1.56,-12.5,2.07,0.09,0.78,3.0,13.2,18.82,"Closed loop, using oxygen sensor feedback to determine fuel mix/",34.0,38
2026-08-16 16:47:36.332,688.5,0.0,85.0,42.0,19.0,99.0,-0.8,24.31,1.56,-12.5,2.04,0.1,0.66,5.5,13.3,18.43,"Closed loop, using oxygen sensor feedback to determine fuel mix/",34.0,38
2026-08-16 16:47:38.041,676.0,0.0,85.0,42.0,18.0,99.0,-0.81,24.71,-1.56,-13.28,2.12,0.1,0.76,7.5,13.3,19.22,"Closed loop, using oxygen sensor feedback to determine fuel mix/",34.0,38
2026-08-16 16:47:39.733,690.75,0.0,85.0,42.0,17.0,99.0,-0.82,24.31,1.56,-13.28,2.07,0.1,0.56,3.5,13.3,18.82,"Closed loop, using oxygen sensor feedback to determine fuel mix/",34.0,38
2026-08-16 16:47:41.427,682.75,0.0,85.0,42.0,19.0,99.0,-0.8,23.92,2.34,-13.28,2.04,0.8,0.64,5.0,13.3,18.43,"Closed loop, using oxygen sensor feedback to determine fuel mix/",34.0,38
2026-08-16 16:47:43.120,675.5,0.0,85.0,42.0,18.0,99.0,-0.81,24.31,-1.56,-12.5,2.08,0.09,0.78,5.5,13.3,18.82,"Closed loop, using oxygen sensor feedback to determine fuel mix/",34.0,38
2026-08-16 16:47:44.813,687.75,0.0,85.0,42.0,17.0,99.0,-0.82,24.31,1.56,-13.28,2.07,0.1,0.63,4.0,13.3,18.82,"Closed loop, using oxygen sensor feedback to determine fuel mix/",34.0,38
2026-08-16 16:47:46.508,686.75,0.0,85.0,42.0,17.0,99.0,-0.82,24.31,2.34,-13.28,2.05,0.8,0.67,4.5,13.2,18.43,"Closed loop, using oxygen sensor feedback to determine fuel mix/",34.0,38
2026-08-16 16:47:48.198,679.25,0.0,85.0,42.0,17.0,99.0,-0.82,24.31,-1.56,-12.5,2.08,0.09,0.78,6.0,13.2,18.82,"Closed loop, using oxygen sensor feedback to determine fuel mix/",34.0,38
2026-08-16 16:47:49.895,691.25,0.0,85.0,42.0,17.0,99.0,-0.82,24.31,1.56,-13.28,2.06,0.1,0.62,5.0,13.3,18.82,"Closed loop, using oxygen sensor feedback to determine fuel mix/",34.0,38
2026-08-16 16:47:51.584,682.5,0.0,85.0,42.0,17.0,99.0,-0.82,24.31,-0.78,-13.28,2.05,0.8,0.73,6.0,13.3,18.82,"Closed loop, using oxygen sensor feedback to determine fuel mix/",34.0,38
2026-08-16 16:47:53.310,674.75,0.0,85.0,42.0,18.0,99.0,-0.81,24.31,-1.56,-12.5,2.08,0.08,0.77,5.5,13.3,18.82,"Closed loop, using oxygen sensor feedback to determine fuel mix/",34.0,38
2026-08-16 16:47:55.001,679.75,0.0,85.0,42.0,17.0,99.0,-0.82,24.31,2.34,-13.28,2.07,0.2,0.58,4.5,13.3,18.43,"Closed loop, using oxygen sensor feedback to determine fuel mix/",34.0,38
2026-08-16 16:47:56.696,682.25,0.0,85.0,42.0,18.0,99.0,-0.81,24.31,-0.78,-13.28,2.06,0.8,0.77,4.5,13.3,18.82,"Closed loop, using oxygen sensor feedback to determine fuel mix/",34.0,38
2026-08-16 16:47:58.388,676.0,0.0,85.0,42.0,18.0,99.0,-0.81,24.31,-1.56,-12.5,2.08,0.08,0.76,5.0,13.3,18.82,"Closed loop, using oxygen sensor feedback to determine fuel mix/",34.0,38
2026-08-16 16:48:00.084,682.0,0.0,85.0,42.0,19.0,99.0,-0.8,24.31,2.34,-13.28,2.06,0.7,0.54,5.0,13.3,18.43,"Closed loop, using oxygen sensor feedback to determine fuel mix/",34.0,38
2026-08-16 16:48:01.775,683.5,0.0,85.0,42.0,18.0,99.0,-0.81,24.31,-0.78,-13.28,2.06,0.77,0.78,6.5,13.2,18.82,"Closed loop, using oxygen sensor feedback to determine fuel mix/",34.0,38
2026-08-16 16:48:03.471,670.5,0.0,85.0,42.0,19.0,99.0,-0.8,24.31,-1.56,-12.5,2.1,0.07,0.75,4.5,13.3,18.82,"Closed loop, using oxygen sensor feedback to determine fuel mix/",34.0,38
2026-08-16 16:48:05.177,681.5,0.0,85.0,42.0,18.0,99.0,-0.81,24.31,2.34,-13.28,2.05,0.75,0.47,3.0,13.2,18.43,"Closed loop, using oxygen sensor feedback to determine fuel mix/",34.0,39
2026-08-16 16:48:06.887,677.5,0.0,85.0,43.0,17.0,99.0,-0.82,23.92,-0.78,-13.28,2.05,0.75,0.78,6.5,13.3,18.82,"Closed loop, using oxygen sensor feedback to determine fuel mix/",34.0,39
2026-08-16 16:48:08.611,680.25,0.0,85.0,43.0,18.0,,-0.83,24.31,-1.56,-12.5,2.08,0.07,0.74,4.5,13.3,18.82,"Closed loop, using oxygen sensor feedback to determine fuel mix/",34.0,39
2026-08-16 16:48:10.285,683.75,0.0,85.0,43.0,19.0,99.0,-0.8,24.31,2.34,-13.28,2.06,0.74,0.49,4.5,13.3,18.82,"Closed loop, using oxygen sensor feedback to determine fuel mix/",34.0,39
2026-08-16 16:48:11.988,681.0,0.0,85.0,43.0,19.0,99.0,-0.8,24.31,-0.78,-12.5,2.06,0.73,0.78,6.0,13.3,18.82,"Closed loop, using oxygen sensor feedback to determine fuel mix/",34.0,39
2026-08-16 16:48:13.688,679.25,0.0,85.0,43.0,19.0,99.0,-0.8,24.31,-1.56,-13.28,2.09,0.08,0.74,5.0,13.3,18.82,"Closed loop, using oxygen sensor feedback to determine fuel mix/",34.0,39
2026-08-16 16:48:15.381,686.5,0.0,85.0,43.0,17.0,99.0,-0.82,24.31,2.34,-13.28,2.05,0.77,0.52,6.0,13.3,18.43,"Closed loop, using oxygen sensor feedback to determine fuel mix/",34.0,39
2026-08-16 16:48:17.092,682.0,0.0,85.0,43.0,18.0,99.0,-0.81,24.31,-1.56,-12.5,2.06,0.69,0.79,5.0,13.2,19.22,"Closed loop, using oxygen sensor feedback to determine fuel mix/",34.0,39
2026-08-16 16:48:18.815,685.75,0.0,85.0,43.0,19.0,99.0,-0.8,24.71,-1.56,-12.5,2.12,0.08,0.71,,13.3,18.82,"Closed loop, using oxygen sensor feedback to determine fuel mix/",34.0,39
2026-08-16 16:48:20.494,682.5,0.0,85.0,43.0,18.0,99.0,-0.81,24.31,2.34,-13.28,2.06,0.78,0.49,4.5,13.2,18.82,"Closed loop, using oxygen sensor feedback to determine fuel mix/",34.0,39
2026-08-16 16:48:22.187,668.25,0.0,85.0,43.0,19.0,99.0,-0.8,24.31,-1.56,-13.28,2.07,0.67,0.79,6.0,13.2,18.82,"Closed loop, using oxygen sensor feedback to determine fuel mix/",34.0,39
2026-08-16 16:48:23.896,674.75,0.0,85.0,43.0,18.0,99.0,-0.81,24.31,-1.56,-12.5,2.13,0.07,0.71,6.0,13.3,19.22,"Closed loop, using oxygen sensor feedback to determine fuel mix/",34.0,39
2026-08-16 16:48:25.594,686.0,0.0,85.0,43.0,19.0,99.0,-0.8,,2.34,-13.28,2.08,0.78,0.52,4.5,13.3,18.82,"Closed loop, using oxygen sensor feedback to determine fuel mix/",34.0,39
2026-08-16 16:48:27.266,677.75,0.0,85.0,43.0,18.0,99.0,-0.81,24.31,-1.56,-12.5,2.09,0.58,,5.5,13.3,18.82,"Closed loop, using oxygen sensor feedback to determine fuel mix/",34.0,39
2026-08-16 16:48:28.925,670.25,0.0,85.0,43.0,18.0,99.0,-0.81,24.31,-1.56,-12.5,2.12,0.08,0.71,4.0,13.2,19.22,"Closed loop, using oxygen sensor feedback to determine fuel mix/",34.0,39
2026-08-16 16:48:30.617,679.75,0.0,85.0,43.0,17.0,99.0,-0.82,24.31,-0.78,-13.28,2.12,0.74,0.54,5.5,13.3,18.82,"Closed loop, using oxygen sensor feedback to determine fuel mix/",34.0,39
2026-08-16 16:48:32.327,687.0,0.0,85.0,43.0,17.0,99.0,-0.82,24.31,-0.78,-13.28,2.08,0.77,0.71,8.0,13.3,19.22,"Closed loop, using oxygen sensor feedback to determine fuel mix/",34.0,39
2026-08-16 16:48:34.019,676.0,0.0,85.0,43.0,19.0,99.0,-0.8,24.31,-1.56,-13.28,2.12,0.08,0.76,7.0,13.3,19.22,"Closed loop, using oxygen sensor feedback to determine fuel mix/",34.0,39
2026-08-16 16:48:35.715,688.0,0.0,85.0,43.0,18.0,99.0,-0.81,24.31,2.34,-13.28,2.09,0.76,0.51,3.0,13.2,18.82,"Closed loop, using oxygen sensor feedback to determine fuel mix/",34.0,39
2026-08-16 16:48:37.407,683.0,0.0,85.0,43.0,19.0,99.0,-0.8,24.31,-0.78,-12.5,2.1,0.74,0.78,5.5,13.2,19.22,"Closed loop, using oxygen sensor feedback to determine fuel mix/",34.0,39
2026-08-16 16:48:39.117,677.5,0.0,85.0,43.0,18.0,99.0,-0.81,24.31,-1.56,-12.5,2.31,0.08,0.74,2.0,12.6,23.53,"Closed loop, using oxygen sensor feedback to determine fuel mix/",34.0,39
2026-08-16 16:48:40.824,682.0,0.0,85.0,43.0,21.0,99.0,-0.78,26.67,2.34,-12.5,2.71,0.72,0.34,-5.5,13.3,25.1,"Closed loop, using oxygen sensor feedback to determine fuel mix/",34.0,39
2026-08-16 16:48:42.536,659.75,0.0,85.0,43.0,20.0,99.0,-0.79,25.88,-0.78,-13.28,2.45,0.7,0.71,-3.0,13.3,21.96,"Closed loop, using oxygen sensor feedback to determine fuel mix/",34.0,39
2026-08-16 16:48:44.241,686.75,0.0,85.0,43.0,18.0,99.0,-0.81,24.71,-1.56,-13.28,2.23,0.08,0.7,2.0,13.3,19.22,"Closed loop, using oxygen sensor feedback to determine fuel mix/",34.0,39
2026-08-16 16:48:45.938,683.0,0.0,85.0,43.0,19.0,99.0,-0.8,24.31,-1.56,-13.28,2.12,0.72,0.65,4.5,13.3,19.22,"Closed loop, using oxygen sensor feedback to determine fuel mix/",34.0,39
2026-08-16 16:48:47.644,680.0,0.0,85.0,43.0,18.0,99.0,-0.81,24.31,1.56,-13.28,2.12,0.09,0.69,4.5,13.1,19.22,"Closed loop, using oxygen sensor feedback to determine fuel mix/",34.0,39
2026-08-16 16:48:49.352,686.0,0.0,86.0,43.0,18.0,99.0,-0.81,24.31,2.34,-13.28,2.11,0.78,0.55,3.5,13.2,18.82,"Closed loop, using oxygen sensor feedback to determine fuel mix/",34.0,39
2026-08-16 16:48:51.063,675.0,0.0,86.0,43.0,18.0,99.0,-0.81,24.31,-1.56,-12.5,2.09,0.11,0.79,6.5,13.3,19.22,"Closed loop, using oxygen sensor feedback to determine fuel mix/",34.0,39
2026-08-16 16:48:52.772,679.0,0.0,85.0,43.0,18.0,99.0,-0.81,24.31,1.56,-13.28,2.08,0.09,0.68,5.0,13.3,18.82,"Closed loop, using oxygen sensor feedback to determine fuel mix/",34.0,40
2026-08-16 16:48:54.468,676.75,0.0,85.0,43.0,18.0,99.0,-0.81,24.31,-1.56,-13.28,2.08,0.13,0.72,4.5,13.3,18.82,"Closed loop, using oxygen sensor feedback to determine fuel mix/",34.0,40
2026-08-16 16:48:56.173,678.25,0.0,86.0,43.0,19.0,99.0,-0.8,24.31,-0.78,-13.28,2.08,0.72,0.75,4.0,13.2,19.22,"Closed loop, using oxygen sensor feedback to determine fuel mix/",34.0,40
2026-08-16 16:48:57.865,678.0,0.0,86.0,43.0,19.0,99.0,-0.8,24.31,-1.56,-12.5,2.09,0.08,0.72,5.0,13.3,18.82,"Closed loop, using oxygen sensor feedback to determine fuel mix/",34.0,40
2026-08-16 16:48:59.559,683.25,0.0,86.0,43.0,17.0,99.0,-0.82,24.31,-0.78,-13.28,2.07,0.76,0.55,4.0,13.2,18.82,"Closed loop, using oxygen sensor feedback to determine fuel mix/",34.0,40
2026-08-16 16:49:01.250,686.5,0.0,85.0,43.0,19.0,99.0,-0.8,24.31,2.34,-13.28,2.08,0.73,0.73,6.5,13.1,18.82,"Closed loop, using oxygen sensor feedback to determine fuel mix/",34.0,40
2026-08-16 16:49:02.946,677.75,0.0,86.0,44.0,18.0,99.0,-0.81,24.31,-1.56,-12.5,2.09,0.09,0.77,7.5,13.3,18.82,"Closed loop, using oxygen sensor feedback to determine fuel mix/",34.0,40
2026-08-16 16:49:04.653,689.75,0.0,86.0,44.0,19.0,99.0,-0.8,24.31,2.34,-13.28,2.08,0.24,0.59,5.0,13.3,18.82,"Closed loop, using oxygen sensor feedback to determine fuel mix/",34.0,40
2026-08-16 16:49:06.363,683.5,0.0,86.0,43.0,18.0,99.0,-0.81,24.31,-0.78,-13.28,2.06,0.8,0.77,6.5,13.2,18.82,"Closed loop, using oxygen sensor feedback to determine fuel mix/",34.0,40
2026-08-16 16:49:08.070,675.25,0.0,86.0,43.0,18.0,99.0,-0.81,24.31,-1.56,-12.5,2.11,0.08,0.76,7.0,13.2,19.22,"Closed loop, using oxygen sensor feedback to determine fuel mix/",34.0,40
2026-08-16 16:49:09.782,689.75,0.0,86.0,44.0,17.0,99.0,-0.82,24.31,2.34,-13.28,2.1,0.74,0.52,5.0,13.3,18.43,"Closed loop, using oxygen sensor feedback to determine fuel mix/",34.0,40
2026-08-16 16:49:11.489,681.0,0.0,86.0,44.0,17.0,99.0,-0.82,24.31,-0.78,-13.28,2.06,0.73,0.78,8.0,13.3,18.82,"Closed loop, using oxygen sensor feedback to determine fuel mix/",34.0,40
2026-08-16 16:49:13.199,677.75,0.0,86.0,44.0,18.0,99.0,-0.81,24.31,-1.56,-12.5,2.1,0.07,0.74,6.0,13.3,19.22,"Closed loop, using oxygen sensor feedback to determine fuel mix/",34.0,40
2026-08-16 16:49:14.890,690.25,0.0,86.0,44.0,18.0,99.0,-0.81,24.31,2.34,-13.28,2.05,0.77,0.53,4.0,13.2,18.82,"Closed loop, using oxygen sensor feedback to determine fuel mix/",34.0,40
2026-08-16 16:49:16.601,677.5,0.0,86.0,44.0,18.0,99.0,-0.81,24.31,-1.56,-12.5,2.06,0.67,0.79,7.5,13.3,19.22,"Closed loop, using oxygen sensor feedback to determine fuel mix/",34.0,40
2026-08-16 16:49:18.325,681.5,0.0,86.0,44.0,19.0,99.0,-0.8,24.71,-1.56,-12.5,2.12,0.08,0.7,4.0,13.3,18.82,"Closed loop, using oxygen sensor feedback to determine fuel mix/",34.0,40
2026-08-16 16:49:20.022,684.25,0.0,86.0,44.0,17.0,99.0,-0.82,24.31,2.34,-13.28,2.08,0.78,0.51,6.5,13.3,18.82,"Closed loop, using oxygen sensor feedback to determine fuel mix/",34.0,40
2026-08-16 16:49:21.726,675.25,0.0,86.0,44.0,18.0,99.0,-0.81,24.31,-1.56,-12.5,2.11,0.23,0.79,5.0,13.2,19.22,"Closed loop, using oxygen sensor feedback to determine fuel mix/",34.0,40
2026-08-16 16:49:23.436,675.5,0.0,86.0,44.0,18.0,99.0,-0.81,24.71,1.56,-13.28,2.11,0.08,0.68,9.0,13.4,19.22,"Closed loop, using oxygen sensor feedback to determine fuel mix/",34.0,40
2026-08-16 16:49:25.130,674.25,0.0,86.0,44.0,19.0,99.0,-0.8,24.31,-1.56,-13.28,2.1,0.66,0.62,3.0,13.2,19.22,"Closed loop, using oxygen sensor feedback to determine fuel mix/",34.0,41
2026-08-16 16:49:26.822,681.25,0.0,86.0,44.0,19.0,99.0,-0.8,24.31,-0.78,-13.28,2.07,0.76,0.72,7.0,13.3,18.82,"Closed loop, using oxygen sensor feedback to determine fuel mix/",34.0,41
2026-08-16 16:49:28.533,677.75,0.0,86.0,44.0,18.0,99.0,-0.81,24.31,-1.56,-12.5,2.12,0.08,0.74,5.5,13.3,19.22,"Closed loop, using oxygen sensor feedback to determine fuel mix/",34.0,41
2026-08-16 16:49:30.239,688.25,0.0,86.0,44.0,18.0,99.0,-0.81,24.31,-0.78,-13.28,2.09,0.77,0.55,4.5,13.3,19.22,"Closed loop, using oxygen sensor feedback to determine fuel mix/",34.0,41
2026-08-16 16:49:31.950,678.25,0.0,86.0,44.0,17.0,99.0,-0.82,24.31,2.34,-13.28,2.08,0.72,0.74,3.5,13.3,18.43,"Closed loop, using oxygen sensor feedback to determine fuel mix/",34.0,41
2026-08-16 16:49:33.639,675.5,0.0,86.0,44.0,19.0,99.0,-0.8,24.31,-1.56,-12.5,2.12,0.09,0.77,8.5,13.3,18.82,"Closed loop, using oxygen sensor feedback to determine fuel mix/",34.0,41
2026-08-16 16:49:35.338,685.0,0.0,86.0,44.0,19.0,99.0,-0.8,24.31,1.56,-12.5,2.09,0.14,0.65,3.0,13.2,18.82,"Closed loop, using oxygen sensor feedback to determine fuel mix/",34.0,41
2026-08-16 16:49:37.030,673.75,0.0,86.0,44.0,17.0,99.0,-0.82,24.31,1.56,-12.5,2.09,0.1,0.76,5.5,13.3,18.82,"Closed loop, using oxygen sensor feedback to determine fuel mix/",34.0,41
2026-08-16 16:49:38.720,679.5,0.0,86.0,44.0,17.0,99.0,-0.82,24.31,-1.56,-13.28,2.1,0.5,0.77,5.5,13.2,19.22,"Closed loop, using oxygen sensor feedback to determine fuel mix/",34.0,41
2026-08-16 16:49:40.430,676.0,0.0,86.0,44.0,19.0,99.0,-0.8,24.71,1.56,-12.5,2.13,0.07,0.69,2.5,13.3,19.22,"Closed loop, using oxygen sensor feedback to determine fuel mix/",34.0,41
2026-08-16 16:49:42.137,671.0,0.0,86.0,44.0,17.0,99.0,-0.82,24.31,2.34,-13.28,2.1,0.81,0.57,2.5,13.2,18.82,"Closed loop, using oxygen sensor feedback to determine fuel mix/",34.0,41
2026-08-16 16:49:43.846,679.25,0.0,86.0,44.0,19.0,99.0,-0.8,24.31,-1.56,-13.28,2.1,0.1,0.79,6.0,13.3,19.22,"Closed loop, using oxygen sensor feedback to determine fuel mix/",34.0,41
2026-08-16 16:49:45.540,672.25,0.0,86.0,44.0,18.0,99.0,-0.81,24.31,1.56,-12.5,2.11,0.08,0.68,2.0,13.3,19.22,"Closed loop, using oxygen sensor feedback to determine fuel mix/",34.0,41
2026-08-16 16:49:47.246,676.25,0.0,86.0,44.0,18.0,99.0,-0.81,24.31,-1.56,-13.28,2.11,0.43,0.7,4.5,13.3,19.22,"Closed loop, using oxygen sensor feedback to determine fuel mix/",34.0,41
2026-08-16 16:49:48.941,678.5,0.0,86.0,44.0,18.0,99.0,-0.81,24.31,1.56,-12.5,2.1,0.08,0.68,3.0,13.3,18.82,"Closed loop, using oxygen sensor feedback to determine fuel mix/",34.0,41
2026-08-16 16:49:50.633,681.25,0.0,86.0,44.0,19.0,99.0,-0.8,24.31,2.34,-13.28,2.06,0.81,0.58,2.0,13.2,18.82,"Closed loop, using oxygen sensor feedback to determine fuel mix/",34.0,41
2026-08-16 16:49:52.330,668.0,0.0,86.0,44.0,18.0,99.0,-0.81,24.31,-1.56,-12.5,2.15,0.09,0.78,4.5,13.3,19.22,"Closed loop, using oxygen sensor feedback to determine fuel mix/",34.0,41
2026-08-16 16:49:54.038,684.25,0.0,86.0,44.0,18.0,99.0,-0.81,24.31,1.56,-12.5,2.14,0.09,0.67,3.0,13.3,18.82,"Closed loop, using oxygen sensor feedback to determine fuel mix/",34.0,41
2026-08-16 16:49:55.746,668.0,0.0,86.0,44.0,18.0,99.0,-0.81,24.31,1.56,-12.5,2.14,0.1,0.74,3.0,13.3,19.22,"Closed loop, using oxygen sensor feedback to determine fuel mix/",34.0,41
2026-08-16 16:49:57.458,677.75,0.0,86.0,44.0,17.0,99.0,-0.82,24.31,-1.56,-13.28,2.12,0.36,0.77,6.0,13.3,19.61,"Closed loop, using oxygen sensor feedback to determine fuel mix/",34.0,41
2026-08-16 16:49:59.149,684.5,0.0,86.0,44.0,19.0,99.0,-0.8,24.71,1.56,-12.5,2.16,0.07,0.69,4.0,13.2,19.22,"Closed loop, using oxygen sensor feedback to determine fuel mix/",34.0,41
2026-08-16 16:50:00.855,674.75,0.0,86.0,44.0,17.0,99.0,-0.82,24.31,-1.56,-13.28,2.09,0.69,0.59,5.5,13.3,18.82,"Closed loop, using oxygen sensor feedback to determine fuel mix/",34.0,42
2026-08-16 16:50:02.549,676.5,0.0,86.0,44.0,19.0,99.0,-0.8,24.31,-1.56,-12.5,2.14,0.08,0.71,1.0,13.2,19.22,"Closed loop, using oxygen sensor feedback to determine fuel mix/",34.0,42
2026-08-16 16:50:04.242,688.25,0.0,86.0,44.0,18.0,99.0,-0.81,24.31,2.34,-13.28,2.11,0.79,0.56,3.0,13.2,18.82,"Closed loop, using oxygen sensor feedback to determine fuel mix/",34.0,42
2026-08-16 16:50:05.933,680.75,0.0,86.0,44.0,17.0,99.0,-0.82,24.31,-1.56,-13.28,2.11,0.42,0.79,7.0,13.3,19.22,"Closed loop, using oxygen sensor feedback to determine fuel mix/",34.0,42
2026-08-16 16:50:07.628,672.25,0.0,86.0,44.0,19.0,99.0,-0.8,24.31,1.56,-12.5,2.11,0.08,0.71,1.5,13.2,19.22,"Closed loop, using oxygen sensor feedback to determine fuel mix/",34.0,42
2026-08-16 16:50:09.337,679.75,0.0,86.0,44.0,19.0,99.0,-0.8,24.31,-1.56,-13.28,2.11,0.71,0.67,5.5,13.3,19.22,"Closed loop, using oxygen sensor feedback to determine fuel mix/",34.0,42
2026-08-16 16:50:11.032,677.0,0.0,86.0,44.0,18.0,99.0,-0.81,24.31,-1.56,-13.28,2.11,0.08,0.71,7.0,13.3,19.61,"Closed loop, using oxygen sensor feedback to determine fuel mix/",34.0,42
2026-08-16 16:50:12.738,682.0,0.0,86.0,44.0,18.0,99.0,-0.81,24.31,-0.78,-13.28,2.1,0.75,0.57,5.0,13.3,19.22,"Closed loop, using oxygen sensor feedback to determine fuel mix/",34.0,42
2026-08-16 16:50:14.450,680.25,0.0,86.0,44.0,19.0,99.0,-0.8,24.71,-1.56,-12.5,2.13,0.08,0.72,4.5,13.2,19.61,"Closed loop, using oxygen sensor feedback to determine fuel mix/",34.0,42
2026-08-16 16:50:16.156,685.0,0.0,86.0,44.0,18.0,,-0.83,24.31,2.34,-13.28,2.11,0.79,0.53,2.5,13.2,19.22,"Closed loop, using oxygen sensor feedback to determine fuel mix/",34.0,42
2026-08-16 16:50:17.818,675.0,0.0,86.0,44.0,18.0,99.0,-0.81,24.31,-1.56,-13.28,2.11,0.6,0.79,4.5,13.2,19.22,"Closed loop, using oxygen sensor feedback to determine fuel mix/",34.0,42
2026-08-16 16:50:19.526,678.5,0.0,86.0,44.0,18.0,99.0,-0.81,24.71,-1.56,-12.5,2.17,0.08,0.72,3.5,13.2,19.22,"Closed loop, using oxygen sensor feedback to determine fuel mix/",34.0,42
2026-08-16 16:50:21.219,677.0,0.0,86.0,44.0,19.0,99.0,-0.8,24.31,-0.78,-13.28,2.13,0.74,0.63,2.5,13.2,19.22,"Closed loop, using oxygen sensor feedback to determine fuel mix/",34.0,42
2026-08-16 16:50:22.910,669.0,0.0,86.0,44.0,18.0,99.0,-0.81,24.31,-1.56,-12.5,2.13,0.08,0.72,4.0,13.3,19.61,"Closed loop, using oxygen sensor feedback to determine fuel mix/",34.0,42
2026-08-16 16:50:24.604,680.5,0.0,86.0,44.0,18.0,99.0,-0.81,24.31,-0.78,-13.28,2.12,0.74,0.55,6.0,13.3,19.22,"Closed loop, using oxygen sensor feedback to determine fuel mix/",34.0,42
2026-08-16 16:50:26.298,683.25,0.0,86.0,44.0,19.0,99.0,-0.8,24.31,-0.78,-13.28,2.11,0.77,0.73,8.0,13.2,18.82,"Closed loop, using oxygen sensor feedback to determine fuel mix/",34.0,42
2026-08-16 16:50:27.988,668.25,0.0,86.0,45.0,18.0,99.0,-0.81,24.31,-1.56,-12.5,2.11,0.08,0.76,5.5,13.3,19.61,"Closed loop, using oxygen sensor feedback to determine fuel mix/",34.0,42
2026-08-16 16:50:29.686,679.75,0.0,86.0,45.0,18.0,99.0,-0.81,24.31,-0.78,-13.28,2.1,0.76,0.6,6.0,13.2,18.82,"Closed loop, using oxygen sensor feedback to determine fuel mix/",34.0,43
2026-08-16 16:50:31.391,674.5,0.0,86.0,45.0,17.0,99.0,-0.82,24.31,-1.56,-12.5,2.14,0.08,0.77,4.0,13.2,19.61,"Closed loop, using oxygen sensor feedback to determine fuel mix/",34.0,43
2026-08-16 16:50:33.090,688.25,0.0,87.0,45.0,17.0,99.0,-0.82,24.31,2.34,-13.28,2.1,0.73,0.57,4.0,13.2,18.82,"Closed loop, using oxygen sensor feedback to determine fuel mix/",34.0,43
2026-08-16 16:50:34.794,675.75,0.0,86.0,45.0,18.0,99.0,-0.81,24.31,-1.56,-12.5,2.11,0.72,0.79,6.5,13.3,19.22,"Closed loop, using oxygen sensor feedback to determine fuel mix/",34.0,43
2026-08-16 16:50:36.489,680.5,0.0,87.0,45.0,19.0,99.0,-0.8,24.71,-1.56,-12.5,2.13,0.08,0.73,5.5,13.3,19.22,"Closed loop, using oxygen sensor feedback to determine fuel mix/",34.0,43
2026-08-16 16:50:38.179,685.0,0.0,87.0,45.0,17.0,99.0,-0.82,24.31,-0.78,-13.28,2.12,0.77,0.61,3.5,13.3,19.22,"Closed loop, using oxygen sensor feedback to determine fuel mix/",34.0,43
2026-08-16 16:50:39.873,677.5,0.0,87.0,45.0,19.0,99.0,-0.8,25.88,-1.56,-12.5,2.52,0.08,0.74,1.0,12.8,24.31,"Closed loop, using oxygen sensor feedback to determine fuel mix/",34.0,43
2026-08-16 16:50:41.583,666.5,0.0,87.0,45.0,24.0,99.0,-0.75,26.67,2.34,-12.5,2.85,0.72,0.37,-5.5,13.2,25.88,"Closed loop, using oxygen sensor feedback to determine fuel mix/",34.0,43
2026-08-16 16:50:43.275,678.25,0.0,87.0,45.0,24.0,99.0,-0.75,26.67,-0.78,-12.5,2.83,0.09,0.73,-7.0,13.4,25.88,"Closed loop, using oxygen sensor feedback to determine fuel mix/",34.0,43
2026-08-16 16:50:44.972,684.75,0.0,86.0,45.0,24.0,99.0,-0.75,26.67,2.34,-12.5,2.81,0.17,0.41,-7.5,13.4,25.1,"Closed loop, using oxygen sensor feedback to determine fuel mix/",34.0,43
2026-08-16 16:50:46.660,693.0,0.0,87.0,45.0,19.0,99.0,-0.8,25.49,0.0,-13.28,2.37,0.83,0.76,0.5,13.4,20.78,"Closed loop, using oxygen sensor feedback to determine fuel mix/",34.0,43
2026-08-16 16:50:48.355,667.0,0.0,87.0,45.0,19.0,99.0,-0.8,24.71,-2.34,-13.28,2.19,0.67,0.79,2.5,13.3,19.61,"Closed loop, using oxygen sensor feedback to determine fuel mix/",34.0,43
2026-08-16 16:50:50.082,680.25,0.0,87.0,45.0,19.0,99.0,-0.8,24.71,-1.56,-13.28,2.15,0.09,0.73,6.0,13.3,19.61,"Closed loop, using oxygen sensor feedback to determine fuel mix/",34.0,43
2026-08-16 16:50:51.789,682.75,0.0,87.0,45.0,19.0,99.0,-0.8,24.31,-0.78,-13.28,2.08,0.77,0.72,5.0,13.2,18.82,"Closed loop, using oxygen sensor feedback to determine fuel mix/",34.0,43
2026-08-16 16:50:53.482,663.75,0.0,87.0,45.0,18.0,99.0,-0.81,24.71,-1.56,-12.5,2.15,0.08,0.76,6.5,13.2,19.22,"Closed loop, using oxygen sensor feedback to determine fuel mix/",34.0,43
2026-08-16 16:50:55.189,690.75,0.0,87.0,45.0,19.0,99.0,-0.8,24.31,-0.78,-13.28,2.08,0.77,0.62,6.5,13.4,18.82,"Closed loop, using oxygen sensor feedback to determine fuel mix/",34.0,43
2026-08-16 16:50:56.902,676.0,0.0,87.0,45.0,18.0,99.0,-0.81,24.71,-1.56,-12.5,2.12,0.08,0.76,5.0,13.3,19.22,"Closed loop, using oxygen sensor feedback to determine fuel mix/",34.0,43
2026-08-16 16:50:58.590,679.5,0.0,87.0,45.0,19.0,99.0,-0.8,24.31,2.34,-13.28,2.1,0.73,0.54,6.0,13.3,18.43,"Closed loop, using oxygen sensor feedback to determine fuel mix/",34.0,43
2026-08-16 16:51:00.286,677.25,0.0,87.0,45.0,17.0,99.0,-0.82,24.31,-0.78,-13.28,2.07,0.78,0.78,4.5,13.1,18.82,"Closed loop, using oxygen sensor feedback to determine fuel mix/",34.0,43
2026-08-16 16:51:01.977,672.75,0.0,87.0,45.0,18.0,99.0,-0.81,24.31,-1.56,-13.28,2.1,0.08,0.76,5.0,13.3,19.22,"Closed loop, using oxygen sensor feedback to determine fuel mix/",34.0,43
2026-08-16 16:51:03.672,679.25,0.0,87.0,45.0,18.0,99.0,-0.81,23.92,-0.78,-13.28,2.06,0.74,0.61,4.5,13.2,18.43,"Closed loop, using oxygen sensor feedback to determine fuel mix/",34.0,43
2026-08-16 16:51:05.366,681.0,0.0,87.0,45.0,17.0,99.0,-0.82,24.31,-1.56,-12.5,2.09,0.09,0.77,5.0,13.2,19.22,"Closed loop, using oxygen sensor feedback to determine fuel mix/",34.0,44
2026-08-16 16:51:07.076,681.75,0.0,87.0,44.0,17.0,99.0,-0.82,24.31,2.34,-13.28,2.08,0.49,0.56,6.0,13.3,18.82,"Closed loop, using oxygen sensor feedback to determine fuel mix/",34.0,44
2026-08-16 16:51:08.782,679.75,0.0,87.0,45.0,19.0,99.0,-0.8,23.92,-0.78,-13.28,2.06,0.78,0.77,5.0,13.3,18.82,"Closed loop, using oxygen sensor feedback to determine fuel mix/",34.0,44
2026-08-16 16:51:10.477,670.75,0.0,87.0,45.0,17.0,99.0,-0.82,24.31,-1.56,-12.5,2.09,0.08,0.76,5.0,13.3,18.82,"Closed loop, using oxygen sensor feedback to determine fuel mix/",34.0,44
2026-08-16 16:51:12.187,687.25,0.0,87.0,45.0,17.0,99.0,-0.82,23.92,-0.78,-13.28,2.05,0.73,0.57,10.0,13.3,18.82,"Closed loop, using oxygen sensor feedback to determine fuel mix/",34.0,44
2026-08-16 16:51:13.894,687.5,0.0,87.0,45.0,19.0,99.0,-0.8,24.31,1.56,-13.28,2.04,0.12,0.76,6.0,13.3,18.82,"Closed loop, using oxygen sensor feedback to determine fuel mix/",34.0,44
2026-08-16 16:51:15.603,679.5,0.0,87.0,45.0,17.0,99.0,-0.82,24.31,-1.56,-12.5,2.09,0.09,0.78,6.0,13.3,18.82,"Closed loop, using oxygen sensor feedback to determine fuel mix/",34.0,44
2026-08-16 16:51:17.295,681.25,0.0,87.0,45.0,18.0,99.0,-0.81,24.31,1.56,-13.28,2.07,0.09,0.66,7.0,13.3,18.82,"Closed loop, using oxygen sensor feedback to determine fuel mix/",34.0,44
2026-08-16 16:51:18.992,675.25,0.0,87.0,45.0,19.0,99.0,-0.8,24.31,-1.56,-12.5,2.1,0.14,0.73,6.5,13.3,18.82,"Closed loop, using oxygen sensor feedback to determine fuel mix/",34.0,44
2026-08-16 16:51:20.690,685.5,0.0,87.0,45.0,19.0,99.0,-0.8,24.31,-0.78,-13.28,2.07,0.7,0.76,9.0,13.3,19.22,"Closed loop, using oxygen sensor feedback to determine fuel mix/",34.0,44
2026-08-16 16:51:22.408,683.75,0.0,87.0,45.0,19.0,99.0,-0.8,24.31,-1.56,-12.5,2.1,0.08,0.72,7.5,13.3,18.82,"Closed loop, using oxygen sensor feedback to determine fuel mix/",34.0,44
2026-08-16 16:51:24.115,685.75,0.0,87.0,45.0,17.0,99.0,-0.82,24.31,-0.78,-13.28,2.09,0.73,0.59,5.5,13.3,18.82,"Closed loop, using oxygen sensor feedback to determine fuel mix/",34.0,44
2026-08-16 16:51:25.808,681.75,0.0,87.0,45.0,19.0,99.0,-0.8,24.31,-0.78,-13.28,2.06,0.75,0.73,9.0,13.3,18.82,"Closed loop, using oxygen sensor feedback to determine fuel mix/",34.0,44
2026-08-16 16:51:27.502,672.5,0.0,87.0,45.0,18.0,99.0,-0.81,24.31,-1.56,-13.28,2.07,0.08,0.76,5.0,13.3,18.82,"Closed loop, using oxygen sensor feedback to determine fuel mix/",34.0,44
2026-08-16 16:51:29.195,684.5,0.0,87.0,45.0,17.0,99.0,-0.82,24.71,-0.78,-13.28,2.1,0.73,0.61,6.5,13.3,18.82,"Closed loop, using oxygen sensor feedback to determine fuel mix/",34.0,44
2026-08-16 16:51:30.890,670.5,0.0,87.0,45.0,18.0,99.0,-0.81,24.31,-1.56,-12.5,2.12,0.08,0.76,4.0,13.3,18.82,"Closed loop, using oxygen sensor feedback to determine fuel mix/",34.0,44
2026-08-16 16:51:32.598,687.0,0.0,87.0,45.0,17.0,99.0,-0.82,24.31,2.34,-13.28,2.08,0.73,0.52,4.0,13.3,18.82,"Closed loop, using oxygen sensor feedback to determine fuel mix/",34.0,45
2026-08-16 16:51:34.291,680.0,0.0,87.0,45.0,19.0,99.0,-0.8,24.31,-0.78,-13.28,2.07,0.77,0.78,5.0,13.1,19.22,"Closed loop, using oxygen sensor feedback to determine fuel mix/",34.0,45
2026-08-16 16:51:35.985,671.25,0.0,87.0,45.0,18.0,99.0,-0.81,24.31,-1.56,-13.28,2.13,0.08,0.76,11.5,13.3,19.22,"Closed loop, using oxygen sensor feedback to determine fuel mix/",34.0,45
2026-08-16 16:51:37.675,685.25,0.0,87.0,45.0,17.0,99.0,-0.82,24.31,2.34,-13.28,2.1,0.74,0.55,5.0,13.3,18.82,"Closed loop, using oxygen sensor feedback to determine fuel mix/",34.0,45
2026-08-16 16:51:39.368,683.5,0.0,87.0,45.0,18.0,99.0,-0.81,24.31,-1.56,-13.28,2.1,0.71,0.78,8.0,13.2,18.82,"Closed loop, using oxygen sensor feedback to determine fuel mix/",34.0,45
2026-08-16 16:51:41.061,682.0,0.0,87.0,45.0,19.0,99.0,-0.8,24.71,-1.56,-12.5,2.12,0.08,0.73,6.5,13.3,19.22,"Closed loop, using oxygen sensor feedback to determine fuel mix/",34.0,45
2026-08-16 16:51:42.754,684.25,0.0,87.0,45.0,19.0,99.0,-0.8,24.31,-0.78,-13.28,2.07,0.77,0.57,7.0,13.3,18.82,"Closed loop, using oxygen sensor feedback to determine fuel mix/",34.0,45
2026-08-16 16:51:44.449,675.0,0.0,87.0,45.0,19.0,99.0,-0.8,24.31,-1.56,-12.5,2.12,0.07,0.74,5.0,13.2,19.61,"Closed loop, using oxygen sensor feedback to determine fuel mix/",34.0,45
2026-08-16 16:51:46.143,685.25,0.0,87.0,45.0,17.0,99.0,-0.82,24.31,2.34,-13.28,2.1,0.76,0.42,4.0,13.3,18.82,"Closed loop, using oxygen sensor feedback to determine fuel mix/",34.0,45
2026-08-16 16:51:47.835,674.75,0.0,87.0,45.0,18.0,99.0,-0.81,24.31,-0.78,-13.28,2.08,0.76,0.78,6.0,13.3,18.82,"Closed loop, using oxygen sensor feedback to determine fuel mix/",34.0,45
2026-08-16 16:51:49.529,672.75,0.0,87.0,45.0,18.0,99.0,-0.81,24.31,-1.56,-12.5,2.13,0.08,0.75,4.5,13.2,19.22,"Closed loop, using oxygen sensor feedback to determine fuel mix/",34.0,45
2026-08-16 16:51:51.237,681.25,0.0,87.0,45.0,19.0,99.0,-0.8,24.31,-0.78,-13.28,2.08,0.76,0.55,7.0,13.3,19.22,"Closed loop, using oxygen sensor feedback to determine fuel mix/",34.0,45
2026-08-16 16:51:52.931,677.5,0.0,87.0,45.0,17.0,99.0,-0.82,24.31,2.34,-13.28,2.1,0.41,0.75,4.5,13.2,18.82,"Closed loop, using oxygen sensor feedback to determine fuel mix/",34.0,45
2026-08-16 16:51:54.626,672.25,0.0,87.0,45.0,19.0,99.0,-0.8,24.31,-1.56,-12.5,2.12,0.08,0.77,5.0,13.3,19.22,"Closed loop, using oxygen sensor feedback to determine fuel mix/",34.0,45
2026-08-16 16:51:56.334,683.75,0.0,87.0,45.0,18.0,99.0,-0.81,24.31,2.34,-13.28,2.1,0.14,0.59,3.0,13.2,18.82,"Closed loop, using oxygen sensor feedback to determine fuel mix/",34.0,45
2026-08-16 16:51:58.039,683.0,0.0,87.0,45.0,17.0,99.0,-0.82,24.31,-0.78,-13.28,2.07,0.8,0.76,8.5,13.2,18.82,"Closed loop, using oxygen sensor feedback to determine fuel mix/",34.0,46
2026-08-16 16:51:59.736,670.5,0.0,87.0,45.0,19.0,99.0,-0.8,24.31,-1.56,-12.5,2.12,0.08,0.76,4.5,13.3,19.22,"Closed loop, using oxygen sensor feedback to determine fuel mix/",34.0,46
2026-08-16 16:52:01.444,684.5,0.0,87.0,45.0,17.0,99.0,-0.82,24.31,2.34,-13.28,2.08,0.71,0.56,5.5,13.3,18.82,"Closed loop, using oxygen sensor feedback to determine fuel mix/",34.0,46
2026-08-16 16:52:03.139,679.5,0.0,87.0,45.0,18.0,99.0,-0.81,24.31,-0.78,-13.28,2.11,0.73,0.78,8.5,13.3,19.22,"Closed loop, using oxygen sensor feedback to determine fuel mix/",34.0,46
2026-08-16 16:52:04.830,679.0,0.0,87.0,45.0,18.0,99.0,-0.81,24.31,-1.56,-13.28,2.12,0.07,0.73,6.0,13.2,19.22,"Closed loop, using oxygen sensor feedback to determine fuel mix/",34.0,46
2026-08-16 16:52:06.536,687.25,0.0,87.0,45.0,18.0,99.0,-0.81,24.31,2.34,-13.28,2.06,0.77,0.53,6.0,13.3,18.82,"Closed loop, using oxygen sensor feedback to determine fuel mix/",34.0,46
2026-08-16 16:52:08.233,680.75,0.0,87.0,45.0,17.0,99.0,-0.82,24.31,-1.56,-13.28,2.1,0.57,0.79,7.5,13.1,19.22,"Closed loop, using oxygen sensor feedback to determine fuel mix/",34.0,46
2026-08-16 16:52:09.940,679.5,0.0,87.0,45.0,18.0,99.0,-0.81,24.31,1.56,-12.5,2.11,0.08,0.71,4.0,13.3,19.22,"Closed loop, using oxygen sensor feedback to determine fuel mix/",34.0,46
2026-08-16 16:52:11.632,679.25,0.0,87.0,45.0,17.0,99.0,-0.82,24.31,-0.78,-13.28,2.11,0.72,0.59,6.0,13.2,18.82,"Closed loop, using oxygen sensor feedback to determine fuel mix/",34.0,46
2026-08-16 16:52:13.324,683.0,0.0,87.0,45.0,17.0,99.0,-0.82,24.31,-0.78,-13.28,2.09,0.74,0.72,7.5,13.3,19.22,"Closed loop, using oxygen sensor feedback to determine fuel mix/",34.0,46
2026-08-16 16:52:15.019,674.75,0.0,87.0,45.0,19.0,99.0,-0.8,24.31,-1.56,-12.5,2.14,0.08,0.73,3.5,13.3,19.22,"Closed loop, using oxygen sensor feedback to determine fuel mix/",34.0,46
2026-08-16 16:52:16.712,684.5,0.0,87.0,45.0,18.0,99.0,-0.81,24.31,2.34,-13.28,2.07,0.76,0.52,6.0,13.2,18.82,"Closed loop, using oxygen sensor feedback to determine fuel mix/",34.0,46
2026-08-16 16:52:18.403,682.5,0.0,87.0,45.0,19.0,99.0,-0.8,24.31,-1.56,-12.5,2.11,0.64,0.79,7.5,13.3,19.22,"Closed loop, using oxygen sensor feedback to determine fuel mix/",34.0,46
2026-08-16 16:52:20.099,680.25,0.0,87.0,45.0,19.0,99.0,-0.8,24.71,-1.56,-12.5,2.14,0.07,0.71,4.0,13.2,19.61,"Closed loop, using oxygen sensor feedback to determine fuel mix/",34.0,46
2026-08-16 16:52:21.790,687.75,0.0,87.0,45.0,19.0,99.0,-0.8,24.31,2.34,-13.28,2.09,0.78,0.53,4.5,13.3,18.82,"Closed loop, using oxygen sensor feedback to determine fuel mix/",34.0,46
2026-08-16 16:52:23.499,681.75,0.0,87.0,45.0,18.0,99.0,-0.81,24.31,-1.56,-13.28,2.11,0.1,0.79,8.5,13.3,19.22,"Closed loop, using oxygen sensor feedback to determine fuel mix/",34.0,46
2026-08-16 16:52:25.193,673.75,0.0,87.0,45.0,17.0,99.0,-0.82,24.31,1.56,-12.5,2.1,0.07,0.68,5.5,13.3,19.22,"Closed loop, using oxygen sensor feedback to determine fuel mix/",34.0,46
2026-08-16 16:52:26.885,681.0,0.0,87.0,45.0,18.0,99.0,-0.81,24.31,2.34,-13.28,2.07,0.8,0.57,4.0,13.2,18.82,"Closed loop, using oxygen sensor feedback to determine fuel mix/",34.0,47
2026-08-16 16:52:28.579,678.25,0.0,87.0,45.0,18.0,99.0,-0.81,24.31,-1.56,-12.5,2.12,0.09,0.79,8.5,13.1,19.22,"Closed loop, using oxygen sensor feedback to determine fuel mix/",34.0,47
2026-08-16 16:52:30.274,681.5,0.0,87.0,45.0,17.0,99.0,-0.82,24.31,1.56,-12.5,2.12,0.08,0.67,3.5,13.3,18.82,"Closed loop, using oxygen sensor feedback to determine fuel mix/",34.0,47
2026-08-16 16:52:31.970,689.25,0.0,87.0,45.0,17.0,99.0,-0.82,24.31,-0.78,-13.28,2.08,0.8,0.69,6.0,13.3,18.82,"Closed loop, using oxygen sensor feedback to determine fuel mix/",34.0,47
2026-08-16 16:52:33.678,683.0,0.0,87.0,45.0,18.0,99.0,-0.81,24.31,-1.56,-12.5,2.12,0.07,0.78,3.0,13.2,19.22,"Closed loop, using oxygen sensor feedback to determine fuel mix/",34.0,47
2026-08-16 16:52:35.368,680.0,0.0,87.0,45.0,17.0,99.0,-0.82,24.31,1.56,-12.5,2.12,0.1,0.6,4.5,13.3,19.22,"Closed loop, using oxygen sensor feedback to determine fuel mix/",34.0,47
2026-08-16 16:52:37.078,684.5,0.0,87.0,45.0,18.0,99.0,-0.81,24.31,-0.78,-13.28,2.09,0.79,0.73,4.5,13.3,19.22,"Closed loop, using oxygen sensor feedback to determine fuel mix/",34.0,47
2026-08-16 16:52:38.771,672.0,0.0,87.0,45.0,18.0,99.0,-0.81,24.31,-1.56,-12.5,2.13,0.08,0.77,7.5,13.1,19.61,"Closed loop, using oxygen sensor feedback to determine fuel mix/",34.0,47
2026-08-16 16:52:40.466,681.5,0.0,87.0,45.0,17.0,99.0,-0.82,24.31,2.34,-13.28,2.12,0.14,0.56,4.0,13.3,19.22,"Closed loop, using oxygen sensor feedback to determine fuel mix/",34.0,47
2026-08-16 16:52:42.158,683.0,0.0,87.0,45.0,18.0,99.0,-0.81,24.31,-0.78,-13.28,2.08,0.79,0.74,7.0,13.3,19.22,"Closed loop, using oxygen sensor feedback to determine fuel mix/",34.0,47
2026-08-16 16:52:43.849,688.0,0.0,87.0,45.0,18.0,99.0,-0.81,24.31,-1.56,-12.5,2.16,0.08,0.77,6.5,13.3,19.61,"Closed loop, using oxygen sensor feedback to determine fuel mix/",34.0,47
2026-08-16 16:52:45.543,686.5,0.0,87.0,45.0,19.0,99.0,-0.8,24.31,2.34,-13.28,2.1,0.62,0.56,5.5,13.3,18.82,"Closed loop, using oxygen sensor feedback to determine fuel mix/",34.0,47
2026-08-16 16:52:47.251,677.25,0.0,88.0,45.0,17.0,99.0,-0.82,24.31,-0.78,-13.28,2.08,0.75,0.77,5.0,13.3,19.22,"Closed loop, using oxygen sensor feedback to determine fuel mix/",34.0,47
2026-08-16 16:52:48.942,674.5,0.0,87.0,45.0,19.0,99.0,-0.8,24.31,-1.56,-12.5,2.13,0.07,0.74,5.0,13.3,19.22,"Closed loop, using oxygen sensor feedback to determine fuel mix/",34.0,48
2026-08-16 16:52:50.642,682.75,0.0,87.0,45.0,17.0,99.0,-0.82,24.31,2.34,-13.28,2.11,0.75,0.52,6.0,13.3,18.82,"Closed loop, using oxygen sensor feedback to determine fuel mix/",34.0,48
2026-08-16 16:52:52.347,685.25,0.0,87.0,45.0,17.0,99.0,-0.82,24.31,-1.56,-13.28,2.09,0.67,0.78,9.5,13.3,19.22,"Closed loop, using oxygen sensor feedback to determine fuel mix/",34.0,48
2026-08-16 16:52:54.055,673.0,0.0,88.0,45.0,19.0,99.0,-0.8,24.31,-1.56,-13.28,2.16,0.07,0.72,4.0,13.3,19.22,"Closed loop, using oxygen sensor feedback to determine fuel mix/",34.0,48
2026-08-16 16:52:55.763,689.75,0.0,88.0,45.0,17.0,99.0,-0.82,24.31,2.34,-13.28,2.08,0.79,0.54,6.0,13.3,18.82,"Closed loop, using oxygen sensor feedback to determine fuel mix/",34.0,48
2026-08-16 16:52:57.462,680.75,0.0,87.0,45.0,18.0,99.0,-0.81,24.31,-1.56,-13.28,2.09,0.11,0.79,6.5,13.3,19.22,"Closed loop, using oxygen sensor feedback to determine fuel mix/",34.0,48
2026-08-16 16:52:59.165,674.0,0.0,87.0,45.0,18.0,99.0,-0.81,24.31,1.56,-12.5,2.15,0.07,0.68,7.0,13.3,19.22,"Closed loop, using oxygen sensor feedback to determine fuel mix/",34.0,48
2026-08-16 16:53:00.861,681.75,0.0,88.0,45.0,17.0,99.0,-0.82,24.31,2.34,-13.28,2.08,0.79,0.57,4.0,13.2,18.82,"Closed loop, using oxygen sensor feedback to determine fuel mix/",34.0,48
2026-08-16 16:53:02.569,679.5,0.0,87.0,45.0,18.0,99.0,-0.81,24.31,-1.56,-12.5,2.13,0.09,0.78,7.0,13.3,19.61,"Closed loop, using oxygen sensor feedback to determine fuel mix/",34.0,48
2026-08-16 16:53:04.279,688.0,0.0,87.0,45.0,18.0,99.0,-0.81,24.71,1.56,-13.28,2.14,0.09,0.64,6.5,13.3,19.22,"Closed loop, using oxygen sensor feedback to determine fuel mix/",34.0,48
2026-08-16 16:53:05.976,680.75,0.0,88.0,45.0,18.0,99.0,-0.81,24.31,-0.78,-13.28,2.1,0.79,0.7,5.5,13.2,18.82,"Closed loop, using oxygen sensor feedback to determine fuel mix/",34.0,48
2026-08-16 16:53:07.677,677.0,0.0,88.0,45.0,18.0,99.0,-0.81,24.31,-1.56,-12.5,2.12,0.08,0.77,6.0,13.2,19.61,"Closed loop, using oxygen sensor feedback to determine fuel mix/",34.0,48
2026-08-16 16:53:09.374,678.25,0.0,87.0,45.0,19.0,99.0,-0.8,24.31,2.34,-13.28,2.09,0.12,0.55,2.5,13.3,19.22,"Closed loop, using oxygen sensor feedback to determine fuel mix/",34.0,48
2026-08-16 16:53:11.095,680.25,0.0,88.0,45.0,20.0,99.0,-0.79,25.1,-0.78,-12.5,2.29,0.77,0.73,7.5,12.5,23.92,"Closed loop, using oxygen sensor feedback to determine fuel mix/",34.0,48
2026-08-16 16:53:12.791,672.25,0.0,88.0,45.0,22.0,99.0,-0.77,26.67,2.34,-12.5,2.8,0.07,0.67,-4.5,13.2,25.88,"Closed loop, using oxygen sensor feedback to determine fuel mix/",34.0,48
2026-08-16 16:53:14.483,704.5,0.0,88.0,45.0,23.0,99.0,-0.76,26.67,3.12,-12.5,2.84,0.73,0.46,-7.5,13.2,25.88,"Closed loop, using oxygen sensor feedback to determine fuel mix/",34.0,48
2026-08-16 16:53:16.193,674.25,0.0,88.0,45.0,24.0,99.0,-0.75,26.27,0.0,-13.28,2.71,0.09,0.77,-5.0,13.4,24.31,"Closed loop, using oxygen sensor feedback to determine fuel mix/",34.0,48
2026-08-16 16:53:17.884,688.25,0.0,88.0,45.0,20.0,99.0,-0.79,25.1,0.0,-13.28,2.27,0.78,0.67,1.0,13.3,20.0,"Closed loop, using oxygen sensor feedback to determine fuel mix/",34.0,48
2026-08-16 16:53:19.578,689.5,0.0,88.0,45.0,18.0,99.0,-0.81,24.71,-1.56,-13.28,2.18,0.1,0.78,5.5,13.4,20.0,"Closed loop, using oxygen sensor feedback to determine fuel mix/",34.0,48
2026-08-16 16:53:21.272,680.0,0.0,88.0,45.0,19.0,99.0,-0.8,24.71,1.56,-13.28,2.18,0.09,0.68,5.0,13.3,20.0,"Closed loop, using oxygen sensor feedback to determine fuel mix/",34.0,49
2026-08-16 16:53:22.968,666.0,0.0,88.0,45.0,18.0,99.0,-0.81,24.71,-1.56,-13.28,2.21,0.1,0.76,5.0,13.2,19.61,"Closed loop, using oxygen sensor feedback to determine fuel mix/",34.0,49
2026-08-16 16:53:24.659,676.75,0.0,88.0,45.0,19.0,99.0,-0.8,24.31,1.56,-13.28,2.13,0.09,0.66,6.0,13.3,19.61,"Closed loop, using oxygen sensor feedback to determine fuel mix/",34.0,49
2026-08-16 16:53:26.350,682.0,0.0,88.0,45.0,18.0,99.0,-0.81,24.71,-0.78,-13.28,2.14,0.76,0.7,4.5,13.2,19.61,"Closed loop, using oxygen sensor feedback to determine fuel mix/",34.0,49
2026-08-16 16:53:28.046,674.75,0.0,88.0,45.0,18.0,99.0,-0.81,24.71,-1.56,-12.5,2.2,0.07,0.76,4.5,13.3,20.39,"Closed loop, using oxygen sensor feedback to determine fuel mix/",34.0,49
2026-08-16 16:53:29.753,682.5,0.0,88.0,45.0,18.0,99.0,-0.81,24.71,2.34,-13.28,2.15,0.24,0.47,5.5,13.3,19.61,"Closed loop, using oxygen sensor feedback to determine fuel mix/",34.0,49
2026-08-16 16:53:31.448,680.25,0.0,88.0,45.0,17.0,99.0,-0.82,24.31,-0.78,-13.28,2.08,0.79,0.76,6.5,13.3,18.82,"Closed loop, using oxygen sensor feedback to determine fuel mix/",34.0,49
2026-08-16 16:53:33.139,674.25,0.0,88.0,45.0,18.0,99.0,-0.81,24.31,-1.56,-12.5,2.11,0.07,0.77,8.5,13.3,19.22,"Closed loop, using oxygen sensor feedback to determine fuel mix/",34.0,49
2026-08-16 16:53:34.833,689.25,0.0,88.0,45.0,17.0,99.0,-0.82,24.31,2.34,-13.28,2.1,0.18,0.53,5.5,13.3,19.22,"Closed loop, using oxygen sensor feedback to determine fuel mix/",34.0,49
2026-08-16 16:53:36.525,680.5,0.0,88.0,45.0,17.0,99.0,-0.82,24.31,-0.78,-13.28,2.07,0.79,0.75,7.0,13.3,18.82,"Closed loop, using oxygen sensor feedback to determine fuel mix/",34.0,49
2026-08-16 16:53:38.233,677.25,0.0,88.0,45.0,19.0,99.0,-0.8,24.31,-1.56,-12.5,2.13,0.07,0.76,7.5,13.3,19.22,"Closed loop, using oxygen sensor feedback to determine fuel mix/",34.0,49
2026-08-16 16:53:39.929,691.0,0.0,88.0,45.0,17.0,99.0,-0.82,24.31,2.34,-13.28,2.07,0.64,0.47,5.0,13.3,18.82,"Closed loop, using oxygen sensor feedback to determine fuel mix/",34.0,49
2026-08-16 16:53:41.634,678.0,0.0,88.0,45.0,17.0,99.0,-0.82,24.31,-0.78,-13.28,2.09,0.79,0.76,5.0,13.3,18.82,"Closed loop, using oxygen sensor feedback to determine fuel mix/",34.0,49
2026-08-16 16:53:43.346,678.25,0.0,,45.0,18.0,99.0,-0.81,24.31,-1.56,-12.5,2.1,0.07,,7.5,13.3,19.22,"Closed loop, using oxygen sensor feedback to determine fuel mix/",34.0,49
2026-08-16 16:53:45.005,687.0,0.0,88.0,45.0,19.0,99.0,-0.8,24.31,2.34,-13.28,2.07,0.54,0.55,6.5,13.3,18.82,"Closed loop, using oxygen sensor feedback to determine fuel mix/",34.0,49
2026-08-16 16:53:46.735,,0.0,88.0,45.0,19.0,99.0,-0.8,24.31,-0.78,-13.28,2.11,0.76,0.77,7.5,13.3,19.22,"Closed loop, using oxygen sensor feedback to determine fuel mix/",34.0,49
2026-08-16 16:53:48.392,674.25,0.0,88.0,45.0,19.0,99.0,-0.8,24.71,-1.56,-12.5,2.11,0.07,0.74,4.0,13.2,19.22,"Closed loop, using oxygen sensor feedback to determine fuel mix/",34.0,49
2026-08-16 16:53:50.086,686.0,0.0,88.0,45.0,17.0,99.0,-0.82,24.31,2.34,-13.28,2.1,0.74,0.46,3.5,13.2,18.82,"Closed loop, using oxygen sensor feedback to determine fuel mix/",34.0,49
2026-08-16 16:53:51.779,669.25,0.0,88.0,45.0,18.0,99.0,-0.81,24.31,-0.78,-13.28,2.12,0.72,0.78,4.5,13.2,19.22,"Closed loop, using oxygen sensor feedback to determine fuel mix/",34.0,49
2026-08-16 16:53:53.504,679.5,0.0,88.0,45.0,19.0,99.0,-0.8,24.71,-1.56,-12.5,2.16,0.07,0.72,7.0,13.3,19.61,"Closed loop, using oxygen sensor feedback to determine fuel mix/",34.0,49
2026-08-16 16:53:55.217,691.0,0.0,88.0,45.0,18.0,99.0,-0.81,24.31,2.34,-13.28,2.09,0.77,0.49,7.5,13.3,19.22,"Closed loop, using oxygen sensor feedback to determine fuel mix/",34.0,50
2026-08-16 16:53:56.907,682.75,0.0,88.0,45.0,18.0,99.0,-0.81,24.31,-1.56,-12.5,2.11,0.35,0.78,10.0,13.3,19.61,"Closed loop, using oxygen sensor feedback to determine fuel mix/",34.0,50
2026-08-16 16:53:58.634,684.0,0.0,88.0,45.0,18.0,99.0,-0.81,24.71,1.56,-12.5,2.16,0.07,0.69,2.5,13.2,19.22,"Closed loop, using oxygen sensor feedback to determine fuel mix/",34.0,50
2026-08-16 16:54:00.357,682.75,0.0,88.0,45.0,17.0,99.0,-0.82,24.31,2.34,-13.28,2.09,0.78,0.52,5.0,13.2,18.82,"Closed loop, using oxygen sensor feedback to determine fuel mix/",34.0,50
2026-08-16 16:54:02.053,671.5,0.0,88.0,45.0,18.0,99.0,-0.81,24.31,-1.56,-12.5,2.11,0.1,0.78,5.5,13.3,19.22,"Closed loop, using oxygen sensor feedback to determine fuel mix/",34.0,50
2026-08-16 16:54:03.746,671.5,0.0,88.0,45.0,18.0,99.0,-0.81,24.71,1.56,-12.5,2.16,0.07,0.68,3.0,13.3,19.61,"Closed loop, using oxygen sensor feedback to determine fuel mix/",34.0,50
2026-08-16 16:54:05.473,677.75,0.0,88.0,45.0,17.0,99.0,-0.82,24.31,2.34,-13.28,2.11,0.79,0.51,6.0,13.3,18.82,"Closed loop, using oxygen sensor feedback to determine fuel mix/",34.0,50
2026-08-16 16:54:07.193,678.75,0.0,88.0,45.0,19.0,99.0,-0.8,24.71,-1.56,-12.5,2.16,0.09,0.78,4.5,13.2,19.22,"Closed loop, using oxygen sensor feedback to determine fuel mix/",34.0,50
2026-08-16 16:54:08.887,678.25,0.0,88.0,45.0,18.0,99.0,-0.81,24.71,1.56,-12.5,2.14,0.08,0.66,4.0,13.3,19.61,"Closed loop, using oxygen sensor feedback to determine fuel mix/",34.0,50
2026-08-16 16:54:10.581,687.5,0.0,88.0,45.0,19.0,99.0,-0.8,24.31,2.34,-13.28,2.11,0.79,0.58,4.5,13.3,19.22,"Closed loop, using oxygen sensor feedback to determine fuel mix/",34.0,50
2026-08-16 16:54:12.273,684.5,0.0,88.0,45.0,19.0,99.0,-0.8,25.88,-1.56,-12.5,2.52,0.07,0.78,-1.0,13.3,23.92,"Closed loop, using oxygen sensor feedback to determine fuel mix/",34.0,50
2026-08-16 16:54:13.971,675.5,0.0,88.0,45.0,22.0,99.0,-0.77,26.67,1.56,-12.5,2.77,0.1,0.38,-6.0,13.3,25.1,"Closed loop, using oxygen sensor feedback to determine fuel mix/",34.0,50
2026-08-16 16:54:15.674,690.0,0.0,88.0,45.0,20.0,99.0,-0.79,25.88,2.34,-13.28,2.47,0.78,0.41,-2.5,13.3,21.96,"Closed loop, using oxygen sensor feedback to determine fuel mix/",34.0,50
2026-08-16 16:54:17.385,674.25,0.0,88.0,45.0,20.0,99.0,-0.79,25.1,-1.56,-13.28,2.25,0.1,0.78,4.5,13.3,20.39,"Closed loop, using oxygen sensor feedback to determine fuel mix/",34.0,50
2026-08-16 16:54:19.094,693.75,0.0,88.0,45.0,19.0,99.0,-0.8,25.1,1.56,-13.28,2.17,0.08,0.69,6.0,13.3,19.61,"Closed loop, using oxygen sensor feedback to determine fuel mix/",34.0,51
2026-08-16 16:54:20.788,682.0,0.0,88.0,45.0,19.0,99.0,-0.8,24.31,-1.56,-13.28,2.13,0.35,0.71,5.5,13.3,19.61,"Closed loop, using oxygen sensor feedback to determine fuel mix/",34.0,51
2026-08-16 16:54:22.481,671.0,0.0,88.0,45.0,19.0,99.0,-0.8,24.71,1.56,-12.5,2.18,0.07,0.67,3.0,13.2,19.61,"Closed loop, using oxygen sensor feedback to determine fuel mix/",34.0,51
2026-08-16 16:54:24.173,680.5,0.0,88.0,45.0,19.0,99.0,-0.8,24.31,2.34,-13.28,2.1,0.79,0.53,3.0,13.2,19.22,"Closed loop, using oxygen sensor feedback to determine fuel mix/",34.0,51
2026-08-16 16:54:25.883,673.5,0.0,88.0,45.0,18.0,99.0,-0.81,24.71,-1.56,-12.5,2.15,0.09,0.78,4.5,13.2,19.61,"Closed loop, using oxygen sensor feedback to determine fuel mix/",34.0,51
2026-08-16 16:54:27.577,658.75,0.0,88.0,45.0,19.0,99.0,-0.8,24.71,1.56,-12.5,2.16,0.08,0.64,1.0,13.3,19.61,"Closed loop, using oxygen sensor feedback to determine fuel mix/",34.0,51
2026-08-16 16:54:29.270,687.25,0.0,88.0,45.0,17.0,99.0,-0.82,24.31,2.34,-13.28,2.08,0.78,0.53,6.5,13.3,19.22,"Closed loop, using oxygen sensor feedback to determine fuel mix/",34.0,51
2026-08-16 16:54:30.965,670.75,0.0,88.0,45.0,19.0,99.0,-0.8,24.31,-1.56,-12.5,2.12,0.09,0.78,7.0,13.2,19.61,"Closed loop, using oxygen sensor feedback to determine fuel mix/",34.0,51
2026-08-16 16:54:32.672,683.5,0.0,88.0,45.0,19.0,99.0,-0.8,24.31,1.56,-12.5,2.13,0.09,0.62,6.0,13.3,19.61,"Closed loop, using oxygen sensor feedback to determine fuel mix/",34.0,51
2026-08-16 16:54:34.379,686.0,0.0,88.0,45.0,18.0,99.0,-0.81,24.31,2.34,-13.28,2.11,0.79,0.66,4.5,13.3,19.22,"Closed loop, using oxygen sensor feedback to determine fuel mix/",34.0,51
2026-08-16 16:54:36.089,682.75,0.0,88.0,45.0,19.0,99.0,-0.8,24.71,-1.56,-12.5,2.15,0.07,0.77,6.5,13.3,19.22,"Closed loop, using oxygen sensor feedback to determine fuel mix/",34.0,51
2026-08-16 16:54:37.782,682.75,0.0,88.0,45.0,18.0,99.0,-0.81,24.31,2.34,-13.28,2.11,0.1,0.51,5.5,13.2,19.22,"Closed loop, using oxygen sensor feedback to determine fuel mix/",34.0,51
2026-08-16 16:54:39.480,682.5,0.0,88.0,45.0,17.0,99.0,-0.82,24.31,2.34,-13.28,2.09,0.78,0.67,5.5,13.2,18.82,"Closed loop, using oxygen sensor feedback to determine fuel mix/",34.0,51
2026-08-16 16:54:41.185,682.0,0.0,88.0,45.0,18.0,99.0,-0.81,24.71,-1.56,-12.5,2.13,0.07,0.77,8.0,13.2,19.61,"Closed loop, using oxygen sensor feedback to determine fuel mix/",34.0,51
2026-08-16 16:54:42.891,691.5,0.0,88.0,45.0,18.0,99.0,-0.81,24.31,2.34,-13.28,2.1,0.12,0.48,4.5,13.2,18.82,"Closed loop, using oxygen sensor feedback to determine fuel mix/",34.0,51
2026-08-16 16:54:44.584,683.0,0.0,88.0,45.0,17.0,99.0,-0.82,24.31,2.34,-13.28,2.09,0.79,0.68,5.5,13.3,18.82,"Closed loop, using oxygen sensor feedback to determine fuel mix/",34.0,51
2026-08-16 16:54:46.278,672.5,0.0,88.0,45.0,18.0,99.0,-0.81,24.71,-1.56,-12.5,2.16,0.07,0.77,3.0,13.3,19.61,"Closed loop, using oxygen sensor feedback to determine fuel mix/",34.0,51
2026-08-16 16:54:47.989,693.75,0.0,88.0,45.0,18.0,99.0,-0.81,24.71,2.34,-13.28,2.1,0.14,0.42,6.5,13.3,18.82,"Closed loop, using oxygen sensor feedback to determine fuel mix/",34.0,51
2026-08-16 16:54:49.681,682.5,0.0,88.0,45.0,18.0,99.0,-0.81,24.31,-0.78,-13.28,2.08,0.78,0.63,6.0,13.1,19.22,"Closed loop, using oxygen sensor feedback to determine fuel mix/",34.0,51
2026-08-16 16:54:51.374,674.25,0.0,88.0,45.0,19.0,99.0,-0.8,24.31,-1.56,-12.5,2.12,0.07,0.76,7.5,13.3,19.61,"Closed loop, using oxygen sensor feedback to determine fuel mix/",34.0,52
2026-08-16 16:54:53.082,675.75,0.0,88.0,45.0,19.0,99.0,-0.8,24.31,2.34,-13.28,2.09,0.23,0.39,4.0,13.2,18.82,"Closed loop, using oxygen sensor feedback to determine fuel mix/",34.0,52
2026-08-16 16:54:54.793,681.75,0.0,88.0,45.0,18.0,99.0,-0.81,24.31,-0.78,-13.28,2.07,0.78,0.7,8.5,13.3,18.82,"Closed loop, using oxygen sensor feedback to determine fuel mix/",34.0,52
2026-08-16 16:54:56.486,672.0,0.0,89.0,45.0,19.0,99.0,-0.8,24.71,-1.56,-12.5,2.12,0.07,0.76,5.5,13.3,19.22,"Closed loop, using oxygen sensor feedback to determine fuel mix/",34.0,52
2026-08-16 16:54:58.192,679.5,0.0,88.0,45.0,19.0,99.0,-0.8,24.31,2.34,-13.28,2.1,0.34,0.36,1.5,13.2,18.43,"Closed loop, using oxygen sensor feedback to determine fuel mix/",34.0,52
2026-08-16 16:54:59.890,681.0,0.0,89.0,45.0,18.0,99.0,-0.81,24.31,-0.78,-13.28,2.08,0.77,0.68,9.0,13.3,19.22,"Closed loop, using oxygen sensor feedback to determine fuel mix/",34.0,52
2026-08-16 16:55:01.579,678.5,0.0,89.0,45.0,19.0,99.0,-0.8,24.71,-1.56,-12.5,2.13,0.07,0.75,8.5,13.3,19.61,"Closed loop, using oxygen sensor feedback to determine fuel mix/",34.0,52
2026-08-16 16:55:03.275,692.0,0.0,88.0,45.0,17.0,99.0,-0.82,24.31,2.34,-13.28,2.08,0.35,0.32,5.0,13.3,18.82,"Closed loop, using oxygen sensor feedback to determine fuel mix/",34.0,52
2026-08-16 16:55:04.998,685.25,0.0,88.0,45.0,17.0,99.0,-0.82,24.31,-0.78,-13.28,2.07,0.77,0.66,10.5,13.3,18.82,"Closed loop, using oxygen sensor feedback to determine fuel mix/",34.0,52
2026-08-16 16:55:06.692,674.75,0.0,89.0,45.0,19.0,99.0,-0.8,24.31,-1.56,-12.5,2.15,0.07,0.76,4.0,13.3,19.61,"Closed loop, using oxygen sensor feedback to determine fuel mix/",34.0,52
2026-08-16 16:55:08.398,684.5,0.0,89.0,45.0,17.0,99.0,-0.82,24.31,2.34,-13.28,2.13,0.47,0.35,3.0,13.2,18.82,"Closed loop, using oxygen sensor feedback to determine fuel mix/",34.0,52
2026-08-16 16:55:10.095,684.25,0.0,89.0,45.0,19.0,99.0,-0.8,24.31,-0.78,-13.28,2.07,0.78,0.68,7.0,13.3,19.22,"Closed loop, using oxygen sensor feedback to determine fuel mix/",34.0,52
2026-08-16 16:55:11.786,669.5,0.0,88.0,45.0,19.0,99.0,-0.8,24.31,-1.56,-12.5,2.14,0.07,0.75,5.0,13.3,19.22,"Closed loop, using oxygen sensor feedback to determine fuel mix/",34.0,52
2026-08-16 16:55:13.480,684.25,0.0,89.0,45.0,19.0,99.0,-0.8,24.31,2.34,-13.28,2.08,0.47,0.34,4.0,13.3,18.82,"Closed loop, using oxygen sensor feedback to determine fuel mix/",34.0,52
2026-08-16 16:55:15.193,680.75,0.0,89.0,45.0,19.0,99.0,-0.8,24.31,-0.78,-13.28,2.09,0.77,0.67,7.0,13.3,18.82,"Closed loop, using oxygen sensor feedback to determine fuel mix/",34.0,52
2026-08-16 16:55:16.913,671.75,0.0,89.0,45.0,18.0,99.0,-0.81,24.31,-1.56,-12.5,2.14,0.07,0.75,4.5,13.2,19.61,"Closed loop, using oxygen sensor feedback to determine fuel mix/",34.0,52
2026-08-16 16:55:18.606,683.5,0.0,89.0,45.0,18.0,99.0,-0.81,24.31,2.34,-13.28,2.12,0.69,0.36,4.5,13.3,19.22,"Closed loop, using oxygen sensor feedback to determine fuel mix/",34.0,52
2026-08-16 16:55:20.298,684.5,0.0,89.0,45.0,18.0,99.0,-0.81,24.31,-0.78,-13.28,2.08,0.78,0.71,7.0,13.2,19.22,"Closed loop, using oxygen sensor feedback to determine fuel mix/",34.0,53
2026-08-16 16:55:21.995,680.0,0.0,89.0,45.0,18.0,99.0,-0.81,24.31,-1.56,-12.5,2.13,0.07,0.74,6.5,13.3,19.61,"Closed loop, using oxygen sensor feedback to determine fuel mix/",34.0,53
2026-08-16 16:55:23.684,677.0,0.0,89.0,45.0,18.0,99.0,-0.81,24.31,2.34,-13.28,2.11,0.56,0.36,3.5,13.2,19.22,"Closed loop, using oxygen sensor feedback to determine fuel mix/",34.0,53
2026-08-16 16:55:25.381,680.0,0.0,89.0,45.0,18.0,99.0,-0.81,24.31,-0.78,-13.28,2.08,0.77,0.7,6.0,13.3,18.82,"Closed loop, using oxygen sensor feedback to determine fuel mix/",34.0,53
2026-08-16 16:55:27.086,679.0,0.0,89.0,45.0,19.0,99.0,-0.8,24.31,-1.56,-12.5,2.12,0.07,0.75,7.5,13.3,19.22,"Closed loop, using oxygen sensor feedback to determine fuel mix/",34.0,53
2026-08-16 16:55:28.781,686.25,0.0,89.0,45.0,17.0,99.0,-0.82,24.31,2.34,-13.28,2.11,0.64,0.41,6.0,13.3,18.82,"Closed loop, using oxygen sensor feedback to determine fuel mix/",34.0,53
2026-08-16 16:55:30.491,688.0,0.0,89.0,45.0,17.0,99.0,-0.82,24.31,-0.78,-13.28,2.1,0.77,0.73,6.0,13.3,18.82,"Closed loop, using oxygen sensor feedback to determine fuel mix/",34.0,53
2026-08-16 16:55:32.182,677.75,0.0,89.0,45.0,18.0,99.0,-0.81,24.71,-1.56,-12.5,2.15,0.07,0.75,6.0,13.2,19.61,"Closed loop, using oxygen sensor feedback to determine fuel mix/",34.0,53
2026-08-16 16:55:33.894,681.5,0.0,89.0,45.0,17.0,99.0,-0.82,24.31,2.34,-13.28,2.11,0.74,0.39,4.5,13.3,18.82,"Closed loop, using oxygen sensor feedback to determine fuel mix/",34.0,53
2026-08-16 16:55:35.617,687.0,0.0,89.0,45.0,18.0,99.0,-0.81,24.31,-0.78,-13.28,2.08,0.74,0.76,8.5,13.3,19.22,"Closed loop, using oxygen sensor feedback to determine fuel mix/",34.0,53
2026-08-16 16:55:37.327,677.5,0.0,89.0,45.0,18.0,99.0,-0.81,24.71,-1.56,-12.5,2.13,0.07,0.73,6.0,13.3,19.61,"Closed loop, using oxygen sensor feedback to determine fuel mix/",34.0,53
2026-08-16 16:55:39.018,685.0,0.0,89.0,45.0,17.0,99.0,-0.82,24.31,2.34,-13.28,2.11,0.76,0.38,7.0,13.3,19.22,"Closed loop, using oxygen sensor feedback to determine fuel mix/",34.0,53
2026-08-16 16:55:40.729,671.0,0.0,89.0,45.0,18.0,99.0,-0.81,24.31,-0.78,-13.28,2.12,0.72,0.77,2.5,13.2,19.22,"Closed loop, using oxygen sensor feedback to determine fuel mix/",34.0,53
2026-08-16 16:55:42.420,668.75,0.0,89.0,45.0,18.0,99.0,-0.81,24.71,-1.56,-12.5,2.13,0.07,0.72,5.0,13.2,19.61,"Closed loop, using oxygen sensor feedback to determine fuel mix/",34.0,53
2026-08-16 16:55:44.115,689.25,0.0,89.0,45.0,18.0,99.0,-0.81,24.31,2.34,-13.28,2.09,0.75,0.39,5.0,13.2,18.82,"Closed loop, using oxygen sensor feedback to determine fuel mix/",34.0,53
2026-08-16 16:55:45.825,678.5,0.0,89.0,45.0,18.0,99.0,-0.81,24.31,-0.78,-13.28,2.1,0.71,0.77,5.0,13.2,19.22,"Closed loop, using oxygen sensor feedback to determine fuel mix/",34.0,53
2026-08-16 16:55:47.531,667.5,0.0,89.0,45.0,19.0,99.0,-0.8,24.31,-1.56,-12.5,2.15,0.07,0.72,5.0,13.3,19.61,"Closed loop, using oxygen sensor feedback to determine fuel mix/",34.0,53
2026-08-16 16:55:49.224,684.5,0.0,89.0,45.0,17.0,99.0,-0.82,24.31,2.34,-13.28,2.09,0.75,0.36,3.5,13.2,18.82,"Closed loop, using oxygen sensor feedback to determine fuel mix/",34.0,53
2026-08-16 16:55:50.917,669.75,0.0,89.0,45.0,18.0,99.0,-0.81,24.31,-0.78,-13.28,2.1,0.72,0.77,6.0,13.3,19.22,"Closed loop, using oxygen sensor feedback to determine fuel mix/",34.0,54
2026-08-16 16:55:52.628,678.0,0.0,89.0,45.0,18.0,99.0,-0.81,24.71,-1.56,-12.5,2.17,0.07,0.73,8.0,13.3,19.61,"Closed loop, using oxygen sensor feedback to determine fuel mix/",34.0,54
2026-08-16 16:55:54.319,689.75,0.0,89.0,45.0,19.0,99.0,-0.8,24.31,2.34,-13.28,2.09,0.76,0.4,6.0,13.3,19.22,"Closed loop, using oxygen sensor feedback to determine fuel mix/",34.0,54
2026-08-16 16:55:56.014,680.75,0.0,89.0,45.0,19.0,99.0,-0.8,24.31,-0.78,-13.28,2.11,0.72,0.77,6.0,13.3,19.22,"Closed loop, using oxygen sensor feedback to determine fuel mix/",34.0,54
2026-08-16 16:55:57.721,679.0,0.0,89.0,45.0,19.0,99.0,-0.8,24.31,-1.56,-12.5,2.16,0.07,0.72,5.5,13.3,19.22,"Closed loop, using oxygen sensor feedback to determine fuel mix/",34.0,54
2026-08-16 16:55:59.414,682.75,0.0,89.0,45.0,18.0,99.0,-0.81,24.31,2.34,-13.28,2.09,0.76,0.41,2.5,13.2,18.82,"Closed loop, using oxygen sensor feedback to determine fuel mix/",34.0,54
2026-08-16 16:56:01.106,675.5,0.0,89.0,45.0,19.0,99.0,-0.8,24.31,-0.78,-12.5,2.08,0.69,0.77,6.0,13.2,19.22,"Closed loop, using oxygen sensor feedback to determine fuel mix/",34.0,54
2026-08-16 16:56:02.800,674.0,0.0,89.0,45.0,19.0,99.0,-0.8,24.31,-1.56,-12.5,2.14,0.07,0.71,6.0,13.2,19.61,"Closed loop, using oxygen sensor feedback to determine fuel mix/",34.0,54
2026-08-16 16:56:04.495,685.25,0.0,89.0,45.0,18.0,99.0,-0.81,24.31,2.34,-13.28,2.08,0.76,0.34,4.5,13.3,19.22,"Closed loop, using oxygen sensor feedback to determine fuel mix/",34.0,54
2026-08-16 16:56:06.203,677.0,0.0,89.0,45.0,18.0,99.0,-0.81,24.31,-0.78,-13.28,2.1,0.7,0.76,5.0,13.2,19.22,"Closed loop, using oxygen sensor feedback to determine fuel mix/",34.0,54
2026-08-16 16:56:07.898,676.75,0.0,89.0,45.0,19.0,99.0,-0.8,24.71,-1.56,-12.5,2.16,0.07,0.71,4.0,13.3,19.22,"Closed loop, using oxygen sensor feedback to determine fuel mix/",34.0,54
2026-08-16 16:56:09.590,685.5,0.0,89.0,45.0,18.0,99.0,-0.81,24.31,2.34,-13.28,2.09,0.75,0.37,6.5,13.2,18.82,"Closed loop, using oxygen sensor feedback to determine fuel mix/",34.0,54
2026-08-16 16:56:11.284,678.0,0.0,89.0,45.0,19.0,99.0,-0.8,24.31,-0.78,-13.28,2.1,0.62,0.77,10.5,13.2,19.61,"Closed loop, using oxygen sensor feedback to determine fuel mix/",34.0,54
2026-08-16 16:56:12.990,665.25,0.0,89.0,45.0,18.0,99.0,-0.81,24.31,1.56,-12.5,2.16,0.07,0.7,2.0,13.2,19.22,"Closed loop, using oxygen sensor feedback to determine fuel mix/",34.0,54
2026-08-16 16:56:14.701,678.0,0.0,89.0,45.0,19.0,99.0,-0.8,24.31,2.34,-13.28,2.1,0.76,0.36,6.0,13.2,18.82,"Closed loop, using oxygen sensor feedback to determine fuel mix/",34.0,54
2026-08-16 16:56:16.393,676.75,0.0,89.0,45.0,17.0,99.0,-0.82,24.31,-1.56,-13.28,2.1,0.65,0.77,7.5,13.3,19.22,"Closed loop, using oxygen sensor feedback to determine fuel mix/",34.0,54
2026-08-16 16:56:18.087,673.5,0.0,89.0,45.0,18.0,99.0,-0.81,24.71,1.56,-12.5,2.14,0.07,0.69,3.5,13.3,19.22,"Closed loop, using oxygen sensor feedback to determine fuel mix/",34.0,54
2026-08-16 16:56:19.784,683.75,0.0,89.0,45.0,18.0,99.0,-0.81,24.31,2.34,-13.28,2.11,0.76,0.36,6.5,13.3,18.82,"Closed loop, using oxygen sensor feedback to determine fuel mix/",34.0,54
2026-08-16 16:56:21.488,674.0,0.0,89.0,45.0,19.0,99.0,-0.8,24.31,-1.56,-12.5,2.11,0.56,0.77,6.5,13.3,18.82,"Closed loop, using oxygen sensor feedback to determine fuel mix/",34.0,54
2026-08-16 16:56:23.182,676.0,0.0,89.0,45.0,18.0,99.0,-0.81,24.71,1.56,-12.5,2.14,0.07,0.69,2.5,13.3,19.22,"Closed loop, using oxygen sensor feedback to determine fuel mix/",34.0,54
2026-08-16 16:56:24.889,683.25,0.0,89.0,45.0,18.0,99.0,-0.81,24.31,2.34,-13.28,2.08,0.77,0.37,9.0,13.3,18.82,"Closed loop, using oxygen sensor feedback to determine fuel mix/",34.0,55
2026-08-16 16:56:26.585,670.25,0.0,89.0,45.0,17.0,99.0,-0.82,24.31,-1.56,-12.5,2.09,0.56,0.77,5.0,13.2,19.22,"Closed loop, using oxygen sensor feedback to determine fuel mix/",34.0,55
2026-08-16 16:56:28.276,674.0,0.0,89.0,45.0,18.0,99.0,-0.81,24.31,1.56,-12.5,2.14,0.07,0.69,1.5,13.3,19.22,"Closed loop, using oxygen sensor feedback to determine fuel mix/",34.0,55
2026-08-16 16:56:29.972,683.5,0.0,89.0,45.0,18.0,99.0,-0.81,24.31,2.34,-13.28,2.09,0.74,0.36,6.5,13.3,18.82,"Closed loop, using oxygen sensor feedback to determine fuel mix/",34.0,55
2026-08-16 16:56:31.678,681.75,0.0,89.0,45.0,19.0,99.0,-0.8,24.71,-0.78,-13.28,2.13,0.47,0.76,6.5,13.3,19.22,"Closed loop, using oxygen sensor feedback to determine fuel mix/",34.0,55
2026-08-16 16:56:33.372,676.25,0.0,89.0,45.0,19.0,99.0,-0.8,24.31,1.56,-12.5,2.11,0.07,0.68,3.0,13.2,19.22,"Closed loop, using oxygen sensor feedback to determine fuel mix/",34.0,55
2026-08-16 16:56:35.070,677.25,0.0,90.0,45.0,17.0,99.0,-0.82,24.31,2.34,-13.28,2.07,0.75,0.35,4.5,13.2,18.82,"Closed loop, using oxygen sensor feedback to determine fuel mix/",34.0,55
