Timestamp,RPM(rpm),MAP(kPa),MAF(g/s),ThrottlePos(%),RelThrottlePos(%),EngineLoad(%),STFT(%),LTFT(%),O2_B1S1(V),O2_B1S2(V),CatTemp_B1S1(C),EQ_Ratio,BoostPressure(bar),Speed(km/h),CoolantTemp(C),IntakeTemp(C),BaroPressure(kPa),TimingAdvance(deg),Voltage(V),FuelStatus,AmbAirTemp(C),TFT(C)
2026-09-13 13:26:24.972,0.0,59.0,0.0,32.16,21.96,0.0,-100.0,-1.56,1.27,1.27,362.0,0.81,-0.41,0.0,50.0,51.0,100.0,0.0,11.8,N/A,39.0,30
2026-09-13 13:26:26.273,0.0,59.0,0.0,32.16,21.96,0.0,-100.0,-1.56,1.27,1.27,362.0,0.81,-0.41,0.0,50.0,51.0,100.0,0.0,11.8,N/A,39.0,30
2026-09-13 13:26:26.646,0.0,59.0,0.0,32.16,21.96,0.0,-100.0,-1.56,1.27,1.27,362.0,0.81,-0.41,0.0,50.0,51.0,100.0,0.0,11.8,N/A,39.0,30
2026-09-13 13:26:27.014,0.0,59.0,0.0,32.16,21.96,0.0,-100.0,-1.56,1.27,1.27,362.0,0.81,-0.41,0.0,50.0,51.0,100.0,0.0,11.8,N/A,39.0,30
2026-09-13 13:26:27.396,0.0,59.0,0.0,32.16,21.96,0.0,-100.0,-1.56,1.27,1.27,362.0,0.81,-0.41,0.0,50.0,51.0,100.0,0.0,11.8,N/A,39.0,30
2026-09-13 13:26:27.763,0.0,59.0,0.0,32.16,21.96,0.0,-100.0,-1.56,1.27,1.27,362.0,0.81,-0.41,0.0,50.0,51.0,100.0,0.0,11.8,N/A,39.0,30
2026-09-13 13:26:28.323,0.0,59.0,0.0,32.16,21.96,0.0,-100.0,-1.56,1.27,1.27,361.0,0.81,-0.41,0.0,50.0,51.0,100.0,0.0,11.8,N/A,39.0,30
2026-09-13 13:26:28.691,0.0,59.0,0.0,32.16,21.96,0.0,-100.0,-1.56,1.27,1.27,361.0,0.81,-0.41,0.0,50.0,51.0,100.0,0.0,11.8,N/A,39.0,30
2026-09-13 13:26:29.025,0.0,59.0,0.0,32.16,21.96,0.0,-100.0,-1.56,1.27,1.27,361.0,0.81,-0.41,0.0,50.0,51.0,100.0,0.0,11.8,N/A,39.0,30
2026-09-13 13:26:29.377,0.0,59.0,0.0,32.16,21.96,0.0,-100.0,-1.56,1.27,1.27,361.0,0.81,-0.41,0.0,50.0,51.0,100.0,0.0,11.8,N/A,39.0,30
2026-09-13 13:26:29.730,0.0,59.0,0.0,32.16,21.96,0.0,-100.0,-1.56,1.27,1.27,361.0,0.81,-0.41,0.0,50.0,51.0,100.0,0.0,11.8,N/A,39.0,30
2026-09-13 13:26:30.318,0.0,59.0,0.0,32.16,21.96,0.0,-100.0,-1.56,1.27,1.27,361.0,0.81,-0.41,0.0,50.0,51.0,100.0,0.0,11.8,N/A,39.0,30
2026-09-13 13:26:30.637,0.0,59.0,0.0,32.16,21.96,0.0,-100.0,-1.56,1.27,1.27,361.0,0.81,-0.41,0.0,50.0,51.0,100.0,0.0,11.8,N/A,39.0,30
2026-09-13 13:26:30.989,0.0,59.0,0.0,32.16,21.96,0.0,-100.0,-1.56,1.27,1.27,361.0,0.81,-0.41,0.0,50.0,51.0,100.0,0.0,11.8,N/A,39.0,30
2026-09-13 13:26:31.376,0.0,59.0,0.0,32.16,21.96,0.0,-100.0,-1.56,1.27,1.27,361.0,0.81,-0.41,0.0,50.0,51.0,100.0,0.0,11.8,N/A,39.0,30
2026-09-13 13:26:31.773,0.0,59.0,0.0,32.16,21.96,0.0,-100.0,-1.56,1.27,1.27,361.0,0.81,-0.41,0.0,50.0,51.0,100.0,0.0,11.8,N/A,39.0,30
2026-09-13 13:26:32.361,0.0,59.0,0.0,32.16,21.96,0.0,-100.0,-1.56,1.27,1.27,361.0,0.81,-0.41,0.0,50.0,51.0,100.0,0.0,11.8,N/A,39.0,30
2026-09-13 13:26:32.732,0.0,59.0,0.0,32.16,21.96,0.0,-100.0,-1.56,1.27,1.27,361.0,0.81,-0.41,0.0,50.0,51.0,100.0,0.0,11.8,N/A,39.0,30
2026-09-13 13:26:33.087,0.0,59.0,0.0,32.16,21.96,0.0,-100.0,-1.56,1.27,1.27,361.0,0.81,-0.41,0.0,50.0,51.0,100.0,0.0,11.8,N/A,39.0,30
2026-09-13 13:26:33.435,0.0,59.0,0.0,32.16,21.96,0.0,-100.0,-1.56,1.27,1.27,361.0,0.81,-0.41,0.0,50.0,51.0,100.0,0.0,11.8,N/A,39.0,30
2026-09-13 13:26:33.803,0.0,59.0,0.0,32.16,21.96,0.0,-100.0,-1.56,1.27,1.27,361.0,0.81,-0.41,0.0,50.0,51.0,100.0,0.0,11.8,N/A,39.0,30
2026-09-13 13:26:34.395,0.0,59.0,0.0,32.16,21.96,0.0,-100.0,-1.56,1.27,1.27,361.0,0.81,-0.41,0.0,50.0,51.0,100.0,0.0,11.8,N/A,39.0,30
2026-09-13 13:26:34.762,0.0,59.0,0.0,32.16,21.96,0.0,-100.0,-1.56,1.27,1.27,361.0,0.81,-0.41,0.0,50.0,51.0,100.0,0.0,11.8,N/A,39.0,30
2026-09-13 13:26:35.155,0.0,59.0,0.0,32.16,21.96,0.0,-100.0,-1.56,1.27,1.27,361.0,0.81,-0.41,0.0,50.0,51.0,100.0,0.0,11.8,N/A,39.0,30
2026-09-13 13:26:35.516,0.0,59.0,0.0,32.16,21.96,0.0,-100.0,-1.56,1.27,1.27,361.0,0.81,-0.41,0.0,50.0,51.0,100.0,0.0,11.8,N/A,39.0,30
2026-09-13 13:26:35.886,0.0,59.0,0.0,32.16,21.96,0.0,-100.0,-1.56,1.27,1.27,361.0,0.81,-0.41,0.0,50.0,51.0,100.0,0.0,11.8,N/A,39.0,30
2026-09-13 13:26:36.506,0.0,59.0,0.0,32.16,21.96,0.0,-100.0,-1.56,1.27,1.27,361.0,0.81,-0.41,0.0,50.0,51.0,100.0,0.0,11.8,N/A,39.0,30
2026-09-13 13:26:36.859,0.0,59.0,0.0,32.16,21.96,0.0,-100.0,-1.56,1.27,1.27,361.0,0.81,-0.41,0.0,50.0,51.0,100.0,0.0,11.8,N/A,39.0,30
2026-09-13 13:26:37.211,0.0,59.0,0.0,32.16,21.96,0.0,-100.0,-1.56,1.27,1.27,361.0,0.81,-0.41,0.0,50.0,51.0,100.0,0.0,11.8,N/A,39.0,30
2026-09-13 13:26:37.579,0.0,59.0,0.0,32.16,21.96,0.0,-100.0,-1.56,1.27,1.27,361.0,0.81,-0.41,0.0,50.0,51.0,100.0,0.0,11.8,N/A,39.0,30
2026-09-13 13:26:37.945,0.0,59.0,0.0,32.16,21.96,0.0,-100.0,-1.56,1.27,1.27,361.0,0.81,-0.41,0.0,50.0,51.0,100.0,0.0,11.8,N/A,39.0,30
2026-09-13 13:26:38.492,0.0,59.0,0.0,32.16,21.96,0.0,-100.0,-1.56,1.27,1.27,361.0,0.81,-0.41,0.0,50.0,51.0,100.0,0.0,11.8,N/A,39.0,30
2026-09-13 13:26:38.878,0.0,59.0,0.0,32.16,21.96,0.0,-100.0,-1.56,1.27,1.27,361.0,0.81,-0.41,0.0,50.0,51.0,100.0,0.0,11.8,N/A,39.0,30
2026-09-13 13:26:39.273,0.0,59.0,0.0,32.16,21.96,0.0,-100.0,-1.56,1.27,1.27,361.0,0.81,-0.41,0.0,50.0,51.0,100.0,0.0,11.8,N/A,39.0,30
2026-09-13 13:26:39.641,0.0,59.0,0.0,32.16,21.96,0.0,-100.0,-1.56,1.27,1.27,361.0,0.81,-0.41,0.0,50.0,51.0,100.0,0.0,11.8,N/A,39.0,30
2026-09-13 13:26:40.024,0.0,59.0,0.0,32.16,21.96,0.0,-100.0,-1.56,1.27,1.27,361.0,0.81,-0.41,0.0,50.0,51.0,100.0,0.0,11.8,N/A,39.0,30
2026-09-13 13:26:40.677,0.0,59.0,0.0,32.16,21.96,0.0,-100.0,-1.56,1.27,1.27,361.0,0.81,-0.41,0.0,50.0,51.0,100.0,0.0,11.8,N/A,39.0,30
2026-09-13 13:26:41.029,0.0,59.0,0.0,32.16,21.96,0.0,-100.0,-1.56,1.27,1.27,361.0,0.81,-0.41,0.0,50.0,51.0,100.0,0.0,11.8,N/A,39.0,30
2026-09-13 13:26:41.396,0.0,59.0,0.0,32.16,21.96,0.0,-100.0,-1.56,1.27,1.27,361.0,0.81,-0.41,0.0,50.0,51.0,100.0,0.0,11.8,N/A,39.0,30
2026-09-13 13:26:41.748,0.0,59.0,0.0,32.16,21.96,0.0,-100.0,-1.56,1.27,1.27,361.0,0.81,-0.41,0.0,50.0,51.0,100.0,0.0,11.8,N/A,39.0,30
2026-09-13 13:26:42.114,0.0,59.0,0.0,32.16,21.96,0.0,-100.0,-1.56,1.27,1.27,360.0,0.81,-0.41,0.0,50.0,51.0,100.0,0.0,11.8,N/A,39.0,30
2026-09-13 13:26:42.721,0.0,59.0,0.0,32.16,21.96,0.0,-100.0,-1.56,1.27,1.27,360.0,0.81,-0.41,0.0,50.0,51.0,100.0,0.0,11.8,N/A,39.0,30
2026-09-13 13:26:43.073,0.0,59.0,0.0,32.16,21.96,0.0,-100.0,-1.56,1.27,1.27,360.0,0.81,-0.41,0.0,50.0,51.0,100.0,0.0,11.8,N/A,39.0,30
2026-09-13 13:26:43.495,0.0,59.0,0.0,32.16,21.96,0.0,-100.0,-1.56,1.27,1.27,360.0,0.81,-0.41,0.0,50.0,51.0,100.0,0.0,11.8,N/A,39.0,30
2026-09-13 13:26:43.886,0.0,59.0,0.0,32.16,21.96,0.0,-100.0,-1.56,1.27,1.27,360.0,0.81,-0.41,0.0,50.0,51.0,100.0,0.0,11.8,N/A,39.0,30
2026-09-13 13:26:44.255,0.0,59.0,0.0,32.16,21.96,0.0,-100.0,-1.56,1.27,1.27,360.0,0.81,-0.41,0.0,50.0,51.0,100.0,0.0,11.8,N/A,39.0,30
2026-09-13 13:26:44.904,0.0,59.0,0.0,32.16,21.96,0.0,-100.0,-1.56,1.27,1.27,360.0,0.81,-0.41,0.0,50.0,51.0,100.0,0.0,11.8,N/A,39.0,30
2026-09-13 13:26:45.260,0.0,59.0,0.0,32.16,21.96,0.0,-100.0,-1.56,1.27,1.27,360.0,0.81,-0.41,0.0,50.0,51.0,100.0,0.0,11.8,N/A,39.0,30
2026-09-13 13:26:45.626,0.0,59.0,0.0,32.16,21.96,0.0,-100.0,-1.56,1.27,1.27,360.0,0.81,-0.41,0.0,50.0,51.0,100.0,0.0,11.8,N/A,39.0,30
2026-09-13 13:26:46.012,0.0,59.0,0.0,32.16,21.96,0.0,-100.0,-1.56,1.27,1.27,360.0,0.81,-0.41,0.0,50.0,51.0,100.0,0.0,11.8,N/A,39.0,30
2026-09-13 13:26:46.414,0.0,59.0,0.0,32.16,21.96,0.0,-100.0,-1.56,1.27,1.27,360.0,0.81,-0.41,0.0,50.0,51.0,100.0,0.0,11.8,N/A,39.0,30
2026-09-13 13:26:47.035,0.0,59.0,0.0,32.16,21.96,0.0,-100.0,-1.56,1.27,1.27,360.0,0.81,-0.41,0.0,50.0,51.0,100.0,0.0,11.8,N/A,39.0,30
2026-09-13 13:26:47.385,0.0,59.0,0.0,32.16,21.96,0.0,-100.0,-1.56,1.27,1.27,360.0,0.81,-0.41,0.0,50.0,51.0,100.0,0.0,11.8,N/A,39.0,30
2026-09-13 13:26:47.751,0.0,59.0,0.0,32.16,21.96,0.0,-100.0,-1.56,1.27,1.27,360.0,0.81,-0.41,0.0,50.0,51.0,100.0,0.0,11.8,N/A,39.0,30
2026-09-13 13:26:48.139,0.0,59.0,0.0,32.16,21.96,0.0,-100.0,-1.56,1.27,1.27,360.0,0.81,-0.41,0.0,50.0,51.0,100.0,0.0,11.8,N/A,39.0,30
2026-09-13 13:26:48.507,0.0,59.0,0.0,32.16,21.96,0.0,-100.0,-1.56,1.27,1.27,360.0,0.81,-0.41,0.0,50.0,51.0,100.0,0.0,11.8,N/A,39.0,30
2026-09-13 13:26:49.111,0.0,59.0,0.0,32.16,21.96,0.0,-100.0,-1.56,1.27,1.27,360.0,0.81,-0.41,0.0,50.0,51.0,100.0,0.0,11.8,N/A,39.0,30
2026-09-13 13:26:49.463,0.0,59.0,0.0,32.16,21.96,0.0,-100.0,-1.56,1.27,1.27,360.0,0.81,-0.41,0.0,50.0,51.0,100.0,0.0,11.8,N/A,39.0,30
2026-09-13 13:26:49.861,0.0,59.0,0.0,32.16,21.96,0.0,-100.0,-1.56,1.27,1.27,360.0,0.81,-0.41,0.0,50.0,51.0,100.0,0.0,11.8,N/A,39.0,30
2026-09-13 13:26:50.260,0.0,59.0,0.0,32.16,21.96,0.0,-100.0,-1.56,1.27,1.27,360.0,0.81,-0.41,0.0,50.0,51.0,100.0,0.0,11.8,N/A,39.0,30
2026-09-13 13:26:50.651,0.0,59.0,0.0,32.16,21.96,0.0,-100.0,-1.56,1.27,1.27,360.0,0.81,-0.41,0.0,50.0,51.0,100.0,0.0,11.8,N/A,39.0,30
2026-09-13 13:26:51.266,0.0,59.0,0.0,32.16,0.0,0.0,-100.0,-1.56,1.27,1.27,360.0,0.81,-0.41,0.0,50.0,51.0,100.0,0.0,11.8,N/A,39.0,30
2026-09-13 13:26:51.650,0.0,59.0,0.0,30.98,21.57,0.0,0.0,-1.56,1.27,1.27,360.0,0.81,-0.41,0.0,50.0,51.0,100.0,0.0,11.8,N/A,39.0,30
2026-09-13 13:26:52.109,0.0,57.0,0.0,32.16,21.57,0.0,0.0,-1.56,1.27,1.27,360.0,0.81,-0.43,0.0,50.0,51.0,100.0,0.0,11.8,N/A,39.0,30
2026-09-13 13:26:52.448,316.5,50.0,3.39,32.16,21.57,34.51,0.0,-1.56,1.27,1.27,360.0,0.81,-0.5,0.0,50.0,51.0,100.0,0.0,11.8,N/A,39.0,30
2026-09-13 13:26:52.796,1039.75,36.0,5.44,31.76,21.18,27.84,0.0,3.12,1.27,1.27,354.0,0.96,-0.64,0.0,50.0,51.0,100.0,-3.0,11.4,Open loop due to insufficient engine temperature/,39.0,30
2026-09-13 13:26:53.421,1242.25,22.0,5.12,31.37,20.78,22.75,0.0,3.12,1.27,1.27,350.0,0.96,-0.78,0.0,50.0,51.0,100.0,-3.0,11.4,Open loop due to insufficient engine temperature/,39.0,30
2026-09-13 13:26:53.806,1173.25,23.0,5.27,31.37,20.78,26.27,0.0,3.12,1.27,1.27,352.0,0.96,-0.77,0.0,50.0,51.0,100.0,-3.0,11.4,Open loop due to insufficient engine temperature/,39.0,30
2026-09-13 13:26:54.173,1081.5,24.0,5.06,30.98,20.78,25.88,0.0,3.12,1.27,1.27,361.0,0.96,-0.76,0.0,50.0,51.0,100.0,-3.0,11.4,Open loop due to insufficient engine temperature/,39.0,30
2026-09-13 13:26:54.523,1105.75,25.0,5.26,31.37,20.78,28.63,0.0,3.12,1.27,1.27,370.0,0.96,-0.75,0.0,50.0,51.0,100.0,-3.0,11.4,Open loop due to insufficient engine temperature/,39.0,30
2026-09-13 13:26:54.889,1066.5,24.0,5.25,31.37,21.18,31.76,0.0,3.12,1.27,1.27,384.0,0.96,-0.76,0.0,50.0,50.0,100.0,-1.5,12.3,Open loop due to insufficient engine temperature/,39.0,31
2026-09-13 13:26:55.546,1022.25,26.0,5.36,31.37,21.18,35.69,0.0,3.12,1.27,1.27,406.0,0.96,-0.74,0.0,50.0,50.0,100.0,-1.5,12.3,Open loop due to insufficient engine temperature/,39.0,31
2026-09-13 13:26:55.936,988.75,28.0,5.39,31.37,20.78,38.04,0.0,3.12,1.27,1.27,415.0,0.96,-0.72,0.0,50.0,50.0,100.0,-1.5,12.3,Open loop due to insufficient engine temperature/,39.0,31
2026-09-13 13:26:56.284,959.0,28.0,5.21,30.98,20.78,36.86,0.0,3.12,1.27,1.27,425.0,0.96,-0.72,0.0,50.0,50.0,100.0,-1.5,12.3,Open loop due to insufficient engine temperature/,39.0,31
2026-09-13 13:26:56.650,915.25,27.0,5.11,30.98,20.39,37.65,0.0,3.12,1.27,1.27,432.0,0.96,-0.73,0.0,50.0,50.0,100.0,-1.5,12.3,Open loop due to insufficient engine temperature/,39.0,31
2026-09-13 13:26:56.996,917.5,29.0,4.9,30.98,20.39,35.69,0.0,3.12,1.27,1.27,441.0,0.96,-0.71,0.0,50.0,50.0,100.0,-1.5,13.2,Open loop due to insufficient engine temperature/,39.0,30
2026-09-13 13:26:57.622,917.25,28.0,4.74,30.59,20.0,35.29,0.0,3.12,1.27,1.27,451.0,0.96,-0.72,0.0,50.0,50.0,100.0,-1.5,13.2,Open loop due to insufficient engine temperature/,39.0,30
2026-09-13 13:26:57.975,885.75,27.0,4.64,30.2,19.61,34.12,0.0,3.12,1.27,1.27,456.0,0.96,-0.73,0.0,50.0,50.0,100.0,-1.5,13.2,Open loop due to insufficient engine temperature/,39.0,30
2026-09-13 13:26:58.326,850.5,27.0,4.45,29.8,19.61,33.33,0.0,3.12,1.27,1.27,462.0,0.96,-0.73,0.0,50.0,50.0,100.0,-1.5,13.2,Open loop due to insufficient engine temperature/,39.0,30
2026-09-13 13:26:58.875,837.75,27.0,4.36,29.8,19.22,34.9,0.0,3.12,1.27,1.27,467.0,0.96,-0.73,0.0,50.0,50.0,100.0,-1.5,13.2,Open loop due to insufficient engine temperature/,39.0,30
2026-09-13 13:26:59.235,824.25,27.0,4.28,29.8,19.22,34.12,0.0,3.12,1.27,1.27,469.0,0.96,-0.73,0.0,50.0,49.0,100.0,-6.0,13.3,Open loop due to insufficient engine temperature/,39.0,30
2026-09-13 13:26:59.874,798.75,25.0,4.16,29.02,18.82,34.51,0.0,3.12,1.17,1.27,474.0,0.96,-0.75,0.0,50.0,49.0,100.0,-6.0,13.3,Open loop due to insufficient engine temperature/,39.0,30
2026-09-13 13:27:00.292,785.25,26.0,4.04,29.02,18.82,33.33,0.0,3.12,1.11,1.27,476.0,0.96,-0.74,0.0,50.0,49.0,100.0,-6.0,13.3,Open loop due to insufficient engine temperature/,39.0,30
2026-09-13 13:27:00.670,796.5,24.0,4.09,29.02,18.82,34.9,0.0,3.12,1.07,1.27,478.0,0.96,-0.76,0.0,50.0,49.0,100.0,-6.0,13.3,Open loop due to insufficient engine temperature/,39.0,30
2026-09-13 13:27:01.022,778.75,27.0,4.07,29.02,18.82,34.9,0.0,3.12,1.04,1.27,480.0,0.96,-0.73,0.0,50.0,49.0,100.0,-6.0,13.3,Open loop due to insufficient engine temperature/,39.0,30
2026-09-13 13:27:01.388,784.75,25.0,4.02,29.02,18.43,34.12,-1.56,3.12,1.02,1.27,481.0,0.96,-0.75,0.0,50.0,48.0,100.0,-5.5,13.3,"Closed loop, using oxygen sensor feedback to determine fuel mix/",39.0,30
2026-09-13 13:27:02.014,777.75,26.0,3.91,28.63,18.43,33.33,-1.56,3.12,0.98,1.21,483.0,0.97,-0.74,0.0,50.0,48.0,100.0,-5.5,13.3,"Closed loop, using oxygen sensor feedback to determine fuel mix/",39.0,30
2026-09-13 13:27:02.416,787.25,24.0,3.9,28.63,18.43,33.33,-1.56,3.12,0.97,1.14,484.0,0.97,-0.76,0.0,50.0,48.0,100.0,-5.5,13.3,"Closed loop, using oxygen sensor feedback to determine fuel mix/",39.0,30
2026-09-13 13:27:02.815,770.0,26.0,3.93,28.63,18.43,34.12,-1.56,3.12,0.95,1.07,485.0,0.97,-0.74,0.0,50.0,48.0,100.0,-5.5,13.3,"Closed loop, using oxygen sensor feedback to determine fuel mix/",39.0,30
2026-09-13 13:27:03.181,766.75,24.0,3.86,28.63,18.43,32.55,-2.34,3.12,0.95,1.01,486.0,0.97,-0.76,0.0,50.0,48.0,100.0,-5.5,13.3,"Closed loop, using oxygen sensor feedback to determine fuel mix/",39.0,30
2026-09-13 13:27:03.550,771.75,25.0,3.84,28.63,18.43,32.55,-2.34,3.12,0.95,0.96,486.0,0.97,-0.75,0.0,50.0,48.0,100.0,-4.5,13.1,"Closed loop, using oxygen sensor feedback to determine fuel mix/",39.0,30
2026-09-13 13:27:04.089,773.5,25.0,3.88,28.24,18.04,32.16,-3.91,3.12,0.94,0.9,487.0,0.97,-0.75,0.0,50.0,48.0,100.0,-4.5,13.1,"Closed loop, using oxygen sensor feedback to determine fuel mix/",39.0,30
2026-09-13 13:27:04.442,766.5,25.0,3.78,28.63,18.04,32.16,-4.69,3.12,0.93,0.86,488.0,0.97,-0.75,0.0,50.0,48.0,100.0,-4.5,13.1,"Closed loop, using oxygen sensor feedback to determine fuel mix/",39.0,30
2026-09-13 13:27:04.827,747.5,26.0,3.77,28.63,18.04,32.55,-5.47,3.12,0.92,0.81,488.0,0.98,-0.74,0.0,50.0,48.0,100.0,-4.5,13.1,"Closed loop, using oxygen sensor feedback to determine fuel mix/",39.0,30
2026-09-13 13:27:05.226,751.5,24.0,3.79,28.63,18.04,32.55,-6.25,3.12,0.9,0.78,489.0,0.98,-0.76,0.0,50.0,48.0,100.0,-4.5,13.1,"Closed loop, using oxygen sensor feedback to determine fuel mix/",39.0,30
2026-09-13 13:27:05.575,752.25,25.0,3.65,28.24,18.04,31.37,-7.03,3.12,0.86,0.72,489.0,0.98,-0.75,0.0,50.0,47.0,100.0,-3.0,13.2,"Closed loop, using oxygen sensor feedback to determine fuel mix/",39.0,31
2026-09-13 13:27:06.230,756.75,25.0,3.7,28.24,18.04,31.37,-7.03,3.12,0.58,0.56,490.0,0.98,-0.75,0.0,50.0,47.0,100.0,-3.0,13.2,"Closed loop, using oxygen sensor feedback to determine fuel mix/",39.0,31
2026-09-13 13:27:06.598,763.75,23.0,3.68,28.24,18.04,31.37,1.56,3.12,0.41,0.54,490.0,0.98,-0.77,0.0,50.0,47.0,100.0,-3.0,13.2,"Closed loop, using oxygen sensor feedback to determine fuel mix/",39.0,31
2026-09-13 13:27:06.917,767.5,24.0,3.68,28.24,18.04,31.37,1.56,3.12,0.39,0.49,490.0,0.98,-0.76,0.0,50.0,47.0,100.0,-3.0,13.2,"Closed loop, using oxygen sensor feedback to determine fuel mix/",39.0,31
2026-09-13 13:27:07.424,782.75,23.0,3.64,28.24,18.04,30.59,-1.56,3.12,0.86,0.46,490.0,0.99,-0.77,0.0,50.0,47.0,100.0,-3.0,13.2,"Closed loop, using oxygen sensor feedback to determine fuel mix/",39.0,31
2026-09-13 13:27:07.825,769.75,24.0,3.63,28.24,18.04,30.98,-1.56,3.12,0.88,0.46,490.0,0.99,-0.76,0.0,50.0,46.0,100.0,-5.0,13.1,"Closed loop, using oxygen sensor feedback to determine fuel mix/",39.0,31
2026-09-13 13:27:08.465,769.0,24.0,3.62,28.24,18.04,30.98,-1.56,3.12,0.89,0.69,491.0,0.99,-0.76,0.0,50.0,46.0,100.0,-5.0,13.1,"Closed loop, using oxygen sensor feedback to determine fuel mix/",39.0,31
2026-09-13 13:27:08.911,757.5,23.0,3.64,28.24,18.04,30.59,-1.56,3.12,0.89,0.74,491.0,0.99,-0.77,0.0,50.0,46.0,100.0,-5.0,13.1,"Closed loop, using oxygen sensor feedback to determine fuel mix/",39.0,31
2026-09-13 13:27:09.278,767.5,24.0,3.6,28.24,18.04,30.2,-2.34,3.12,0.89,0.76,491.0,0.99,-0.76,0.0,50.0,46.0,100.0,-5.0,13.1,"Closed loop, using oxygen sensor feedback to determine fuel mix/",39.0,31
2026-09-13 13:27:09.631,765.25,25.0,3.6,28.24,18.04,30.59,-3.12,3.12,0.9,0.77,491.0,0.99,-0.75,0.0,50.0,46.0,100.0,-5.0,13.1,"Closed loop, using oxygen sensor feedback to determine fuel mix/",39.0,31
2026-09-13 13:27:09.998,768.0,24.0,3.59,28.24,17.65,30.2,-3.12,3.12,0.89,0.78,491.0,0.99,-0.76,0.0,50.0,45.0,100.0,-4.0,13.1,"Closed loop, using oxygen sensor feedback to determine fuel mix/",39.0,31
2026-09-13 13:27:10.621,755.25,23.0,3.52,27.84,17.65,30.2,-4.69,3.12,0.86,0.78,491.0,1.0,-0.77,0.0,50.0,45.0,100.0,-4.0,13.1,"Closed loop, using oxygen sensor feedback to determine fuel mix/",39.0,31
2026-09-13 13:27:10.978,750.0,24.0,3.52,27.84,17.65,30.2,-5.47,3.12,0.83,0.77,491.0,1.0,-0.76,0.0,50.0,45.0,100.0,-4.0,13.1,"Closed loop, using oxygen sensor feedback to determine fuel mix/",39.0,31
2026-09-13 13:27:11.356,759.25,22.0,3.5,27.84,17.65,29.8,-7.03,3.12,0.68,0.73,491.0,1.0,-0.78,0.0,50.0,45.0,100.0,-4.0,13.1,"Closed loop, using oxygen sensor feedback to determine fuel mix/",39.0,31
2026-09-13 13:27:11.739,757.0,22.0,3.48,27.84,17.65,29.8,-7.81,3.12,0.41,0.62,491.0,1.0,-0.78,0.0,50.0,45.0,100.0,-4.0,13.1,"Closed loop, using oxygen sensor feedback to determine fuel mix/",39.0,31
2026-09-13 13:27:12.108,761.5,23.0,3.49,27.84,17.65,29.41,0.78,3.12,0.28,0.41,491.0,1.0,-0.77,0.0,50.0,45.0,100.0,-5.5,13.1,"Closed loop, using oxygen sensor feedback to determine fuel mix/",39.0,31
2026-09-13 13:27:12.730,773.5,22.0,3.44,27.84,17.65,29.41,-2.34,3.12,0.86,0.33,491.0,1.0,-0.78,0.0,50.0,45.0,100.0,-5.5,13.1,"Closed loop, using oxygen sensor feedback to determine fuel mix/",39.0,31
2026-09-13 13:27:13.114,768.5,23.0,3.44,27.84,17.65,29.41,-3.12,3.12,0.87,0.37,491.0,1.0,-0.77,0.0,50.0,45.0,100.0,-5.5,13.1,"Closed loop, using oxygen sensor feedback to determine fuel mix/",39.0,31
2026-09-13 13:27:13.481,758.0,22.0,3.43,27.84,17.65,29.41,-3.12,3.12,0.87,0.56,491.0,1.0,-0.78,0.0,50.0,45.0,100.0,-5.5,13.1,"Closed loop, using oxygen sensor feedback to determine fuel mix/",39.0,31
2026-09-13 13:27:13.833,752.25,23.0,3.39,27.84,17.65,29.02,-3.12,3.12,0.85,0.76,491.0,1.0,-0.77,0.0,50.0,45.0,100.0,-5.5,13.1,"Closed loop, using oxygen sensor feedback to determine fuel mix/",39.0,31
2026-09-13 13:27:14.201,757.25,22.0,3.39,27.84,17.65,29.02,-4.69,3.12,0.84,0.8,491.0,1.0,-0.78,0.0,50.0,45.0,100.0,-3.5,13.2,"Closed loop, using oxygen sensor feedback to determine fuel mix/",39.0,31
2026-09-13 13:27:14.821,754.25,22.0,3.39,27.84,17.65,28.63,-6.25,3.12,0.81,0.79,491.0,1.0,-0.78,0.0,50.0,45.0,100.0,-3.5,13.2,"Closed loop, using oxygen sensor feedback to determine fuel mix/",39.0,31
2026-09-13 13:27:15.173,756.25,24.0,3.38,27.84,17.65,28.63,-6.25,3.12,0.74,0.76,491.0,1.0,-0.76,0.0,50.0,45.0,100.0,-3.5,13.2,"Closed loop, using oxygen sensor feedback to determine fuel mix/",39.0,31
2026-09-13 13:27:15.525,757.0,23.0,3.37,27.84,17.65,28.63,-7.81,3.12,0.58,0.66,491.0,1.0,-0.77,0.0,50.0,45.0,100.0,-3.5,13.2,"Closed loop, using oxygen sensor feedback to determine fuel mix/",39.0,31
2026-09-13 13:27:15.876,745.75,22.0,3.37,27.84,17.65,28.63,-2.34,3.12,0.35,0.41,491.0,1.0,-0.78,0.0,50.0,45.0,100.0,-3.5,13.2,"Closed loop, using oxygen sensor feedback to determine fuel mix/",39.0,31
2026-09-13 13:27:16.243,766.75,23.0,3.37,27.84,17.65,29.02,-2.34,2.34,0.21,0.29,491.0,1.0,-0.77,0.0,50.0,45.0,100.0,-4.0,13.2,"Closed loop, using oxygen sensor feedback to determine fuel mix/",39.0,31
2026-09-13 13:27:16.866,772.75,23.0,3.39,27.84,17.65,28.63,-1.56,2.34,0.37,0.23,491.0,1.0,-0.77,0.0,50.0,45.0,100.0,-4.0,13.2,"Closed loop, using oxygen sensor feedback to determine fuel mix/",39.0,31
2026-09-13 13:27:17.274,764.75,23.0,3.37,27.84,17.25,28.63,-5.47,2.34,0.79,0.23,491.0,1.0,-0.77,0.0,50.0,45.0,100.0,-4.0,13.2,"Closed loop, using oxygen sensor feedback to determine fuel mix/",39.0,31
2026-09-13 13:27:17.650,754.75,22.0,3.29,27.84,17.25,27.84,-5.47,2.34,0.62,0.23,491.0,1.0,-0.78,0.0,50.0,45.0,100.0,-4.0,13.2,"Closed loop, using oxygen sensor feedback to determine fuel mix/",39.0,31
2026-09-13 13:27:17.985,756.5,23.0,3.3,27.45,17.25,28.24,-1.56,2.34,0.28,0.24,491.0,1.0,-0.77,0.0,50.0,45.0,100.0,-4.0,13.2,"Closed loop, using oxygen sensor feedback to determine fuel mix/",39.0,31
2026-09-13 13:27:18.371,747.5,23.0,3.32,27.45,17.25,28.24,-1.56,2.34,0.32,0.19,491.0,1.0,-0.77,0.0,50.0,44.0,100.0,-4.5,13.1,"Closed loop, using oxygen sensor feedback to determine fuel mix/",39.0,31
2026-09-13 13:27:18.993,756.75,23.0,3.28,27.45,17.25,27.84,-5.47,2.34,0.8,0.17,491.0,1.0,-0.77,0.0,50.0,44.0,100.0,-4.5,13.1,"Closed loop, using oxygen sensor feedback to determine fuel mix/",39.0,31
2026-09-13 13:27:19.327,761.0,21.0,3.25,27.45,17.25,27.84,-5.47,1.56,0.36,0.18,491.0,1.0,-0.79,0.0,50.0,44.0,100.0,-4.5,13.1,"Closed loop, using oxygen sensor feedback to determine fuel mix/",39.0,31
2026-09-13 13:27:19.714,763.25,23.0,3.25,27.45,17.25,27.84,-1.56,1.56,0.25,0.17,491.0,1.0,-0.77,0.0,50.0,44.0,100.0,-4.5,13.1,"Closed loop, using oxygen sensor feedback to determine fuel mix/",39.0,31
2026-09-13 13:27:20.082,763.0,21.0,3.27,27.45,17.25,27.45,-1.56,1.56,0.33,0.14,491.0,1.0,-0.79,0.0,50.0,44.0,100.0,-4.5,13.1,"Closed loop, using oxygen sensor feedback to determine fuel mix/",39.0,31
2026-09-13 13:27:20.451,761.5,23.0,3.26,27.45,17.25,27.84,-3.91,1.56,0.64,0.14,491.0,1.0,-0.77,0.0,50.0,44.0,100.0,-4.0,13.1,"Closed loop, using oxygen sensor feedback to determine fuel mix/",39.0,31
2026-09-13 13:27:21.109,755.0,21.0,3.24,27.45,17.25,27.84,-3.91,1.56,0.47,0.15,490.0,1.0,-0.79,0.0,50.0,44.0,100.0,-4.0,13.1,"Closed loop, using oxygen sensor feedback to determine fuel mix/",39.0,31
2026-09-13 13:27:21.497,752.25,23.0,3.25,27.45,17.25,27.45,-0.78,1.56,0.28,0.18,490.0,1.0,-0.77,0.0,50.0,44.0,100.0,-4.0,13.1,"Closed loop, using oxygen sensor feedback to determine fuel mix/",39.0,31
2026-09-13 13:27:21.858,769.25,21.0,3.25,27.45,17.25,27.84,-0.78,1.56,0.41,0.14,490.0,1.0,-0.79,0.0,50.0,44.0,100.0,-4.0,13.1,"Closed loop, using oxygen sensor feedback to determine fuel mix/",39.0,31
2026-09-13 13:27:22.195,761.5,23.0,3.24,27.45,17.25,27.84,-3.91,1.56,0.77,0.13,490.0,1.0,-0.77,0.0,50.0,44.0,100.0,-4.0,13.1,"Closed loop, using oxygen sensor feedback to determine fuel mix/",39.0,31
2026-09-13 13:27:22.577,749.0,21.0,3.23,27.45,17.25,27.45,-3.91,1.56,0.56,0.14,490.0,1.0,-0.79,0.0,51.0,44.0,100.0,-3.5,13.1,"Closed loop, using oxygen sensor feedback to determine fuel mix/",39.0,31
2026-09-13 13:27:23.168,760.75,22.0,3.24,27.45,17.25,27.45,-0.78,1.56,0.33,0.14,490.0,1.0,-0.78,0.0,51.0,44.0,100.0,-3.5,13.1,"Closed loop, using oxygen sensor feedback to determine fuel mix/",39.0,31
2026-09-13 13:27:23.551,771.75,23.0,3.22,27.45,17.25,27.45,-3.91,1.56,0.81,0.12,490.0,1.0,-0.77,0.0,51.0,44.0,100.0,-3.5,13.1,"Closed loop, using oxygen sensor feedback to determine fuel mix/",39.0,31
2026-09-13 13:27:23.950,754.0,21.0,3.23,27.45,17.25,27.84,-3.91,1.56,0.73,0.14,490.0,1.0,-0.79,0.0,51.0,44.0,100.0,-3.5,13.1,"Closed loop, using oxygen sensor feedback to determine fuel mix/",39.0,31
2026-09-13 13:27:24.318,755.0,22.0,3.23,27.45,17.25,27.84,-1.56,1.56,0.29,0.2,490.0,1.0,-0.78,0.0,51.0,44.0,100.0,-3.5,13.1,"Closed loop, using oxygen sensor feedback to determine fuel mix/",39.0,31
2026-09-13 13:27:24.703,764.25,23.0,3.23,27.45,17.25,27.45,-1.56,1.56,0.3,0.17,489.0,1.0,-0.77,0.0,51.0,44.0,100.0,-4.0,13.1,"Closed loop, using oxygen sensor feedback to determine fuel mix/",39.0,31
2026-09-13 13:27:25.358,749.25,23.0,3.22,27.45,17.25,27.45,-5.47,1.56,0.55,0.12,489.0,1.0,-0.77,0.0,51.0,44.0,100.0,-4.0,13.1,"Closed loop, using oxygen sensor feedback to determine fuel mix/",39.0,31
2026-09-13 13:27:25.709,761.75,23.0,3.22,27.45,17.25,27.45,-1.56,0.78,0.23,0.14,489.0,1.0,-0.77,0.0,51.0,44.0,100.0,-4.0,13.1,"Closed loop, using oxygen sensor feedback to determine fuel mix/",39.0,31
2026-09-13 13:27:26.272,764.25,21.0,3.2,27.45,17.25,27.06,-0.78,0.78,0.26,0.12,489.0,1.0,-0.79,0.0,51.0,44.0,100.0,-4.0,13.1,"Closed loop, using oxygen sensor feedback to determine fuel mix/",39.0,31
2026-09-13 13:27:26.614,756.25,23.0,3.18,27.45,16.86,27.06,-3.91,0.78,0.73,0.11,489.0,1.0,-0.77,0.0,51.0,44.0,100.0,-4.0,13.1,"Closed loop, using oxygen sensor feedback to determine fuel mix/",39.0,31
2026-09-13 13:27:27.001,746.25,22.0,3.12,27.06,16.86,26.67,-3.91,0.78,0.79,0.12,489.0,1.0,-0.78,0.0,51.0,44.0,100.0,-1.5,13.1,"Closed loop, using oxygen sensor feedback to determine fuel mix/",39.0,31
2026-09-13 13:27:27.756,757.5,21.0,3.11,27.45,16.86,26.27,-0.78,0.78,0.2,0.2,488.0,1.0,-0.79,0.0,51.0,44.0,100.0,-1.5,13.1,"Closed loop, using oxygen sensor feedback to determine fuel mix/",39.0,31
2026-09-13 13:27:28.119,768.75,21.0,3.1,27.06,16.86,26.27,-3.91,0.78,0.79,0.14,488.0,1.0,-0.79,0.0,51.0,44.0,100.0,-1.5,13.1,"Closed loop, using oxygen sensor feedback to determine fuel mix/",39.0,31
2026-09-13 13:27:28.473,748.5,21.0,3.09,27.06,16.86,26.27,-3.91,0.78,0.8,0.13,488.0,1.0,-0.79,0.0,51.0,44.0,100.0,-1.5,13.1,"Closed loop, using oxygen sensor feedback to determine fuel mix/",39.0,31
2026-09-13 13:27:28.837,751.25,21.0,3.06,27.06,16.86,26.27,-1.56,0.78,0.35,0.2,488.0,1.0,-0.79,0.0,51.0,44.0,100.0,-1.5,13.1,"Closed loop, using oxygen sensor feedback to determine fuel mix/",39.0,31
2026-09-13 13:27:29.223,756.0,20.0,3.05,27.06,16.86,25.88,-1.56,0.78,0.22,0.27,488.0,1.0,-0.8,0.0,51.0,44.0,100.0,-4.0,12.9,"Closed loop, using oxygen sensor feedback to determine fuel mix/",39.0,31
2026-09-13 13:27:29.811,770.5,21.0,3.02,27.06,16.86,25.49,-3.91,0.78,0.79,0.18,488.0,1.0,-0.79,0.0,51.0,44.0,100.0,-4.0,12.9,"Closed loop, using oxygen sensor feedback to determine fuel mix/",39.0,31
2026-09-13 13:27:30.163,749.5,20.0,3.02,27.06,16.86,25.88,-3.91,0.78,0.79,0.16,488.0,1.0,-0.8,0.0,51.0,44.0,100.0,-4.0,12.9,"Closed loop, using oxygen sensor feedback to determine fuel mix/",39.0,31
2026-09-13 13:27:30.513,750.75,21.0,3.02,27.06,16.86,25.49,-1.56,0.78,0.27,0.21,487.0,1.0,-0.79,0.0,51.0,44.0,100.0,-4.0,12.9,"Closed loop, using oxygen sensor feedback to determine fuel mix/",39.0,31
2026-09-13 13:27:30.881,760.0,20.0,3.01,27.06,16.86,25.49,-1.56,0.78,0.15,0.29,487.0,1.0,-0.8,0.0,51.0,44.0,100.0,-4.0,12.9,"Closed loop, using oxygen sensor feedback to determine fuel mix/",39.0,31
2026-09-13 13:27:31.265,749.0,20.0,3.02,27.06,16.86,25.88,-0.78,0.78,0.2,0.17,487.0,1.0,-0.8,0.0,52.0,43.0,100.0,-4.5,13.0,"Closed loop, using oxygen sensor feedback to determine fuel mix/",39.0,31
2026-09-13 13:27:31.952,763.75,22.0,3.02,27.06,16.86,25.88,-3.91,0.78,0.78,0.14,487.0,1.0,-0.78,0.0,52.0,43.0,100.0,-4.5,13.0,"Closed loop, using oxygen sensor feedback to determine fuel mix/",39.0,31
2026-09-13 13:27:32.353,748.75,21.0,3.04,27.06,16.86,25.88,-0.78,0.78,0.18,0.17,487.0,1.0,-0.79,0.0,52.0,43.0,100.0,-4.5,13.0,"Closed loop, using oxygen sensor feedback to determine fuel mix/",39.0,31
2026-09-13 13:27:32.722,757.75,20.0,3.06,27.06,16.86,25.88,-0.78,0.78,0.14,0.23,486.0,1.0,-0.8,0.0,52.0,43.0,100.0,-4.5,13.0,"Closed loop, using oxygen sensor feedback to determine fuel mix/",39.0,31
2026-09-13 13:27:33.103,754.0,21.0,3.01,27.06,16.86,25.88,0.0,0.78,0.26,0.13,486.0,1.0,-0.79,0.0,52.0,43.0,100.0,-4.5,13.0,"Closed loop, using oxygen sensor feedback to determine fuel mix/",39.0,31
2026-09-13 13:27:33.500,757.75,21.0,2.98,27.06,16.86,25.1,-3.12,0.78,0.81,0.12,486.0,1.0,-0.79,0.0,52.0,43.0,100.0,-2.5,13.0,"Closed loop, using oxygen sensor feedback to determine fuel mix/",39.0,31
2026-09-13 13:27:34.123,756.75,21.0,2.97,27.06,16.86,25.49,-3.91,0.78,0.66,0.18,486.0,1.0,-0.79,0.0,52.0,43.0,100.0,-2.5,13.0,"Closed loop, using oxygen sensor feedback to determine fuel mix/",39.0,31
2026-09-13 13:27:34.506,766.75,21.0,2.97,27.06,16.86,25.1,-0.78,0.78,0.2,0.26,486.0,1.0,-0.79,0.0,52.0,43.0,100.0,-2.5,13.0,"Closed loop, using oxygen sensor feedback to determine fuel mix/",39.0,31
2026-09-13 13:27:34.858,754.25,20.0,2.94,27.06,16.47,24.71,-0.78,0.78,0.24,0.31,485.0,1.0,-0.8,0.0,52.0,43.0,100.0,-2.5,13.0,"Closed loop, using oxygen sensor feedback to determine fuel mix/",39.0,31
2026-09-13 13:27:35.225,762.25,21.0,2.92,27.06,16.86,24.71,-3.91,0.78,0.81,0.26,485.0,1.0,-0.79,0.0,52.0,43.0,100.0,-2.5,13.0,"Closed loop, using oxygen sensor feedback to determine fuel mix/",39.0,31
2026-09-13 13:27:35.578,753.25,20.0,2.96,27.06,16.86,25.1,-3.91,0.78,0.78,0.23,485.0,1.0,-0.8,0.0,52.0,43.0,100.0,-1.5,13.0,"Closed loop, using oxygen sensor feedback to determine fuel mix/",39.0,31
2026-09-13 13:27:36.207,754.25,20.0,2.9,26.67,16.47,24.71,-1.56,0.78,0.14,0.34,485.0,1.0,-0.8,0.0,52.0,43.0,100.0,-1.5,13.0,"Closed loop, using oxygen sensor feedback to determine fuel mix/",39.0,31
2026-09-13 13:27:36.579,752.75,21.0,2.9,26.67,16.47,24.31,-0.78,0.78,0.3,0.33,485.0,1.0,-0.79,0.0,52.0,43.0,100.0,-1.5,13.0,"Closed loop, using oxygen sensor feedback to determine fuel mix/",39.0,31
2026-09-13 13:27:36.918,758.5,19.0,2.89,26.67,16.47,24.71,-3.91,0.78,0.79,0.18,484.0,1.0,-0.81,0.0,52.0,43.0,100.0,-1.5,13.0,"Closed loop, using oxygen sensor feedback to determine fuel mix/",39.0,31
2026-09-13 13:27:37.300,750.0,21.0,2.9,26.67,16.47,25.1,-3.91,0.78,0.5,0.2,484.0,1.0,-0.79,0.0,52.0,43.0,100.0,-1.5,13.0,"Closed loop, using oxygen sensor feedback to determine fuel mix/",39.0,31
2026-09-13 13:27:37.668,760.5,21.0,2.92,26.67,16.47,24.71,-0.78,0.78,0.14,0.27,484.0,1.0,-0.79,0.0,52.0,43.0,100.0,-1.5,13.0,"Closed loop, using oxygen sensor feedback to determine fuel mix/",39.0,31
2026-09-13 13:27:38.258,748.5,20.0,2.87,26.67,16.47,24.71,-3.91,0.78,0.75,0.25,484.0,1.0,-0.8,0.0,52.0,43.0,100.0,-1.5,13.0,"Closed loop, using oxygen sensor feedback to determine fuel mix/",39.0,31
2026-09-13 13:27:38.593,743.5,20.0,2.89,26.67,16.47,24.71,-3.91,0.78,0.77,0.17,483.0,1.0,-0.8,0.0,52.0,43.0,100.0,-1.5,13.0,"Closed loop, using oxygen sensor feedback to determine fuel mix/",39.0,31
2026-09-13 13:27:38.933,740.25,20.0,2.91,26.67,16.47,24.71,-0.78,0.78,0.15,0.21,483.0,1.0,-0.8,0.0,52.0,43.0,100.0,-1.5,13.0,"Closed loop, using oxygen sensor feedback to determine fuel mix/",39.0,31
2026-09-13 13:27:39.315,748.0,21.0,2.9,26.67,16.47,24.71,-0.78,0.78,0.16,0.29,483.0,1.0,-0.79,0.0,52.0,43.0,100.0,-1.5,13.0,"Closed loop, using oxygen sensor feedback to determine fuel mix/",39.0,31
2026-09-13 13:27:39.682,743.25,20.0,2.91,26.67,16.47,25.1,0.0,0.78,0.7,0.23,483.0,1.0,-0.8,0.0,53.0,43.0,100.0,-2.5,12.9,"Closed loop, using oxygen sensor feedback to determine fuel mix/",39.0,31
2026-09-13 13:27:40.303,746.0,20.0,2.9,26.67,16.47,24.71,-3.12,0.78,0.31,0.18,483.0,1.0,-0.8,0.0,53.0,43.0,100.0,-2.5,12.9,"Closed loop, using oxygen sensor feedback to determine fuel mix/",39.0,31
2026-09-13 13:27:40.686,753.5,21.0,2.91,26.67,16.47,24.71,0.0,0.78,0.14,0.24,482.0,1.0,-0.79,0.0,53.0,43.0,100.0,-2.5,12.9,"Closed loop, using oxygen sensor feedback to determine fuel mix/",39.0,31
2026-09-13 13:27:41.006,752.0,19.0,2.89,26.67,16.47,24.71,0.0,0.78,0.69,0.28,482.0,1.0,-0.81,0.0,53.0,43.0,100.0,-2.5,12.9,"Closed loop, using oxygen sensor feedback to determine fuel mix/",39.0,31
2026-09-13 13:27:41.388,755.0,21.0,2.83,26.67,16.47,24.71,-3.12,0.78,0.8,0.2,482.0,1.0,-0.79,0.0,53.0,43.0,100.0,-2.5,12.9,"Closed loop, using oxygen sensor feedback to determine fuel mix/",39.0,31
2026-09-13 13:27:41.758,747.25,20.0,2.84,26.67,16.47,24.31,-3.12,0.78,0.65,0.23,482.0,1.0,-0.8,0.0,53.0,43.0,100.0,0.0,12.9,"Closed loop, using oxygen sensor feedback to determine fuel mix/",39.0,31
2026-09-13 13:27:42.300,753.0,20.0,2.87,26.67,16.47,24.31,-0.78,0.78,0.17,0.34,481.0,1.0,-0.8,0.0,53.0,43.0,100.0,0.0,12.9,"Closed loop, using oxygen sensor feedback to determine fuel mix/",39.0,31
2026-09-13 13:27:42.683,753.0,19.0,2.84,26.67,16.47,23.92,-3.91,0.78,0.74,0.35,481.0,1.0,-0.81,0.0,53.0,43.0,100.0,0.0,12.9,"Closed loop, using oxygen sensor feedback to determine fuel mix/",39.0,31
2026-09-13 13:27:43.050,746.75,19.0,2.83,26.67,16.47,24.31,-3.91,0.78,0.76,0.31,481.0,1.0,-0.81,0.0,53.0,43.0,100.0,0.0,12.9,"Closed loop, using oxygen sensor feedback to determine fuel mix/",39.0,31
2026-09-13 13:27:43.404,744.0,21.0,2.87,26.67,16.47,24.31,-0.78,0.78,0.15,0.34,481.0,1.0,-0.79,0.0,53.0,43.0,100.0,0.0,12.9,"Closed loop, using oxygen sensor feedback to determine fuel mix/",39.0,31
2026-09-13 13:27:43.800,745.25,21.0,2.84,26.67,16.47,24.31,-0.78,0.78,0.14,0.39,481.0,1.0,-0.79,0.0,53.0,43.0,100.0,-5.0,12.9,"Closed loop, using oxygen sensor feedback to determine fuel mix/",39.0,31
2026-09-13 13:27:44.428,739.75,20.0,2.86,26.67,16.47,24.31,-3.12,0.78,0.75,0.21,480.0,1.0,-0.8,0.0,53.0,43.0,100.0,-5.0,12.9,"Closed loop, using oxygen sensor feedback to determine fuel mix/",39.0,31
2026-09-13 13:27:45.191,751.75,20.0,2.86,26.67,16.47,24.31,-0.78,0.78,0.14,0.26,480.0,1.0,-0.8,0.0,53.0,43.0,100.0,-5.0,12.9,"Closed loop, using oxygen sensor feedback to determine fuel mix/",39.0,31
2026-09-13 13:27:45.554,749.0,21.0,2.85,26.67,16.47,24.31,-0.78,0.78,0.15,0.32,480.0,1.0,-0.79,0.0,53.0,43.0,100.0,-5.0,12.9,"Closed loop, using oxygen sensor feedback to determine fuel mix/",39.0,31
2026-09-13 13:27:45.925,749.0,21.0,2.85,26.67,16.47,24.31,-3.91,0.78,0.74,0.29,479.0,1.0,-0.79,0.0,53.0,43.0,100.0,-5.0,12.9,"Closed loop, using oxygen sensor feedback to determine fuel mix/",39.0,31
2026-09-13 13:27:46.212,740.0,21.0,2.84,26.67,16.47,24.31,-3.91,0.78,0.77,0.23,479.0,1.0,-0.79,0.0,53.0,43.0,100.0,-0.5,12.9,"Closed loop, using oxygen sensor feedback to determine fuel mix/",39.0,31
2026-09-13 13:27:46.783,744.75,20.0,2.82,26.67,16.47,23.92,-0.78,0.78,0.12,0.28,479.0,1.0,-0.8,0.0,53.0,43.0,100.0,-0.5,12.9,"Closed loop, using oxygen sensor feedback to determine fuel mix/",39.0,31
2026-09-13 13:27:47.105,750.75,20.0,2.8,26.67,16.47,23.92,-0.78,0.78,0.23,0.34,479.0,1.0,-0.8,0.0,53.0,43.0,100.0,-0.5,12.9,"Closed loop, using oxygen sensor feedback to determine fuel mix/",39.0,31
2026-09-13 13:27:47.476,746.0,20.0,2.8,26.67,16.47,23.92,-3.91,0.78,0.78,0.27,478.0,1.0,-0.8,0.0,53.0,43.0,100.0,-0.5,12.9,"Closed loop, using oxygen sensor feedback to determine fuel mix/",39.0,31
2026-09-13 13:27:47.859,738.0,20.0,2.82,26.67,16.47,23.92,-3.91,0.78,0.36,0.24,478.0,1.0,-0.8,0.0,53.0,43.0,100.0,-0.5,12.9,"Closed loop, using oxygen sensor feedback to determine fuel mix/",39.0,31
2026-09-13 13:27:48.259,746.75,20.0,2.83,26.67,16.47,23.92,-0.78,0.78,0.12,0.31,478.0,1.0,-0.8,0.0,53.0,43.0,100.0,-2.5,12.9,"Closed loop, using oxygen sensor feedback to determine fuel mix/",39.0,31
2026-09-13 13:27:48.899,749.25,20.0,2.82,26.67,16.47,24.31,0.0,0.78,0.29,0.31,478.0,1.0,-0.8,0.0,53.0,43.0,100.0,-2.5,12.9,"Closed loop, using oxygen sensor feedback to determine fuel mix/",39.0,31
2026-09-13 13:27:49.232,740.75,20.0,2.82,26.67,16.47,23.92,-3.12,0.78,0.77,0.24,477.0,1.0,-0.8,0.0,53.0,43.0,100.0,-2.5,12.9,"Closed loop, using oxygen sensor feedback to determine fuel mix/",39.0,31
2026-09-13 13:27:49.600,749.5,20.0,2.82,26.67,16.47,23.92,-3.12,0.78,0.72,0.26,477.0,1.0,-0.8,0.0,53.0,43.0,100.0,-2.5,12.9,"Closed loop, using oxygen sensor feedback to determine fuel mix/",39.0,31
2026-09-13 13:27:49.940,753.5,21.0,2.81,26.67,16.08,23.92,0.0,0.78,0.14,0.32,477.0,1.0,-0.79,0.0,53.0,43.0,100.0,-2.5,12.9,"Closed loop, using oxygen sensor feedback to determine fuel mix/",39.0,31
2026-09-13 13:27:50.291,748.75,20.0,2.77,26.67,16.08,23.53,0.0,0.78,0.17,0.37,477.0,1.0,-0.8,0.0,54.0,43.0,100.0,-1.0,12.9,"Closed loop, using oxygen sensor feedback to determine fuel mix/",39.0,31
2026-09-13 13:27:50.913,746.5,20.0,2.77,26.67,16.47,23.53,-3.12,0.78,0.78,0.33,477.0,1.0,-0.8,0.0,54.0,43.0,100.0,-1.0,12.9,"Closed loop, using oxygen sensor feedback to determine fuel mix/",39.0,31
2026-09-13 13:27:51.265,748.25,21.0,2.79,26.67,16.47,23.92,-3.91,0.78,0.45,0.36,476.0,1.0,-0.79,0.0,54.0,43.0,100.0,-1.0,12.9,"Closed loop, using oxygen sensor feedback to determine fuel mix/",39.0,31
2026-09-13 13:27:51.633,745.25,20.0,2.79,26.67,16.47,23.92,-0.78,0.78,0.12,0.42,476.0,1.0,-0.8,0.0,54.0,43.0,100.0,-1.0,12.9,"Closed loop, using oxygen sensor feedback to determine fuel mix/",39.0,31
2026-09-13 13:27:51.970,749.0,19.0,2.79,26.67,16.08,23.53,-0.78,0.78,0.18,0.47,476.0,1.0,-0.81,0.0,54.0,43.0,100.0,-1.0,12.9,"Closed loop, using oxygen sensor feedback to determine fuel mix/",39.0,31
2026-09-13 13:27:52.337,752.25,19.0,2.76,26.27,16.08,23.53,-3.12,0.78,0.74,0.46,476.0,1.0,-0.81,0.0,54.0,43.0,100.0,-2.5,12.9,"Closed loop, using oxygen sensor feedback to determine fuel mix/",39.0,31
2026-09-13 13:27:52.914,741.5,20.0,2.78,26.67,16.08,23.92,-3.12,0.78,0.28,0.45,475.0,1.0,-0.8,0.0,54.0,43.0,100.0,-2.5,12.9,"Closed loop, using oxygen sensor feedback to determine fuel mix/",39.0,31
2026-09-13 13:27:53.249,741.75,19.0,2.78,26.67,16.08,23.53,0.0,0.78,0.13,0.47,475.0,1.0,-0.81,0.0,54.0,43.0,100.0,-2.5,12.9,"Closed loop, using oxygen sensor feedback to determine fuel mix/",39.0,31
2026-09-13 13:27:53.808,741.5,20.0,2.75,26.67,16.08,23.53,-3.12,0.78,0.76,0.49,475.0,1.0,-0.8,0.0,54.0,43.0,100.0,-2.5,12.9,"Closed loop, using oxygen sensor feedback to determine fuel mix/",39.0,31
2026-09-13 13:27:54.187,741.5,20.0,2.74,26.67,16.08,23.53,-3.12,0.78,0.75,0.47,475.0,1.0,-0.8,0.0,54.0,43.0,100.0,-2.5,12.9,"Closed loop, using oxygen sensor feedback to determine fuel mix/",39.0,31
2026-09-13 13:27:54.557,742.0,20.0,2.74,26.67,16.08,23.53,-0.78,0.78,0.23,0.5,475.0,1.0,-0.8,0.0,54.0,42.0,100.0,-2.0,13.0,"Closed loop, using oxygen sensor feedback to determine fuel mix/",39.0,31
2026-09-13 13:27:55.180,750.25,19.0,2.75,26.67,16.08,23.14,-0.78,0.78,0.14,0.57,474.0,1.0,-0.81,0.0,54.0,42.0,100.0,-2.0,13.0,"Closed loop, using oxygen sensor feedback to determine fuel mix/",39.0,31
2026-09-13 13:27:55.563,744.75,19.0,2.72,26.67,16.08,23.53,-3.12,0.78,0.69,0.55,474.0,1.0,-0.81,0.0,54.0,42.0,100.0,-2.0,13.0,"Closed loop, using oxygen sensor feedback to determine fuel mix/",39.0,31
2026-09-13 13:27:55.947,737.75,20.0,2.74,26.67,16.08,23.53,-3.12,0.78,0.74,0.49,474.0,1.0,-0.8,0.0,54.0,42.0,100.0,-2.0,13.0,"Closed loop, using oxygen sensor feedback to determine fuel mix/",39.0,31
2026-09-13 13:27:56.283,745.25,19.0,2.74,26.27,16.08,23.53,0.0,0.78,0.15,0.52,474.0,1.0,-0.81,0.0,54.0,42.0,100.0,-2.0,13.0,"Closed loop, using oxygen sensor feedback to determine fuel mix/",39.0,31
2026-09-13 13:27:56.667,747.75,19.0,2.76,26.67,16.08,23.53,0.0,0.78,0.12,0.56,473.0,1.0,-0.81,0.0,54.0,42.0,100.0,-1.0,13.0,"Closed loop, using oxygen sensor feedback to determine fuel mix/",39.0,31
2026-09-13 13:27:57.256,744.5,21.0,2.73,26.27,16.08,23.53,-2.34,0.78,0.74,0.53,473.0,1.0,-0.79,0.0,54.0,42.0,100.0,-1.0,13.0,"Closed loop, using oxygen sensor feedback to determine fuel mix/",39.0,31
2026-09-13 13:27:57.592,736.0,20.0,2.74,26.67,16.08,23.53,-2.34,0.78,0.75,0.46,473.0,1.0,-0.8,0.0,54.0,42.0,100.0,-1.0,13.0,"Closed loop, using oxygen sensor feedback to determine fuel mix/",39.0,31
2026-09-13 13:27:57.962,720.0,20.0,2.75,26.67,16.47,23.53,-3.12,0.78,0.43,0.51,473.0,1.0,-0.8,0.0,54.0,42.0,100.0,-1.0,13.0,"Closed loop, using oxygen sensor feedback to determine fuel mix/",39.0,31
2026-09-13 13:27:58.328,750.5,19.0,2.77,26.27,16.08,23.53,0.0,0.78,0.12,0.55,473.0,1.0,-0.81,0.0,54.0,42.0,100.0,-1.0,13.0,"Closed loop, using oxygen sensor feedback to determine fuel mix/",39.0,31
2026-09-13 13:27:58.677,745.75,20.0,2.75,26.67,16.08,23.53,0.0,0.78,0.17,0.58,472.0,1.0,-0.8,0.0,55.0,42.0,100.0,-2.5,12.9,"Closed loop, using oxygen sensor feedback to determine fuel mix/",39.0,31
2026-09-13 13:27:59.302,738.75,20.0,2.73,26.67,16.08,23.53,-2.34,0.78,0.77,0.56,472.0,1.0,-0.8,0.0,55.0,42.0,100.0,-2.5,12.9,"Closed loop, using oxygen sensor feedback to determine fuel mix/",39.0,31
2026-09-13 13:27:59.684,736.0,19.0,2.74,26.27,16.08,23.53,-2.34,0.78,0.67,0.57,472.0,1.0,-0.81,0.0,55.0,42.0,100.0,-2.5,12.9,"Closed loop, using oxygen sensor feedback to determine fuel mix/",39.0,31
2026-09-13 13:28:00.051,735.75,20.0,2.74,26.27,16.08,23.53,0.0,0.78,0.12,0.61,472.0,1.0,-0.8,0.0,55.0,42.0,100.0,-2.5,12.9,"Closed loop, using oxygen sensor feedback to determine fuel mix/",39.0,31
2026-09-13 13:28:00.439,743.0,20.0,2.71,26.27,16.08,23.14,0.0,0.78,0.15,0.65,472.0,1.0,-0.8,0.0,55.0,42.0,100.0,-2.5,12.9,"Closed loop, using oxygen sensor feedback to determine fuel mix/",39.0,31
2026-09-13 13:28:00.770,742.5,20.0,2.69,26.27,16.08,23.14,-3.12,0.78,0.77,0.62,471.0,1.0,-0.8,0.0,55.0,42.0,100.0,-2.0,12.9,"Closed loop, using oxygen sensor feedback to determine fuel mix/",39.0,31
2026-09-13 13:28:01.343,736.75,20.0,2.71,26.27,16.08,23.14,-3.12,0.78,0.65,0.6,471.0,1.0,-0.8,0.0,55.0,42.0,100.0,-2.0,12.9,"Closed loop, using oxygen sensor feedback to determine fuel mix/",39.0,31
2026-09-13 13:28:01.694,745.0,21.0,2.72,26.27,16.08,23.14,-0.78,0.78,0.11,0.65,471.0,1.0,-0.79,0.0,55.0,42.0,100.0,-2.0,12.9,"Closed loop, using oxygen sensor feedback to determine fuel mix/",39.0,31
2026-09-13 13:28:02.048,726.0,19.0,2.74,26.67,16.08,23.53,-0.78,0.78,0.11,0.68,471.0,1.0,-0.81,0.0,55.0,42.0,100.0,-2.0,12.9,"Closed loop, using oxygen sensor feedback to determine fuel mix/",39.0,31
2026-09-13 13:28:02.379,734.25,21.0,2.73,26.67,16.08,23.53,0.0,0.78,0.23,0.66,471.0,1.0,-0.79,0.0,55.0,42.0,100.0,-2.0,12.9,"Closed loop, using oxygen sensor feedback to determine fuel mix/",39.0,31
2026-09-13 13:28:02.733,741.5,19.0,2.75,26.67,16.08,23.53,-3.12,0.78,0.72,0.57,470.0,1.0,-0.81,0.0,55.0,42.0,100.0,-1.0,12.9,"Closed loop, using oxygen sensor feedback to determine fuel mix/",39.0,31
2026-09-13 13:28:03.356,729.75,20.0,2.73,26.67,16.08,23.53,0.0,0.78,0.1,0.57,470.0,1.0,-0.8,0.0,55.0,42.0,100.0,-1.0,12.9,"Closed loop, using oxygen sensor feedback to determine fuel mix/",39.0,31
2026-09-13 13:28:03.710,739.5,20.0,2.74,26.27,16.08,23.53,0.0,0.78,0.13,0.59,470.0,1.0,-0.8,0.0,55.0,42.0,100.0,-1.0,12.9,"Closed loop, using oxygen sensor feedback to determine fuel mix/",39.0,31
2026-09-13 13:28:04.063,749.0,21.0,2.72,26.27,16.08,23.14,-2.34,0.78,0.72,0.51,470.0,1.0,-0.79,0.0,55.0,42.0,100.0,-1.0,12.9,"Closed loop, using oxygen sensor feedback to determine fuel mix/",39.0,31
2026-09-13 13:28:04.434,733.25,20.0,2.7,26.27,16.08,23.14,-2.34,0.78,0.76,0.42,470.0,1.0,-0.8,0.0,55.0,42.0,100.0,-1.0,12.9,"Closed loop, using oxygen sensor feedback to determine fuel mix/",39.0,31
2026-09-13 13:28:04.777,722.25,19.0,2.72,26.27,16.08,23.14,-2.34,0.78,0.68,0.44,469.0,1.0,-0.81,0.0,55.0,42.0,100.0,1.0,12.9,"Closed loop, using oxygen sensor feedback to determine fuel mix/",39.0,31
2026-09-13 13:28:05.369,740.0,19.0,2.72,26.27,16.08,23.53,0.0,0.78,0.11,0.53,469.0,1.0,-0.81,0.0,55.0,42.0,100.0,1.0,12.9,"Closed loop, using oxygen sensor feedback to determine fuel mix/",39.0,31
2026-09-13 13:28:05.723,741.75,21.0,2.72,26.27,16.08,23.14,0.78,0.78,0.2,0.56,469.0,1.0,-0.79,0.0,55.0,42.0,100.0,1.0,12.9,"Closed loop, using oxygen sensor feedback to determine fuel mix/",39.0,31
2026-09-13 13:28:06.103,743.0,19.0,2.7,26.27,16.08,23.14,-2.34,0.78,0.77,0.49,469.0,1.0,-0.81,0.0,55.0,42.0,100.0,1.0,12.9,"Closed loop, using oxygen sensor feedback to determine fuel mix/",39.0,31
2026-09-13 13:28:06.471,733.5,19.0,2.68,26.27,16.08,23.14,-2.34,0.78,0.72,0.49,469.0,1.0,-0.81,0.0,55.0,42.0,100.0,1.0,12.9,"Closed loop, using oxygen sensor feedback to determine fuel mix/",39.0,31
2026-09-13 13:28:06.823,730.5,19.0,2.69,26.27,16.08,23.14,0.78,0.78,0.17,0.55,468.0,1.0,-0.81,0.0,55.0,42.0,100.0,0.0,13.0,"Closed loop, using oxygen sensor feedback to determine fuel mix/",39.0,31
2026-09-13 13:28:07.464,742.5,20.0,2.63,26.27,16.08,22.75,-2.34,0.78,0.77,0.63,468.0,1.0,-0.8,0.0,55.0,42.0,100.0,0.0,13.0,"Closed loop, using oxygen sensor feedback to determine fuel mix/",39.0,31
2026-09-13 13:28:07.861,740.25,19.0,2.65,26.27,16.08,22.75,-2.34,0.78,0.74,0.64,468.0,1.0,-0.81,0.0,55.0,42.0,100.0,0.0,13.0,"Closed loop, using oxygen sensor feedback to determine fuel mix/",39.0,31
2026-09-13 13:28:08.231,730.75,19.0,2.65,26.27,16.08,22.75,-3.12,0.78,0.4,0.68,468.0,1.0,-0.81,0.0,55.0,42.0,100.0,0.0,13.0,"Closed loop, using oxygen sensor feedback to determine fuel mix/",39.0,31
2026-09-13 13:28:08.579,741.5,20.0,2.65,26.27,16.08,22.75,0.0,0.78,0.12,0.73,468.0,1.0,-0.8,0.0,55.0,42.0,100.0,0.0,13.0,"Closed loop, using oxygen sensor feedback to determine fuel mix/",39.0,31
2026-09-13 13:28:08.918,738.75,19.0,2.64,26.27,16.08,22.75,0.0,0.78,0.66,0.73,468.0,1.0,-0.81,0.0,55.0,42.0,100.0,-0.5,12.9,"Closed loop, using oxygen sensor feedback to determine fuel mix/",39.0,31
2026-09-13 13:28:09.505,728.75,19.0,2.64,26.27,16.08,22.75,-3.12,0.78,0.69,0.69,467.0,1.0,-0.81,0.0,55.0,42.0,100.0,-0.5,12.9,"Closed loop, using oxygen sensor feedback to determine fuel mix/",39.0,31
2026-09-13 13:28:09.869,737.25,19.0,2.67,26.27,16.08,22.75,0.0,0.78,0.1,0.72,467.0,1.0,-0.81,0.0,55.0,42.0,100.0,-0.5,12.9,"Closed loop, using oxygen sensor feedback to determine fuel mix/",39.0,31
2026-09-13 13:28:10.240,737.5,20.0,2.65,26.27,16.08,22.75,0.0,0.78,0.11,0.73,467.0,1.0,-0.8,0.0,55.0,42.0,100.0,-0.5,12.9,"Closed loop, using oxygen sensor feedback to determine fuel mix/",39.0,31
2026-09-13 13:28:10.693,740.75,20.0,2.65,25.88,16.08,22.75,-2.34,0.78,0.74,0.68,467.0,1.0,-0.8,0.0,55.0,42.0,100.0,-0.5,12.9,"Closed loop, using oxygen sensor feedback to determine fuel mix/",39.0,31
2026-09-13 13:28:11.036,730.0,19.0,2.61,26.27,16.08,22.75,-2.34,0.78,0.76,0.64,467.0,1.0,-0.81,0.0,56.0,42.0,100.0,0.0,12.9,"Closed loop, using oxygen sensor feedback to determine fuel mix/",39.0,31
2026-09-13 13:28:11.644,729.25,19.0,2.64,26.27,16.08,22.75,0.0,0.78,0.17,0.68,466.0,1.0,-0.81,0.0,56.0,42.0,100.0,0.0,12.9,"Closed loop, using oxygen sensor feedback to determine fuel mix/",39.0,31
2026-09-13 13:28:12.028,736.5,19.0,2.64,26.27,16.08,22.75,0.0,0.78,0.11,0.72,466.0,1.0,-0.81,0.0,56.0,42.0,100.0,0.0,12.9,"Closed loop, using oxygen sensor feedback to determine fuel mix/",39.0,31
2026-09-13 13:28:12.398,741.75,20.0,2.64,26.27,16.08,22.35,-3.12,0.78,0.72,0.69,466.0,1.0,-0.8,0.0,56.0,42.0,100.0,0.0,12.9,"Closed loop, using oxygen sensor feedback to determine fuel mix/",39.0,31
2026-09-13 13:28:12.778,727.75,19.0,2.65,26.27,16.08,22.75,-3.12,0.78,0.72,0.65,466.0,1.0,-0.81,0.0,56.0,42.0,100.0,0.0,12.9,"Closed loop, using oxygen sensor feedback to determine fuel mix/",39.0,31
2026-09-13 13:28:13.178,729.0,20.0,2.66,26.27,16.08,23.14,0.0,0.78,0.1,0.65,466.0,1.0,-0.8,0.0,56.0,42.0,100.0,-2.0,12.9,"Closed loop, using oxygen sensor feedback to determine fuel mix/",39.0,31
2026-09-13 13:28:13.768,734.5,19.0,2.62,26.27,16.08,22.35,0.0,0.78,0.2,0.67,465.0,1.0,-0.81,0.0,56.0,42.0,100.0,-2.0,12.9,"Closed loop, using oxygen sensor feedback to determine fuel mix/",39.0,31
2026-09-13 13:28:14.153,741.75,19.0,2.61,26.27,16.08,22.75,-2.34,0.78,0.76,0.61,465.0,1.0,-0.81,0.0,56.0,42.0,100.0,-2.0,12.9,"Closed loop, using oxygen sensor feedback to determine fuel mix/",39.0,31
2026-09-13 13:28:14.503,739.0,20.0,2.63,26.27,16.08,22.35,-2.34,0.78,0.71,0.58,465.0,1.0,-0.8,0.0,56.0,42.0,100.0,-2.0,12.9,"Closed loop, using oxygen sensor feedback to determine fuel mix/",39.0,31
2026-09-13 13:28:14.872,731.0,19.0,2.64,26.27,16.08,22.35,0.78,0.78,0.12,0.61,465.0,1.0,-0.81,0.0,56.0,42.0,100.0,-2.0,12.9,"Closed loop, using oxygen sensor feedback to determine fuel mix/",39.0,31
2026-09-13 13:28:15.223,733.5,20.0,2.63,26.27,16.08,22.35,0.78,0.78,0.14,0.68,465.0,1.0,-0.8,0.0,56.0,42.0,100.0,-0.5,12.9,"Closed loop, using oxygen sensor feedback to determine fuel mix/",39.0,31
2026-09-13 13:28:15.847,735.25,19.0,2.6,26.27,15.69,22.35,-2.34,0.78,0.78,0.67,465.0,1.0,-0.81,0.0,56.0,42.0,100.0,-0.5,12.9,"Closed loop, using oxygen sensor feedback to determine fuel mix/",39.0,31
2026-09-13 13:28:16.196,731.25,19.0,2.61,26.27,16.08,22.35,-2.34,0.78,0.69,0.68,464.0,1.0,-0.81,0.0,56.0,42.0,100.0,-0.5,12.9,"Closed loop, using oxygen sensor feedback to determine fuel mix/",39.0,31
2026-09-13 13:28:16.547,731.0,20.0,2.62,26.27,16.08,22.75,0.0,0.78,0.14,0.75,464.0,1.0,-0.8,0.0,56.0,42.0,100.0,-0.5,12.9,"Closed loop, using oxygen sensor feedback to determine fuel mix/",39.0,31
2026-09-13 13:28:16.894,730.25,19.0,2.6,26.27,15.69,22.35,0.0,0.78,0.12,0.76,464.0,1.0,-0.81,0.0,56.0,42.0,100.0,-0.5,12.9,"Closed loop, using oxygen sensor feedback to determine fuel mix/",39.0,31
2026-09-13 13:28:17.236,731.5,20.0,2.57,26.27,15.69,22.35,-2.34,0.78,0.72,0.73,464.0,1.0,-0.8,0.0,56.0,42.0,100.0,0.5,12.9,"Closed loop, using oxygen sensor feedback to determine fuel mix/",39.0,31
2026-09-13 13:28:18.112,721.5,19.0,2.59,26.27,15.69,22.35,0.0,0.78,0.13,0.74,464.0,1.0,-0.81,0.0,56.0,42.0,100.0,0.5,12.9,"Closed loop, using oxygen sensor feedback to determine fuel mix/",39.0,31
2026-09-13 13:28:18.468,745.75,18.0,2.57,25.88,15.69,21.96,0.0,0.78,0.13,0.76,463.0,1.0,-0.82,0.0,56.0,42.0,100.0,0.5,12.9,"Closed loop, using oxygen sensor feedback to determine fuel mix/",39.0,31
2026-09-13 13:28:18.866,735.5,19.0,2.54,25.88,15.69,21.96,-3.12,0.78,0.74,0.72,463.0,1.0,-0.81,0.0,56.0,42.0,100.0,0.5,12.9,"Closed loop, using oxygen sensor feedback to determine fuel mix/",39.0,31
2026-09-13 13:28:19.266,734.5,19.0,2.54,25.88,15.69,21.57,-3.12,0.78,0.72,0.7,463.0,1.0,-0.81,0.0,56.0,42.0,100.0,0.5,12.9,"Closed loop, using oxygen sensor feedback to determine fuel mix/",39.0,31
2026-09-13 13:28:19.669,732.5,19.0,2.53,25.88,15.69,21.96,0.0,0.78,0.11,0.72,463.0,1.0,-0.81,0.0,57.0,42.0,100.0,0.5,13.0,"Closed loop, using oxygen sensor feedback to determine fuel mix/",39.0,31
2026-09-13 13:28:20.257,728.0,19.0,2.53,25.88,15.69,21.57,0.0,0.78,0.28,0.73,463.0,1.0,-0.81,0.0,57.0,42.0,100.0,0.5,13.0,"Closed loop, using oxygen sensor feedback to determine fuel mix/",39.0,31
2026-09-13 13:28:20.611,740.75,18.0,2.5,25.88,15.69,21.18,-2.34,0.78,0.76,0.69,463.0,1.0,-0.82,0.0,57.0,42.0,100.0,0.5,13.0,"Closed loop, using oxygen sensor feedback to determine fuel mix/",39.0,31
2026-09-13 13:28:20.976,737.75,20.0,2.52,25.88,15.69,21.57,-2.34,0.78,0.72,0.68,462.0,1.0,-0.8,0.0,57.0,42.0,100.0,0.5,13.0,"Closed loop, using oxygen sensor feedback to determine fuel mix/",39.0,31
2026-09-13 13:28:21.329,722.25,19.0,2.51,25.88,15.69,21.57,0.0,0.78,0.2,0.73,462.0,1.0,-0.81,0.0,57.0,42.0,100.0,0.5,13.0,"Closed loop, using oxygen sensor feedback to determine fuel mix/",39.0,31
2026-09-13 13:28:21.699,737.25,20.0,2.51,25.88,15.69,21.57,0.0,0.78,0.1,0.76,462.0,1.0,-0.8,0.0,57.0,42.0,100.0,-0.5,12.9,"Closed loop, using oxygen sensor feedback to determine fuel mix/",39.0,31
2026-09-13 13:28:22.320,738.5,19.0,2.48,25.88,15.69,21.57,-3.12,0.78,0.77,0.71,462.0,1.0,-0.81,0.0,57.0,42.0,100.0,-0.5,12.9,"Closed loop, using oxygen sensor feedback to determine fuel mix/",39.0,31
2026-09-13 13:28:22.706,727.5,18.0,2.5,25.88,15.69,21.96,-3.12,0.78,0.73,0.7,462.0,1.0,-0.82,0.0,57.0,42.0,100.0,-0.5,12.9,"Closed loop, using oxygen sensor feedback to determine fuel mix/",39.0,31
2026-09-13 13:28:23.090,720.75,20.0,2.51,25.88,15.69,21.57,-0.78,0.78,0.1,0.77,461.0,1.0,-0.8,0.0,57.0,42.0,100.0,-0.5,12.9,"Closed loop, using oxygen sensor feedback to determine fuel mix/",39.0,31
2026-09-13 13:28:23.472,731.0,19.0,2.48,25.88,15.69,21.57,-0.78,0.78,0.09,0.77,461.0,1.0,-0.81,0.0,57.0,42.0,100.0,-0.5,12.9,"Closed loop, using oxygen sensor feedback to determine fuel mix/",39.0,31
2026-09-13 13:28:23.854,730.25,19.0,2.48,25.88,15.69,21.18,0.0,0.78,0.14,0.72,461.0,1.0,-0.81,0.0,57.0,42.0,100.0,1.0,13.0,"Closed loop, using oxygen sensor feedback to determine fuel mix/",39.0,31
2026-09-13 13:28:24.460,728.0,19.0,2.47,25.88,15.69,21.57,-3.12,0.78,0.75,0.64,461.0,1.0,-0.81,0.0,57.0,42.0,100.0,1.0,13.0,"Closed loop, using oxygen sensor feedback to determine fuel mix/",39.0,31
2026-09-13 13:28:24.828,733.25,20.0,2.47,25.88,15.29,21.18,-3.12,0.78,0.3,0.65,460.0,1.0,-0.8,0.0,57.0,42.0,100.0,1.0,13.0,"Closed loop, using oxygen sensor feedback to determine fuel mix/",39.0,31
2026-09-13 13:28:25.182,747.5,18.0,2.38,25.49,14.9,20.39,-3.12,0.78,0.82,0.69,460.0,1.0,-0.82,0.0,57.0,42.0,100.0,1.0,13.0,"Closed loop, using oxygen sensor feedback to determine fuel mix/",39.0,31
2026-09-13 13:28:25.547,745.75,19.0,2.32,25.1,14.9,19.61,-3.12,0.78,0.89,0.71,460.0,1.0,-0.81,0.0,57.0,42.0,100.0,1.0,13.0,"Closed loop, using oxygen sensor feedback to determine fuel mix/",39.0,31
2026-09-13 13:28:25.976,749.75,17.0,2.26,25.1,14.51,19.22,-3.91,0.78,0.9,0.83,460.0,1.0,-0.83,0.0,57.0,42.0,100.0,3.0,13.0,"Closed loop, using oxygen sensor feedback to determine fuel mix/",39.0,31
2026-09-13 13:28:26.585,746.0,17.0,2.23,24.71,14.12,18.82,-4.69,0.78,0.91,0.9,459.0,1.0,-0.83,0.0,57.0,42.0,100.0,3.0,13.0,"Closed loop, using oxygen sensor feedback to determine fuel mix/",39.0,31
2026-09-13 13:28:26.970,742.0,16.0,2.18,24.71,14.51,18.43,-5.47,0.78,0.91,0.9,459.0,1.0,-0.84,0.0,57.0,42.0,100.0,3.0,13.0,"Closed loop, using oxygen sensor feedback to determine fuel mix/",39.0,31
2026-09-13 13:28:27.366,736.5,16.0,2.16,24.71,14.12,18.43,-5.47,0.78,0.91,0.91,459.0,1.0,-0.84,0.0,57.0,42.0,100.0,3.0,13.0,"Closed loop, using oxygen sensor feedback to determine fuel mix/",39.0,31
2026-09-13 13:28:27.699,732.75,18.0,2.14,24.71,14.12,18.43,-7.03,0.78,0.91,0.9,459.0,1.0,-0.82,0.0,57.0,42.0,100.0,3.0,13.0,"Closed loop, using oxygen sensor feedback to determine fuel mix/",39.0,31
2026-09-13 13:28:28.052,733.25,17.0,2.12,24.31,14.12,18.43,-7.81,0.78,0.91,0.9,458.0,1.0,-0.83,0.0,57.0,42.0,100.0,5.0,13.0,"Closed loop, using oxygen sensor feedback to determine fuel mix/",39.0,31
2026-09-13 13:28:28.644,731.5,17.0,2.11,24.31,14.12,18.04,-10.16,0.78,0.91,0.9,458.0,1.0,-0.83,0.0,57.0,42.0,100.0,5.0,13.0,"Closed loop, using oxygen sensor feedback to determine fuel mix/",39.0,31
2026-09-13 13:28:29.028,731.75,16.0,2.11,24.31,14.12,18.43,-11.72,0.78,0.9,0.9,458.0,1.0,-0.84,0.0,57.0,42.0,100.0,5.0,13.0,"Closed loop, using oxygen sensor feedback to determine fuel mix/",39.0,31
2026-09-13 13:28:29.381,733.25,18.0,2.12,24.31,14.12,18.04,-12.5,0.78,0.9,0.89,457.0,1.0,-0.82,0.0,57.0,42.0,100.0,5.0,13.0,"Closed loop, using oxygen sensor feedback to determine fuel mix/",39.0,31
2026-09-13 13:28:29.747,729.75,17.0,2.12,24.31,14.12,18.04,-13.28,0.78,0.89,0.89,457.0,1.0,-0.83,0.0,57.0,42.0,100.0,5.0,13.0,"Closed loop, using oxygen sensor feedback to determine fuel mix/",39.0,31
2026-09-13 13:28:30.132,729.0,17.0,2.11,24.31,14.12,18.04,-13.28,0.78,0.89,0.88,457.0,1.0,-0.83,0.0,58.0,42.0,100.0,5.0,12.9,"Closed loop, using oxygen sensor feedback to determine fuel mix/",39.0,31
2026-09-13 13:28:30.754,727.5,17.0,2.12,24.31,14.12,18.04,-14.06,0.78,0.88,0.88,456.0,1.0,-0.83,0.0,58.0,42.0,100.0,5.0,12.9,"Closed loop, using oxygen sensor feedback to determine fuel mix/",39.0,31
2026-09-13 13:28:31.138,725.5,17.0,2.11,24.31,14.12,18.04,-14.06,0.78,0.88,0.88,456.0,1.0,-0.83,0.0,58.0,42.0,100.0,5.0,12.9,"Closed loop, using oxygen sensor feedback to determine fuel mix/",39.0,31
2026-09-13 13:28:31.504,727.25,16.0,2.11,24.31,14.12,18.43,-14.84,0.78,0.88,0.86,456.0,1.0,-0.84,0.0,58.0,42.0,100.0,5.0,12.9,"Closed loop, using oxygen sensor feedback to determine fuel mix/",39.0,31
2026-09-13 13:28:31.855,721.25,18.0,2.13,24.31,14.12,18.43,-14.84,0.78,0.87,0.86,456.0,1.0,-0.82,0.0,58.0,42.0,100.0,5.0,12.9,"Closed loop, using oxygen sensor feedback to determine fuel mix/",39.0,31
2026-09-13 13:28:32.221,722.5,18.0,2.11,24.31,14.12,18.43,-15.62,0.78,0.87,0.86,455.0,1.0,-0.82,0.0,58.0,42.0,100.0,7.0,13.0,"Closed loop, using oxygen sensor feedback to determine fuel mix/",39.0,31
2026-09-13 13:28:32.845,721.0,17.0,2.14,24.71,14.12,18.43,-16.41,0.78,0.86,0.85,455.0,1.0,-0.83,0.0,58.0,42.0,100.0,7.0,13.0,"Closed loop, using oxygen sensor feedback to determine fuel mix/",39.0,31
2026-09-13 13:28:33.236,719.25,18.0,2.15,24.71,14.12,18.43,-16.41,0.78,0.86,0.84,455.0,1.0,-0.82,0.0,58.0,42.0,100.0,7.0,13.0,"Closed loop, using oxygen sensor feedback to determine fuel mix/",39.0,31
2026-09-13 13:28:33.615,716.75,17.0,2.13,24.71,14.51,18.43,-17.19,0.78,0.85,0.84,454.0,1.0,-0.83,0.0,58.0,42.0,100.0,7.0,13.0,"Closed loop, using oxygen sensor feedback to determine fuel mix/",39.0,31
2026-09-13 13:28:33.977,719.25,18.0,2.17,24.71,14.12,18.82,-17.19,0.78,0.85,0.83,454.0,1.0,-0.82,0.0,58.0,42.0,100.0,7.0,13.0,"Closed loop, using oxygen sensor feedback to determine fuel mix/",39.0,31
2026-09-13 13:28:34.331,721.25,17.0,2.14,24.71,14.12,18.82,-17.97,0.78,0.84,0.83,454.0,1.0,-0.83,0.0,58.0,42.0,100.0,7.0,13.0,"Closed loop, using oxygen sensor feedback to determine fuel mix/",39.0,31
2026-09-13 13:28:34.926,720.25,18.0,2.17,24.71,14.51,18.82,-17.97,0.78,0.84,0.82,453.0,1.0,-0.82,0.0,58.0,42.0,100.0,7.0,13.0,"Closed loop, using oxygen sensor feedback to determine fuel mix/",39.0,31
2026-09-13 13:28:35.304,717.0,18.0,2.19,24.71,14.51,19.22,-18.75,0.78,0.84,0.81,453.0,1.0,-0.82,0.0,58.0,42.0,100.0,7.0,13.0,"Closed loop, using oxygen sensor feedback to determine fuel mix/",39.0,31
2026-09-13 13:28:35.690,721.25,17.0,2.2,24.71,14.51,19.22,-18.75,0.78,0.83,0.81,453.0,1.0,-0.83,0.0,58.0,42.0,100.0,7.0,13.0,"Closed loop, using oxygen sensor feedback to determine fuel mix/",39.0,31
2026-09-13 13:28:36.055,714.0,18.0,2.2,24.71,14.51,19.22,-19.53,0.78,0.81,0.81,453.0,1.0,-0.82,0.0,58.0,42.0,100.0,7.0,13.0,"Closed loop, using oxygen sensor feedback to determine fuel mix/",39.0,31
2026-09-13 13:28:36.440,709.0,17.0,2.22,25.1,14.51,19.22,-19.53,0.78,0.79,0.8,453.0,1.0,-0.83,0.0,58.0,42.0,100.0,3.5,13.0,"Closed loop, using oxygen sensor feedback to determine fuel mix/",39.0,31
2026-09-13 13:28:37.093,714.75,17.0,2.24,25.1,14.51,19.61,-20.31,0.78,0.76,0.79,452.0,1.0,-0.83,0.0,58.0,42.0,100.0,3.5,13.0,"Closed loop, using oxygen sensor feedback to determine fuel mix/",39.0,31
2026-09-13 13:28:37.490,718.75,17.0,2.22,25.1,14.51,19.22,-21.09,0.78,0.76,0.78,452.0,1.0,-0.83,0.0,58.0,42.0,100.0,3.5,13.0,"Closed loop, using oxygen sensor feedback to determine fuel mix/",39.0,31
2026-09-13 13:28:38.010,722.5,18.0,2.24,25.1,14.51,19.22,-21.88,0.78,0.75,0.77,452.0,1.0,-0.82,0.0,58.0,42.0,100.0,3.5,13.0,"Closed loop, using oxygen sensor feedback to determine fuel mix/",39.0,31
2026-09-13 13:28:38.386,711.0,19.0,2.25,25.1,14.9,19.61,-21.88,0.78,0.69,0.77,451.0,1.0,-0.81,0.0,58.0,42.0,100.0,3.5,13.0,"Closed loop, using oxygen sensor feedback to determine fuel mix/",39.0,31
2026-09-13 13:28:38.754,716.0,17.0,2.28,25.1,14.9,19.61,-13.28,0.78,0.1,0.77,451.0,1.0,-0.83,0.0,58.0,42.0,100.0,2.5,13.0,"Closed loop, using oxygen sensor feedback to determine fuel mix/",39.0,31
2026-09-13 13:28:39.505,731.0,18.0,2.24,25.1,14.51,19.22,-17.19,0.78,0.81,0.74,451.0,1.0,-0.82,0.0,58.0,42.0,100.0,2.5,13.0,"Closed loop, using oxygen sensor feedback to determine fuel mix/",39.0,31
2026-09-13 13:28:39.839,723.0,18.0,2.25,25.1,14.51,19.61,-17.19,0.78,0.83,0.74,451.0,1.0,-0.82,0.0,58.0,42.0,100.0,2.5,13.0,"Closed loop, using oxygen sensor feedback to determine fuel mix/",39.0,31
2026-09-13 13:28:40.222,722.5,17.0,2.22,24.71,14.51,19.22,-17.97,0.78,0.81,0.79,450.0,1.0,-0.83,0.0,58.0,42.0,100.0,2.5,13.0,"Closed loop, using oxygen sensor feedback to determine fuel mix/",39.0,31
2026-09-13 13:28:40.590,729.25,18.0,2.22,25.1,14.51,19.22,-17.97,0.78,0.81,0.82,450.0,1.0,-0.82,0.0,58.0,42.0,100.0,2.5,13.0,"Closed loop, using oxygen sensor feedback to determine fuel mix/",39.0,31
2026-09-13 13:28:40.943,724.75,17.0,2.22,24.71,14.51,19.22,-18.75,0.78,0.82,0.82,450.0,1.0,-0.83,0.0,58.0,42.0,100.0,4.0,13.0,"Closed loop, using oxygen sensor feedback to determine fuel mix/",39.0,31
2026-09-13 13:28:41.597,721.0,17.0,2.24,25.1,14.51,19.22,-18.75,0.78,0.81,0.82,450.0,1.0,-0.83,0.0,58.0,42.0,100.0,4.0,13.0,"Closed loop, using oxygen sensor feedback to determine fuel mix/",39.0,31
2026-09-13 13:28:41.950,718.25,19.0,2.2,24.71,14.51,19.22,-20.31,0.78,0.79,0.83,449.0,1.0,-0.81,0.0,58.0,42.0,100.0,4.0,13.0,"Closed loop, using oxygen sensor feedback to determine fuel mix/",39.0,31
2026-09-13 13:28:42.300,716.75,17.0,2.21,25.1,14.51,19.61,-21.09,0.78,0.76,0.82,449.0,1.0,-0.83,0.0,58.0,42.0,100.0,4.0,13.0,"Closed loop, using oxygen sensor feedback to determine fuel mix/",39.0,31
2026-09-13 13:28:42.637,714.25,17.0,2.24,25.1,14.51,19.61,-22.66,0.78,0.69,0.81,449.0,1.0,-0.83,0.0,58.0,42.0,100.0,4.0,13.0,"Closed loop, using oxygen sensor feedback to determine fuel mix/",39.0,31
2026-09-13 13:28:43.018,709.0,19.0,2.27,25.1,14.9,19.61,-16.41,0.78,0.1,0.81,449.0,1.0,-0.81,0.0,58.0,42.0,100.0,5.0,13.0,"Closed loop, using oxygen sensor feedback to determine fuel mix/",39.0,32
2026-09-13 13:28:43.673,721.5,18.0,2.25,25.1,14.51,19.61,-15.62,0.78,0.11,0.78,449.0,1.0,-0.82,0.0,58.0,42.0,100.0,5.0,13.0,"Closed loop, using oxygen sensor feedback to determine fuel mix/",39.0,32
2026-09-13 13:28:44.056,729.0,18.0,2.23,24.71,14.9,19.22,-19.53,0.78,0.73,0.75,448.0,1.0,-0.82,0.0,58.0,42.0,100.0,5.0,13.0,"Closed loop, using oxygen sensor feedback to determine fuel mix/",39.0,32
2026-09-13 13:28:44.454,716.75,19.0,2.24,25.1,14.51,19.61,-19.53,0.78,0.77,0.75,448.0,1.0,-0.81,0.0,58.0,42.0,100.0,5.0,13.0,"Closed loop, using oxygen sensor feedback to determine fuel mix/",39.0,32
2026-09-13 13:28:44.822,724.5,19.0,2.23,25.1,14.9,19.22,-20.31,0.78,0.74,0.78,448.0,1.0,-0.81,0.0,58.0,42.0,100.0,5.0,13.0,"Closed loop, using oxygen sensor feedback to determine fuel mix/",39.0,32
2026-09-13 13:28:45.209,722.75,17.0,2.26,25.1,14.9,19.22,-20.31,0.78,0.74,0.8,448.0,1.0,-0.83,0.0,59.0,42.0,100.0,2.5,12.9,"Closed loop, using oxygen sensor feedback to determine fuel mix/",39.0,32
2026-09-13 13:28:45.845,723.0,18.0,2.24,25.1,14.51,19.61,-21.09,0.78,0.33,0.8,447.0,1.0,-0.82,0.0,59.0,42.0,100.0,2.5,12.9,"Closed loop, using oxygen sensor feedback to determine fuel mix/",39.0,32
2026-09-13 13:28:46.244,719.0,17.0,2.24,25.1,14.51,19.22,-17.19,0.78,0.11,0.8,447.0,1.0,-0.83,0.0,59.0,42.0,100.0,2.5,12.9,"Closed loop, using oxygen sensor feedback to determine fuel mix/",39.0,32
2026-09-13 13:28:46.646,720.5,18.0,2.25,25.1,14.51,19.61,-16.41,0.78,0.34,0.79,447.0,1.0,-0.82,0.0,59.0,42.0,100.0,2.5,12.9,"Closed loop, using oxygen sensor feedback to determine fuel mix/",39.0,32
2026-09-13 13:28:47.010,719.75,17.0,2.22,25.1,14.9,19.22,-20.31,0.78,0.74,0.78,447.0,1.0,-0.83,0.0,59.0,42.0,100.0,2.5,12.9,"Closed loop, using oxygen sensor feedback to determine fuel mix/",39.0,32
2026-09-13 13:28:47.395,713.5,19.0,2.24,25.1,14.9,19.61,-20.31,0.78,0.59,0.78,447.0,1.0,-0.81,0.0,59.0,42.0,100.0,3.0,12.9,"Closed loop, using oxygen sensor feedback to determine fuel mix/",39.0,32
2026-09-13 13:28:48.211,723.75,17.0,2.26,25.1,14.9,19.61,-16.41,0.78,0.12,0.78,446.0,1.0,-0.83,0.0,59.0,42.0,100.0,3.0,12.9,"Closed loop, using oxygen sensor feedback to determine fuel mix/",39.0,32
2026-09-13 13:28:48.591,718.5,18.0,2.24,25.1,14.9,19.22,-19.53,0.78,0.77,0.76,446.0,1.0,-0.82,0.0,59.0,42.0,100.0,3.0,12.9,"Closed loop, using oxygen sensor feedback to determine fuel mix/",39.0,32
2026-09-13 13:28:48.974,718.5,19.0,2.26,25.1,14.9,19.61,-19.53,0.78,0.77,0.75,446.0,1.0,-0.81,0.0,59.0,42.0,100.0,3.0,12.9,"Closed loop, using oxygen sensor feedback to determine fuel mix/",39.0,32
2026-09-13 13:28:49.343,712.25,18.0,2.27,25.1,14.9,19.61,-20.31,0.78,0.49,0.78,446.0,1.0,-0.82,0.0,59.0,42.0,100.0,3.0,12.9,"Closed loop, using oxygen sensor feedback to determine fuel mix/",39.0,32
2026-09-13 13:28:49.797,727.75,18.0,2.27,25.1,14.51,19.61,-16.41,0.78,0.1,0.8,446.0,1.0,-0.82,0.0,59.0,42.0,100.0,3.0,13.0,"Closed loop, using oxygen sensor feedback to determine fuel mix/",39.0,32
2026-09-13 13:28:50.428,720.0,17.0,2.23,25.1,14.51,19.22,-19.53,0.78,0.77,0.77,446.0,1.0,-0.83,0.0,59.0,42.0,100.0,3.0,13.0,"Closed loop, using oxygen sensor feedback to determine fuel mix/",39.0,32
2026-09-13 13:28:50.811,718.5,17.0,2.24,25.1,14.9,19.61,-19.53,0.78,0.77,0.77,445.0,1.0,-0.83,0.0,59.0,42.0,100.0,3.0,13.0,"Closed loop, using oxygen sensor feedback to determine fuel mix/",39.0,32
2026-09-13 13:28:51.161,725.25,19.0,2.28,25.1,14.9,19.61,-20.31,0.78,0.72,0.78,445.0,1.0,-0.81,0.0,59.0,42.0,100.0,3.0,13.0,"Closed loop, using oxygen sensor feedback to determine fuel mix/",39.0,32
2026-09-13 13:28:51.496,721.75,18.0,2.28,25.1,14.9,19.61,-16.41,0.78,0.2,0.8,445.0,1.0,-0.82,0.0,59.0,42.0,100.0,3.0,13.0,"Closed loop, using oxygen sensor feedback to determine fuel mix/",39.0,32
2026-09-13 13:28:51.880,724.75,18.0,2.25,25.1,14.9,19.22,-16.41,0.78,0.11,0.8,445.0,1.0,-0.82,0.0,59.0,42.0,100.0,3.0,13.0,"Closed loop, using oxygen sensor feedback to determine fuel mix/",39.0,32
2026-09-13 13:28:52.502,726.75,18.0,2.23,25.1,14.51,19.61,-19.53,0.78,0.78,0.77,445.0,1.0,-0.82,0.0,59.0,42.0,100.0,3.0,13.0,"Closed loop, using oxygen sensor feedback to determine fuel mix/",39.0,32
2026-09-13 13:28:52.886,712.5,17.0,2.25,25.1,14.51,19.61,-19.53,0.78,0.77,0.77,445.0,1.0,-0.83,0.0,59.0,42.0,100.0,3.0,13.0,"Closed loop, using oxygen sensor feedback to determine fuel mix/",39.0,32
2026-09-13 13:28:53.254,698.75,19.0,2.25,25.1,14.9,19.61,-20.31,0.78,0.65,0.79,444.0,1.0,-0.81,0.0,59.0,42.0,100.0,3.0,13.0,"Closed loop, using oxygen sensor feedback to determine fuel mix/",39.0,32
2026-09-13 13:28:53.637,709.5,18.0,2.27,25.1,14.51,19.61,-16.41,0.78,0.1,0.8,444.0,1.0,-0.82,0.0,59.0,42.0,100.0,3.0,13.0,"Closed loop, using oxygen sensor feedback to determine fuel mix/",39.0,32
2026-09-13 13:28:53.972,722.5,17.0,2.25,25.1,14.51,19.22,-16.41,0.78,0.12,0.8,444.0,1.0,-0.83,0.0,59.0,42.0,100.0,2.5,12.9,"Closed loop, using oxygen sensor feedback to determine fuel mix/",39.0,32
2026-09-13 13:28:54.595,716.25,18.0,2.19,24.71,14.51,19.22,-19.53,0.78,0.77,0.77,444.0,1.0,-0.82,0.0,59.0,42.0,100.0,2.5,12.9,"Closed loop, using oxygen sensor feedback to determine fuel mix/",39.0,32
2026-09-13 13:28:54.962,714.25,18.0,2.23,24.71,14.51,19.22,-19.53,0.78,0.75,0.77,444.0,1.0,-0.82,0.0,59.0,42.0,100.0,2.5,12.9,"Closed loop, using oxygen sensor feedback to determine fuel mix/",39.0,32
2026-09-13 13:28:55.377,720.0,17.0,2.24,24.71,14.51,19.61,-20.31,0.78,0.53,0.8,444.0,1.0,-0.83,0.0,59.0,42.0,100.0,2.5,12.9,"Closed loop, using oxygen sensor feedback to determine fuel mix/",39.0,32
2026-09-13 13:28:55.745,721.5,18.0,2.21,24.71,14.51,19.22,-16.41,0.78,0.1,0.8,444.0,1.0,-0.82,0.0,59.0,42.0,100.0,2.5,12.9,"Closed loop, using oxygen sensor feedback to determine fuel mix/",39.0,32
2026-09-13 13:28:56.128,722.0,18.0,2.2,24.71,14.51,19.22,-16.41,0.78,0.3,0.79,443.0,1.0,-0.82,0.0,59.0,42.0,100.0,4.0,12.9,"Closed loop, using oxygen sensor feedback to determine fuel mix/",39.0,32
2026-09-13 13:28:56.912,718.75,18.0,2.21,24.71,14.51,19.22,-19.53,0.78,0.76,0.78,443.0,1.0,-0.82,0.0,59.0,42.0,100.0,4.0,12.9,"Closed loop, using oxygen sensor feedback to determine fuel mix/",39.0,32
2026-09-13 13:28:57.280,713.75,17.0,2.18,24.71,14.51,19.22,-20.31,0.78,0.74,0.79,443.0,1.0,-0.83,0.0,59.0,42.0,100.0,4.0,12.9,"Closed loop, using oxygen sensor feedback to determine fuel mix/",39.0,32
2026-09-13 13:28:57.662,713.0,18.0,2.21,24.71,14.51,19.22,-20.31,0.78,0.64,0.8,443.0,1.0,-0.82,0.0,59.0,42.0,100.0,4.0,12.9,"Closed loop, using oxygen sensor feedback to determine fuel mix/",39.0,32
2026-09-13 13:28:58.028,715.0,17.0,2.23,25.1,14.51,19.22,-16.41,0.78,0.12,0.8,443.0,1.0,-0.83,0.0,59.0,42.0,100.0,4.0,12.9,"Closed loop, using oxygen sensor feedback to determine fuel mix/",39.0,32
2026-09-13 13:28:58.411,725.75,18.0,2.22,24.71,14.51,19.22,-20.31,0.78,0.74,0.79,443.0,1.0,-0.82,0.0,59.0,42.0,100.0,4.5,13.0,"Closed loop, using oxygen sensor feedback to determine fuel mix/",39.0,32
2026-09-13 13:28:59.067,715.5,18.0,2.23,24.71,14.51,19.22,-20.31,0.78,0.74,0.78,442.0,1.0,-0.82,0.0,59.0,42.0,100.0,4.5,13.0,"Closed loop, using oxygen sensor feedback to determine fuel mix/",39.0,32
2026-09-13 13:28:59.449,711.25,17.0,2.22,25.1,14.51,19.22,-17.19,0.78,0.11,0.8,442.0,1.0,-0.83,0.0,59.0,42.0,100.0,4.5,13.0,"Closed loop, using oxygen sensor feedback to determine fuel mix/",39.0,32
2026-09-13 13:28:59.820,721.5,18.0,2.22,24.71,14.51,19.22,-17.19,0.78,0.09,0.81,442.0,1.0,-0.82,0.0,59.0,42.0,100.0,4.5,13.0,"Closed loop, using oxygen sensor feedback to determine fuel mix/",39.0,32
2026-09-13 13:29:00.186,717.75,18.0,2.22,24.71,14.51,19.22,-16.41,0.78,0.72,0.79,442.0,1.0,-0.82,0.0,59.0,42.0,100.0,4.5,13.0,"Closed loop, using oxygen sensor feedback to determine fuel mix/",39.0,32
2026-09-13 13:29:00.568,709.5,18.0,2.22,25.1,14.51,19.22,-20.31,0.78,0.79,0.77,442.0,1.0,-0.82,0.0,60.0,42.0,100.0,4.0,13.0,"Closed loop, using oxygen sensor feedback to determine fuel mix/",39.0,32
2026-09-13 13:29:01.191,711.75,17.0,2.2,25.1,14.51,19.22,-21.09,0.78,0.52,0.79,442.0,1.0,-0.83,0.0,60.0,42.0,100.0,4.0,13.0,"Closed loop, using oxygen sensor feedback to determine fuel mix/",39.0,32
2026-09-13 13:29:01.508,720.75,18.0,2.23,24.71,14.51,19.61,-17.19,0.78,0.1,0.8,442.0,1.0,-0.82,0.0,60.0,42.0,100.0,4.0,13.0,"Closed loop, using oxygen sensor feedback to determine fuel mix/",39.0,32
2026-09-13 13:29:01.893,716.5,17.0,2.23,25.1,14.51,19.22,-17.19,0.78,0.23,0.79,441.0,1.0,-0.83,0.0,60.0,42.0,100.0,4.0,13.0,"Closed loop, using oxygen sensor feedback to determine fuel mix/",39.0,32
2026-09-13 13:29:02.260,722.0,17.0,2.21,24.71,14.51,18.82,-20.31,0.78,0.75,0.78,441.0,1.0,-0.83,0.0,60.0,42.0,100.0,4.0,13.0,"Closed loop, using oxygen sensor feedback to determine fuel mix/",39.0,32
2026-09-13 13:29:02.611,700.0,19.0,2.22,25.1,14.51,19.22,-20.31,0.78,0.72,0.77,441.0,1.0,-0.81,0.0,60.0,42.0,100.0,4.5,13.0,"Closed loop, using oxygen sensor feedback to determine fuel mix/",39.0,32
2026-09-13 13:29:03.203,719.75,17.0,2.21,24.71,14.51,19.22,-17.19,0.78,0.1,0.79,441.0,1.0,-0.83,0.0,60.0,42.0,100.0,4.5,13.0,"Closed loop, using oxygen sensor feedback to determine fuel mix/",39.0,32
2026-09-13 13:29:03.586,726.0,17.0,2.23,24.71,14.51,19.22,-16.41,0.78,0.14,0.79,441.0,1.0,-0.83,0.0,60.0,42.0,100.0,4.5,13.0,"Closed loop, using oxygen sensor feedback to determine fuel mix/",39.0,32
2026-09-13 13:29:03.970,721.25,18.0,2.22,24.71,14.51,19.22,-20.31,0.78,0.72,0.76,441.0,1.0,-0.82,0.0,60.0,42.0,100.0,4.5,13.0,"Closed loop, using oxygen sensor feedback to determine fuel mix/",39.0,32
2026-09-13 13:29:04.637,717.0,17.0,2.22,24.71,14.51,19.22,-20.31,0.78,0.48,0.77,441.0,1.0,-0.83,0.0,60.0,42.0,100.0,4.5,13.0,"Closed loop, using oxygen sensor feedback to determine fuel mix/",39.0,32
2026-09-13 13:29:05.022,715.0,17.0,2.22,24.71,14.51,19.22,-17.19,0.78,0.1,0.79,441.0,1.0,-0.83,0.0,60.0,42.0,100.0,4.0,12.9,"Closed loop, using oxygen sensor feedback to determine fuel mix/",39.0,32
2026-09-13 13:29:05.610,710.75,17.0,2.2,24.71,14.51,19.22,-16.41,0.78,0.69,0.78,440.0,1.0,-0.83,0.0,60.0,42.0,100.0,4.0,12.9,"Closed loop, using oxygen sensor feedback to determine fuel mix/",39.0,32
2026-09-13 13:29:06.002,720.0,18.0,2.2,24.71,14.51,18.82,-20.31,0.78,0.78,0.76,440.0,1.0,-0.82,0.0,60.0,42.0,100.0,4.0,12.9,"Closed loop, using oxygen sensor feedback to determine fuel mix/",39.0,32
2026-09-13 13:29:06.379,722.25,18.0,2.18,24.71,14.51,18.82,-21.09,0.78,0.8,0.77,440.0,1.0,-0.82,0.0,60.0,42.0,100.0,4.0,12.9,"Closed loop, using oxygen sensor feedback to determine fuel mix/",39.0,32
2026-09-13 13:29:06.748,718.25,18.0,2.2,24.71,14.51,19.22,-21.09,0.78,0.76,0.79,440.0,1.0,-0.82,0.0,60.0,42.0,100.0,4.0,12.9,"Closed loop, using oxygen sensor feedback to determine fuel mix/",39.0,32
2026-09-13 13:29:07.128,705.75,17.0,2.2,24.71,14.51,19.22,-21.09,0.78,0.32,0.81,440.0,1.0,-0.83,0.0,60.0,41.0,100.0,3.0,12.9,"Closed loop, using oxygen sensor feedback to determine fuel mix/",39.0,32
2026-09-13 13:29:07.754,715.25,17.0,2.2,24.71,14.51,18.82,-17.19,0.78,0.12,0.8,440.0,1.0,-0.83,0.0,60.0,41.0,100.0,3.0,12.9,"Closed loop, using oxygen sensor feedback to determine fuel mix/",39.0,32
2026-09-13 13:29:08.138,718.0,18.0,2.19,24.71,14.51,18.82,-16.41,0.78,0.73,0.78,440.0,1.0,-0.82,0.0,60.0,41.0,100.0,3.0,12.9,"Closed loop, using oxygen sensor feedback to determine fuel mix/",39.0,32
2026-09-13 13:29:08.508,711.75,17.0,2.16,24.71,14.51,18.82,-20.31,0.78,0.79,0.77,440.0,1.0,-0.83,0.0,60.0,41.0,100.0,3.0,12.9,"Closed loop, using oxygen sensor feedback to determine fuel mix/",39.0,32
2026-09-13 13:29:08.871,717.0,18.0,2.18,24.71,14.51,19.22,-20.31,0.78,0.74,0.78,439.0,1.0,-0.82,0.0,60.0,41.0,100.0,3.0,12.9,"Closed loop, using oxygen sensor feedback to determine fuel mix/",39.0,32
2026-09-13 13:29:09.192,710.0,17.0,2.18,24.71,14.12,19.22,-21.09,0.78,0.59,0.79,439.0,1.0,-0.83,0.0,60.0,41.0,100.0,6.5,13.1,"Closed loop, using oxygen sensor feedback to determine fuel mix/",39.0,32
2026-09-13 13:29:09.733,720.25,19.0,2.19,24.31,14.12,18.82,-17.19,0.78,0.1,0.8,439.0,1.0,-0.81,0.0,60.0,41.0,100.0,6.5,13.1,"Closed loop, using oxygen sensor feedback to determine fuel mix/",39.0,32
2026-09-13 13:29:10.118,716.75,18.0,2.16,24.71,14.12,18.43,-20.31,0.78,0.73,0.79,439.0,1.0,-0.82,0.0,60.0,41.0,100.0,6.5,13.1,"Closed loop, using oxygen sensor feedback to determine fuel mix/",39.0,32
2026-09-13 13:29:10.440,715.5,17.0,2.13,24.71,14.12,18.43,-20.31,0.78,0.79,0.77,439.0,1.0,-0.83,0.0,60.0,41.0,100.0,6.5,13.1,"Closed loop, using oxygen sensor feedback to determine fuel mix/",39.0,32
2026-09-13 13:29:10.805,718.5,17.0,2.15,24.71,14.12,18.43,-20.31,0.78,0.76,0.77,439.0,1.0,-0.83,0.0,60.0,41.0,100.0,6.5,13.1,"Closed loop, using oxygen sensor feedback to determine fuel mix/",39.0,32
2026-09-13 13:29:11.188,712.75,17.0,2.14,24.71,14.51,18.82,-21.09,0.78,0.7,0.8,439.0,1.0,-0.83,0.0,60.0,41.0,100.0,4.0,12.9,"Closed loop, using oxygen sensor feedback to determine fuel mix/",39.0,32
2026-09-13 13:29:11.808,713.0,17.0,2.16,24.71,14.51,18.82,-17.19,0.78,0.12,0.8,439.0,1.0,-0.83,0.0,60.0,41.0,100.0,4.0,12.9,"Closed loop, using oxygen sensor feedback to determine fuel mix/",39.0,32
2026-09-13 13:29:12.194,712.75,18.0,2.13,24.71,14.12,18.43,-17.19,0.78,0.12,0.79,439.0,1.0,-0.82,0.0,60.0,41.0,100.0,4.0,12.9,"Closed loop, using oxygen sensor feedback to determine fuel mix/",39.0,32
2026-09-13 13:29:12.527,715.0,18.0,2.16,24.71,14.51,18.43,-16.41,0.78,0.73,0.79,438.0,1.0,-0.82,0.0,60.0,41.0,100.0,4.0,12.9,"Closed loop, using oxygen sensor feedback to determine fuel mix/",39.0,32
2026-09-13 13:29:12.881,711.75,17.0,2.14,24.71,14.12,18.82,-20.31,0.78,0.78,0.78,438.0,1.0,-0.83,0.0,60.0,41.0,100.0,4.0,12.9,"Closed loop, using oxygen sensor feedback to determine fuel mix/",39.0,32
2026-09-13 13:29:13.218,708.5,17.0,2.14,24.71,14.12,18.43,-20.31,0.78,0.76,0.78,438.0,1.0,-0.83,0.0,60.0,41.0,100.0,6.0,13.0,"Closed loop, using oxygen sensor feedback to determine fuel mix/",39.0,32
2026-09-13 13:29:13.822,708.5,17.0,2.19,24.71,14.51,19.22,-17.19,0.78,0.2,0.8,438.0,1.0,-0.83,0.0,60.0,41.0,100.0,6.0,13.0,"Closed loop, using oxygen sensor feedback to determine fuel mix/",39.0,32
2026-09-13 13:29:14.174,711.25,17.0,2.16,24.71,14.12,18.43,-17.19,0.78,0.1,0.8,438.0,1.0,-0.83,0.0,60.0,41.0,100.0,6.0,13.0,"Closed loop, using oxygen sensor feedback to determine fuel mix/",39.0,32
2026-09-13 13:29:14.541,714.25,17.0,2.14,24.31,14.12,18.43,-16.41,0.78,0.15,0.79,438.0,1.0,-0.83,0.0,60.0,41.0,100.0,6.0,13.0,"Closed loop, using oxygen sensor feedback to determine fuel mix/",39.0,32
2026-09-13 13:29:14.893,713.25,17.0,2.15,24.71,14.12,18.43,-20.31,0.78,0.78,0.77,438.0,1.0,-0.83,0.0,60.0,41.0,100.0,6.0,13.0,"Closed loop, using oxygen sensor feedback to determine fuel mix/",39.0,32
2026-09-13 13:29:15.245,718.5,17.0,2.14,24.71,14.12,18.82,-20.31,0.78,0.79,0.77,438.0,1.0,-0.83,0.0,61.0,41.0,100.0,5.5,12.9,"Closed loop, using oxygen sensor feedback to determine fuel mix/",39.0,32
2026-09-13 13:29:15.884,711.0,17.0,2.13,24.31,14.51,18.43,-21.09,0.78,0.73,0.8,438.0,1.0,-0.83,0.0,61.0,41.0,100.0,5.5,12.9,"Closed loop, using oxygen sensor feedback to determine fuel mix/",39.0,32
2026-09-13 13:29:16.252,712.0,17.0,2.16,24.71,14.51,18.82,-21.88,0.78,0.62,0.81,437.0,1.0,-0.83,0.0,61.0,41.0,100.0,5.5,12.9,"Closed loop, using oxygen sensor feedback to determine fuel mix/",39.0,32
2026-09-13 13:29:16.619,709.5,17.0,2.15,24.71,14.12,18.82,-17.97,0.78,0.1,0.81,437.0,1.0,-0.83,0.0,61.0,41.0,100.0,5.5,12.9,"Closed loop, using oxygen sensor feedback to determine fuel mix/",39.0,32
2026-09-13 13:29:16.969,710.25,17.0,2.13,24.71,14.12,18.43,-17.97,0.78,0.11,0.8,437.0,1.0,-0.83,0.0,61.0,41.0,100.0,5.5,12.9,"Closed loop, using oxygen sensor feedback to determine fuel mix/",39.0,32
2026-09-13 13:29:17.319,711.25,17.0,2.15,24.31,14.51,18.82,-21.09,0.78,0.71,0.79,437.0,1.0,-0.83,0.0,61.0,41.0,100.0,6.0,13.0,"Closed loop, using oxygen sensor feedback to determine fuel mix/",39.0,32
2026-09-13 13:29:17.957,707.75,17.0,2.15,24.71,14.51,18.82,-21.09,0.78,0.71,0.77,437.0,1.0,-0.83,0.0,61.0,41.0,100.0,6.0,13.0,"Closed loop, using oxygen sensor feedback to determine fuel mix/",39.0,32
2026-09-13 13:29:18.312,710.5,17.0,2.16,24.71,14.12,19.22,-17.97,0.78,0.1,0.79,437.0,1.0,-0.83,0.0,61.0,41.0,100.0,6.0,13.0,"Closed loop, using oxygen sensor feedback to determine fuel mix/",39.0,32
2026-09-13 13:29:18.694,702.0,19.0,2.17,24.71,14.12,18.82,-17.97,0.78,0.1,0.79,437.0,1.0,-0.81,0.0,61.0,41.0,100.0,6.0,13.0,"Closed loop, using oxygen sensor feedback to determine fuel mix/",39.0,32
2026-09-13 13:29:19.092,719.75,18.0,2.14,24.31,14.12,18.43,-17.19,0.78,0.26,0.78,437.0,1.0,-0.82,0.0,61.0,41.0,100.0,6.0,13.0,"Closed loop, using oxygen sensor feedback to determine fuel mix/",39.0,32
2026-09-13 13:29:19.446,710.0,18.0,2.14,24.71,14.51,18.43,-21.09,0.78,0.77,0.76,437.0,1.0,-0.82,0.0,61.0,41.0,100.0,3.0,12.9,"Closed loop, using oxygen sensor feedback to determine fuel mix/",39.0,32
2026-09-13 13:29:20.312,709.75,17.0,2.12,24.71,14.12,18.82,-17.97,0.78,0.15,0.79,436.0,1.0,-0.83,0.0,61.0,41.0,100.0,3.0,12.9,"Closed loop, using oxygen sensor feedback to determine fuel mix/",39.0,32
2026-09-13 13:29:20.642,715.25,17.0,2.13,24.31,14.12,18.43,-17.97,0.78,0.11,0.79,436.0,1.0,-0.83,0.0,61.0,41.0,100.0,3.0,12.9,"Closed loop, using oxygen sensor feedback to determine fuel mix/",39.0,32
2026-09-13 13:29:20.961,719.25,17.0,2.11,24.31,14.12,18.43,-17.19,0.78,0.7,0.79,436.0,1.0,-0.83,0.0,61.0,41.0,100.0,3.0,12.9,"Closed loop, using oxygen sensor feedback to determine fuel mix/",39.0,32
2026-09-13 13:29:21.344,710.25,18.0,2.15,24.71,14.12,18.82,-21.09,0.78,0.73,0.77,436.0,1.0,-0.82,0.0,61.0,41.0,100.0,3.0,12.9,"Closed loop, using oxygen sensor feedback to determine fuel mix/",39.0,32
2026-09-13 13:29:21.876,706.0,19.0,2.19,24.71,14.51,19.22,-17.97,0.78,0.17,0.79,436.0,1.0,-0.81,0.0,61.0,41.0,100.0,2.0,13.0,"Closed loop, using oxygen sensor feedback to determine fuel mix/",39.0,32
2026-09-13 13:29:22.496,715.5,19.0,2.16,24.31,14.12,18.82,-17.97,0.78,0.11,0.79,436.0,1.0,-0.81,0.0,61.0,41.0,100.0,2.0,13.0,"Closed loop, using oxygen sensor feedback to determine fuel mix/",39.0,32
2026-09-13 13:29:22.896,714.75,17.0,2.15,24.71,14.12,18.82,-21.09,0.78,0.69,0.77,436.0,1.0,-0.83,0.0,61.0,41.0,100.0,2.0,13.0,"Closed loop, using oxygen sensor feedback to determine fuel mix/",39.0,32
2026-09-13 13:29:23.281,704.75,18.0,2.13,24.71,14.12,18.43,-21.09,0.78,0.76,0.75,436.0,1.0,-0.82,0.0,61.0,41.0,100.0,2.0,13.0,"Closed loop, using oxygen sensor feedback to determine fuel mix/",39.0,32
2026-09-13 13:29:23.663,710.75,17.0,2.13,24.71,14.12,18.82,-21.88,0.78,0.49,0.77,436.0,1.0,-0.83,0.0,61.0,41.0,100.0,2.0,13.0,"Closed loop, using oxygen sensor feedback to determine fuel mix/",39.0,32
2026-09-13 13:29:24.065,712.0,17.0,2.14,24.71,14.12,18.82,-17.97,0.78,0.1,0.79,436.0,1.0,-0.83,0.0,61.0,41.0,100.0,5.5,13.0,"Closed loop, using oxygen sensor feedback to determine fuel mix/",39.0,32
2026-09-13 13:29:24.704,705.0,18.0,2.12,24.31,14.12,18.43,-17.19,0.78,0.5,0.78,435.0,1.0,-0.82,0.0,61.0,41.0,100.0,5.5,13.0,"Closed loop, using oxygen sensor feedback to determine fuel mix/",39.0,32
2026-09-13 13:29:25.089,707.5,18.0,2.13,24.71,14.12,18.82,-21.09,0.78,0.77,0.77,435.0,1.0,-0.82,0.0,61.0,41.0,100.0,5.5,13.0,"Closed loop, using oxygen sensor feedback to determine fuel mix/",39.0,32
2026-09-13 13:29:25.440,702.5,17.0,2.15,24.71,14.51,18.43,-21.09,0.78,0.71,0.77,435.0,1.0,-0.83,0.0,61.0,41.0,100.0,5.5,13.0,"Closed loop, using oxygen sensor feedback to determine fuel mix/",39.0,32
2026-09-13 13:29:25.838,709.5,19.0,2.18,24.71,14.12,18.82,-17.97,0.78,0.11,0.79,435.0,1.0,-0.81,0.0,61.0,41.0,100.0,5.5,13.0,"Closed loop, using oxygen sensor feedback to determine fuel mix/",39.0,32
2026-09-13 13:29:26.238,715.5,18.0,2.14,24.71,14.12,18.43,-17.97,0.78,0.14,0.79,435.0,1.0,-0.82,0.0,61.0,41.0,100.0,6.5,13.0,"Closed loop, using oxygen sensor feedback to determine fuel mix/",39.0,32
2026-09-13 13:29:26.828,711.5,18.0,2.15,24.31,14.51,18.43,-21.09,0.78,0.73,0.77,435.0,1.0,-0.82,0.0,61.0,41.0,100.0,6.5,13.0,"Closed loop, using oxygen sensor feedback to determine fuel mix/",39.0,32
2026-09-13 13:29:27.197,710.0,18.0,2.15,24.71,14.12,18.82,-17.19,0.78,0.17,0.78,435.0,1.0,-0.82,0.0,61.0,41.0,100.0,6.5,13.0,"Closed loop, using oxygen sensor feedback to determine fuel mix/",39.0,32
2026-09-13 13:29:27.583,712.75,17.0,2.14,24.71,14.12,18.43,-17.19,0.78,0.1,0.79,435.0,1.0,-0.83,0.0,61.0,41.0,100.0,6.5,13.0,"Closed loop, using oxygen sensor feedback to determine fuel mix/",39.0,32
2026-09-13 13:29:27.937,712.75,17.0,2.12,24.31,14.12,18.43,-17.19,0.78,0.26,0.78,435.0,1.0,-0.83,0.0,61.0,41.0,100.0,6.5,13.0,"Closed loop, using oxygen sensor feedback to determine fuel mix/",39.0,32
2026-09-13 13:29:28.301,708.75,18.0,2.12,24.31,14.12,18.43,-20.31,0.78,0.77,0.77,435.0,1.0,-0.82,0.0,61.0,41.0,100.0,7.5,13.0,"Closed loop, using oxygen sensor feedback to determine fuel mix/",39.0,32
2026-09-13 13:29:28.923,715.25,17.0,2.13,24.31,14.12,18.43,-21.09,0.78,0.71,0.78,435.0,1.0,-0.83,0.0,61.0,41.0,100.0,7.5,13.0,"Closed loop, using oxygen sensor feedback to determine fuel mix/",39.0,32
2026-09-13 13:29:29.305,708.75,17.0,2.11,24.31,14.12,18.43,-21.09,0.78,0.73,0.8,434.0,1.0,-0.83,0.0,61.0,41.0,100.0,7.5,13.0,"Closed loop, using oxygen sensor feedback to determine fuel mix/",39.0,32
2026-09-13 13:29:29.656,707.0,17.0,2.13,24.31,14.12,18.43,-21.88,0.78,0.49,0.79,434.0,1.0,-0.83,0.0,61.0,41.0,100.0,7.5,13.0,"Closed loop, using oxygen sensor feedback to determine fuel mix/",39.0,32
2026-09-13 13:29:30.060,711.75,18.0,2.13,24.31,14.12,18.43,-17.97,0.78,0.1,0.8,434.0,1.0,-0.82,0.0,61.0,41.0,100.0,7.5,13.0,"Closed loop, using oxygen sensor feedback to determine fuel mix/",39.0,32
2026-09-13 13:29:30.427,702.5,18.0,2.11,24.31,14.12,18.43,-17.97,0.78,0.18,0.79,434.0,1.0,-0.82,0.0,62.0,41.0,100.0,5.0,12.9,"Closed loop, using oxygen sensor feedback to determine fuel mix/",39.0,32
2026-09-13 13:29:31.016,707.25,18.0,2.12,24.31,14.12,18.43,-21.09,0.78,0.74,0.77,434.0,1.0,-0.82,0.0,62.0,41.0,100.0,5.0,12.9,"Closed loop, using oxygen sensor feedback to determine fuel mix/",39.0,32
2026-09-13 13:29:31.440,709.25,17.0,2.13,24.31,14.12,18.43,-17.97,0.78,0.3,0.78,434.0,1.0,-0.83,0.0,62.0,41.0,100.0,5.0,12.9,"Closed loop, using oxygen sensor feedback to determine fuel mix/",39.0,32
2026-09-13 13:29:31.813,705.5,18.0,2.1,24.31,14.12,18.43,-21.88,0.78,0.7,0.79,434.0,1.0,-0.82,0.0,62.0,41.0,100.0,5.0,12.9,"Closed loop, using oxygen sensor feedback to determine fuel mix/",39.0,32
2026-09-13 13:29:32.181,698.0,17.0,2.11,24.31,14.12,18.43,-21.88,0.78,0.75,0.79,434.0,1.0,-0.83,0.0,62.0,41.0,100.0,5.0,12.9,"Closed loop, using oxygen sensor feedback to determine fuel mix/",39.0,32
2026-09-13 13:29:32.532,708.75,17.0,2.13,24.31,14.12,18.82,-22.66,0.78,0.27,0.78,434.0,1.0,-0.83,0.0,62.0,41.0,100.0,3.0,13.0,"Closed loop, using oxygen sensor feedback to determine fuel mix/",39.0,32
2026-09-13 13:29:33.152,708.5,17.0,2.11,24.31,14.12,18.43,-18.75,0.78,0.11,0.79,434.0,1.0,-0.83,0.0,62.0,41.0,100.0,3.0,13.0,"Closed loop, using oxygen sensor feedback to determine fuel mix/",39.0,32
2026-09-13 13:29:33.538,711.0,17.0,2.11,24.31,14.12,18.43,-17.97,0.78,0.18,0.78,434.0,1.0,-0.83,0.0,62.0,41.0,100.0,3.0,13.0,"Closed loop, using oxygen sensor feedback to determine fuel mix/",39.0,32
2026-09-13 13:29:33.904,708.25,18.0,2.13,24.31,14.12,18.43,-17.97,0.78,0.31,0.77,434.0,1.0,-0.82,0.0,62.0,41.0,100.0,3.0,13.0,"Closed loop, using oxygen sensor feedback to determine fuel mix/",39.0,32
2026-09-13 13:29:34.289,712.5,18.0,2.08,24.31,14.12,18.04,-21.88,0.78,0.74,0.77,433.0,1.0,-0.82,0.0,62.0,41.0,100.0,3.0,13.0,"Closed loop, using oxygen sensor feedback to determine fuel mix/",39.0,32
2026-09-13 13:29:34.671,702.5,17.0,2.11,24.31,14.12,18.43,-21.88,0.78,0.74,0.77,433.0,1.0,-0.83,0.0,62.0,41.0,100.0,4.5,12.8,"Closed loop, using oxygen sensor feedback to determine fuel mix/",39.0,32
2026-09-13 13:29:35.313,703.0,18.0,2.15,24.71,14.12,18.82,-18.75,0.78,0.1,0.79,433.0,1.0,-0.82,0.0,62.0,41.0,100.0,4.5,12.8,"Closed loop, using oxygen sensor feedback to determine fuel mix/",39.0,32
2026-09-13 13:29:35.693,704.75,18.0,2.11,24.31,14.12,18.43,-18.75,0.78,0.1,0.79,433.0,1.0,-0.82,0.0,62.0,41.0,100.0,4.5,12.8,"Closed loop, using oxygen sensor feedback to determine fuel mix/",39.0,32
2026-09-13 13:29:36.029,709.75,17.0,2.11,24.31,14.12,18.43,-17.97,0.78,0.11,0.78,433.0,1.0,-0.83,0.0,62.0,41.0,100.0,4.5,12.8,"Closed loop, using oxygen sensor feedback to determine fuel mix/",39.0,32
2026-09-13 13:29:36.348,710.0,17.0,2.1,24.31,14.12,18.43,-17.97,0.78,0.17,0.76,433.0,1.0,-0.83,0.0,62.0,41.0,100.0,4.5,12.8,"Closed loop, using oxygen sensor feedback to determine fuel mix/",39.0,32
2026-09-13 13:29:36.730,708.0,17.0,2.08,24.31,14.12,18.04,-21.09,0.78,0.65,0.74,433.0,1.0,-0.83,0.0,62.0,41.0,100.0,4.5,12.9,"Closed loop, using oxygen sensor feedback to determine fuel mix/",39.0,32
2026-09-13 13:29:37.354,700.25,18.0,2.11,24.31,14.12,18.43,-21.09,0.78,0.69,0.77,433.0,1.0,-0.82,0.0,62.0,41.0,100.0,4.5,12.9,"Closed loop, using oxygen sensor feedback to determine fuel mix/",39.0,32
2026-09-13 13:29:37.708,700.5,17.0,2.13,24.31,14.12,18.82,-17.97,0.78,0.14,0.78,433.0,1.0,-0.83,0.0,62.0,41.0,100.0,4.5,12.9,"Closed loop, using oxygen sensor feedback to determine fuel mix/",39.0,32
2026-09-13 13:29:38.060,710.0,17.0,2.12,24.31,14.12,18.43,-17.97,0.78,0.1,0.79,433.0,1.0,-0.83,0.0,62.0,41.0,100.0,4.5,12.9,"Closed loop, using oxygen sensor feedback to determine fuel mix/",39.0,32
2026-09-13 13:29:38.434,705.75,17.0,2.11,24.31,14.12,18.43,-17.19,0.78,0.12,0.78,433.0,1.0,-0.83,0.0,62.0,41.0,100.0,4.5,12.9,"Closed loop, using oxygen sensor feedback to determine fuel mix/",39.0,32
2026-09-13 13:29:38.775,707.75,17.0,2.11,24.31,14.12,18.43,-17.19,0.78,0.19,0.77,433.0,1.0,-0.83,0.0,62.0,41.0,100.0,5.0,12.9,"Closed loop, using oxygen sensor feedback to determine fuel mix/",39.0,32
2026-09-13 13:29:39.368,709.5,17.0,2.09,24.31,14.12,18.43,-21.09,0.78,0.78,0.75,433.0,1.0,-0.83,0.0,62.0,41.0,100.0,5.0,12.9,"Closed loop, using oxygen sensor feedback to determine fuel mix/",39.0,32
2026-09-13 13:29:39.672,703.0,18.0,2.11,24.31,14.12,18.43,-21.88,0.78,0.73,0.77,432.0,1.0,-0.82,0.0,62.0,41.0,100.0,5.0,12.9,"Closed loop, using oxygen sensor feedback to determine fuel mix/",39.0,32
2026-09-13 13:29:40.069,691.75,18.0,2.11,24.71,14.12,18.43,-17.97,0.78,0.12,0.79,432.0,1.0,-0.82,0.0,62.0,41.0,100.0,5.0,12.9,"Closed loop, using oxygen sensor feedback to determine fuel mix/",39.0,32
2026-09-13 13:29:40.440,697.75,17.0,2.1,24.31,14.12,18.43,-17.97,0.78,0.09,0.8,432.0,1.0,-0.83,0.0,62.0,41.0,100.0,5.0,12.9,"Closed loop, using oxygen sensor feedback to determine fuel mix/",39.0,32
2026-09-13 13:29:40.819,701.25,18.0,2.11,24.31,14.12,18.43,-17.19,0.78,0.12,0.79,432.0,1.0,-0.82,0.0,62.0,41.0,100.0,4.5,13.0,"Closed loop, using oxygen sensor feedback to determine fuel mix/",39.0,32
2026-09-13 13:29:41.700,698.0,17.0,2.11,24.31,14.12,18.82,-21.09,0.78,0.74,0.74,432.0,1.0,-0.83,0.0,62.0,41.0,100.0,4.5,13.0,"Closed loop, using oxygen sensor feedback to determine fuel mix/",39.0,32
2026-09-13 13:29:42.050,703.0,17.0,2.13,24.31,14.12,18.82,-21.88,0.78,0.18,0.77,432.0,1.0,-0.83,0.0,62.0,41.0,100.0,4.5,13.0,"Closed loop, using oxygen sensor feedback to determine fuel mix/",39.0,32
2026-09-13 13:29:42.418,708.5,17.0,2.13,24.31,14.12,18.43,-17.97,0.78,0.1,0.79,432.0,1.0,-0.83,0.0,62.0,41.0,100.0,4.5,13.0,"Closed loop, using oxygen sensor feedback to determine fuel mix/",39.0,32
2026-09-13 13:29:42.769,711.25,17.0,2.11,24.31,14.12,18.43,-17.97,0.78,0.13,0.78,432.0,1.0,-0.83,0.0,62.0,41.0,100.0,4.5,13.0,"Closed loop, using oxygen sensor feedback to determine fuel mix/",39.0,32
2026-09-13 13:29:43.160,708.5,17.0,2.1,24.31,14.12,18.04,-21.09,0.78,0.74,0.77,432.0,1.0,-0.83,0.0,62.0,41.0,100.0,6.5,13.0,"Closed loop, using oxygen sensor feedback to determine fuel mix/",39.0,32
2026-09-13 13:29:43.758,706.0,19.0,2.13,24.31,14.12,18.82,-17.19,0.78,0.11,0.77,432.0,1.0,-0.81,0.0,62.0,41.0,100.0,6.5,13.0,"Closed loop, using oxygen sensor feedback to determine fuel mix/",39.0,32
2026-09-13 13:29:44.179,706.25,17.0,2.09,24.31,13.73,18.04,-17.19,0.78,0.1,0.78,432.0,1.0,-0.83,0.0,62.0,41.0,100.0,6.5,13.0,"Closed loop, using oxygen sensor feedback to determine fuel mix/",39.0,32
2026-09-13 13:29:44.556,699.75,17.0,2.08,24.31,14.12,18.04,-16.41,0.78,0.54,0.78,432.0,1.0,-0.83,0.0,62.0,41.0,100.0,6.5,13.0,"Closed loop, using oxygen sensor feedback to determine fuel mix/",39.0,32
2026-09-13 13:29:44.934,703.25,18.0,2.09,24.31,14.12,18.43,-20.31,0.78,0.78,0.76,432.0,1.0,-0.82,0.0,62.0,41.0,100.0,6.5,13.0,"Closed loop, using oxygen sensor feedback to determine fuel mix/",39.0,32
2026-09-13 13:29:45.305,707.25,17.0,2.11,24.31,14.12,18.43,-20.31,0.78,0.77,0.76,432.0,1.0,-0.83,0.0,62.0,41.0,100.0,7.5,13.0,"Closed loop, using oxygen sensor feedback to determine fuel mix/",39.0,32
2026-09-13 13:29:45.930,703.75,17.0,2.1,24.31,14.12,18.43,-17.19,0.78,0.1,0.8,431.0,1.0,-0.83,0.0,62.0,41.0,100.0,7.5,13.0,"Closed loop, using oxygen sensor feedback to determine fuel mix/",39.0,32
2026-09-13 13:29:46.282,704.5,17.0,2.07,24.31,14.12,18.04,-17.19,0.78,0.1,0.8,431.0,1.0,-0.83,0.0,62.0,41.0,100.0,7.5,13.0,"Closed loop, using oxygen sensor feedback to determine fuel mix/",39.0,32
2026-09-13 13:29:46.650,709.0,17.0,2.09,24.31,14.12,18.43,-20.31,0.78,0.73,0.79,431.0,1.0,-0.83,0.0,62.0,41.0,100.0,7.5,13.0,"Closed loop, using oxygen sensor feedback to determine fuel mix/",39.0,32
2026-09-13 13:29:47.031,706.75,17.0,2.09,24.31,14.12,18.43,-20.31,0.78,0.78,0.77,431.0,1.0,-0.83,0.0,62.0,41.0,100.0,7.5,13.0,"Closed loop, using oxygen sensor feedback to determine fuel mix/",39.0,32
2026-09-13 13:29:47.409,695.25,18.0,2.09,24.31,14.12,18.43,-21.09,0.78,0.69,0.78,431.0,1.0,-0.82,0.0,62.0,41.0,100.0,4.5,12.9,"Closed loop, using oxygen sensor feedback to determine fuel mix/",39.0,32
2026-09-13 13:29:48.055,705.75,17.0,2.1,24.31,14.12,18.43,-17.19,0.78,0.12,0.8,431.0,1.0,-0.83,0.0,62.0,41.0,100.0,4.5,12.9,"Closed loop, using oxygen sensor feedback to determine fuel mix/",39.0,32
2026-09-13 13:29:48.440,703.75,17.0,2.09,24.31,14.12,18.04,-21.09,0.78,0.73,0.79,431.0,1.0,-0.83,0.0,62.0,41.0,100.0,4.5,12.9,"Closed loop, using oxygen sensor feedback to determine fuel mix/",39.0,32
2026-09-13 13:29:48.822,690.0,18.0,2.09,24.31,14.12,18.43,-21.09,0.78,0.76,0.78,431.0,1.0,-0.82,0.0,62.0,41.0,100.0,4.5,12.9,"Closed loop, using oxygen sensor feedback to determine fuel mix/",39.0,32
2026-09-13 13:29:49.222,699.0,19.0,2.17,24.71,14.51,19.22,-21.88,0.78,0.37,0.78,431.0,1.0,-0.81,0.0,62.0,41.0,100.0,4.5,12.9,"Closed loop, using oxygen sensor feedback to determine fuel mix/",39.0,32
2026-09-13 13:29:49.621,705.25,19.0,2.19,24.71,14.51,19.22,-17.97,0.78,0.1,0.79,431.0,1.0,-0.81,0.0,63.0,41.0,100.0,4.0,13.0,"Closed loop, using oxygen sensor feedback to determine fuel mix/",39.0,32
2026-09-13 13:29:50.243,703.75,18.0,2.16,24.71,14.51,18.82,-17.19,0.78,0.2,0.78,431.0,1.0,-0.82,0.0,63.0,41.0,100.0,4.0,13.0,"Closed loop, using oxygen sensor feedback to determine fuel mix/",39.0,32
2026-09-13 13:29:50.687,700.0,18.0,2.17,24.71,14.51,18.43,-21.09,0.78,0.7,0.77,431.0,1.0,-0.82,0.0,63.0,41.0,100.0,4.0,13.0,"Closed loop, using oxygen sensor feedback to determine fuel mix/",39.0,32
2026-09-13 13:29:51.058,698.5,17.0,2.12,24.71,14.51,18.82,-21.09,0.78,0.72,0.77,431.0,1.0,-0.83,0.0,63.0,41.0,100.0,4.0,13.0,"Closed loop, using oxygen sensor feedback to determine fuel mix/",39.0,32
2026-09-13 13:29:51.409,698.75,19.0,2.13,24.71,14.51,18.82,-17.19,0.78,0.09,0.78,431.0,1.0,-0.81,0.0,63.0,41.0,100.0,4.0,13.0,"Closed loop, using oxygen sensor feedback to determine fuel mix/",39.0,32
2026-09-13 13:29:51.808,696.0,17.0,2.12,24.71,14.51,18.43,-17.19,0.78,0.09,0.79,431.0,1.0,-0.83,0.0,63.0,41.0,100.0,8.0,13.0,"Closed loop, using oxygen sensor feedback to determine fuel mix/",39.0,32
2026-09-13 13:29:52.429,706.25,18.0,2.08,24.71,14.12,18.04,-16.41,0.78,0.09,0.74,431.0,1.0,-0.82,0.0,63.0,41.0,100.0,8.0,13.0,"Closed loop, using oxygen sensor feedback to determine fuel mix/",39.0,32
2026-09-13 13:29:52.780,695.5,18.0,2.09,24.71,14.51,18.82,-16.41,0.78,0.1,0.71,430.0,1.0,-0.82,0.0,63.0,41.0,100.0,8.0,13.0,"Closed loop, using oxygen sensor feedback to determine fuel mix/",39.0,32
2026-09-13 13:29:53.149,705.5,17.0,2.1,24.71,14.51,18.04,-15.62,0.78,0.1,0.68,430.0,1.0,-0.83,0.0,63.0,41.0,100.0,8.0,13.0,"Closed loop, using oxygen sensor feedback to determine fuel mix/",39.0,32
2026-09-13 13:29:53.532,705.75,17.0,2.09,24.71,14.51,18.43,-15.62,0.78,0.11,0.66,430.0,1.0,-0.83,0.0,63.0,41.0,100.0,8.0,13.0,"Closed loop, using oxygen sensor feedback to determine fuel mix/",39.0,32
2026-09-13 13:29:53.853,705.25,19.0,2.08,24.71,14.51,18.04,-14.06,0.78,0.1,0.65,430.0,1.0,-0.81,0.0,63.0,41.0,100.0,8.0,13.0,"Closed loop, using oxygen sensor feedback to determine fuel mix/",39.0,32
2026-09-13 13:29:54.475,703.75,18.0,2.15,25.1,14.51,18.82,-11.72,0.78,0.23,0.66,430.0,1.0,-0.82,0.0,63.0,41.0,100.0,8.0,13.0,"Closed loop, using oxygen sensor feedback to determine fuel mix/",39.0,32
2026-09-13 13:29:54.862,704.25,17.0,2.12,24.71,14.9,18.82,-17.97,0.78,0.75,0.66,430.0,1.0,-0.83,0.0,63.0,41.0,100.0,8.0,13.0,"Closed loop, using oxygen sensor feedback to determine fuel mix/",39.0,32
2026-09-13 13:29:55.198,703.75,19.0,2.15,24.71,14.9,18.82,-14.06,0.78,0.18,0.66,430.0,1.0,-0.81,0.0,63.0,41.0,100.0,8.0,13.0,"Closed loop, using oxygen sensor feedback to determine fuel mix/",39.0,32
2026-09-13 13:29:55.551,701.0,18.0,2.18,24.71,14.9,18.82,-14.06,0.78,0.09,0.73,430.0,1.0,-0.82,0.0,63.0,41.0,100.0,8.0,13.0,"Closed loop, using oxygen sensor feedback to determine fuel mix/",39.0,32
2026-09-13 13:29:55.912,707.5,19.0,2.2,25.1,14.51,19.22,-14.06,0.78,0.1,0.77,430.0,1.0,-0.81,0.0,63.0,41.0,100.0,3.5,13.0,"Closed loop, using oxygen sensor feedback to determine fuel mix/",39.0,32
2026-09-13 13:29:56.568,704.75,17.0,2.1,24.71,14.51,18.43,-13.28,0.78,0.12,0.69,430.0,1.0,-0.83,0.0,63.0,41.0,100.0,3.5,13.0,"Closed loop, using oxygen sensor feedback to determine fuel mix/",39.0,32
2026-09-13 13:29:56.950,706.25,17.0,2.15,24.71,14.51,18.82,-16.41,0.78,0.73,0.67,430.0,1.0,-0.83,0.0,63.0,41.0,100.0,3.5,13.0,"Closed loop, using oxygen sensor feedback to determine fuel mix/",39.0,32
2026-09-13 13:29:57.333,700.5,19.0,2.17,25.1,14.9,19.22,-16.41,0.78,0.75,0.66,430.0,1.0,-0.81,0.0,63.0,41.0,100.0,3.5,13.0,"Closed loop, using oxygen sensor feedback to determine fuel mix/",39.0,32
2026-09-13 13:29:57.733,701.0,18.0,2.22,25.1,14.51,19.22,-17.19,0.78,0.73,0.71,430.0,1.0,-0.82,0.0,63.0,41.0,100.0,3.5,13.0,"Closed loop, using oxygen sensor feedback to determine fuel mix/",39.0,32
2026-09-13 13:29:58.101,697.0,18.0,2.17,25.1,14.51,19.22,-17.19,0.78,0.72,0.78,430.0,1.0,-0.82,0.0,63.0,41.0,100.0,4.0,12.8,"Closed loop, using oxygen sensor feedback to determine fuel mix/",39.0,32
2026-09-13 13:29:58.707,693.0,19.0,2.2,25.1,14.9,19.22,-14.06,0.78,0.1,0.79,430.0,1.0,-0.81,0.0,63.0,41.0,100.0,4.0,12.8,"Closed loop, using oxygen sensor feedback to determine fuel mix/",39.0,32
2026-09-13 13:29:59.057,696.75,18.0,2.21,25.1,14.51,19.61,-14.06,0.78,0.1,0.79,430.0,1.0,-0.82,0.0,63.0,41.0,100.0,4.0,12.8,"Closed loop, using oxygen sensor feedback to determine fuel mix/",39.0,32
2026-09-13 13:29:59.427,698.5,19.0,2.18,24.71,14.51,19.22,-13.28,0.78,0.11,0.78,430.0,1.0,-0.81,0.0,63.0,41.0,100.0,4.0,12.8,"Closed loop, using oxygen sensor feedback to determine fuel mix/",39.0,32
2026-09-13 13:29:59.809,697.0,18.0,2.19,25.1,14.9,19.22,-13.28,0.78,0.14,0.74,430.0,1.0,-0.82,0.0,63.0,41.0,100.0,4.0,12.8,"Closed loop, using oxygen sensor feedback to determine fuel mix/",39.0,32
2026-09-13 13:30:00.223,693.75,19.0,2.25,25.1,14.9,20.0,-16.41,0.78,0.72,0.73,430.0,1.0,-0.81,0.0,63.0,41.0,100.0,3.5,12.8,"Closed loop, using oxygen sensor feedback to determine fuel mix/",39.0,32
2026-09-13 13:30:00.830,693.25,18.0,2.24,25.1,14.9,19.61,-16.41,0.78,0.68,0.76,430.0,1.0,-0.82,0.0,63.0,41.0,100.0,3.5,12.8,"Closed loop, using oxygen sensor feedback to determine fuel mix/",39.0,32
2026-09-13 13:30:01.182,696.5,19.0,2.23,25.1,14.51,19.61,-12.5,0.78,0.1,0.78,430.0,1.0,-0.81,0.0,63.0,41.0,100.0,3.5,12.8,"Closed loop, using oxygen sensor feedback to determine fuel mix/",39.0,32
2026-09-13 13:30:01.534,702.75,18.0,2.19,25.1,14.9,19.22,-12.5,0.78,0.16,0.79,430.0,1.0,-0.82,0.0,63.0,41.0,100.0,3.5,12.8,"Closed loop, using oxygen sensor feedback to determine fuel mix/",39.0,32
2026-09-13 13:30:01.935,705.0,18.0,2.23,25.1,14.9,19.61,-16.41,0.78,0.78,0.77,430.0,1.0,-0.82,0.0,63.0,41.0,100.0,3.5,12.8,"Closed loop, using oxygen sensor feedback to determine fuel mix/",39.0,32
2026-09-13 13:30:02.298,702.5,19.0,2.23,25.1,14.9,19.61,-16.41,0.78,0.74,0.76,430.0,1.0,-0.81,0.0,63.0,41.0,100.0,5.0,13.0,"Closed loop, using oxygen sensor feedback to determine fuel mix/",39.0,32
2026-09-13 13:30:02.923,703.75,19.0,2.2,25.1,14.9,19.61,-13.28,0.78,0.1,0.8,430.0,1.0,-0.81,0.0,63.0,41.0,100.0,5.0,13.0,"Closed loop, using oxygen sensor feedback to determine fuel mix/",39.0,32
2026-09-13 13:30:03.307,705.25,19.0,2.24,25.1,14.9,19.61,-13.28,0.78,0.15,0.79,430.0,1.0,-0.81,0.0,63.0,41.0,100.0,5.0,13.0,"Closed loop, using oxygen sensor feedback to determine fuel mix/",39.0,32
2026-09-13 13:30:03.660,696.25,18.0,2.24,25.1,14.9,19.61,-16.41,0.78,0.74,0.78,430.0,1.0,-0.82,0.0,63.0,41.0,100.0,5.0,13.0,"Closed loop, using oxygen sensor feedback to determine fuel mix/",39.0,32
2026-09-13 13:30:04.024,692.25,19.0,2.29,25.1,14.9,20.0,-16.41,0.78,0.73,0.77,430.0,1.0,-0.81,0.0,63.0,41.0,100.0,5.0,13.0,"Closed loop, using oxygen sensor feedback to determine fuel mix/",39.0,32
2026-09-13 13:30:04.408,690.0,20.0,2.24,25.1,14.9,19.61,-12.5,0.78,0.1,0.79,430.0,1.0,-0.8,0.0,63.0,41.0,100.0,3.5,13.0,"Closed loop, using oxygen sensor feedback to determine fuel mix/",39.0,32
2026-09-13 13:30:05.003,706.5,19.0,2.24,25.1,14.51,19.61,-16.41,0.78,0.76,0.78,430.0,1.0,-0.81,0.0,63.0,41.0,100.0,3.5,13.0,"Closed loop, using oxygen sensor feedback to determine fuel mix/",39.0,32
2026-09-13 13:30:05.350,704.5,19.0,2.22,25.1,14.9,19.22,-16.41,0.78,0.8,0.77,430.0,1.0,-0.81,0.0,63.0,41.0,100.0,3.5,13.0,"Closed loop, using oxygen sensor feedback to determine fuel mix/",39.0,32
2026-09-13 13:30:05.733,704.25,18.0,2.24,24.71,14.9,19.61,-17.19,0.78,0.73,0.78,430.0,1.0,-0.82,0.0,63.0,41.0,100.0,3.5,13.0,"Closed loop, using oxygen sensor feedback to determine fuel mix/",39.0,32
2026-09-13 13:30:06.134,688.75,19.0,2.24,25.1,14.9,20.0,-17.19,0.78,0.6,0.8,429.0,1.0,-0.81,0.0,63.0,41.0,100.0,3.5,13.0,"Closed loop, using oxygen sensor feedback to determine fuel mix/",39.0,32
2026-09-13 13:30:06.453,688.0,18.0,2.18,25.1,14.9,19.22,-13.28,0.78,0.1,0.81,429.0,1.0,-0.82,0.0,64.0,41.0,100.0,4.0,13.0,"Closed loop, using oxygen sensor feedback to determine fuel mix/",39.0,32
2026-09-13 13:30:07.043,696.5,18.0,2.24,25.1,14.9,19.61,-12.5,0.78,0.29,0.79,429.0,1.0,-0.82,0.0,64.0,41.0,100.0,4.0,13.0,"Closed loop, using oxygen sensor feedback to determine fuel mix/",39.0,32
2026-09-13 13:30:07.434,705.75,18.0,2.23,25.1,14.9,19.61,-16.41,0.78,0.78,0.77,429.0,1.0,-0.82,0.0,64.0,41.0,100.0,4.0,13.0,"Closed loop, using oxygen sensor feedback to determine fuel mix/",39.0,32
2026-09-13 13:30:07.782,701.75,18.0,2.29,25.1,14.9,20.0,-16.41,0.78,0.74,0.77,429.0,1.0,-0.82,0.0,64.0,41.0,100.0,4.0,13.0,"Closed loop, using oxygen sensor feedback to determine fuel mix/",39.0,32
2026-09-13 13:30:08.145,693.5,18.0,2.31,25.49,14.9,20.39,-17.19,0.78,0.26,0.8,429.0,1.0,-0.82,0.0,64.0,41.0,100.0,4.0,13.0,"Closed loop, using oxygen sensor feedback to determine fuel mix/",39.0,32
2026-09-13 13:30:08.546,698.5,19.0,2.25,25.1,14.9,20.0,-13.28,0.78,0.11,0.8,429.0,1.0,-0.81,0.0,64.0,41.0,100.0,2.0,13.0,"Closed loop, using oxygen sensor feedback to determine fuel mix/",39.0,32
2026-09-13 13:30:09.200,697.5,20.0,2.26,25.1,14.9,20.0,-17.19,0.78,0.79,0.78,429.0,1.0,-0.8,0.0,64.0,41.0,100.0,2.0,13.0,"Closed loop, using oxygen sensor feedback to determine fuel mix/",39.0,32
2026-09-13 13:30:09.598,697.0,19.0,2.28,25.1,14.9,20.0,-17.19,0.78,0.72,0.78,429.0,1.0,-0.81,0.0,64.0,41.0,100.0,2.0,13.0,"Closed loop, using oxygen sensor feedback to determine fuel mix/",39.0,32
2026-09-13 13:30:09.967,692.0,19.0,2.28,25.1,14.9,20.0,-14.06,0.78,0.14,0.8,429.0,1.0,-0.81,0.0,64.0,41.0,100.0,2.0,13.0,"Closed loop, using oxygen sensor feedback to determine fuel mix/",39.0,32
2026-09-13 13:30:10.301,696.5,19.0,2.28,25.1,14.9,20.0,-14.06,0.78,0.1,0.8,429.0,1.0,-0.81,0.0,64.0,41.0,100.0,2.0,13.0,"Closed loop, using oxygen sensor feedback to determine fuel mix/",39.0,32
2026-09-13 13:30:10.684,703.0,18.0,2.25,25.1,14.9,19.61,-13.28,0.78,0.15,0.79,429.0,1.0,-0.82,0.0,64.0,41.0,100.0,6.0,13.0,"Closed loop, using oxygen sensor feedback to determine fuel mix/",39.0,32
2026-09-13 13:30:11.322,695.75,19.0,2.28,25.1,14.9,20.0,-17.19,0.78,0.74,0.77,429.0,1.0,-0.81,0.0,64.0,41.0,100.0,6.0,13.0,"Closed loop, using oxygen sensor feedback to determine fuel mix/",39.0,32
2026-09-13 13:30:11.706,693.0,18.0,2.3,25.49,14.9,20.39,-17.19,0.78,0.32,0.77,430.0,1.0,-0.82,0.0,64.0,41.0,100.0,6.0,13.0,"Closed loop, using oxygen sensor feedback to determine fuel mix/",39.0,32
2026-09-13 13:30:12.058,709.0,19.0,2.3,25.1,14.51,20.0,-13.28,0.78,0.12,0.78,430.0,1.0,-0.81,0.0,64.0,41.0,100.0,6.0,13.0,"Closed loop, using oxygen sensor feedback to determine fuel mix/",39.0,32
2026-09-13 13:30:12.428,699.75,18.0,2.24,25.1,14.9,19.61,-17.19,0.78,0.79,0.78,430.0,1.0,-0.82,0.0,64.0,41.0,100.0,6.0,13.0,"Closed loop, using oxygen sensor feedback to determine fuel mix/",39.0,32
2026-09-13 13:30:12.846,691.5,19.0,2.26,25.1,14.9,19.61,-17.19,0.78,0.8,0.77,430.0,1.0,-0.81,0.0,64.0,41.0,100.0,2.5,13.0,"Closed loop, using oxygen sensor feedback to determine fuel mix/",39.0,32
2026-09-13 13:30:13.479,690.75,19.0,2.24,25.1,14.9,19.61,-14.06,0.78,0.26,0.81,430.0,1.0,-0.81,0.0,64.0,41.0,100.0,2.5,13.0,"Closed loop, using oxygen sensor feedback to determine fuel mix/",39.0,32
2026-09-13 13:30:13.877,695.75,19.0,2.22,25.1,14.51,19.61,-14.06,0.78,0.1,0.81,429.0,1.0,-0.81,0.0,64.0,41.0,100.0,2.5,13.0,"Closed loop, using oxygen sensor feedback to determine fuel mix/",39.0,32
2026-09-13 13:30:14.215,699.0,19.0,2.2,24.71,14.51,19.22,-14.06,0.78,0.23,0.8,429.0,1.0,-0.81,0.0,64.0,41.0,100.0,2.5,13.0,"Closed loop, using oxygen sensor feedback to determine fuel mix/",39.0,32
2026-09-13 13:30:14.532,704.5,17.0,2.18,24.71,14.51,18.82,-17.19,0.78,0.77,0.78,429.0,1.0,-0.83,0.0,64.0,41.0,100.0,2.5,13.0,"Closed loop, using oxygen sensor feedback to determine fuel mix/",39.0,32
2026-09-13 13:30:14.900,692.75,19.0,2.2,24.71,14.51,19.22,-17.19,0.78,0.77,0.78,429.0,1.0,-0.81,0.0,64.0,41.0,100.0,4.0,12.8,"Closed loop, using oxygen sensor feedback to determine fuel mix/",39.0,32
2026-09-13 13:30:15.525,696.25,19.0,2.19,24.71,14.51,19.22,-17.97,0.78,0.72,0.8,429.0,1.0,-0.81,0.0,64.0,41.0,100.0,4.0,12.8,"Closed loop, using oxygen sensor feedback to determine fuel mix/",39.0,32
2026-09-13 13:30:15.908,687.0,18.0,2.2,24.71,14.51,19.61,-14.06,0.78,0.15,0.8,429.0,1.0,-0.82,0.0,64.0,41.0,100.0,4.0,12.8,"Closed loop, using oxygen sensor feedback to determine fuel mix/",39.0,32
2026-09-13 13:30:16.290,697.5,18.0,2.17,24.71,14.12,18.82,-14.06,0.78,0.12,0.8,429.0,1.0,-0.82,0.0,64.0,41.0,100.0,4.0,12.8,"Closed loop, using oxygen sensor feedback to determine fuel mix/",39.0,32
2026-09-13 13:30:16.657,694.5,18.0,2.12,24.71,14.51,18.82,-17.97,0.78,0.8,0.79,429.0,1.0,-0.82,0.0,64.0,41.0,100.0,4.0,12.8,"Closed loop, using oxygen sensor feedback to determine fuel mix/",39.0,32
2026-09-13 13:30:17.042,697.0,19.0,2.23,25.1,14.51,19.61,-17.97,0.78,0.81,0.78,429.0,1.0,-0.81,0.0,64.0,41.0,100.0,4.5,12.9,"Closed loop, using oxygen sensor feedback to determine fuel mix/",39.0,32
2026-09-13 13:30:17.664,683.25,19.0,2.22,25.1,14.9,19.61,-18.75,0.78,0.71,0.82,429.0,1.0,-0.81,0.0,64.0,41.0,100.0,4.5,12.9,"Closed loop, using oxygen sensor feedback to determine fuel mix/",39.0,32
2026-09-13 13:30:18.046,693.75,19.0,2.23,25.1,14.9,19.61,-14.84,0.78,0.11,0.81,429.0,1.0,-0.81,0.0,64.0,41.0,100.0,4.5,12.9,"Closed loop, using oxygen sensor feedback to determine fuel mix/",39.0,32
2026-09-13 13:30:18.413,690.5,18.0,2.24,25.1,14.9,19.61,-14.84,0.78,0.1,0.81,429.0,1.0,-0.82,0.0,64.0,41.0,100.0,4.5,12.9,"Closed loop, using oxygen sensor feedback to determine fuel mix/",39.0,32
2026-09-13 13:30:18.769,701.5,18.0,2.22,24.71,14.51,19.22,-14.06,0.78,0.23,0.79,429.0,1.0,-0.82,0.0,64.0,41.0,100.0,4.5,12.9,"Closed loop, using oxygen sensor feedback to determine fuel mix/",39.0,32
2026-09-13 13:30:19.157,699.0,19.0,2.2,24.71,14.51,19.22,-17.97,0.78,0.76,0.77,429.0,1.0,-0.81,0.0,64.0,41.0,100.0,5.0,12.9,"Closed loop, using oxygen sensor feedback to determine fuel mix/",39.0,32
2026-09-13 13:30:19.788,695.25,18.0,2.2,25.1,14.51,19.61,-18.75,0.78,0.72,0.79,429.0,1.0,-0.82,0.0,64.0,41.0,100.0,5.0,12.9,"Closed loop, using oxygen sensor feedback to determine fuel mix/",39.0,32
2026-09-13 13:30:20.143,691.0,18.0,2.23,25.1,14.51,19.61,-18.75,0.78,0.72,0.79,429.0,1.0,-0.82,0.0,64.0,41.0,100.0,5.0,12.9,"Closed loop, using oxygen sensor feedback to determine fuel mix/",39.0,32
2026-09-13 13:30:20.704,697.5,18.0,2.23,24.71,14.51,19.61,-14.84,0.78,0.1,0.8,429.0,1.0,-0.82,0.0,64.0,41.0,100.0,5.0,12.9,"Closed loop, using oxygen sensor feedback to determine fuel mix/",39.0,32
2026-09-13 13:30:21.089,697.25,19.0,2.22,25.1,14.51,19.61,-14.84,0.78,0.12,0.79,429.0,1.0,-0.81,0.0,64.0,41.0,100.0,5.0,12.9,"Closed loop, using oxygen sensor feedback to determine fuel mix/",39.0,32
2026-09-13 13:30:21.484,697.0,19.0,2.23,25.1,14.51,19.61,-17.97,0.78,0.72,0.77,429.0,1.0,-0.81,0.0,64.0,41.0,100.0,6.0,12.9,"Closed loop, using oxygen sensor feedback to determine fuel mix/",39.0,32
2026-09-13 13:30:22.075,693.0,18.0,2.26,25.1,14.9,20.0,-17.97,0.78,0.69,0.77,429.0,1.0,-0.82,0.0,64.0,41.0,100.0,6.0,12.9,"Closed loop, using oxygen sensor feedback to determine fuel mix/",39.0,32
2026-09-13 13:30:22.431,692.5,18.0,2.27,25.1,14.51,20.0,-14.84,0.78,0.09,0.79,429.0,1.0,-0.82,0.0,64.0,41.0,100.0,6.0,12.9,"Closed loop, using oxygen sensor feedback to determine fuel mix/",39.0,32
2026-09-13 13:30:22.797,692.75,19.0,2.23,25.1,14.51,19.61,-14.84,0.78,0.1,0.79,429.0,1.0,-0.81,0.0,64.0,41.0,100.0,6.0,12.9,"Closed loop, using oxygen sensor feedback to determine fuel mix/",39.0,32
2026-09-13 13:30:23.132,696.75,18.0,2.21,25.1,14.51,19.61,-14.06,0.78,0.14,0.78,429.0,1.0,-0.82,0.0,64.0,41.0,100.0,6.0,12.9,"Closed loop, using oxygen sensor feedback to determine fuel mix/",39.0,32
2026-09-13 13:30:23.453,703.0,19.0,2.23,24.71,14.51,19.61,-17.97,0.78,0.69,0.74,429.0,1.0,-0.81,0.0,64.0,41.0,100.0,6.5,13.0,"Closed loop, using oxygen sensor feedback to determine fuel mix/",39.0,32
2026-09-13 13:30:24.058,695.5,19.0,2.24,25.1,14.9,19.61,-17.97,0.78,0.41,0.76,429.0,1.0,-0.81,0.0,64.0,41.0,100.0,6.5,13.0,"Closed loop, using oxygen sensor feedback to determine fuel mix/",39.0,32
2026-09-13 13:30:24.430,698.75,18.0,2.27,25.1,14.51,19.61,-14.06,0.78,0.1,0.78,429.0,1.0,-0.82,0.0,64.0,41.0,100.0,6.5,13.0,"Closed loop, using oxygen sensor feedback to determine fuel mix/",39.0,32
2026-09-13 13:30:24.779,687.0,19.0,2.26,25.1,14.51,20.0,-14.06,0.78,0.55,0.78,429.0,1.0,-0.81,0.0,64.0,41.0,100.0,6.5,13.0,"Closed loop, using oxygen sensor feedback to determine fuel mix/",39.0,32
2026-09-13 13:30:25.180,692.5,18.0,2.2,24.71,14.51,19.61,-17.97,0.78,0.79,0.76,429.0,1.0,-0.82,0.0,64.0,41.0,100.0,6.5,13.0,"Closed loop, using oxygen sensor feedback to determine fuel mix/",39.0,32
2026-09-13 13:30:25.577,694.75,18.0,2.18,24.71,14.51,19.22,-17.97,0.78,0.79,0.77,429.0,1.0,-0.82,0.0,65.0,41.0,100.0,7.0,13.0,"Closed loop, using oxygen sensor feedback to determine fuel mix/",39.0,32
2026-09-13 13:30:26.187,682.25,19.0,2.23,25.1,14.9,19.61,-18.75,0.78,0.3,0.81,429.0,1.0,-0.81,0.0,65.0,41.0,100.0,7.0,13.0,"Closed loop, using oxygen sensor feedback to determine fuel mix/",39.0,32
2026-09-13 13:30:26.554,697.25,19.0,2.28,25.1,14.9,20.0,-14.84,0.78,0.09,0.81,429.0,1.0,-0.81,0.0,65.0,41.0,100.0,7.0,13.0,"Closed loop, using oxygen sensor feedback to determine fuel mix/",39.0,32
2026-09-13 13:30:26.952,699.5,19.0,2.24,25.1,14.51,19.61,-14.84,0.78,0.1,0.8,429.0,1.0,-0.81,0.0,65.0,41.0,100.0,7.0,13.0,"Closed loop, using oxygen sensor feedback to determine fuel mix/",39.0,32
2026-09-13 13:30:27.321,701.75,18.0,2.23,24.71,14.51,19.61,-14.06,0.78,0.69,0.77,429.0,1.0,-0.82,0.0,65.0,41.0,100.0,7.0,13.0,"Closed loop, using oxygen sensor feedback to determine fuel mix/",39.0,32
2026-09-13 13:30:27.705,691.25,18.0,2.21,24.71,14.51,19.22,-17.97,0.78,0.76,0.75,429.0,1.0,-0.82,0.0,65.0,41.0,100.0,6.5,13.0,"Closed loop, using oxygen sensor feedback to determine fuel mix/",39.0,32
2026-09-13 13:30:28.326,692.0,19.0,2.22,24.71,14.51,19.61,-18.75,0.78,0.35,0.79,429.0,1.0,-0.81,0.0,65.0,41.0,100.0,6.5,13.0,"Closed loop, using oxygen sensor feedback to determine fuel mix/",39.0,32
2026-09-13 13:30:28.712,693.5,19.0,2.23,25.1,14.51,19.61,-14.84,0.78,0.1,0.79,429.0,1.0,-0.81,0.0,65.0,41.0,100.0,6.5,13.0,"Closed loop, using oxygen sensor feedback to determine fuel mix/",39.0,32
2026-09-13 13:30:29.076,693.5,18.0,2.21,24.71,14.51,19.22,-14.84,0.78,0.11,0.79,429.0,1.0,-0.82,0.0,65.0,41.0,100.0,6.5,13.0,"Closed loop, using oxygen sensor feedback to determine fuel mix/",39.0,32
2026-09-13 13:30:29.445,694.5,18.0,2.2,24.71,14.51,19.22,-17.97,0.78,0.71,0.77,429.0,1.0,-0.82,0.0,65.0,41.0,100.0,6.5,13.0,"Closed loop, using oxygen sensor feedback to determine fuel mix/",39.0,32
2026-09-13 13:30:29.950,688.5,19.0,2.2,24.71,14.51,19.61,-17.97,0.78,0.73,0.76,429.0,1.0,-0.81,0.0,65.0,41.0,100.0,5.0,12.9,"Closed loop, using oxygen sensor feedback to determine fuel mix/",39.0,32
2026-09-13 13:30:30.532,700.25,19.0,2.2,24.71,14.51,19.22,-14.06,0.78,0.1,0.78,429.0,1.0,-0.81,0.0,65.0,41.0,100.0,5.0,12.9,"Closed loop, using oxygen sensor feedback to determine fuel mix/",39.0,32
2026-09-13 13:30:30.933,695.5,18.0,2.18,24.71,14.51,19.22,-13.28,0.78,0.72,0.78,429.0,1.0,-0.82,0.0,65.0,41.0,100.0,5.0,12.9,"Closed loop, using oxygen sensor feedback to determine fuel mix/",39.0,32
2026-09-13 13:30:31.505,692.5,18.0,2.17,24.71,14.51,19.22,-17.19,0.78,0.74,0.76,429.0,1.0,-0.82,0.0,65.0,41.0,100.0,5.0,12.9,"Closed loop, using oxygen sensor feedback to determine fuel mix/",39.0,32
2026-09-13 13:30:31.874,688.5,18.0,2.17,24.71,14.51,19.22,-17.97,0.78,0.52,0.78,429.0,1.0,-0.82,0.0,65.0,41.0,100.0,5.0,12.9,"Closed loop, using oxygen sensor feedback to determine fuel mix/",39.0,32
2026-09-13 13:30:32.239,691.75,18.0,2.14,24.71,14.12,18.82,-14.06,0.78,0.12,0.79,429.0,1.0,-0.82,0.0,65.0,41.0,100.0,5.5,12.9,"Closed loop, using oxygen sensor feedback to determine fuel mix/",39.0,32
2026-09-13 13:30:32.861,686.5,18.0,2.11,24.71,14.51,18.82,-17.97,0.78,0.8,0.78,429.0,1.0,-0.82,0.0,65.0,41.0,100.0,5.5,12.9,"Closed loop, using oxygen sensor feedback to determine fuel mix/",39.0,32
2026-09-13 13:30:33.228,679.75,17.0,2.13,24.71,14.51,18.82,,0.78,0.77,0.78,429.0,1.0,-0.83,0.0,65.0,41.0,100.0,5.5,12.9,"Closed loop, using oxygen sensor feedback to determine fuel mix/",39.0,32
2026-09-13 13:30:33.598,689.5,18.0,2.18,24.71,14.51,19.22,-18.75,0.78,0.31,0.8,429.0,1.0,-0.82,0.0,65.0,41.0,100.0,5.5,12.9,"Closed loop, using oxygen sensor feedback to determine fuel mix/",39.0,32
2026-09-13 13:30:33.978,690.0,18.0,2.2,24.71,14.51,18.82,-14.84,0.78,0.09,0.81,429.0,1.0,-0.82,0.0,65.0,41.0,100.0,5.5,12.9,"Closed loop, using oxygen sensor feedback to determine fuel mix/",39.0,32
2026-09-13 13:30:34.379,697.75,19.0,2.14,24.31,14.12,18.82,-14.84,0.78,0.12,0.79,429.0,1.0,-0.81,0.0,65.0,41.0,100.0,5.0,12.9,"Closed loop, using oxygen sensor feedback to determine fuel mix/",39.0,32
2026-09-13 13:30:35.033,691.5,18.0,2.16,24.31,14.51,19.22,-17.97,0.78,0.79,0.76,428.0,1.0,-0.82,0.0,65.0,41.0,100.0,5.0,12.9,"Closed loop, using oxygen sensor feedback to determine fuel mix/",39.0,32
2026-09-13 13:30:35.401,694.75,18.0,2.15,24.71,14.51,18.82,-17.97,0.78,0.72,0.77,428.0,1.0,-0.82,0.0,65.0,41.0,100.0,5.0,12.9,"Closed loop, using oxygen sensor feedback to determine fuel mix/",39.0,32
2026-09-13 13:30:35.791,679.0,19.0,2.16,24.71,14.51,19.22,-14.84,0.78,0.1,0.8,428.0,1.0,-0.81,0.0,65.0,41.0,100.0,5.0,12.9,"Closed loop, using oxygen sensor feedback to determine fuel mix/",39.0,32
2026-09-13 13:30:36.155,691.25,17.0,2.14,24.71,14.51,18.82,-14.84,0.78,0.1,0.8,428.0,1.0,-0.83,0.0,65.0,41.0,100.0,5.0,12.9,"Closed loop, using oxygen sensor feedback to determine fuel mix/",39.0,32
2026-09-13 13:30:36.533,679.5,19.0,2.16,24.71,14.12,18.82,-14.06,0.78,0.12,0.79,428.0,1.0,-0.81,0.0,65.0,41.0,100.0,4.5,12.9,"Closed loop, using oxygen sensor feedback to determine fuel mix/",39.0,32
2026-09-13 13:30:37.125,701.0,19.0,2.12,24.71,14.12,18.43,-17.97,0.78,0.76,0.76,428.0,1.0,-0.81,0.0,65.0,41.0,100.0,4.5,12.9,"Closed loop, using oxygen sensor feedback to determine fuel mix/",39.0,32
2026-09-13 13:30:37.478,697.0,18.0,2.12,24.71,14.12,18.82,-17.97,0.78,0.79,0.76,428.0,1.0,-0.82,0.0,65.0,41.0,100.0,4.5,12.9,"Closed loop, using oxygen sensor feedback to determine fuel mix/",39.0,32
2026-09-13 13:30:37.862,692.5,18.0,2.13,24.71,14.51,18.82,-18.75,0.78,0.68,0.78,428.0,1.0,-0.82,0.0,65.0,41.0,100.0,4.5,12.9,"Closed loop, using oxygen sensor feedback to determine fuel mix/",39.0,32
2026-09-13 13:30:38.259,670.25,19.0,2.14,24.71,14.51,19.22,-14.84,0.78,0.1,0.8,428.0,1.0,-0.81,0.0,65.0,41.0,100.0,4.5,12.9,"Closed loop, using oxygen sensor feedback to determine fuel mix/",39.0,32
2026-09-13 13:30:38.629,685.0,18.0,2.14,24.71,14.51,18.82,-14.84,0.78,0.1,0.8,428.0,1.0,-0.82,0.0,65.0,41.0,100.0,4.5,12.8,"Closed loop, using oxygen sensor feedback to determine fuel mix/",39.0,33
2026-09-13 13:30:39.284,685.5,18.0,2.17,24.71,14.51,19.22,-14.06,0.78,0.26,0.76,428.0,1.0,-0.82,0.0,65.0,41.0,100.0,4.5,12.8,"Closed loop, using oxygen sensor feedback to determine fuel mix/",39.0,33
2026-09-13 13:30:39.719,694.25,18.0,2.16,24.71,14.51,19.22,-17.97,0.78,0.78,0.75,428.0,1.0,-0.82,0.0,65.0,41.0,100.0,4.5,12.8,"Closed loop, using oxygen sensor feedback to determine fuel mix/",39.0,33
2026-09-13 13:30:40.064,684.25,18.0,2.17,24.71,14.51,19.22,-17.97,0.78,0.76,0.77,428.0,1.0,-0.82,0.0,65.0,41.0,100.0,4.5,12.8,"Closed loop, using oxygen sensor feedback to determine fuel mix/",39.0,33
2026-09-13 13:30:40.447,684.5,19.0,2.21,24.71,14.51,19.61,-18.75,0.78,0.28,0.79,428.0,1.0,-0.81,0.0,65.0,41.0,100.0,4.5,12.8,"Closed loop, using oxygen sensor feedback to determine fuel mix/",39.0,33
2026-09-13 13:30:40.785,692.5,19.0,2.2,24.71,14.12,19.22,-14.84,0.78,0.09,0.8,428.0,1.0,-0.81,0.0,66.0,41.0,100.0,6.0,12.9,"Closed loop, using oxygen sensor feedback to determine fuel mix/",39.0,33
2026-09-13 13:30:41.390,696.5,19.0,2.13,24.31,14.12,18.82,-14.06,0.78,0.2,0.78,428.0,1.0,-0.81,0.0,66.0,41.0,100.0,6.0,12.9,"Closed loop, using oxygen sensor feedback to determine fuel mix/",39.0,33
2026-09-13 13:30:41.774,690.75,17.0,2.1,24.31,14.51,18.43,-17.97,0.78,0.76,0.74,428.0,1.0,-0.83,0.0,66.0,41.0,100.0,6.0,12.9,"Closed loop, using oxygen sensor feedback to determine fuel mix/",39.0,33
2026-09-13 13:30:42.157,689.75,18.0,2.14,24.71,14.51,18.82,-17.97,0.78,0.74,0.75,428.0,1.0,-0.82,0.0,66.0,41.0,100.0,6.0,12.9,"Closed loop, using oxygen sensor feedback to determine fuel mix/",39.0,33
2026-09-13 13:30:42.556,688.0,19.0,2.18,24.71,14.51,19.22,-14.84,0.78,0.13,0.78,428.0,1.0,-0.81,0.0,66.0,41.0,100.0,6.0,12.9,"Closed loop, using oxygen sensor feedback to determine fuel mix/",39.0,33
2026-09-13 13:30:42.925,691.25,19.0,2.17,24.71,14.12,18.82,-14.84,0.78,0.09,0.79,428.0,1.0,-0.81,0.0,66.0,41.0,100.0,4.0,13.0,"Closed loop, using oxygen sensor feedback to determine fuel mix/",39.0,33
2026-09-13 13:30:43.513,693.25,18.0,2.13,24.31,14.51,18.82,-14.06,0.78,0.24,0.77,428.0,1.0,-0.82,0.0,66.0,41.0,100.0,4.0,13.0,"Closed loop, using oxygen sensor feedback to determine fuel mix/",39.0,33
2026-09-13 13:30:43.898,684.5,19.0,2.42,27.45,15.29,25.1,-17.97,0.78,0.78,0.74,428.0,1.0,-0.81,0.0,66.0,41.0,100.0,4.0,13.0,"Closed loop, using oxygen sensor feedback to determine fuel mix/",39.0,33
2026-09-13 13:30:44.251,668.5,20.0,2.32,25.49,16.86,20.0,-17.97,0.78,0.12,0.75,428.0,1.0,-0.8,0.0,66.0,41.0,100.0,4.0,13.0,"Closed loop, using oxygen sensor feedback to determine fuel mix/",39.0,33
2026-09-13 13:30:44.615,700.5,23.0,2.93,27.06,16.86,25.88,-14.06,0.78,0.1,0.79,428.0,1.0,-0.77,0.0,66.0,41.0,100.0,4.0,13.0,"Closed loop, using oxygen sensor feedback to determine fuel mix/",39.0,33
2026-09-13 13:30:44.967,704.0,24.0,3.0,27.06,16.86,26.67,-14.06,0.78,0.07,0.78,429.0,1.0,-0.76,0.0,66.0,41.0,100.0,-6.5,12.8,"Closed loop, using oxygen sensor feedback to determine fuel mix/",39.0,33
2026-09-13 13:30:45.557,674.25,25.0,3.02,27.45,16.86,27.06,-13.28,0.78,0.06,0.7,429.0,1.0,-0.75,0.0,66.0,41.0,100.0,-6.5,12.8,"Closed loop, using oxygen sensor feedback to determine fuel mix/",39.0,33
2026-09-13 13:30:45.909,666.75,26.0,3.03,27.45,16.86,27.45,-12.5,0.78,0.07,0.52,429.0,1.0,-0.74,0.0,66.0,41.0,100.0,-6.5,12.8,"Closed loop, using oxygen sensor feedback to determine fuel mix/",39.0,33
2026-09-13 13:30:46.262,668.5,24.0,2.99,27.45,17.25,26.67,-12.5,0.78,0.06,0.2,430.0,1.0,-0.76,0.0,66.0,41.0,100.0,-6.5,12.8,"Closed loop, using oxygen sensor feedback to determine fuel mix/",39.0,33
2026-09-13 13:30:46.662,677.5,26.0,3.0,27.45,17.25,26.67,-10.94,0.78,0.07,0.12,430.0,1.0,-0.74,0.0,66.0,41.0,100.0,-6.5,12.8,"Closed loop, using oxygen sensor feedback to determine fuel mix/",39.0,33
2026-09-13 13:30:47.030,688.75,24.0,3.03,27.45,17.25,26.67,-10.16,0.78,0.06,0.1,430.0,1.0,-0.76,0.0,66.0,41.0,100.0,0.0,13.0,"Closed loop, using oxygen sensor feedback to determine fuel mix/",39.0,33
2026-09-13 13:30:47.652,691.25,25.0,3.03,27.45,17.25,26.67,-7.81,0.78,0.06,0.08,430.0,1.0,-0.75,0.0,66.0,41.0,100.0,0.0,13.0,"Closed loop, using oxygen sensor feedback to determine fuel mix/",39.0,33
2026-09-13 13:30:48.017,685.5,25.0,3.05,27.45,17.25,26.67,-7.03,0.78,0.06,0.07,431.0,1.0,-0.75,0.0,66.0,41.0,100.0,0.0,13.0,"Closed loop, using oxygen sensor feedback to determine fuel mix/",39.0,33
2026-09-13 13:30:48.358,693.0,24.0,3.04,27.45,17.25,27.06,-5.47,0.78,0.07,0.07,431.0,1.0,-0.76,0.0,66.0,41.0,100.0,0.0,13.0,"Closed loop, using oxygen sensor feedback to determine fuel mix/",39.0,33
2026-09-13 13:30:48.979,700.75,24.0,3.04,27.45,17.25,26.67,-3.91,0.78,0.07,0.07,431.0,1.0,-0.76,0.0,66.0,41.0,100.0,0.0,13.0,"Closed loop, using oxygen sensor feedback to determine fuel mix/",39.0,33
2026-09-13 13:30:49.329,687.25,25.0,3.04,27.45,17.25,27.06,-3.91,0.78,0.07,0.07,432.0,1.0,-0.75,0.0,66.0,40.0,100.0,-1.0,12.9,"Closed loop, using oxygen sensor feedback to determine fuel mix/",39.0,33
2026-09-13 13:30:49.936,690.0,25.0,3.04,27.45,17.25,27.06,-3.12,0.78,0.09,0.07,432.0,1.0,-0.75,0.0,66.0,40.0,100.0,-1.0,12.9,"Closed loop, using oxygen sensor feedback to determine fuel mix/",39.0,33
2026-09-13 13:30:50.318,703.0,25.0,3.01,27.45,16.86,26.27,-3.12,0.78,0.09,0.08,432.0,1.0,-0.75,0.0,66.0,40.0,100.0,-1.0,12.9,"Closed loop, using oxygen sensor feedback to determine fuel mix/",39.0,33
2026-09-13 13:30:50.684,690.25,24.0,3.0,27.45,17.25,26.27,-2.34,0.78,0.1,0.08,433.0,1.0,-0.76,0.0,66.0,40.0,100.0,-1.0,12.9,"Closed loop, using oxygen sensor feedback to determine fuel mix/",39.0,33
2026-09-13 13:30:51.067,697.0,24.0,2.99,27.45,17.25,26.27,-2.34,0.78,0.12,0.09,433.0,1.0,-0.76,0.0,66.0,40.0,100.0,-1.0,12.9,"Closed loop, using oxygen sensor feedback to determine fuel mix/",39.0,33
2026-09-13 13:30:51.438,710.25,25.0,2.98,27.45,17.25,26.27,-1.56,0.78,0.15,0.09,433.0,1.0,-0.75,1.0,66.0,40.0,100.0,-1.0,13.0,"Closed loop, using oxygen sensor feedback to determine fuel mix/",39.0,33
2026-09-13 13:30:51.992,710.75,23.0,3.02,27.45,17.25,,-10.94,0.78,0.64,0.11,434.0,1.0,-0.77,1.0,66.0,40.0,100.0,-1.0,13.0,"Closed loop, using oxygen sensor feedback to determine fuel mix/",39.0,33
2026-09-13 13:30:52.333,688.5,25.0,3.01,27.45,16.86,26.67,-7.03,,0.1,0.13,434.0,1.0,-0.75,1.0,66.0,40.0,100.0,-1.0,13.0,"Closed loop, using oxygen sensor feedback to determine fuel mix/",39.0,33
2026-09-13 13:30:52.663,697.25,25.0,2.99,27.45,16.86,25.88,-7.03,0.78,0.07,0.15,434.0,1.0,-0.75,1.0,66.0,40.0,100.0,-1.0,13.0,"Closed loop, using oxygen sensor feedback to determine fuel mix/",39.0,33
2026-09-13 13:30:53.016,693.0,25.0,2.98,27.45,16.86,26.27,-7.03,0.78,0.07,0.1,435.0,1.0,-0.75,1.0,66.0,40.0,100.0,-1.0,13.0,"Closed loop, using oxygen sensor feedback to determine fuel mix/",39.0,33
2026-09-13 13:30:53.365,688.0,25.0,3.01,27.45,17.25,26.67,-6.25,0.78,0.07,0.07,435.0,1.0,-0.75,0.0,66.0,40.0,100.0,1.0,12.8,"Closed loop, using oxygen sensor feedback to determine fuel mix/",39.0,33
2026-09-13 13:30:54.005,697.75,25.0,3.08,27.45,17.25,26.67,-5.47,0.78,0.07,0.07,436.0,1.0,-0.75,0.0,66.0,40.0,100.0,1.0,12.8,"Closed loop, using oxygen sensor feedback to determine fuel mix/",39.0,33
2026-09-13 13:30:54.405,705.5,25.0,3.07,27.45,17.25,26.67,-4.69,0.78,0.08,0.07,436.0,1.0,-0.75,0.0,66.0,40.0,100.0,1.0,12.8,"Closed loop, using oxygen sensor feedback to determine fuel mix/",39.0,33
2026-09-13 13:30:54.774,702.75,24.0,3.08,27.45,17.25,27.06,-3.91,0.78,0.08,0.07,436.0,1.0,-0.76,0.0,66.0,40.0,100.0,1.0,12.8,"Closed loop, using oxygen sensor feedback to determine fuel mix/",39.0,33
2026-09-13 13:30:55.125,729.75,24.0,3.1,27.45,17.25,27.06,-3.12,0.78,0.08,0.07,436.0,1.0,-0.76,0.0,66.0,40.0,100.0,1.0,12.8,"Closed loop, using oxygen sensor feedback to determine fuel mix/",39.0,33
2026-09-13 13:30:55.494,721.75,23.0,3.12,27.45,17.25,27.06,-1.56,0.78,0.1,0.07,437.0,1.0,-0.77,2.0,66.0,40.0,100.0,0.5,13.0,"Closed loop, using oxygen sensor feedback to determine fuel mix/",39.0,33
2026-09-13 13:30:56.033,727.0,23.0,3.12,27.45,17.25,27.06,-7.81,0.78,0.72,0.08,437.0,1.0,-0.77,2.0,66.0,40.0,100.0,0.5,13.0,"Closed loop, using oxygen sensor feedback to determine fuel mix/",39.0,33
2026-09-13 13:30:56.386,720.25,24.0,3.15,27.45,17.25,27.06,-7.81,0.78,0.72,0.1,437.0,1.0,-0.76,2.0,66.0,40.0,100.0,0.5,13.0,"Closed loop, using oxygen sensor feedback to determine fuel mix/",39.0,33
2026-09-13 13:30:56.737,721.75,23.0,3.12,27.45,17.25,26.67,-3.91,0.78,0.08,0.14,437.0,1.0,-0.77,2.0,66.0,40.0,100.0,0.5,13.0,"Closed loop, using oxygen sensor feedback to determine fuel mix/",39.0,33
2026-09-13 13:30:57.104,747.25,22.0,3.09,27.45,17.25,26.67,-3.91,0.78,0.1,0.13,438.0,1.0,-0.78,2.0,66.0,40.0,100.0,0.5,13.0,"Closed loop, using oxygen sensor feedback to determine fuel mix/",39.0,33
2026-09-13 13:30:57.503,743.75,23.0,3.09,27.45,17.25,26.27,-3.12,0.78,0.17,0.1,438.0,1.0,-0.77,3.0,67.0,40.0,100.0,-1.0,13.0,"Closed loop, using oxygen sensor feedback to determine fuel mix/",39.0,33
2026-09-13 13:30:58.161,737.5,23.0,3.07,27.45,17.25,26.27,-7.03,0.78,0.65,0.12,438.0,1.0,-0.77,3.0,67.0,40.0,100.0,-1.0,13.0,"Closed loop, using oxygen sensor feedback to determine fuel mix/",39.0,33
2026-09-13 13:30:58.692,744.25,23.0,3.07,27.45,17.25,26.27,-3.12,0.78,0.11,0.17,439.0,1.0,-0.77,3.0,67.0,40.0,100.0,-1.0,13.0,"Closed loop, using oxygen sensor feedback to determine fuel mix/",39.0,33
2026-09-13 13:30:59.037,747.75,22.0,3.06,27.45,17.25,25.88,-3.12,0.78,0.69,0.18,439.0,1.0,-0.78,3.0,67.0,40.0,100.0,-1.0,13.0,"Closed loop, using oxygen sensor feedback to determine fuel mix/",39.0,33
2026-09-13 13:30:59.404,737.75,22.0,3.05,27.45,17.25,25.88,-7.03,0.78,0.75,0.15,439.0,1.0,-0.78,3.0,67.0,40.0,100.0,-1.0,13.0,"Closed loop, using oxygen sensor feedback to determine fuel mix/",39.0,33
2026-09-13 13:30:59.754,737.25,23.0,3.05,27.45,17.25,26.27,-3.12,0.78,0.14,0.18,440.0,1.0,-0.77,,67.0,40.0,100.0,-0.5,13.0,"Closed loop, using oxygen sensor feedback to determine fuel mix/",39.0,33
2026-09-13 13:31:00.375,739.5,23.0,3.06,27.45,16.86,26.27,-3.12,0.78,0.74,0.25,440.0,1.0,-0.77,,67.0,40.0,100.0,-0.5,13.0,"Closed loop, using oxygen sensor feedback to determine fuel mix/",39.0,33
2026-09-13 13:31:00.757,738.75,24.0,3.03,27.45,16.86,25.88,-7.03,0.78,0.77,0.27,440.0,1.0,-0.76,,67.0,40.0,100.0,-0.5,13.0,"Closed loop, using oxygen sensor feedback to determine fuel mix/",39.0,33
2026-09-13 13:31:01.128,738.0,22.0,3.03,27.45,16.86,25.88,-7.03,0.78,0.73,0.33,441.0,1.0,-0.78,,67.0,40.0,100.0,-0.5,13.0,"Closed loop, using oxygen sensor feedback to determine fuel mix/",39.0,33
2026-09-13 13:31:01.511,727.5,22.0,3.01,27.45,16.86,25.88,-3.91,0.78,0.23,0.43,441.0,1.0,-0.78,,67.0,40.0,100.0,-0.5,13.0,"Closed loop, using oxygen sensor feedback to determine fuel mix/",39.0,33
2026-09-13 13:31:01.880,728.5,23.0,2.99,27.06,16.86,25.88,-3.91,0.78,0.13,0.53,441.0,1.0,-0.77,1.0,67.0,40.0,100.0,1.0,12.9,"Closed loop, using oxygen sensor feedback to determine fuel mix/",39.0,33
2026-09-13 13:31:02.503,712.75,23.0,2.92,27.06,16.86,25.1,-7.81,0.78,0.75,0.57,442.0,1.0,-0.77,1.0,67.0,40.0,100.0,1.0,12.9,"Closed loop, using oxygen sensor feedback to determine fuel mix/",39.0,33
2026-09-13 13:31:02.854,705.75,23.0,2.88,27.06,16.86,25.1,-7.81,0.78,0.66,0.62,442.0,1.0,-0.77,1.0,67.0,40.0,100.0,1.0,12.9,"Closed loop, using oxygen sensor feedback to determine fuel mix/",39.0,33
2026-09-13 13:31:03.239,694.0,24.0,2.91,27.06,16.47,25.49,-4.69,0.78,0.1,0.69,442.0,1.0,-0.76,1.0,67.0,40.0,100.0,1.0,12.9,"Closed loop, using oxygen sensor feedback to determine fuel mix/",39.0,33
2026-09-13 13:31:03.637,704.0,24.0,2.86,27.06,16.47,25.1,-4.69,0.78,0.14,0.71,442.0,1.0,-0.76,1.0,67.0,40.0,100.0,1.0,12.9,"Closed loop, using oxygen sensor feedback to determine fuel mix/",39.0,33
2026-09-13 13:31:04.004,696.25,23.0,2.83,27.06,,25.1,-7.81,0.78,0.76,0.69,443.0,1.0,-0.77,0.0,67.0,40.0,100.0,-2.0,12.9,"Closed loop, using oxygen sensor feedback to determine fuel mix/",39.0,33
2026-09-13 13:31:04.578,691.0,24.0,2.82,26.67,16.47,25.1,-7.81,0.78,0.4,0.72,443.0,1.0,-0.76,0.0,67.0,40.0,100.0,-2.0,12.9,"Closed loop, using oxygen sensor feedback to determine fuel mix/",39.0,33
2026-09-13 13:31:04.961,694.0,22.0,2.81,26.67,16.47,24.71,-4.69,0.78,0.1,0.75,443.0,1.0,-0.78,0.0,67.0,40.0,100.0,-2.0,12.9,"Closed loop, using oxygen sensor feedback to determine fuel mix/",39.0,33
2026-09-13 13:31:05.329,690.0,22.0,2.77,26.67,16.47,24.71,-4.69,0.78,0.68,0.74,443.0,1.0,-0.78,0.0,67.0,40.0,100.0,-2.0,12.9,"Closed loop, using oxygen sensor feedback to determine fuel mix/",39.0,33
2026-09-13 13:31:05.711,686.0,24.0,2.76,26.67,16.47,24.31,-8.59,0.78,0.77,0.72,443.0,1.0,-0.76,0.0,67.0,40.0,100.0,-2.0,12.9,"Closed loop, using oxygen sensor feedback to determine fuel mix/",39.0,33
2026-09-13 13:31:06.047,691.25,22.0,2.76,26.67,16.47,24.31,-8.59,0.78,0.35,0.74,443.0,1.0,-0.78,0.0,67.0,40.0,100.0,-2.0,12.9,"Closed loop, using oxygen sensor feedback to determine fuel mix/",39.0,33
2026-09-13 13:31:06.857,688.0,23.0,2.73,26.67,16.47,24.31,-8.59,0.78,0.73,0.76,444.0,1.0,-0.77,0.0,67.0,40.0,100.0,-2.0,12.9,"Closed loop, using oxygen sensor feedback to determine fuel mix/",39.0,33
2026-09-13 13:31:07.215,679.0,22.0,2.75,26.67,16.47,24.31,-8.59,0.78,0.76,0.73,444.0,1.0,-0.78,0.0,67.0,40.0,100.0,-2.0,12.9,"Closed loop, using oxygen sensor feedback to determine fuel mix/",39.0,33
2026-09-13 13:31:07.600,684.0,23.0,2.74,26.67,16.47,24.31,-4.69,0.78,0.15,0.77,444.0,1.0,-0.77,0.0,67.0,40.0,100.0,-2.0,12.9,"Closed loop, using oxygen sensor feedback to determine fuel mix/",39.0,33
2026-09-13 13:31:07.966,674.75,22.0,2.76,26.67,16.47,24.71,-4.69,0.78,0.11,0.79,444.0,1.0,-0.78,0.0,67.0,40.0,100.0,-2.0,12.9,"Closed loop, using oxygen sensor feedback to determine fuel mix/",39.0,33
2026-09-13 13:31:08.353,688.0,23.0,2.75,26.67,16.47,24.31,-8.59,0.78,0.74,0.77,444.0,1.0,-0.77,0.0,67.0,40.0,100.0,1.5,12.9,"Closed loop, using oxygen sensor feedback to determine fuel mix/",39.0,33
2026-09-13 13:31:08.958,679.0,23.0,2.72,25.49,13.73,23.53,-8.59,0.78,0.68,0.77,444.0,1.0,-0.77,0.0,67.0,40.0,100.0,1.5,12.9,"Closed loop, using oxygen sensor feedback to determine fuel mix/",39.0,33
2026-09-13 13:31:09.359,656.75,19.0,2.03,23.92,13.33,18.04,-5.47,0.78,0.64,0.79,444.0,1.0,-0.81,0.0,67.0,40.0,100.0,1.5,12.9,"Closed loop, using oxygen sensor feedback to determine fuel mix/",39.0,33
2026-09-13 13:31:09.741,675.75,17.0,1.99,23.92,13.33,17.65,-9.38,0.78,0.82,0.79,444.0,1.0,-0.83,0.0,67.0,40.0,100.0,1.5,12.9,"Closed loop, using oxygen sensor feedback to determine fuel mix/",39.0,33
2026-09-13 13:31:10.110,678.5,18.0,1.95,23.92,13.33,17.25,-9.38,0.78,0.86,0.78,444.0,1.0,-0.82,0.0,67.0,40.0,100.0,1.5,12.9,"Closed loop, using oxygen sensor feedback to determine fuel mix/",39.0,33
2026-09-13 13:31:10.477,679.0,17.0,1.87,23.92,13.33,16.86,-10.16,0.78,0.88,0.81,444.0,1.0,-0.83,0.0,67.0,40.0,100.0,8.5,12.9,"Closed loop, using oxygen sensor feedback to determine fuel mix/",39.0,33
2026-09-13 13:31:11.101,676.25,17.0,1.83,23.53,13.33,16.08,-10.94,0.78,0.88,0.86,443.0,1.0,-0.83,0.0,67.0,40.0,100.0,8.5,12.9,"Closed loop, using oxygen sensor feedback to determine fuel mix/",39.0,33
2026-09-13 13:31:11.468,683.5,17.0,1.84,23.53,13.33,16.47,-10.94,0.78,0.88,0.88,443.0,1.0,-0.83,0.0,67.0,40.0,100.0,8.5,12.9,"Closed loop, using oxygen sensor feedback to determine fuel mix/",39.0,33
2026-09-13 13:31:11.838,685.75,18.0,1.86,23.53,13.33,16.47,-12.5,0.78,0.87,0.88,443.0,1.0,-0.82,0.0,67.0,40.0,100.0,8.5,12.9,"Closed loop, using oxygen sensor feedback to determine fuel mix/",39.0,33
2026-09-13 13:31:12.205,686.0,17.0,1.87,23.53,13.33,16.47,-13.28,0.78,0.86,0.88,443.0,1.0,-0.83,0.0,67.0,40.0,100.0,8.5,12.9,"Closed loop, using oxygen sensor feedback to determine fuel mix/",39.0,33
2026-09-13 13:31:12.586,679.75,18.0,1.85,23.53,13.33,16.47,-14.84,0.78,0.85,0.88,442.0,1.0,-0.82,0.0,68.0,40.0,100.0,8.0,13.0,"Closed loop, using oxygen sensor feedback to determine fuel mix/",39.0,33
2026-09-13 13:31:13.210,678.25,17.0,1.87,23.53,13.33,16.86,-17.19,0.78,0.84,0.86,442.0,1.0,-0.83,0.0,68.0,40.0,100.0,8.0,13.0,"Closed loop, using oxygen sensor feedback to determine fuel mix/",39.0,33
2026-09-13 13:31:13.592,680.25,18.0,1.87,23.53,13.33,16.47,-17.97,0.78,0.81,0.86,442.0,1.0,-0.82,0.0,68.0,40.0,100.0,8.0,13.0,"Closed loop, using oxygen sensor feedback to determine fuel mix/",39.0,33
2026-09-13 13:31:13.961,678.25,18.0,1.89,23.53,13.33,16.47,-18.75,0.78,0.79,0.85,442.0,1.0,-0.82,0.0,68.0,40.0,100.0,8.0,13.0,"Closed loop, using oxygen sensor feedback to determine fuel mix/",39.0,33
2026-09-13 13:31:14.342,675.25,18.0,1.89,23.53,13.33,16.86,-18.75,0.78,0.76,0.84,441.0,1.0,-0.82,0.0,68.0,40.0,100.0,8.0,13.0,"Closed loop, using oxygen sensor feedback to determine fuel mix/",39.0,33
2026-09-13 13:31:14.711,671.0,18.0,1.89,23.53,13.33,16.86,-19.53,0.78,0.7,0.83,441.0,1.0,-0.82,0.0,68.0,40.0,100.0,12.0,13.0,"Closed loop, using oxygen sensor feedback to determine fuel mix/",39.0,33
2026-09-13 13:31:15.334,675.75,17.0,1.89,23.53,13.33,16.86,-10.94,0.78,0.09,0.81,441.0,1.0,-0.83,0.0,68.0,40.0,100.0,12.0,13.0,"Closed loop, using oxygen sensor feedback to determine fuel mix/",39.0,33
2026-09-13 13:31:15.718,684.25,18.0,1.89,23.53,13.33,16.86,-10.94,0.78,0.21,0.81,441.0,1.0,-0.82,0.0,68.0,40.0,100.0,12.0,13.0,"Closed loop, using oxygen sensor feedback to determine fuel mix/",39.0,33
2026-09-13 13:31:16.100,684.25,17.0,1.91,23.53,13.33,16.86,-14.84,0.78,0.8,0.8,440.0,1.0,-0.83,0.0,68.0,40.0,100.0,12.0,13.0,"Closed loop, using oxygen sensor feedback to determine fuel mix/",39.0,33
2026-09-13 13:31:16.587,678.75,17.0,1.9,23.53,13.33,16.86,-15.62,0.78,0.81,0.79,440.0,1.0,-0.83,0.0,68.0,40.0,100.0,12.0,13.0,"Closed loop, using oxygen sensor feedback to determine fuel mix/",39.0,33
2026-09-13 13:31:16.962,683.75,17.0,1.9,23.53,13.33,16.86,-15.62,0.78,0.81,0.81,440.0,1.0,-0.83,0.0,68.0,41.0,100.0,10.0,13.0,"Closed loop, using oxygen sensor feedback to determine fuel mix/",39.0,33
2026-09-13 13:31:17.648,677.25,17.0,1.91,23.53,13.33,16.86,-16.41,0.78,0.81,0.82,440.0,1.0,-0.83,0.0,68.0,41.0,100.0,10.0,13.0,"Closed loop, using oxygen sensor feedback to determine fuel mix/",39.0,33
2026-09-13 13:31:18.074,683.5,17.0,1.91,23.53,13.33,16.86,-17.97,0.78,0.8,0.82,439.0,1.0,-0.83,0.0,68.0,41.0,100.0,10.0,13.0,"Closed loop, using oxygen sensor feedback to determine fuel mix/",39.0,33
2026-09-13 13:31:18.448,679.5,17.0,1.92,23.53,13.33,16.86,-17.97,0.78,0.8,0.82,439.0,1.0,-0.83,0.0,68.0,41.0,100.0,10.0,13.0,"Closed loop, using oxygen sensor feedback to determine fuel mix/",39.0,33
2026-09-13 13:31:18.829,673.0,18.0,1.91,23.53,13.33,17.25,-19.53,0.78,0.8,0.82,439.0,1.0,-0.82,0.0,68.0,41.0,100.0,10.0,13.0,"Closed loop, using oxygen sensor feedback to determine fuel mix/",39.0,33
2026-09-13 13:31:19.230,675.25,17.0,1.92,23.53,13.33,17.25,-20.31,0.78,0.77,0.82,439.0,1.0,-0.83,0.0,68.0,41.0,100.0,8.5,13.0,"Closed loop, using oxygen sensor feedback to determine fuel mix/",39.0,33
2026-09-13 13:31:19.820,671.75,18.0,1.93,23.92,13.33,17.25,-23.44,0.78,0.64,0.82,438.0,1.0,-0.82,0.0,68.0,41.0,100.0,8.5,13.0,"Closed loop, using oxygen sensor feedback to determine fuel mix/",39.0,33
2026-09-13 13:31:20.207,673.0,17.0,1.94,23.92,13.33,17.25,-14.84,0.78,0.09,0.81,438.0,1.0,-0.83,0.0,68.0,41.0,100.0,8.5,13.0,"Closed loop, using oxygen sensor feedback to determine fuel mix/",39.0,33
2026-09-13 13:31:20.589,674.0,18.0,1.92,23.92,13.33,17.25,-14.84,0.78,0.09,0.81,438.0,1.0,-0.82,0.0,68.0,41.0,100.0,8.5,13.0,"Closed loop, using oxygen sensor feedback to determine fuel mix/",39.0,33
2026-09-13 13:31:20.956,677.5,17.0,1.93,23.92,13.33,17.25,-14.06,0.78,0.17,0.79,438.0,1.0,-0.83,0.0,68.0,41.0,100.0,8.5,13.0,"Closed loop, using oxygen sensor feedback to determine fuel mix/",39.0,33
2026-09-13 13:31:21.321,684.0,18.0,1.94,23.92,13.33,17.25,-17.97,0.78,0.79,0.77,438.0,1.0,-0.82,0.0,68.0,41.0,100.0,7.5,13.0,"Closed loop, using oxygen sensor feedback to determine fuel mix/",39.0,33
2026-09-13 13:31:21.960,677.75,18.0,1.94,23.92,13.33,17.25,-18.75,0.78,0.81,0.78,437.0,1.0,-0.82,0.0,68.0,41.0,100.0,7.5,13.0,"Closed loop, using oxygen sensor feedback to determine fuel mix/",39.0,33
2026-09-13 13:31:22.343,668.5,18.0,1.94,23.92,13.33,17.25,-18.75,0.78,0.78,0.81,437.0,1.0,-0.82,0.0,68.0,41.0,100.0,7.5,13.0,"Closed loop, using oxygen sensor feedback to determine fuel mix/",39.0,33
2026-09-13 13:31:22.712,676.75,18.0,1.94,23.53,13.33,17.25,-19.53,0.78,0.76,0.81,437.0,1.0,-0.82,0.0,68.0,41.0,100.0,7.5,13.0,"Closed loop, using oxygen sensor feedback to determine fuel mix/",39.0,33
2026-09-13 13:31:23.062,682.0,17.0,1.94,23.53,13.33,17.25,-19.53,0.78,0.74,0.81,437.0,1.0,-0.83,0.0,68.0,41.0,100.0,7.5,13.0,"Closed loop, using oxygen sensor feedback to determine fuel mix/",39.0,33
2026-09-13 13:31:23.462,674.75,18.0,1.95,23.92,13.33,17.25,-21.09,0.78,0.74,0.81,436.0,1.0,-0.82,0.0,68.0,41.0,100.0,8.5,13.0,"Closed loop, using oxygen sensor feedback to determine fuel mix/",39.0,33
2026-09-13 13:31:24.084,671.0,18.0,1.95,23.92,13.33,17.25,-21.88,0.78,0.33,0.81,436.0,1.0,-0.82,0.0,68.0,41.0,100.0,8.5,13.0,"Closed loop, using oxygen sensor feedback to determine fuel mix/",39.0,33
2026-09-13 13:31:24.558,687.75,17.0,1.96,23.92,13.33,17.25,-16.41,0.78,0.1,0.8,436.0,1.0,-0.83,0.0,68.0,41.0,100.0,8.5,13.0,"Closed loop, using oxygen sensor feedback to determine fuel mix/",39.0,33
2026-09-13 13:31:24.932,685.0,17.0,1.96,23.92,13.33,17.25,-15.62,0.78,0.29,0.79,436.0,1.0,-0.83,0.0,68.0,41.0,100.0,8.5,13.0,"Closed loop, using oxygen sensor feedback to determine fuel mix/",39.0,33
2026-09-13 13:31:25.297,686.0,17.0,1.95,23.92,13.33,17.25,-19.53,0.78,0.78,0.78,436.0,1.0,-0.83,0.0,68.0,41.0,100.0,8.5,13.0,"Closed loop, using oxygen sensor feedback to determine fuel mix/",39.0,33
2026-09-13 13:31:25.680,680.0,17.0,1.95,23.92,13.33,17.25,-19.53,0.78,0.78,0.77,435.0,1.0,-0.83,0.0,69.0,41.0,100.0,9.5,13.0,"Closed loop, using oxygen sensor feedback to determine fuel mix/",39.0,33
2026-09-13 13:31:26.271,659.75,17.0,1.96,23.92,13.33,17.65,-20.31,0.78,0.73,0.8,435.0,1.0,-0.83,0.0,69.0,41.0,100.0,9.5,13.0,"Closed loop, using oxygen sensor feedback to determine fuel mix/",39.0,33
2026-09-13 13:31:26.591,668.75,19.0,1.96,23.92,13.33,17.25,-21.09,0.78,0.6,0.81,435.0,1.0,-0.81,0.0,69.0,41.0,100.0,9.5,13.0,"Closed loop, using oxygen sensor feedback to determine fuel mix/",39.0,33
2026-09-13 13:31:26.978,672.75,18.0,1.98,23.92,13.33,17.65,-17.19,0.78,0.11,0.8,435.0,1.0,-0.82,0.0,69.0,41.0,100.0,9.5,13.0,"Closed loop, using oxygen sensor feedback to determine fuel mix/",39.0,33
2026-09-13 13:31:27.374,681.75,17.0,1.96,23.92,13.33,17.25,-17.19,0.78,0.17,0.8,435.0,1.0,-0.83,0.0,69.0,41.0,100.0,9.5,13.0,"Closed loop, using oxygen sensor feedback to determine fuel mix/",39.0,33
2026-09-13 13:31:27.741,681.5,18.0,1.96,23.92,13.33,17.25,-20.31,0.78,0.75,0.79,434.0,1.0,-0.82,0.0,69.0,41.0,100.0,9.0,13.0,"Closed loop, using oxygen sensor feedback to determine fuel mix/",39.0,33
2026-09-13 13:31:28.380,684.25,17.0,1.96,23.92,13.33,17.25,-21.09,0.78,0.72,0.78,434.0,1.0,-0.83,0.0,69.0,41.0,100.0,9.0,13.0,"Closed loop, using oxygen sensor feedback to determine fuel mix/",39.0,33
2026-09-13 13:31:28.747,687.25,17.0,1.96,23.53,13.33,17.25,-21.09,0.78,0.64,0.79,434.0,1.0,-0.83,0.0,69.0,41.0,100.0,9.0,13.0,"Closed loop, using oxygen sensor feedback to determine fuel mix/",39.0,33
2026-09-13 13:31:29.098,684.0,17.0,1.96,23.92,13.33,17.65,-17.19,0.78,0.12,0.79,434.0,1.0,-0.83,0.0,69.0,41.0,100.0,9.0,13.0,"Closed loop, using oxygen sensor feedback to determine fuel mix/",39.0,33
2026-09-13 13:31:29.468,685.75,18.0,1.97,23.53,13.33,17.25,-17.19,0.78,0.12,0.79,434.0,1.0,-0.82,0.0,69.0,41.0,100.0,9.0,13.0,"Closed loop, using oxygen sensor feedback to determine fuel mix/",39.0,33
2026-09-13 13:31:29.851,688.75,17.0,1.96,23.92,13.33,17.25,-16.41,0.78,0.71,0.78,434.0,1.0,-0.83,0.0,69.0,41.0,100.0,6.5,13.0,"Closed loop, using oxygen sensor feedback to determine fuel mix/",39.0,33
2026-09-13 13:31:30.474,681.75,18.0,1.95,23.92,13.33,17.25,-20.31,0.78,0.77,0.78,433.0,1.0,-0.82,0.0,69.0,41.0,100.0,6.5,13.0,"Closed loop, using oxygen sensor feedback to determine fuel mix/",39.0,33
2026-09-13 13:31:30.856,675.75,17.0,1.96,23.92,13.33,17.25,-21.09,0.78,0.74,0.79,433.0,1.0,-0.83,0.0,69.0,41.0,100.0,6.5,13.0,"Closed loop, using oxygen sensor feedback to determine fuel mix/",39.0,33
2026-09-13 13:31:31.223,675.25,18.0,1.96,23.92,13.33,17.25,-21.09,0.78,0.7,0.8,433.0,1.0,-0.82,0.0,69.0,41.0,100.0,6.5,13.0,"Closed loop, using oxygen sensor feedback to determine fuel mix/",39.0,33
2026-09-13 13:31:31.606,683.5,17.0,1.96,23.92,13.33,17.25,-17.97,0.78,0.17,0.8,433.0,1.0,-0.83,0.0,69.0,41.0,100.0,6.5,13.0,"Closed loop, using oxygen sensor feedback to determine fuel mix/",39.0,33
2026-09-13 13:31:31.973,685.25,17.0,1.96,23.92,13.33,17.25,-17.97,0.78,0.1,0.8,433.0,1.0,-0.83,0.0,69.0,41.0,100.0,7.0,13.0,"Closed loop, using oxygen sensor feedback to determine fuel mix/",39.0,33
2026-09-13 13:31:32.581,680.0,18.0,1.96,23.92,13.33,17.25,-17.19,0.78,0.12,0.78,432.0,1.0,-0.82,0.0,69.0,41.0,100.0,7.0,13.0,"Closed loop, using oxygen sensor feedback to determine fuel mix/",39.0,33
2026-09-13 13:31:32.947,681.75,17.0,1.96,23.92,13.33,17.25,-21.09,0.78,0.71,0.77,432.0,1.0,-0.83,0.0,69.0,41.0,100.0,7.0,13.0,"Closed loop, using oxygen sensor feedback to determine fuel mix/",39.0,33
2026-09-13 13:31:33.300,671.75,18.0,1.96,23.92,13.33,17.25,-21.09,0.78,0.76,0.76,432.0,1.0,-0.82,0.0,69.0,41.0,100.0,7.0,13.0,"Closed loop, using oxygen sensor feedback to determine fuel mix/",39.0,33
2026-09-13 13:31:33.653,667.75,17.0,1.97,23.92,13.33,17.65,-21.88,0.78,0.71,0.77,432.0,1.0,-0.83,0.0,69.0,41.0,100.0,7.0,13.0,"Closed loop, using oxygen sensor feedback to determine fuel mix/",39.0,33
2026-09-13 13:31:34.017,674.5,17.0,1.97,23.92,13.33,17.25,-21.88,0.78,0.7,0.79,432.0,1.0,-0.83,0.0,69.0,41.0,100.0,9.5,13.0,"Closed loop, using oxygen sensor feedback to determine fuel mix/",39.0,33
2026-09-13 13:31:34.772,688.75,17.0,1.96,23.92,13.33,17.25,1.56,0.78,0.76,0.79,432.0,1.0,-0.83,0.0,69.0,41.0,100.0,9.5,13.0,"Closed loop, using oxygen sensor feedback to determine fuel mix/",39.0,33
2026-09-13 13:31:35.136,690.5,17.0,1.96,23.53,13.33,17.25,-1.56,0.78,0.88,0.78,431.0,1.0,-0.83,0.0,69.0,41.0,100.0,9.5,13.0,"Closed loop, using oxygen sensor feedback to determine fuel mix/",39.0,33
2026-09-13 13:31:35.487,692.5,17.0,1.96,23.53,13.33,17.25,-1.56,0.78,0.9,0.78,431.0,1.0,-0.83,0.0,69.0,41.0,100.0,9.5,13.0,"Closed loop, using oxygen sensor feedback to determine fuel mix/",39.0,33
2026-09-13 13:31:35.806,688.5,17.0,1.95,23.53,13.33,17.25,-2.34,0.78,0.91,0.83,431.0,1.0,-0.83,0.0,69.0,41.0,100.0,9.5,13.0,"Closed loop, using oxygen sensor feedback to determine fuel mix/",39.0,33
2026-09-13 13:31:36.245,688.25,18.0,1.95,23.53,13.33,17.25,-2.34,0.78,0.91,0.89,431.0,1.0,-0.82,0.0,69.0,41.0,100.0,5.5,13.0,"Closed loop, using oxygen sensor feedback to determine fuel mix/",39.0,33
2026-09-13 13:31:36.877,687.0,18.0,1.95,23.53,13.33,17.25,-3.91,0.78,0.9,0.9,431.0,1.0,-0.82,0.0,69.0,41.0,100.0,5.5,13.0,"Closed loop, using oxygen sensor feedback to determine fuel mix/",39.0,33
2026-09-13 13:31:37.261,686.25,17.0,1.94,23.53,13.33,17.25,-5.47,0.78,0.9,0.9,431.0,1.0,-0.83,0.0,69.0,41.0,100.0,5.5,13.0,"Closed loop, using oxygen sensor feedback to determine fuel mix/",39.0,33
2026-09-13 13:31:37.629,683.25,18.0,1.94,23.53,13.33,17.25,-5.47,0.78,0.9,0.91,431.0,1.0,-0.82,0.0,69.0,41.0,100.0,5.5,13.0,"Closed loop, using oxygen sensor feedback to determine fuel mix/",39.0,33
2026-09-13 13:31:37.982,680.5,18.0,1.94,23.53,13.33,17.25,-7.03,0.78,0.9,0.91,430.0,1.0,-0.82,0.0,69.0,41.0,100.0,5.5,13.0,"Closed loop, using oxygen sensor feedback to determine fuel mix/",39.0,33
2026-09-13 13:31:38.318,684.25,17.0,1.94,23.53,13.33,17.25,-7.81,0.78,0.9,0.9,430.0,1.0,-0.83,0.0,69.0,41.0,100.0,6.0,13.0,"Closed loop, using oxygen sensor feedback to determine fuel mix/",39.0,33
2026-09-13 13:31:38.941,679.5,17.0,1.94,23.53,13.33,17.25,-10.16,0.78,0.89,0.9,430.0,1.0,-0.83,0.0,69.0,41.0,100.0,6.0,13.0,"Closed loop, using oxygen sensor feedback to determine fuel mix/",39.0,33
2026-09-13 13:31:39.327,680.25,18.0,1.94,23.53,13.33,17.25,-10.94,0.78,0.89,0.9,430.0,1.0,-0.82,0.0,69.0,41.0,100.0,6.0,13.0,"Closed loop, using oxygen sensor feedback to determine fuel mix/",39.0,33
2026-09-13 13:31:39.724,682.5,18.0,1.94,23.53,13.33,17.25,-11.72,0.78,0.88,0.89,430.0,1.0,-0.82,0.0,69.0,41.0,100.0,6.0,13.0,"Closed loop, using oxygen sensor feedback to determine fuel mix/",39.0,33
2026-09-13 13:31:40.124,673.5,17.0,1.94,23.53,13.33,17.25,-12.5,0.78,0.88,0.89,430.0,1.0,-0.83,0.0,69.0,41.0,100.0,6.0,13.0,"Closed loop, using oxygen sensor feedback to determine fuel mix/",39.0,33
2026-09-13 13:31:40.494,669.5,18.0,1.94,23.53,13.33,17.25,-12.5,0.78,0.87,0.88,430.0,1.0,-0.82,0.0,69.0,41.0,100.0,6.5,13.0,"Closed loop, using oxygen sensor feedback to determine fuel mix/",39.0,33
2026-09-13 13:31:41.118,680.25,17.0,1.94,23.53,13.33,17.25,-13.28,0.78,0.87,0.87,429.0,1.0,-0.83,0.0,69.0,41.0,100.0,6.5,13.0,"Closed loop, using oxygen sensor feedback to determine fuel mix/",39.0,33
2026-09-13 13:31:41.469,677.75,18.0,1.94,23.53,13.33,17.25,-13.28,0.78,0.86,0.86,429.0,1.0,-0.82,0.0,69.0,41.0,100.0,6.5,13.0,"Closed loop, using oxygen sensor feedback to determine fuel mix/",39.0,33
2026-09-13 13:31:41.787,676.0,18.0,1.94,23.53,13.33,17.25,-14.06,0.78,0.86,0.86,429.0,1.0,-0.82,0.0,69.0,41.0,100.0,6.5,13.0,"Closed loop, using oxygen sensor feedback to determine fuel mix/",39.0,33
2026-09-13 13:31:42.154,678.0,17.0,1.95,23.53,13.33,17.25,-14.06,0.78,0.86,0.86,429.0,1.0,-0.83,0.0,69.0,41.0,100.0,6.5,13.0,"Closed loop, using oxygen sensor feedback to determine fuel mix/",39.0,33
2026-09-13 13:31:42.522,674.0,18.0,1.95,23.53,13.33,17.25,-14.84,0.78,0.86,0.85,429.0,1.0,-0.82,0.0,69.0,41.0,100.0,6.5,13.0,"Closed loop, using oxygen sensor feedback to determine fuel mix/",39.0,33
2026-09-13 13:31:43.148,673.0,18.0,1.95,23.53,13.33,17.25,-15.62,0.78,0.85,0.85,429.0,1.0,-0.82,0.0,69.0,41.0,100.0,6.5,13.0,"Closed loop, using oxygen sensor feedback to determine fuel mix/",39.0,33
2026-09-13 13:31:43.512,676.5,17.0,1.94,23.53,13.33,17.25,-15.62,0.78,0.84,0.85,429.0,1.0,-0.83,0.0,69.0,41.0,100.0,6.5,13.0,"Closed loop, using oxygen sensor feedback to determine fuel mix/",39.0,33
2026-09-13 13:31:43.881,678.5,17.0,1.95,23.53,13.33,17.25,-16.41,0.78,0.84,0.84,429.0,1.0,-0.83,0.0,69.0,41.0,100.0,6.5,13.0,"Closed loop, using oxygen sensor feedback to determine fuel mix/",39.0,33
2026-09-13 13:31:44.264,679.0,17.0,1.95,23.53,13.33,17.25,-16.41,0.78,0.83,0.84,429.0,1.0,-0.83,0.0,69.0,41.0,100.0,6.5,13.0,"Closed loop, using oxygen sensor feedback to determine fuel mix/",39.0,33
2026-09-13 13:31:44.662,682.75,18.0,1.95,23.53,13.33,17.25,-17.19,0.78,0.83,0.83,428.0,1.0,-0.82,0.0,69.0,41.0,100.0,5.5,13.0,"Closed loop, using oxygen sensor feedback to determine fuel mix/",39.0,33
2026-09-13 13:31:45.315,674.75,18.0,1.96,23.53,13.33,17.25,-17.19,0.78,0.82,0.82,428.0,1.0,-0.82,0.0,69.0,41.0,100.0,5.5,13.0,"Closed loop, using oxygen sensor feedback to determine fuel mix/",39.0,33
2026-09-13 13:31:45.698,676.25,17.0,1.96,23.53,13.33,17.65,-17.97,0.78,0.81,0.82,428.0,1.0,-0.83,0.0,69.0,41.0,100.0,5.5,13.0,"Closed loop, using oxygen sensor feedback to determine fuel mix/",39.0,33
2026-09-13 13:31:46.065,678.0,18.0,1.96,23.53,13.33,17.65,-17.97,0.78,0.8,0.81,428.0,1.0,-0.82,0.0,69.0,41.0,100.0,5.5,13.0,"Closed loop, using oxygen sensor feedback to determine fuel mix/",39.0,33
2026-09-13 13:31:46.420,676.25,17.0,1.96,23.53,13.33,17.25,-18.75,0.78,0.78,0.81,428.0,1.0,-0.83,0.0,69.0,41.0,100.0,5.5,13.0,"Closed loop, using oxygen sensor feedback to determine fuel mix/",39.0,33
2026-09-13 13:31:46.786,679.25,18.0,1.96,23.53,13.33,17.65,-18.75,0.78,0.76,0.81,428.0,1.0,-0.82,0.0,70.0,41.0,100.0,8.0,13.0,"Closed loop, using oxygen sensor feedback to determine fuel mix/",39.0,33
2026-09-13 13:31:47.441,678.25,18.0,1.96,23.53,13.33,17.65,-19.53,0.78,0.72,0.8,428.0,1.0,-0.82,0.0,70.0,41.0,100.0,8.0,13.0,"Closed loop, using oxygen sensor feedback to determine fuel mix/",39.0,33
2026-09-13 13:31:47.827,683.75,17.0,1.96,23.53,13.33,17.25,-20.31,0.78,0.66,0.79,428.0,1.0,-0.83,0.0,70.0,41.0,100.0,8.0,13.0,"Closed loop, using oxygen sensor feedback to determine fuel mix/",39.0,33
2026-09-13 13:31:48.177,675.0,17.0,1.97,23.92,13.33,17.65,-11.72,0.78,0.33,0.79,428.0,1.0,-0.83,0.0,70.0,41.0,100.0,8.0,13.0,"Closed loop, using oxygen sensor feedback to determine fuel mix/",39.0,33
2026-09-13 13:31:48.576,691.5,17.0,1.97,23.53,13.33,17.25,-11.72,0.78,0.14,0.78,428.0,1.0,-0.83,0.0,70.0,41.0,100.0,8.0,13.0,"Closed loop, using oxygen sensor feedback to determine fuel mix/",39.0,33
2026-09-13 13:31:48.933,687.0,18.0,1.96,23.53,13.33,17.25,-15.62,0.78,0.82,0.78,427.0,1.0,-0.82,0.0,70.0,41.0,100.0,7.0,13.0,"Closed loop, using oxygen sensor feedback to determine fuel mix/",39.0,33
2026-09-13 13:31:49.548,683.0,16.0,1.95,23.53,13.33,17.25,-16.41,0.78,0.85,0.78,427.0,1.0,-0.84,0.0,70.0,41.0,100.0,7.0,13.0,"Closed loop, using oxygen sensor feedback to determine fuel mix/",39.0,33
2026-09-13 13:31:49.937,679.5,17.0,1.96,23.53,13.33,17.25,-16.41,0.78,0.83,0.81,427.0,1.0,-0.83,0.0,70.0,41.0,100.0,7.0,13.0,"Closed loop, using oxygen sensor feedback to determine fuel mix/",39.0,33
2026-09-13 13:31:50.300,683.75,17.0,1.96,23.53,13.33,17.25,-17.19,0.78,0.82,0.82,427.0,1.0,-0.83,0.0,70.0,41.0,100.0,7.0,13.0,"Closed loop, using oxygen sensor feedback to determine fuel mix/",39.0,33
2026-09-13 13:31:50.650,686.5,18.0,1.96,23.53,13.33,17.25,-17.19,0.78,0.81,0.82,427.0,1.0,-0.82,0.0,70.0,41.0,100.0,7.0,13.0,"Closed loop, using oxygen sensor feedback to determine fuel mix/",39.0,33
2026-09-13 13:31:51.131,686.75,17.0,1.96,23.53,13.33,17.25,-18.75,0.78,0.82,0.81,427.0,1.0,-0.83,0.0,70.0,41.0,100.0,8.0,12.9,"Closed loop, using oxygen sensor feedback to determine fuel mix/",39.0,33
2026-09-13 13:31:51.785,684.0,17.0,1.97,23.53,13.33,17.25,-21.09,0.78,0.78,0.81,427.0,1.0,-0.83,0.0,70.0,41.0,100.0,8.0,12.9,"Closed loop, using oxygen sensor feedback to determine fuel mix/",39.0,33
2026-09-13 13:31:52.167,679.5,18.0,1.96,23.92,13.33,17.25,-21.88,0.78,0.76,0.81,427.0,1.0,-0.82,0.0,70.0,41.0,100.0,8.0,12.9,"Closed loop, using oxygen sensor feedback to determine fuel mix/",39.0,33
2026-09-13 13:31:52.608,679.0,17.0,1.97,23.92,13.33,17.65,-23.44,0.78,0.74,0.8,427.0,1.0,-0.83,0.0,70.0,41.0,100.0,8.0,12.9,"Closed loop, using oxygen sensor feedback to determine fuel mix/",39.0,33
2026-09-13 13:31:52.952,669.25,17.0,1.97,23.92,13.73,17.65,-24.22,0.78,0.62,0.79,427.0,1.0,-0.83,0.0,70.0,41.0,100.0,8.0,12.9,"Closed loop, using oxygen sensor feedback to determine fuel mix/",39.0,33
2026-09-13 13:31:53.304,666.25,18.0,1.97,23.92,13.33,17.65,-15.62,0.78,0.07,0.79,427.0,1.0,-0.82,0.0,70.0,41.0,100.0,5.0,13.0,"Closed loop, using oxygen sensor feedback to determine fuel mix/",39.0,33
2026-09-13 13:31:53.908,683.25,17.0,1.97,23.92,13.33,17.25,-14.84,0.78,0.12,0.78,426.0,1.0,-0.83,0.0,70.0,41.0,100.0,5.0,13.0,"Closed loop, using oxygen sensor feedback to determine fuel mix/",39.0,33
2026-09-13 13:31:54.291,690.75,18.0,1.97,23.92,13.33,17.25,-18.75,0.78,0.79,0.76,426.0,1.0,-0.82,0.0,70.0,41.0,100.0,5.0,13.0,"Closed loop, using oxygen sensor feedback to determine fuel mix/",39.0,33
2026-09-13 13:31:54.675,685.75,17.0,1.96,23.53,13.33,17.25,-18.75,0.78,0.8,0.75,426.0,1.0,-0.83,0.0,70.0,41.0,100.0,5.0,13.0,"Closed loop, using oxygen sensor feedback to determine fuel mix/",39.0,33
2026-09-13 13:31:55.043,678.25,18.0,1.97,23.92,13.33,17.65,-19.53,0.78,0.75,0.78,426.0,1.0,-0.82,0.0,70.0,41.0,100.0,5.0,13.0,"Closed loop, using oxygen sensor feedback to determine fuel mix/",39.0,33
2026-09-13 13:31:55.427,678.75,18.0,1.97,23.92,13.33,17.65,-19.53,0.78,0.7,0.8,426.0,1.0,-0.82,0.0,70.0,41.0,100.0,8.5,12.9,"Closed loop, using oxygen sensor feedback to determine fuel mix/",39.0,33
2026-09-13 13:31:56.066,681.5,17.0,1.98,23.92,13.33,17.25,-16.41,0.78,0.1,0.8,426.0,1.0,-0.83,0.0,70.0,41.0,100.0,8.5,12.9,"Closed loop, using oxygen sensor feedback to determine fuel mix/",39.0,33
2026-09-13 13:31:56.466,682.25,17.0,1.98,23.92,13.33,17.65,-15.62,0.78,0.14,0.79,426.0,1.0,-0.83,0.0,70.0,41.0,100.0,8.5,12.9,"Closed loop, using oxygen sensor feedback to determine fuel mix/",39.0,33
2026-09-13 13:31:56.865,687.75,16.0,1.97,23.92,13.33,17.25,-19.53,0.78,0.76,0.77,426.0,1.0,-0.84,0.0,70.0,41.0,100.0,8.5,12.9,"Closed loop, using oxygen sensor feedback to determine fuel mix/",39.0,33
2026-09-13 13:31:57.230,677.0,17.0,1.97,23.92,13.33,17.65,-19.53,0.78,0.77,0.77,426.0,1.0,-0.83,0.0,70.0,41.0,100.0,8.5,12.9,"Closed loop, using oxygen sensor feedback to determine fuel mix/",39.0,33
2026-09-13 13:31:57.613,677.75,17.0,1.98,23.92,13.33,17.65,-20.31,0.78,0.67,0.78,426.0,1.0,-0.83,0.0,70.0,41.0,100.0,8.0,13.0,"Closed loop, using oxygen sensor feedback to determine fuel mix/",39.0,33
2026-09-13 13:31:58.516,684.75,17.0,1.97,23.92,13.33,17.25,-16.41,0.78,0.67,0.79,426.0,1.0,-0.83,0.0,70.0,41.0,100.0,8.0,13.0,"Closed loop, using oxygen sensor feedback to determine fuel mix/",39.0,33
2026-09-13 13:31:58.908,681.0,17.0,1.97,23.92,13.33,17.65,-19.53,0.78,0.77,0.78,426.0,1.0,-0.83,0.0,70.0,41.0,100.0,8.0,13.0,"Closed loop, using oxygen sensor feedback to determine fuel mix/",39.0,33
2026-09-13 13:31:59.243,682.5,18.0,1.96,23.92,13.33,17.65,-19.53,0.78,0.75,0.77,426.0,1.0,-0.82,0.0,70.0,41.0,100.0,8.0,13.0,"Closed loop, using oxygen sensor feedback to determine fuel mix/",39.0,33
2026-09-13 13:31:59.626,675.75,18.0,1.97,23.92,13.33,17.65,-20.31,0.78,0.64,0.79,425.0,1.0,-0.82,0.0,70.0,41.0,100.0,8.0,13.0,"Closed loop, using oxygen sensor feedback to determine fuel mix/",39.0,33
2026-09-13 13:32:00.022,670.0,17.0,1.97,23.92,13.33,17.65,-16.41,0.78,0.1,0.8,425.0,1.0,-0.83,0.0,70.0,41.0,100.0,5.5,12.9,"Closed loop, using oxygen sensor feedback to determine fuel mix/",39.0,33
2026-09-13 13:32:00.680,682.0,17.0,1.97,23.53,13.33,17.25,-15.62,0.78,0.37,0.79,425.0,1.0,-0.83,0.0,70.0,41.0,100.0,5.5,12.9,"Closed loop, using oxygen sensor feedback to determine fuel mix/",39.0,33
2026-09-13 13:32:01.030,674.75,17.0,1.96,23.92,13.33,17.25,-19.53,0.78,0.76,0.77,425.0,1.0,-0.83,0.0,70.0,41.0,100.0,5.5,12.9,"Closed loop, using oxygen sensor feedback to determine fuel mix/",39.0,33
2026-09-13 13:32:01.398,672.75,17.0,1.97,23.92,13.33,17.65,-19.53,0.78,0.73,0.77,425.0,1.0,-0.83,0.0,70.0,41.0,100.0,5.5,12.9,"Closed loop, using oxygen sensor feedback to determine fuel mix/",39.0,33
2026-09-13 13:32:01.750,672.75,18.0,1.97,23.92,13.33,17.65,-16.41,0.78,0.11,0.78,425.0,1.0,-0.82,0.0,70.0,41.0,100.0,5.5,12.9,"Closed loop, using oxygen sensor feedback to determine fuel mix/",39.0,33
2026-09-13 13:32:02.106,678.75,17.0,1.97,23.92,13.33,17.25,-16.41,0.78,0.1,0.79,425.0,1.0,-0.83,0.0,70.0,41.0,100.0,5.5,12.9,"Closed loop, using oxygen sensor feedback to determine fuel mix/",39.0,33
2026-09-13 13:32:02.724,683.0,17.0,1.97,23.53,13.33,17.25,-19.53,0.78,0.76,0.78,425.0,1.0,-0.83,0.0,70.0,41.0,100.0,5.5,12.9,"Closed loop, using oxygen sensor feedback to determine fuel mix/",39.0,33
2026-09-13 13:32:03.044,683.0,17.0,1.97,23.92,13.33,17.65,-19.53,0.78,0.76,0.77,425.0,1.0,-0.83,0.0,70.0,41.0,100.0,5.5,12.9,"Closed loop, using oxygen sensor feedback to determine fuel mix/",39.0,33
2026-09-13 13:32:03.433,673.75,17.0,1.96,23.92,13.33,17.65,-20.31,0.78,0.68,0.78,425.0,1.0,-0.83,0.0,70.0,41.0,100.0,5.5,12.9,"Closed loop, using oxygen sensor feedback to determine fuel mix/",39.0,33
2026-09-13 13:32:03.826,678.75,18.0,1.97,23.92,13.33,17.65,-16.41,0.78,0.1,0.79,425.0,1.0,-0.82,0.0,70.0,41.0,100.0,5.5,12.9,"Closed loop, using oxygen sensor feedback to determine fuel mix/",39.0,33
2026-09-13 13:32:04.195,684.75,17.0,1.96,23.92,13.33,17.25,-16.41,0.78,0.12,0.8,425.0,1.0,-0.83,0.0,70.0,41.0,100.0,7.5,12.9,"Closed loop, using oxygen sensor feedback to determine fuel mix/",39.0,33
2026-09-13 13:32:04.800,676.75,18.0,1.97,23.92,13.33,17.65,-19.53,0.78,0.77,0.78,425.0,1.0,-0.82,0.0,70.0,41.0,100.0,7.5,12.9,"Closed loop, using oxygen sensor feedback to determine fuel mix/",39.0,33
2026-09-13 13:32:05.152,677.0,18.0,1.97,23.92,13.73,17.65,-19.53,0.78,0.75,0.77,425.0,1.0,-0.82,0.0,70.0,41.0,100.0,7.5,12.9,"Closed loop, using oxygen sensor feedback to determine fuel mix/",39.0,33
2026-09-13 13:32:05.491,673.5,17.0,1.97,23.92,13.73,17.65,-20.31,0.78,0.65,0.79,425.0,1.0,-0.83,0.0,70.0,41.0,100.0,7.5,12.9,"Closed loop, using oxygen sensor feedback to determine fuel mix/",39.0,33
2026-09-13 13:32:05.873,680.25,18.0,1.97,23.92,13.33,17.25,-16.41,0.78,0.1,0.8,425.0,1.0,-0.82,0.0,70.0,41.0,100.0,7.5,12.9,"Closed loop, using oxygen sensor feedback to determine fuel mix/",39.0,33
2026-09-13 13:32:06.241,684.75,17.0,1.96,23.92,13.73,17.25,-16.41,0.78,0.1,0.8,424.0,1.0,-0.83,0.0,70.0,41.0,100.0,9.5,12.9,"Closed loop, using oxygen sensor feedback to determine fuel mix/",39.0,33
2026-09-13 13:32:06.894,684.75,17.0,1.96,23.92,13.73,17.25,-19.53,0.78,0.72,0.77,424.0,1.0,-0.83,0.0,70.0,41.0,100.0,9.5,12.9,"Closed loop, using oxygen sensor feedback to determine fuel mix/",39.0,33
2026-09-13 13:32:07.278,677.5,19.0,1.96,23.92,13.73,17.65,-19.53,0.78,0.7,0.77,424.0,1.0,-0.81,0.0,70.0,41.0,100.0,9.5,12.9,"Closed loop, using oxygen sensor feedback to determine fuel mix/",39.0,33
2026-09-13 13:32:07.629,678.25,17.0,1.98,23.92,13.33,17.65,-15.62,0.78,0.1,0.77,424.0,1.0,-0.83,0.0,70.0,41.0,100.0,9.5,12.9,"Closed loop, using oxygen sensor feedback to determine fuel mix/",39.0,33
2026-09-13 13:32:08.028,677.25,17.0,1.97,23.92,13.33,17.65,-15.62,0.78,0.1,0.78,424.0,1.0,-0.83,0.0,70.0,41.0,100.0,9.5,12.9,"Closed loop, using oxygen sensor feedback to determine fuel mix/",39.0,33
2026-09-13 13:32:08.394,685.0,17.0,1.95,23.92,13.73,17.25,-14.84,0.78,0.12,0.77,424.0,1.0,-0.83,0.0,70.0,41.0,100.0,7.5,12.9,"Closed loop, using oxygen sensor feedback to determine fuel mix/",39.0,33
2026-09-13 13:32:08.969,681.75,17.0,1.94,23.92,13.73,17.25,-18.75,0.78,0.75,0.74,424.0,1.0,-0.83,0.0,70.0,41.0,100.0,7.5,12.9,"Closed loop, using oxygen sensor feedback to determine fuel mix/",39.0,33
2026-09-13 13:32:09.352,681.75,19.0,1.96,23.92,13.73,17.25,-18.75,0.78,0.74,0.75,424.0,1.0,-0.81,0.0,70.0,41.0,100.0,7.5,12.9,"Closed loop, using oxygen sensor feedback to determine fuel mix/",39.0,33
2026-09-13 13:32:09.978,675.75,19.0,2.01,23.92,13.73,18.04,-15.62,0.78,0.1,0.79,424.0,1.0,-0.81,0.0,70.0,41.0,100.0,7.5,12.9,"Closed loop, using oxygen sensor feedback to determine fuel mix/",39.0,33
2026-09-13 13:32:10.357,680.25,18.0,1.97,23.92,13.73,17.65,-15.62,0.78,0.09,0.79,424.0,1.0,-0.82,0.0,70.0,41.0,100.0,7.5,12.9,"Closed loop, using oxygen sensor feedback to determine fuel mix/",39.0,33
2026-09-13 13:32:10.724,684.75,18.0,1.98,23.92,13.73,17.65,-14.84,0.78,0.1,0.77,424.0,1.0,-0.82,0.0,71.0,41.0,100.0,7.0,12.9,"Closed loop, using oxygen sensor feedback to determine fuel mix/",39.0,33
2026-09-13 13:32:11.496,679.5,18.0,1.88,23.92,13.73,16.47,-17.97,0.78,0.76,0.71,424.0,1.0,-0.82,0.0,71.0,41.0,100.0,7.0,12.9,"Closed loop, using oxygen sensor feedback to determine fuel mix/",39.0,33
2026-09-13 13:32:11.892,676.5,19.0,1.9,23.92,13.73,17.25,-17.97,0.78,0.73,0.71,424.0,1.0,-0.81,0.0,71.0,41.0,100.0,7.0,12.9,"Closed loop, using oxygen sensor feedback to determine fuel mix/",39.0,33
2026-09-13 13:32:12.290,677.0,19.0,1.94,24.31,13.73,16.86,-14.84,0.78,0.09,0.77,424.0,1.0,-0.81,0.0,71.0,41.0,100.0,7.0,12.9,"Closed loop, using oxygen sensor feedback to determine fuel mix/",39.0,33
2026-09-13 13:32:12.690,666.75,18.0,2.0,27.45,14.9,21.96,-14.84,0.78,0.07,0.79,424.0,1.0,-0.82,0.0,71.0,41.0,100.0,7.0,12.9,"Closed loop, using oxygen sensor feedback to determine fuel mix/",39.0,33
2026-09-13 13:32:13.057,689.75,21.0,2.05,24.71,16.86,18.43,-14.06,0.78,0.07,0.74,424.0,1.0,-0.79,0.0,71.0,41.0,100.0,-3.5,12.9,"Closed loop, using oxygen sensor feedback to determine fuel mix/",39.0,33
2026-09-13 13:32:13.661,669.75,22.0,2.84,27.06,16.86,25.1,-14.06,0.78,0.07,0.63,424.0,1.0,-0.78,0.0,71.0,41.0,100.0,-3.5,12.9,"Closed loop, using oxygen sensor feedback to determine fuel mix/",39.0,33
2026-09-13 13:32:14.014,681.0,23.0,2.85,27.06,16.86,25.1,-13.28,0.78,0.07,0.52,425.0,1.0,-0.77,0.0,71.0,41.0,100.0,-3.5,12.9,"Closed loop, using oxygen sensor feedback to determine fuel mix/",39.0,33
2026-09-13 13:32:14.350,671.75,25.0,2.82,27.06,16.86,25.1,-13.28,0.78,0.06,0.38,425.0,1.0,-0.75,0.0,71.0,41.0,100.0,-3.5,12.9,"Closed loop, using oxygen sensor feedback to determine fuel mix/",39.0,33
2026-09-13 13:32:14.701,659.0,26.0,2.82,27.06,16.86,25.1,-11.72,0.78,0.06,0.16,425.0,1.0,-0.74,0.0,71.0,41.0,100.0,-3.5,12.9,"Closed loop, using oxygen sensor feedback to determine fuel mix/",39.0,33
2026-09-13 13:32:15.070,668.5,24.0,2.85,27.06,16.86,25.1,-10.94,0.78,0.06,0.1,425.0,1.0,-0.76,0.0,71.0,40.0,100.0,0.5,12.9,"Closed loop, using oxygen sensor feedback to determine fuel mix/",39.0,33
2026-09-13 13:32:15.647,687.5,23.0,2.84,27.45,17.25,25.49,-8.59,0.78,0.06,0.07,426.0,1.0,-0.77,0.0,71.0,40.0,100.0,0.5,12.9,"Closed loop, using oxygen sensor feedback to determine fuel mix/",39.0,33
2026-09-13 13:32:16.026,696.5,25.0,2.94,27.45,17.25,25.49,-7.03,0.78,0.06,0.07,426.0,1.0,-0.75,0.0,71.0,40.0,100.0,0.5,12.9,"Closed loop, using oxygen sensor feedback to determine fuel mix/",39.0,33
2026-09-13 13:32:16.394,708.0,25.0,2.91,27.45,16.86,25.49,-6.25,0.78,0.06,0.07,426.0,1.0,-0.75,0.0,71.0,40.0,100.0,0.5,12.9,"Closed loop, using oxygen sensor feedback to determine fuel mix/",39.0,33
2026-09-13 13:32:16.776,703.25,24.0,2.9,27.45,16.86,25.1,-5.47,0.78,0.07,0.07,427.0,1.0,-0.76,0.0,71.0,40.0,100.0,0.5,12.9,"Closed loop, using oxygen sensor feedback to determine fuel mix/",39.0,33
2026-09-13 13:32:17.145,715.5,23.0,2.91,27.45,16.86,25.1,-5.47,0.78,0.07,0.07,427.0,1.0,-0.77,2.0,71.0,40.0,100.0,1.5,13.0,"Closed loop, using oxygen sensor feedback to determine fuel mix/",39.0,33
2026-09-13 13:32:17.735,720.75,24.0,2.91,27.45,16.86,25.49,-3.91,0.78,0.07,0.07,427.0,1.0,-0.76,2.0,71.0,40.0,100.0,1.5,13.0,"Closed loop, using oxygen sensor feedback to determine fuel mix/",39.0,33
2026-09-13 13:32:18.324,727.25,24.0,2.92,27.06,16.86,25.49,-3.12,0.78,0.08,0.07,428.0,1.0,-0.76,2.0,71.0,40.0,100.0,1.5,13.0,"Closed loop, using oxygen sensor feedback to determine fuel mix/",39.0,33
2026-09-13 13:32:18.678,737.0,24.0,2.94,27.45,16.86,25.1,-3.12,0.78,0.09,0.07,428.0,1.0,-0.76,2.0,71.0,40.0,100.0,1.5,13.0,"Closed loop, using oxygen sensor feedback to determine fuel mix/",39.0,33
2026-09-13 13:32:19.077,736.5,22.0,2.94,27.45,16.86,25.49,-2.34,0.78,0.1,0.07,428.0,1.0,-0.78,2.0,71.0,40.0,100.0,1.5,13.0,"Closed loop, using oxygen sensor feedback to determine fuel mix/",39.0,33
2026-09-13 13:32:19.443,733.75,22.0,2.95,27.06,16.86,25.1,-2.34,0.78,0.1,0.08,429.0,1.0,-0.78,3.0,71.0,40.0,100.0,0.0,12.9,"Closed loop, using oxygen sensor feedback to determine fuel mix/",39.0,34
2026-09-13 13:32:20.035,737.25,22.0,2.94,27.06,16.86,25.1,-1.56,0.78,0.23,0.09,429.0,1.0,-0.78,3.0,71.0,40.0,100.0,0.0,12.9,"Closed loop, using oxygen sensor feedback to determine fuel mix/",39.0,34
2026-09-13 13:32:20.410,748.75,22.0,2.96,27.06,16.86,25.49,-10.94,0.78,0.74,0.1,429.0,1.0,-0.78,3.0,71.0,40.0,100.0,0.0,12.9,"Closed loop, using oxygen sensor feedback to determine fuel mix/",39.0,34
2026-09-13 13:32:20.802,731.75,23.0,2.93,27.06,16.86,25.1,-7.03,0.78,0.09,0.13,430.0,1.0,-0.77,3.0,71.0,40.0,100.0,0.0,12.9,"Closed loop, using oxygen sensor feedback to determine fuel mix/",39.0,34
2026-09-13 13:32:21.168,742.5,22.0,2.95,27.45,16.86,25.1,-7.03,0.78,0.07,0.16,430.0,1.0,-0.78,3.0,71.0,40.0,100.0,0.0,12.9,"Closed loop, using oxygen sensor feedback to determine fuel mix/",39.0,34
2026-09-13 13:32:21.520,741.5,22.0,2.95,27.06,16.86,25.1,-7.03,0.78,0.08,0.1,430.0,1.0,-0.78,4.0,71.0,40.0,100.0,1.0,13.0,"Closed loop, using oxygen sensor feedback to determine fuel mix/",39.0,34
2026-09-13 13:32:22.143,752.5,22.0,2.96,27.06,16.86,25.1,-6.25,0.78,0.09,0.07,431.0,1.0,-0.78,4.0,71.0,40.0,100.0,1.0,13.0,"Closed loop, using oxygen sensor feedback to determine fuel mix/",39.0,34
2026-09-13 13:32:22.495,751.75,23.0,3.0,27.45,17.25,25.1,-5.47,0.78,0.1,0.08,431.0,1.0,-0.77,4.0,71.0,40.0,100.0,1.0,13.0,"Closed loop, using oxygen sensor feedback to determine fuel mix/",39.0,34
2026-09-13 13:32:22.877,765.0,23.0,3.71,30.59,20.39,36.47,1.56,-1.56,0.12,0.09,432.0,1.0,-0.77,4.0,71.0,40.0,100.0,1.0,13.0,"Closed loop, using oxygen sensor feedback to determine fuel mix/",39.0,34
2026-09-13 13:32:23.247,957.75,27.0,4.21,27.45,19.61,27.06,3.12,-1.56,0.72,0.09,432.0,1.0,-0.73,4.0,71.0,40.0,100.0,1.0,13.0,"Closed loop, using oxygen sensor feedback to determine fuel mix/",39.0,34
2026-09-13 13:32:23.598,931.75,26.0,4.34,29.41,18.43,29.41,-1.56,-1.56,0.89,0.11,432.0,1.0,-0.74,5.0,71.0,40.0,100.0,1.0,13.1,"Closed loop, using oxygen sensor feedback to determine fuel mix/",39.0,34
2026-09-13 13:32:24.186,902.75,22.0,3.6,28.24,18.04,26.67,-2.34,-1.56,0.89,0.88,433.0,1.0,-0.78,5.0,71.0,40.0,100.0,1.0,13.1,"Closed loop, using oxygen sensor feedback to determine fuel mix/",39.0,34
2026-09-13 13:32:24.539,880.75,22.0,3.46,27.84,17.65,26.27,-3.12,-1.56,0.84,0.89,433.0,1.0,-0.78,5.0,71.0,40.0,100.0,1.0,13.1,"Closed loop, using oxygen sensor feedback to determine fuel mix/",39.0,34
2026-09-13 13:32:24.858,866.75,21.0,3.34,27.84,17.65,25.49,-3.12,-1.56,0.81,0.88,433.0,1.0,-0.79,5.0,71.0,40.0,100.0,1.0,13.1,"Closed loop, using oxygen sensor feedback to determine fuel mix/",39.0,34
2026-09-13 13:32:25.225,893.75,20.0,3.35,27.84,17.65,24.71,-4.69,-1.56,0.81,0.84,434.0,1.0,-0.8,5.0,71.0,40.0,100.0,1.0,13.1,"Closed loop, using oxygen sensor feedback to determine fuel mix/",39.0,34
2026-09-13 13:32:25.576,917.5,21.0,3.47,29.8,19.61,27.45,-6.25,-1.56,0.78,0.83,435.0,1.0,-0.79,6.0,71.0,40.0,100.0,4.5,13.0,"Closed loop, using oxygen sensor feedback to determine fuel mix/",39.0,34
2026-09-13 13:32:26.231,1028.25,23.0,4.48,30.2,19.61,28.24,-8.59,-1.56,0.76,0.82,436.0,1.0,-0.77,6.0,71.0,40.0,100.0,4.5,13.0,"Closed loop, using oxygen sensor feedback to determine fuel mix/",39.0,34
2026-09-13 13:32:26.664,1025.75,23.0,4.5,29.8,19.22,27.84,-0.78,-1.56,0.07,0.81,437.0,1.0,-0.77,6.0,71.0,40.0,100.0,4.5,13.0,"Closed loop, using oxygen sensor feedback to determine fuel mix/",39.0,34
2026-09-13 13:32:26.983,1057.0,22.0,3.94,28.63,18.43,23.14,-0.78,-1.56,0.18,0.74,438.0,1.0,-0.78,6.0,71.0,40.0,100.0,4.5,13.0,"Closed loop, using oxygen sensor feedback to determine fuel mix/",39.0,34
2026-09-13 13:32:27.366,1045.75,20.0,3.86,28.63,18.43,23.14,-3.91,-1.56,0.81,0.58,439.0,1.0,-0.8,6.0,71.0,40.0,100.0,4.5,13.0,"Closed loop, using oxygen sensor feedback to determine fuel mix/",39.0,34
2026-09-13 13:32:27.700,1051.25,20.0,3.86,28.63,18.43,22.75,-3.91,-1.56,0.81,0.52,439.0,1.0,-0.8,7.0,71.0,40.0,100.0,4.0,13.1,"Closed loop, using oxygen sensor feedback to determine fuel mix/",39.0,34
2026-09-13 13:32:28.277,1055.25,20.0,3.77,28.63,18.43,22.35,-4.69,-1.56,0.82,0.8,441.0,1.0,-0.8,7.0,71.0,40.0,100.0,4.0,13.1,"Closed loop, using oxygen sensor feedback to determine fuel mix/",39.0,34
2026-09-13 13:32:28.659,1051.25,20.0,3.83,28.63,18.43,23.14,-2.34,-1.56,0.81,0.82,442.0,1.0,-0.8,7.0,71.0,40.0,100.0,4.0,13.1,"Closed loop, using oxygen sensor feedback to determine fuel mix/",39.0,34
2026-09-13 13:32:29.025,1050.25,21.0,3.85,28.63,18.43,23.14,-3.12,-1.56,0.85,0.82,443.0,1.0,-0.79,7.0,71.0,40.0,100.0,4.0,13.1,"Closed loop, using oxygen sensor feedback to determine fuel mix/",39.0,34
2026-09-13 13:32:29.378,1039.75,20.0,3.8,28.63,18.43,22.75,-3.91,-1.56,0.85,0.84,444.0,1.0,-0.8,7.0,71.0,40.0,100.0,4.0,13.1,"Closed loop, using oxygen sensor feedback to determine fuel mix/",39.0,34
2026-09-13 13:32:29.744,1047.75,21.0,3.85,28.63,18.43,22.75,-6.25,-1.56,0.83,0.85,445.0,1.0,-0.79,7.0,71.0,40.0,100.0,1.0,12.9,"Closed loop, using oxygen sensor feedback to determine fuel mix/",39.0,34
2026-09-13 13:32:30.335,1061.5,20.0,3.86,28.63,18.43,23.14,-8.59,-1.56,0.79,0.85,447.0,1.0,-0.8,7.0,71.0,40.0,100.0,1.0,12.9,"Closed loop, using oxygen sensor feedback to determine fuel mix/",39.0,34
2026-09-13 13:32:30.703,1042.75,21.0,3.86,28.63,18.43,23.14,-8.59,-1.56,0.56,0.83,448.0,1.0,-0.79,7.0,71.0,40.0,100.0,1.0,12.9,"Closed loop, using oxygen sensor feedback to determine fuel mix/",39.0,34
2026-09-13 13:32:31.070,1030.0,21.0,3.87,28.63,18.43,23.53,0.0,-1.56,0.12,0.81,449.0,1.0,-0.79,7.0,71.0,40.0,100.0,1.0,12.9,"Closed loop, using oxygen sensor feedback to determine fuel mix/",39.0,34
2026-09-13 13:32:31.423,1052.0,21.0,3.85,28.63,18.43,23.14,-3.91,-1.56,0.84,0.79,450.0,1.0,-0.79,7.0,71.0,40.0,100.0,1.0,12.9,"Closed loop, using oxygen sensor feedback to determine fuel mix/",39.0,34
2026-09-13 13:32:31.789,1041.5,20.0,3.81,28.63,18.43,23.53,-4.69,-1.56,0.84,0.81,452.0,1.0,-0.8,7.0,72.0,40.0,100.0,-2.5,12.8,"Closed loop, using oxygen sensor feedback to determine fuel mix/",39.0,34
2026-09-13 13:32:32.411,1026.5,19.0,3.38,27.84,17.25,21.57,-4.69,-1.56,0.85,0.84,453.0,1.0,-0.81,7.0,72.0,40.0,100.0,-2.5,12.8,"Closed loop, using oxygen sensor feedback to determine fuel mix/",39.0,34
2026-09-13 13:32:32.763,990.25,19.0,3.3,27.45,17.25,21.96,-5.47,-1.56,0.86,0.84,454.0,1.0,-0.81,7.0,72.0,40.0,100.0,-2.5,12.8,"Closed loop, using oxygen sensor feedback to determine fuel mix/",39.0,34
2026-09-13 13:32:33.113,971.5,18.0,3.16,27.45,16.86,21.18,-6.25,-1.56,0.88,0.86,455.0,1.0,-0.82,7.0,72.0,40.0,100.0,-2.5,12.8,"Closed loop, using oxygen sensor feedback to determine fuel mix/",39.0,34
2026-09-13 13:32:33.482,937.5,17.0,2.97,27.06,16.47,21.18,-7.03,-1.56,0.89,0.88,456.0,1.0,-0.83,7.0,72.0,40.0,100.0,-2.5,12.8,"Closed loop, using oxygen sensor feedback to determine fuel mix/",39.0,34
2026-09-13 13:32:33.866,902.25,18.0,2.83,26.67,16.08,20.78,-9.38,-1.56,0.89,0.89,457.0,1.0,-0.82,7.0,72.0,40.0,100.0,-1.0,13.0,"Closed loop, using oxygen sensor feedback to determine fuel mix/",39.0,34
2026-09-13 13:32:34.488,866.0,17.0,2.63,25.88,15.69,20.0,-11.72,-1.56,0.88,0.9,458.0,1.0,-0.83,7.0,72.0,40.0,100.0,-1.0,13.0,"Closed loop, using oxygen sensor feedback to determine fuel mix/",39.0,34
2026-09-13 13:32:34.870,844.25,16.0,2.53,25.88,15.29,19.61,-11.72,-1.56,0.87,0.9,458.0,1.0,-0.84,7.0,72.0,40.0,100.0,-1.0,13.0,"Closed loop, using oxygen sensor feedback to determine fuel mix/",39.0,34
2026-09-13 13:32:35.236,832.25,16.0,2.38,25.49,14.9,18.82,-11.72,-1.56,0.86,0.89,459.0,1.0,-0.84,7.0,72.0,40.0,100.0,-1.0,13.0,"Closed loop, using oxygen sensor feedback to determine fuel mix/",39.0,34
2026-09-13 13:32:35.558,824.75,16.0,2.32,25.49,14.9,18.43,-12.5,-1.56,0.86,0.88,459.0,1.0,-0.84,7.0,72.0,40.0,100.0,-1.0,13.0,"Closed loop, using oxygen sensor feedback to determine fuel mix/",39.0,34
2026-09-13 13:32:35.941,824.75,16.0,2.3,25.49,14.9,18.43,-13.28,-1.56,0.86,0.87,459.0,1.0,-0.84,6.0,72.0,40.0,100.0,5.0,12.9,"Closed loop, using oxygen sensor feedback to determine fuel mix/",39.0,34
2026-09-13 13:32:36.717,811.75,17.0,2.31,25.49,15.29,18.82,-13.28,-1.56,0.85,0.86,459.0,1.0,-0.83,6.0,72.0,40.0,100.0,5.0,12.9,"Closed loop, using oxygen sensor feedback to determine fuel mix/",39.0,34
2026-09-13 13:32:37.091,811.75,18.0,2.35,25.49,15.29,19.22,-14.06,-1.56,0.84,0.86,459.0,1.0,-0.82,6.0,72.0,40.0,100.0,5.0,12.9,"Closed loop, using oxygen sensor feedback to determine fuel mix/",39.0,34
2026-09-13 13:32:37.496,802.5,18.0,2.36,25.49,15.29,19.22,-14.06,-1.56,0.82,0.85,460.0,1.0,-0.82,6.0,72.0,40.0,100.0,5.0,12.9,"Closed loop, using oxygen sensor feedback to determine fuel mix/",39.0,34
2026-09-13 13:32:37.844,800.25,18.0,2.4,25.49,15.29,20.0,-14.06,-1.56,0.81,0.84,460.0,1.0,-0.82,6.0,72.0,40.0,100.0,5.0,12.9,"Closed loop, using oxygen sensor feedback to determine fuel mix/",39.0,34
2026-09-13 13:32:38.240,801.0,18.0,2.42,25.88,15.69,20.0,-14.84,-1.56,0.81,0.83,460.0,1.0,-0.82,5.0,72.0,40.0,100.0,5.0,12.9,"Closed loop, using oxygen sensor feedback to determine fuel mix/",39.0,34
2026-09-13 13:32:38.882,798.5,17.0,2.47,25.88,15.69,20.0,-15.62,-1.56,0.76,0.82,460.0,1.0,-0.83,5.0,72.0,40.0,100.0,5.0,12.9,"Closed loop, using oxygen sensor feedback to determine fuel mix/",39.0,34
2026-09-13 13:32:39.230,779.25,18.0,2.49,25.88,15.69,20.78,-15.62,-1.56,0.71,0.81,460.0,1.0,-0.82,5.0,72.0,40.0,100.0,5.0,12.9,"Closed loop, using oxygen sensor feedback to determine fuel mix/",39.0,34
2026-09-13 13:32:39.615,792.5,19.0,2.52,25.88,15.69,20.78,-7.03,-1.56,0.14,0.81,461.0,1.0,-0.81,5.0,72.0,40.0,100.0,5.0,12.9,"Closed loop, using oxygen sensor feedback to determine fuel mix/",39.0,34
2026-09-13 13:32:40.016,796.25,19.0,2.48,25.88,15.69,20.78,-7.03,-1.56,0.2,0.8,461.0,1.0,-0.81,5.0,72.0,40.0,100.0,5.0,12.9,"Closed loop, using oxygen sensor feedback to determine fuel mix/",39.0,34
2026-09-13 13:32:40.383,787.0,18.0,2.53,25.88,16.08,21.18,-10.94,-1.56,0.82,0.78,461.0,1.0,-0.82,5.0,72.0,40.0,100.0,3.0,12.9,"Closed loop, using oxygen sensor feedback to determine fuel mix/",39.0,34
2026-09-13 13:32:41.007,787.5,19.0,2.59,26.27,17.65,21.18,-11.72,-1.56,0.78,0.82,461.0,1.0,-0.81,5.0,72.0,40.0,100.0,3.0,12.9,"Closed loop, using oxygen sensor feedback to determine fuel mix/",39.0,34
2026-09-13 13:32:41.391,816.5,21.0,3.42,28.24,18.04,26.67,-2.34,-1.56,0.75,0.82,461.0,1.0,-0.79,5.0,72.0,40.0,100.0,3.0,12.9,"Closed loop, using oxygen sensor feedback to determine fuel mix/",39.0,34
2026-09-13 13:32:41.790,889.25,24.0,3.38,28.24,18.04,24.71,-3.12,-1.56,0.85,0.81,461.0,1.0,-0.76,5.0,72.0,40.0,100.0,3.0,12.9,"Closed loop, using oxygen sensor feedback to determine fuel mix/",39.0,34
2026-09-13 13:32:42.191,877.0,26.0,3.59,28.63,18.82,26.27,-3.91,-1.56,0.89,0.82,461.0,1.0,-0.74,5.0,72.0,40.0,100.0,3.0,12.9,"Closed loop, using oxygen sensor feedback to determine fuel mix/",39.0,34
2026-09-13 13:32:42.542,977.75,25.0,3.55,28.24,18.43,23.14,-5.47,-1.56,0.89,0.88,461.0,1.0,-0.75,6.0,72.0,40.0,100.0,2.5,13.0,"Closed loop, using oxygen sensor feedback to determine fuel mix/",39.0,34
2026-09-13 13:32:43.179,1029.5,22.0,3.81,28.63,16.86,23.53,-8.59,-1.56,0.88,0.9,461.0,1.0,-0.78,6.0,72.0,40.0,100.0,2.5,13.0,"Closed loop, using oxygen sensor feedback to determine fuel mix/",39.0,34
2026-09-13 13:32:43.562,943.0,18.0,3.06,25.88,17.25,20.39,-9.38,-1.56,0.86,0.9,461.0,1.0,-0.82,6.0,72.0,40.0,100.0,2.5,13.0,"Closed loop, using oxygen sensor feedback to determine fuel mix/",39.0,34
2026-09-13 13:32:43.932,943.75,19.0,3.14,27.45,16.86,21.96,-9.38,-1.56,0.86,0.88,461.0,1.0,-0.81,6.0,72.0,40.0,100.0,2.5,13.0,"Closed loop, using oxygen sensor feedback to determine fuel mix/",39.0,34
2026-09-13 13:32:44.268,916.75,18.0,3.0,26.67,16.47,21.18,-10.16,-1.56,0.87,0.86,461.0,1.0,-0.82,6.0,72.0,40.0,100.0,2.5,13.0,"Closed loop, using oxygen sensor feedback to determine fuel mix/",39.0,34
2026-09-13 13:32:44.653,891.75,17.0,2.84,26.67,17.65,20.78,-7.03,-1.56,0.88,0.86,461.0,1.0,-0.83,7.0,73.0,40.0,100.0,1.5,13.0,"Closed loop, using oxygen sensor feedback to determine fuel mix/",39.0,34
2026-09-13 13:32:45.304,968.0,18.0,3.26,27.45,17.25,21.96,-7.81,-1.56,0.86,0.88,462.0,1.0,-0.82,7.0,73.0,40.0,100.0,1.5,13.0,"Closed loop, using oxygen sensor feedback to determine fuel mix/",39.0,34
2026-09-13 13:32:45.691,949.0,18.0,3.13,27.06,16.86,21.57,-7.81,-1.56,0.87,0.86,462.0,1.0,-0.82,7.0,73.0,40.0,100.0,1.5,13.0,"Closed loop, using oxygen sensor feedback to determine fuel mix/",39.0,34
2026-09-13 13:32:46.059,928.5,18.0,2.93,26.67,16.47,20.78,-8.59,-1.56,0.88,0.87,462.0,1.0,-0.82,7.0,73.0,40.0,100.0,1.5,13.0,"Closed loop, using oxygen sensor feedback to determine fuel mix/",39.0,34
2026-09-13 13:32:46.410,903.75,18.0,2.83,26.67,16.08,20.39,-8.59,-1.56,0.88,0.87,463.0,1.0,-0.82,7.0,73.0,40.0,100.0,1.5,13.0,"Closed loop, using oxygen sensor feedback to determine fuel mix/",39.0,34
2026-09-13 13:32:46.796,874.0,17.0,2.7,26.27,15.69,20.39,-8.59,-1.56,0.87,0.88,463.0,1.0,-0.83,6.0,73.0,40.0,100.0,0.0,12.9,"Closed loop, using oxygen sensor feedback to determine fuel mix/",39.0,34
2026-09-13 13:32:47.412,848.5,17.0,2.42,25.49,15.29,18.82,-9.38,-1.56,0.85,0.88,463.0,1.0,-0.83,6.0,73.0,40.0,100.0,0.0,12.9,"Closed loop, using oxygen sensor feedback to determine fuel mix/",39.0,34
2026-09-13 13:32:47.770,838.75,16.0,2.36,25.1,14.9,18.43,-10.16,-1.56,0.85,0.86,463.0,1.0,-0.84,6.0,73.0,40.0,100.0,0.0,12.9,"Closed loop, using oxygen sensor feedback to determine fuel mix/",39.0,34
2026-09-13 13:32:48.166,826.25,16.0,2.31,25.1,14.9,18.43,-10.16,-1.56,0.86,0.85,463.0,1.0,-0.84,6.0,73.0,40.0,100.0,0.0,12.9,"Closed loop, using oxygen sensor feedback to determine fuel mix/",39.0,34
2026-09-13 13:32:48.566,809.25,16.0,2.33,25.49,15.29,19.22,-10.16,-1.56,0.86,0.86,463.0,1.0,-0.84,6.0,73.0,40.0,100.0,0.0,12.9,"Closed loop, using oxygen sensor feedback to determine fuel mix/",39.0,34
2026-09-13 13:32:48.937,803.25,17.0,2.38,25.49,15.29,19.61,-10.94,-1.56,0.87,0.86,463.0,1.0,-0.83,5.0,73.0,40.0,100.0,8.5,12.9,"Closed loop, using oxygen sensor feedback to determine fuel mix/",39.0,34
2026-09-13 13:32:49.542,786.0,17.0,2.46,25.88,15.69,20.39,-11.72,-1.56,0.85,0.87,463.0,1.0,-0.83,5.0,73.0,40.0,100.0,8.5,12.9,"Closed loop, using oxygen sensor feedback to determine fuel mix/",39.0,34
2026-09-13 13:32:49.892,779.5,18.0,2.52,25.88,15.69,21.18,-11.72,-1.56,0.83,0.86,463.0,1.0,-0.82,5.0,73.0,40.0,100.0,8.5,12.9,"Closed loop, using oxygen sensor feedback to determine fuel mix/",39.0,34
2026-09-13 13:32:50.292,771.5,19.0,2.52,25.88,15.69,21.18,-11.72,-1.56,0.81,0.84,463.0,1.0,-0.81,5.0,73.0,40.0,100.0,8.5,12.9,"Closed loop, using oxygen sensor feedback to determine fuel mix/",39.0,34
2026-09-13 13:32:50.659,763.0,19.0,2.57,26.27,16.08,21.57,-12.5,-1.56,0.79,0.82,463.0,1.0,-0.81,5.0,73.0,40.0,100.0,8.5,12.9,"Closed loop, using oxygen sensor feedback to determine fuel mix/",39.0,34
2026-09-13 13:32:51.040,751.0,20.0,2.59,26.27,16.08,21.96,-12.5,-1.56,0.76,0.81,463.0,1.0,-0.8,4.0,73.0,40.0,100.0,10.5,13.0,"Closed loop, using oxygen sensor feedback to determine fuel mix/",39.0,34
2026-09-13 13:32:51.631,737.25,21.0,2.62,26.27,16.08,22.35,-13.28,-1.56,0.61,0.8,463.0,1.0,-0.79,4.0,73.0,40.0,100.0,10.5,13.0,"Closed loop, using oxygen sensor feedback to determine fuel mix/",39.0,34
2026-09-13 13:32:52.015,731.5,21.0,2.68,26.27,16.08,22.75,-4.69,-1.56,0.07,0.79,463.0,1.0,-0.79,4.0,73.0,40.0,100.0,10.5,13.0,"Closed loop, using oxygen sensor feedback to determine fuel mix/",39.0,34
2026-09-13 13:32:52.403,736.5,21.0,2.68,26.67,16.47,23.14,-4.69,-1.56,0.33,0.77,463.0,1.0,-0.79,4.0,73.0,40.0,100.0,10.5,13.0,"Closed loop, using oxygen sensor feedback to determine fuel mix/",39.0,34
2026-09-13 13:32:52.797,726.75,21.0,2.76,26.67,16.47,23.92,-7.81,-1.56,0.79,0.74,463.0,1.0,-0.79,4.0,73.0,40.0,100.0,10.5,13.0,"Closed loop, using oxygen sensor feedback to determine fuel mix/",39.0,34
2026-09-13 13:32:53.165,723.0,22.0,2.77,26.67,16.47,23.92,-8.59,-1.56,0.7,0.77,463.0,1.0,-0.78,3.0,73.0,40.0,100.0,8.5,12.9,"Closed loop, using oxygen sensor feedback to determine fuel mix/",39.0,34
2026-09-13 13:32:53.791,721.0,21.0,2.86,27.06,16.47,24.71,-4.69,-1.56,0.11,0.79,463.0,1.0,-0.79,3.0,73.0,40.0,100.0,8.5,12.9,"Closed loop, using oxygen sensor feedback to determine fuel mix/",39.0,34
2026-09-13 13:32:54.175,728.0,22.0,2.86,26.67,16.47,24.71,-4.69,-1.56,0.33,0.75,463.0,1.0,-0.78,3.0,73.0,40.0,100.0,8.5,12.9,"Closed loop, using oxygen sensor feedback to determine fuel mix/",39.0,34
2026-09-13 13:32:54.555,724.25,22.0,2.82,26.67,16.47,24.31,-7.81,-1.56,0.74,0.75,463.0,1.0,-0.78,3.0,73.0,40.0,100.0,8.5,12.9,"Closed loop, using oxygen sensor feedback to determine fuel mix/",39.0,34
2026-09-13 13:32:54.921,725.75,23.0,2.83,26.67,16.47,24.31,-4.69,-1.56,0.2,0.77,463.0,1.0,-0.77,3.0,73.0,40.0,100.0,8.5,12.9,"Closed loop, using oxygen sensor feedback to determine fuel mix/",39.0,34
2026-09-13 13:32:55.273,730.75,21.0,2.8,26.67,16.47,24.31,-4.69,-1.56,0.12,0.78,463.0,1.0,-0.79,3.0,73.0,40.0,100.0,3.0,13.0,"Closed loop, using oxygen sensor feedback to determine fuel mix/",39.0,34
2026-09-13 13:32:55.865,739.0,21.0,2.81,26.67,16.47,24.31,-7.81,-1.56,0.74,0.73,463.0,1.0,-0.79,3.0,73.0,40.0,100.0,3.0,13.0,"Closed loop, using oxygen sensor feedback to determine fuel mix/",39.0,34
2026-09-13 13:32:56.216,731.75,21.0,2.83,26.67,16.47,24.31,-7.81,-1.56,0.67,0.75,462.0,1.0,-0.79,3.0,73.0,40.0,100.0,3.0,13.0,"Closed loop, using oxygen sensor feedback to determine fuel mix/",39.0,34
2026-09-13 13:32:56.567,738.0,23.0,2.82,26.67,16.47,24.31,-4.69,-1.56,0.1,0.78,462.0,1.0,-0.77,3.0,73.0,40.0,100.0,3.0,13.0,"Closed loop, using oxygen sensor feedback to determine fuel mix/",39.0,34
2026-09-13 13:32:57.042,743.25,22.0,2.83,26.67,16.47,23.92,-7.81,-1.56,0.73,0.74,462.0,1.0,-0.78,3.0,73.0,40.0,100.0,3.0,13.0,"Closed loop, using oxygen sensor feedback to determine fuel mix/",39.0,34
2026-09-13 13:32:57.431,734.25,22.0,2.83,26.67,16.47,24.31,-7.81,-1.56,0.75,0.73,462.0,1.0,-0.78,4.0,74.0,40.0,100.0,1.0,13.0,"Closed loop, using oxygen sensor feedback to determine fuel mix/",39.0,34
2026-09-13 13:32:58.051,741.5,21.0,2.83,26.67,16.47,23.92,-4.69,-1.56,0.11,0.79,462.0,1.0,-0.79,4.0,74.0,40.0,100.0,1.0,13.0,"Closed loop, using oxygen sensor feedback to determine fuel mix/",39.0,34
2026-09-13 13:32:58.369,745.75,21.0,2.82,26.67,16.47,23.92,-8.59,-1.56,0.74,0.76,461.0,1.0,-0.79,4.0,74.0,40.0,100.0,1.0,13.0,"Closed loop, using oxygen sensor feedback to determine fuel mix/",39.0,34
2026-09-13 13:32:58.754,743.0,22.0,2.82,26.67,16.47,23.92,-8.59,-1.56,0.74,0.74,461.0,1.0,-0.78,4.0,74.0,40.0,100.0,1.0,13.0,"Closed loop, using oxygen sensor feedback to determine fuel mix/",39.0,34
2026-09-13 13:32:59.121,740.75,21.0,2.82,26.67,16.47,23.92,-5.47,-1.56,0.13,0.78,461.0,1.0,-0.79,4.0,74.0,40.0,100.0,1.0,13.0,"Closed loop, using oxygen sensor feedback to determine fuel mix/",39.0,34
2026-09-13 13:32:59.472,746.25,22.0,2.81,26.67,16.47,23.92,-5.47,-1.56,0.12,0.78,461.0,1.0,-0.78,4.0,74.0,40.0,100.0,1.0,13.0,"Closed loop, using oxygen sensor feedback to determine fuel mix/",39.0,34
2026-09-13 13:33:00.095,742.75,21.0,2.81,26.67,16.47,23.92,-8.59,-1.56,0.76,0.74,461.0,1.0,-0.79,4.0,74.0,40.0,100.0,1.0,13.0,"Closed loop, using oxygen sensor feedback to determine fuel mix/",39.0,34
2026-09-13 13:33:00.480,750.75,21.0,2.81,26.67,16.47,23.92,-8.59,-1.56,0.54,0.77,461.0,1.0,-0.79,4.0,74.0,40.0,100.0,1.0,13.0,"Closed loop, using oxygen sensor feedback to determine fuel mix/",39.0,34
2026-09-13 13:33:00.817,754.25,20.0,2.8,26.67,19.61,23.53,-5.47,-1.56,0.1,0.79,460.0,1.0,-0.8,4.0,74.0,40.0,100.0,1.0,13.0,"Closed loop, using oxygen sensor feedback to determine fuel mix/",39.0,34
2026-09-13 13:33:01.167,799.25,27.0,4.83,30.98,21.18,38.04,-1.56,-1.56,0.7,0.77,460.0,1.0,-0.73,4.0,74.0,40.0,100.0,1.0,13.0,"Closed loop, using oxygen sensor feedback to determine fuel mix/",39.0,34
2026-09-13 13:33:01.533,1119.25,29.0,5.74,31.76,18.04,27.84,-2.34,-1.56,0.79,0.75,461.0,1.0,-0.71,6.0,74.0,40.0,100.0,4.5,13.0,"Closed loop, using oxygen sensor feedback to determine fuel mix/",39.0,34
2026-09-13 13:33:02.171,1009.25,24.0,4.32,29.41,18.43,27.45,-2.34,-1.56,0.87,0.83,461.0,1.0,-0.76,6.0,74.0,40.0,100.0,4.5,13.0,"Closed loop, using oxygen sensor feedback to determine fuel mix/",39.0,34
2026-09-13 13:33:02.522,998.0,21.0,3.86,28.24,18.04,25.1,-3.12,-1.56,0.85,0.86,460.0,1.0,-0.79,6.0,74.0,40.0,100.0,4.5,13.0,"Closed loop, using oxygen sensor feedback to determine fuel mix/",39.0,34
2026-09-13 13:33:02.860,968.0,21.0,3.63,28.24,17.65,23.92,-3.91,-1.56,0.86,0.86,460.0,1.0,-0.79,6.0,74.0,40.0,100.0,4.5,13.0,"Closed loop, using oxygen sensor feedback to determine fuel mix/",39.0,34
2026-09-13 13:33:03.241,946.75,20.0,3.35,27.84,17.25,23.53,-5.47,-1.56,0.88,0.86,460.0,1.0,-0.8,6.0,74.0,40.0,100.0,4.5,13.0,"Closed loop, using oxygen sensor feedback to determine fuel mix/",39.0,34
2026-09-13 13:33:03.640,930.25,19.0,3.22,27.45,16.86,23.14,-7.03,-1.56,0.89,0.89,460.0,1.0,-0.81,7.0,74.0,40.0,100.0,-5.0,13.0,"Closed loop, using oxygen sensor feedback to determine fuel mix/",39.0,34
2026-09-13 13:33:04.392,869.0,19.0,2.89,26.67,16.08,21.57,-9.38,-1.56,0.88,0.89,460.0,1.0,-0.81,7.0,74.0,40.0,100.0,-5.0,13.0,"Closed loop, using oxygen sensor feedback to determine fuel mix/",39.0,34
2026-09-13 13:33:04.744,863.0,19.0,2.74,26.27,16.08,20.78,-10.16,-1.56,0.85,0.89,460.0,1.0,-0.81,7.0,74.0,40.0,100.0,-5.0,13.0,"Closed loop, using oxygen sensor feedback to determine fuel mix/",39.0,34
2026-09-13 13:33:05.141,855.0,17.0,2.66,27.84,20.39,21.18,-7.03,-1.56,0.84,0.88,461.0,1.0,-0.83,7.0,74.0,40.0,100.0,-5.0,13.0,"Closed loop, using oxygen sensor feedback to determine fuel mix/",39.0,34
2026-09-13 13:33:05.541,1084.75,24.0,5.13,31.37,19.22,28.63,-7.81,-1.56,0.83,0.86,461.0,1.0,-0.76,7.0,74.0,40.0,100.0,-5.0,13.0,"Closed loop, using oxygen sensor feedback to determine fuel mix/",39.0,34
2026-09-13 13:33:06.046,1048.75,21.0,3.44,28.63,18.04,22.35,-7.81,-1.56,0.85,0.84,462.0,1.0,-0.79,7.0,74.0,40.0,100.0,3.0,13.0,"Closed loop, using oxygen sensor feedback to determine fuel mix/",39.0,34
2026-09-13 13:33:06.691,1018.0,18.0,3.41,27.84,17.25,22.35,-8.59,-1.56,0.79,0.86,462.0,1.0,-0.82,7.0,74.0,40.0,100.0,3.0,13.0,"Closed loop, using oxygen sensor feedback to determine fuel mix/",39.0,34
2026-09-13 13:33:07.048,996.0,19.0,3.28,27.45,17.25,21.96,-9.38,-1.56,0.79,0.83,462.0,1.0,-0.81,7.0,74.0,40.0,100.0,3.0,13.0,"Closed loop, using oxygen sensor feedback to determine fuel mix/",39.0,34
2026-09-13 13:33:07.409,951.75,19.0,3.17,27.45,16.86,21.96,-9.38,-1.56,0.84,0.81,463.0,1.0,-0.81,7.0,74.0,40.0,100.0,3.0,13.0,"Closed loop, using oxygen sensor feedback to determine fuel mix/",39.0,34
2026-09-13 13:33:07.761,929.75,18.0,2.97,27.06,16.47,20.78,-9.38,-1.56,0.87,0.83,463.0,1.0,-0.82,7.0,74.0,40.0,100.0,3.0,13.0,"Closed loop, using oxygen sensor feedback to determine fuel mix/",39.0,34
2026-09-13 13:33:08.129,900.75,17.0,2.81,26.67,15.69,20.39,-10.16,-1.56,0.88,0.86,464.0,1.0,-0.83,7.0,74.0,40.0,100.0,0.0,12.9,"Closed loop, using oxygen sensor feedback to determine fuel mix/",39.0,34
2026-09-13 13:33:08.720,878.0,16.0,2.56,25.88,15.69,19.22,-10.94,-1.56,0.86,0.88,464.0,1.0,-0.84,7.0,74.0,40.0,100.0,0.0,12.9,"Closed loop, using oxygen sensor feedback to determine fuel mix/",39.0,34
2026-09-13 13:33:09.104,878.25,17.0,2.55,25.88,15.29,19.22,-10.94,-1.56,0.86,0.88,465.0,1.0,-0.83,7.0,74.0,40.0,100.0,0.0,12.9,"Closed loop, using oxygen sensor feedback to determine fuel mix/",39.0,34
2026-09-13 13:33:09.470,856.25,17.0,2.42,26.67,16.08,18.04,-10.94,-1.56,0.85,0.86,465.0,1.0,-0.83,7.0,74.0,40.0,100.0,0.0,12.9,"Closed loop, using oxygen sensor feedback to determine fuel mix/",39.0,34
2026-09-13 13:33:09.856,889.25,17.0,2.75,26.27,15.69,20.39,-11.72,-1.56,0.85,0.85,466.0,1.0,-0.83,7.0,74.0,40.0,100.0,0.0,12.9,"Closed loop, using oxygen sensor feedback to determine fuel mix/",39.0,34
2026-09-13 13:33:10.254,857.75,17.0,2.55,25.88,15.29,19.61,-11.72,-1.56,0.83,0.85,466.0,1.0,-0.83,6.0,74.0,40.0,100.0,26.0,13.0,"Closed loop, using oxygen sensor feedback to determine fuel mix/",39.0,34
2026-09-13 13:33:10.912,950.75,24.0,4.32,30.2,20.39,29.8,-7.03,-1.56,0.83,0.83,467.0,1.0,-0.76,6.0,74.0,40.0,100.0,26.0,13.0,"Closed loop, using oxygen sensor feedback to determine fuel mix/",39.0,34
2026-09-13 13:33:11.278,1079.5,26.0,4.94,30.98,20.39,27.06,-7.81,-1.56,0.85,0.83,467.0,1.0,-0.74,6.0,74.0,40.0,100.0,26.0,13.0,"Closed loop, using oxygen sensor feedback to determine fuel mix/",39.0,34
2026-09-13 13:33:11.646,1130.0,31.0,4.93,30.59,20.78,25.1,-7.81,-1.56,0.85,0.84,467.0,1.0,-0.69,6.0,74.0,40.0,100.0,26.0,13.0,"Closed loop, using oxygen sensor feedback to determine fuel mix/",39.0,34
2026-09-13 13:33:12.031,1195.75,34.0,5.43,31.37,21.57,25.1,-8.59,-1.56,0.84,0.85,469.0,1.0,-0.66,6.0,74.0,40.0,100.0,26.0,13.0,"Closed loop, using oxygen sensor feedback to determine fuel mix/",39.0,34
2026-09-13 13:33:12.423,1277.25,33.0,5.87,31.76,14.9,22.35,-9.38,-1.56,0.22,0.82,472.0,1.0,-0.67,8.0,74.0,40.0,100.0,14.5,13.0,"Closed loop, using oxygen sensor feedback to determine fuel mix/",39.0,34
2026-09-13 13:33:13.053,1188.0,19.0,3.41,27.45,17.25,16.86,-3.91,-1.56,0.84,0.71,473.0,1.0,-0.81,8.0,74.0,40.0,100.0,14.5,13.0,"Closed loop, using oxygen sensor feedback to determine fuel mix/",39.0,34
2026-09-13 13:33:13.406,1119.0,16.0,3.22,27.45,16.86,17.65,-3.91,-1.56,0.87,0.68,474.0,1.0,-0.84,8.0,74.0,40.0,100.0,14.5,13.0,"Closed loop, using oxygen sensor feedback to determine fuel mix/",39.0,34
2026-09-13 13:33:13.852,1050.0,17.0,3.04,27.06,16.47,18.04,-4.69,-1.56,0.85,0.86,475.0,1.0,-0.83,8.0,74.0,40.0,100.0,14.5,13.0,"Closed loop, using oxygen sensor feedback to determine fuel mix/",39.0,34
2026-09-13 13:33:14.201,1045.5,15.0,2.97,27.84,19.61,18.04,-2.34,-1.56,0.86,0.87,475.0,1.0,-0.85,8.0,74.0,40.0,100.0,14.5,13.0,"Closed loop, using oxygen sensor feedback to determine fuel mix/",39.0,34
2026-09-13 13:33:14.552,1205.25,20.0,4.44,29.8,18.43,18.43,-3.12,-1.56,0.88,0.87,476.0,1.0,-0.8,8.0,75.0,40.0,100.0,38.0,13.0,"Closed loop, using oxygen sensor feedback to determine fuel mix/",39.0,34
2026-09-13 13:33:15.148,1204.5,24.0,3.87,28.63,18.43,17.25,-4.69,-1.56,0.9,0.89,476.0,1.0,-0.76,8.0,75.0,40.0,100.0,38.0,13.0,"Closed loop, using oxygen sensor feedback to determine fuel mix/",39.0,34
2026-09-13 13:33:15.530,1235.5,21.0,3.84,28.63,15.69,16.08,-6.25,-1.56,0.9,0.9,477.0,1.0,-0.79,8.0,75.0,40.0,100.0,38.0,13.0,"Closed loop, using oxygen sensor feedback to determine fuel mix/",39.0,34
2026-09-13 13:33:15.933,1163.0,17.0,3.76,28.63,16.86,19.61,-7.81,-1.56,0.88,0.91,477.0,1.0,-0.83,8.0,75.0,40.0,100.0,38.0,13.0,"Closed loop, using oxygen sensor feedback to determine fuel mix/",39.0,34
2026-09-13 13:33:16.296,1117.5,16.0,2.97,26.67,16.47,16.08,-8.59,-1.56,0.84,0.91,477.0,1.0,-0.84,8.0,75.0,40.0,100.0,38.0,13.0,"Closed loop, using oxygen sensor feedback to determine fuel mix/",39.0,34
2026-09-13 13:33:16.681,1070.25,15.0,2.83,26.67,16.08,16.47,-9.38,-1.56,0.82,0.89,477.0,1.0,-0.85,8.0,75.0,40.0,100.0,-0.5,12.9,"Closed loop, using oxygen sensor feedback to determine fuel mix/",39.0,34
2026-09-13 13:33:17.303,1001.0,14.0,2.53,25.49,14.9,16.47,-10.16,-1.56,0.84,0.84,477.0,1.0,-0.86,8.0,75.0,40.0,100.0,-0.5,12.9,"Closed loop, using oxygen sensor feedback to determine fuel mix/",39.0,34
2026-09-13 13:33:17.658,952.5,15.0,2.33,25.1,14.51,16.08,-10.16,-1.56,0.88,0.82,477.0,1.0,-0.85,8.0,75.0,40.0,100.0,-0.5,12.9,"Closed loop, using oxygen sensor feedback to determine fuel mix/",39.0,34
2026-09-13 13:33:18.006,919.0,15.0,2.21,24.31,14.12,15.69,-10.16,-1.56,0.89,0.85,477.0,1.0,-0.85,8.0,75.0,40.0,100.0,-0.5,12.9,"Closed loop, using oxygen sensor feedback to determine fuel mix/",39.0,34
2026-09-13 13:33:18.372,899.75,14.0,2.17,24.71,14.51,15.69,-10.94,-1.56,0.9,0.88,477.0,1.0,-0.86,8.0,75.0,40.0,100.0,-0.5,12.9,"Closed loop, using oxygen sensor feedback to determine fuel mix/",39.0,34
2026-09-13 13:33:18.738,887.0,16.0,2.22,24.71,14.51,16.47,-11.72,-1.56,0.9,0.9,477.0,1.0,-0.84,7.0,75.0,40.0,100.0,3.5,12.9,"Closed loop, using oxygen sensor feedback to determine fuel mix/",39.0,34
2026-09-13 13:33:19.348,859.75,16.0,2.26,25.1,14.9,17.65,-11.72,-1.56,0.89,0.91,477.0,1.0,-0.84,7.0,75.0,40.0,100.0,3.5,12.9,"Closed loop, using oxygen sensor feedback to determine fuel mix/",39.0,34
2026-09-13 13:33:19.732,850.5,15.0,2.31,25.1,14.9,17.65,-11.72,-1.56,0.89,0.9,476.0,1.0,-0.85,7.0,75.0,40.0,100.0,3.5,12.9,"Closed loop, using oxygen sensor feedback to determine fuel mix/",39.0,34
2026-09-13 13:33:20.097,838.0,17.0,2.29,25.1,14.9,18.04,-12.5,-1.56,0.88,0.9,476.0,1.0,-0.83,7.0,75.0,40.0,100.0,3.5,12.9,"Closed loop, using oxygen sensor feedback to determine fuel mix/",39.0,34
2026-09-13 13:33:20.761,825.25,17.0,2.31,25.49,14.9,18.43,-13.28,-1.56,0.85,0.88,476.0,1.0,-0.83,7.0,75.0,40.0,100.0,3.5,12.9,"Closed loop, using oxygen sensor feedback to determine fuel mix/",39.0,34
2026-09-13 13:33:21.138,817.0,17.0,2.32,25.49,15.29,19.22,-13.28,-1.56,0.84,0.87,476.0,1.0,-0.83,6.0,75.0,40.0,100.0,4.5,12.9,"Closed loop, using oxygen sensor feedback to determine fuel mix/",39.0,34
2026-09-13 13:33:21.711,805.0,17.0,2.4,25.88,15.69,19.61,-14.06,-1.56,0.83,0.85,476.0,1.0,-0.83,6.0,75.0,40.0,100.0,4.5,12.9,"Closed loop, using oxygen sensor feedback to determine fuel mix/",39.0,34
2026-09-13 13:33:22.181,806.25,18.0,2.42,25.88,15.29,20.0,-14.06,-1.56,0.81,0.83,476.0,1.0,-0.82,6.0,75.0,40.0,100.0,4.5,12.9,"Closed loop, using oxygen sensor feedback to determine fuel mix/",39.0,34
2026-09-13 13:33:22.504,801.0,19.0,2.44,25.88,15.69,20.0,-14.06,-1.56,0.79,0.82,476.0,1.0,-0.81,6.0,75.0,40.0,100.0,4.5,12.9,"Closed loop, using oxygen sensor feedback to determine fuel mix/",39.0,34
2026-09-13 13:33:22.861,786.25,18.0,2.5,25.88,15.69,20.78,-14.84,-1.56,0.71,0.81,476.0,1.0,-0.82,6.0,75.0,40.0,100.0,4.5,12.9,"Closed loop, using oxygen sensor feedback to determine fuel mix/",39.0,34
2026-09-13 13:33:23.244,793.25,18.0,2.49,25.88,15.69,20.78,-7.03,-1.56,0.35,0.8,476.0,1.0,-0.82,5.0,75.0,40.0,100.0,1.0,13.0,"Closed loop, using oxygen sensor feedback to determine fuel mix/",39.0,34
2026-09-13 13:33:23.914,784.5,19.0,2.5,25.88,15.69,20.78,-10.16,-1.56,0.82,0.79,476.0,1.0,-0.81,5.0,75.0,40.0,100.0,1.0,13.0,"Closed loop, using oxygen sensor feedback to determine fuel mix/",39.0,34
2026-09-13 13:33:24.297,775.25,19.0,2.52,25.88,15.69,20.78,-10.16,-1.56,0.83,0.78,476.0,1.0,-0.81,5.0,75.0,40.0,100.0,1.0,13.0,"Closed loop, using oxygen sensor feedback to determine fuel mix/",39.0,34
2026-09-13 13:33:24.680,765.0,18.0,2.52,26.27,15.69,21.57,-10.94,-1.56,0.82,0.81,475.0,1.0,-0.82,5.0,75.0,40.0,100.0,1.0,13.0,"Closed loop, using oxygen sensor feedback to determine fuel mix/",39.0,34
2026-09-13 13:33:25.047,766.0,19.0,2.54,26.27,16.08,21.57,-11.72,-1.56,0.81,0.81,475.0,1.0,-0.81,5.0,75.0,40.0,100.0,1.0,13.0,"Closed loop, using oxygen sensor feedback to determine fuel mix/",39.0,34
2026-09-13 13:33:25.399,764.75,20.0,2.6,26.27,17.25,21.96,-11.72,-1.56,0.79,0.81,475.0,1.0,-0.8,5.0,76.0,40.0,100.0,4.0,13.0,"Closed loop, using oxygen sensor feedback to determine fuel mix/",39.0,34
2026-09-13 13:33:25.992,836.75,21.0,3.23,28.24,18.82,25.1,-3.91,-1.56,0.81,0.8,475.0,1.0,-0.79,5.0,76.0,40.0,100.0,4.0,13.0,"Closed loop, using oxygen sensor feedback to determine fuel mix/",39.0,34
2026-09-13 13:33:26.340,903.0,25.0,4.22,30.2,20.39,31.37,-5.47,-1.56,0.83,0.8,475.0,1.0,-0.75,5.0,76.0,40.0,100.0,4.0,13.0,"Closed loop, using oxygen sensor feedback to determine fuel mix/",39.0,34
2026-09-13 13:33:26.724,1023.5,32.0,4.8,30.59,19.61,29.41,-7.03,-1.56,0.84,0.81,475.0,1.0,-0.68,5.0,76.0,40.0,100.0,4.0,13.0,"Closed loop, using oxygen sensor feedback to determine fuel mix/",39.0,34
2026-09-13 13:33:27.064,1045.0,34.0,4.51,30.2,19.61,26.67,-7.81,-1.56,0.84,0.82,475.0,1.0,-0.66,5.0,76.0,40.0,100.0,4.0,13.0,"Closed loop, using oxygen sensor feedback to determine fuel mix/",39.0,34
2026-09-13 13:33:27.443,1041.75,33.0,4.4,29.8,19.61,27.84,-8.59,-1.56,0.84,0.83,475.0,1.0,-0.67,7.0,76.0,40.0,100.0,24.0,12.9,"Closed loop, using oxygen sensor feedback to determine fuel mix/",39.0,34
2026-09-13 13:33:28.082,1082.0,30.0,4.39,30.2,20.39,24.31,0.0,-1.56,0.09,0.82,475.0,1.0,-0.7,7.0,76.0,40.0,100.0,24.0,12.9,"Closed loop, using oxygen sensor feedback to determine fuel mix/",39.0,34
2026-09-13 13:33:28.481,1171.0,31.0,4.92,30.59,20.39,23.92,0.0,-1.56,0.13,0.76,475.0,1.0,-0.69,7.0,76.0,40.0,100.0,24.0,12.9,"Closed loop, using oxygen sensor feedback to determine fuel mix/",39.0,34
2026-09-13 13:33:28.880,1212.0,31.0,4.94,30.59,20.39,23.14,-3.12,-1.56,0.76,0.7,475.0,1.0,-0.69,7.0,76.0,40.0,100.0,24.0,12.9,"Closed loop, using oxygen sensor feedback to determine fuel mix/",39.0,34
2026-09-13 13:33:29.249,1252.75,29.0,5.02,30.59,20.39,20.0,-3.12,-1.56,0.1,0.79,475.0,1.0,-0.71,7.0,76.0,40.0,100.0,24.0,12.9,"Closed loop, using oxygen sensor feedback to determine fuel mix/",39.0,34
2026-09-13 13:33:29.614,1282.25,30.0,5.0,30.59,19.61,19.61,0.0,-1.56,0.7,0.75,475.0,1.0,-0.7,9.0,76.0,40.0,100.0,30.0,13.0,"Closed loop, using oxygen sensor feedback to determine fuel mix/",39.0,34
2026-09-13 13:33:30.239,1303.0,22.0,3.9,27.06,19.61,13.73,-3.91,-1.56,0.78,0.81,475.0,1.0,-0.78,9.0,76.0,40.0,100.0,30.0,13.0,"Closed loop, using oxygen sensor feedback to determine fuel mix/",39.0,34
2026-09-13 13:33:30.605,1243.0,19.0,4.06,28.24,16.47,14.51,-3.91,-1.56,0.82,0.83,475.0,1.0,-0.81,9.0,76.0,40.0,100.0,30.0,13.0,"Closed loop, using oxygen sensor feedback to determine fuel mix/",39.0,34
2026-09-13 13:33:31.273,1215.75,21.0,5.44,30.98,20.78,20.39,-3.12,-1.56,0.85,0.84,476.0,1.0,-0.79,9.0,76.0,40.0,100.0,30.0,13.0,"Closed loop, using oxygen sensor feedback to determine fuel mix/",39.0,34
2026-09-13 13:33:31.678,1358.25,23.0,4.11,27.06,19.61,11.76,-3.91,-1.56,0.85,0.85,476.0,1.0,-0.77,9.0,76.0,40.0,100.0,30.0,13.0,"Closed loop, using oxygen sensor feedback to determine fuel mix/",39.0,34
2026-09-13 13:33:32.074,1301.75,18.0,4.0,28.63,17.25,13.73,-5.47,-1.56,0.87,0.85,477.0,1.0,-0.82,10.0,76.0,39.0,100.0,44.0,12.9,"Closed loop, using oxygen sensor feedback to determine fuel mix/",39.0,34
2026-09-13 13:33:32.745,1284.0,18.0,3.97,28.24,17.65,14.12,-7.81,-1.56,0.84,0.85,478.0,1.0,-0.82,10.0,76.0,39.0,100.0,44.0,12.9,"Closed loop, using oxygen sensor feedback to determine fuel mix/",39.0,34
2026-09-13 13:33:33.080,1303.75,15.0,3.56,28.24,17.65,13.33,-8.59,-1.56,0.81,0.84,478.0,1.0,-0.85,10.0,76.0,39.0,100.0,44.0,12.9,"Closed loop, using oxygen sensor feedback to determine fuel mix/",39.0,34
2026-09-13 13:33:33.380,1289.5,17.0,3.57,28.24,17.65,13.33,-8.59,-1.56,0.77,0.83,479.0,1.0,-0.83,10.0,76.0,39.0,100.0,44.0,12.9,"Closed loop, using oxygen sensor feedback to determine fuel mix/",39.0,34
2026-09-13 13:33:33.765,1302.75,16.0,3.56,28.24,17.65,12.94,-9.38,-1.56,0.78,0.81,479.0,1.0,-0.84,10.0,76.0,39.0,100.0,44.0,12.9,"Closed loop, using oxygen sensor feedback to determine fuel mix/",39.0,34
2026-09-13 13:33:34.101,1298.25,16.0,3.5,28.24,17.65,12.94,-10.16,-1.56,0.81,0.8,480.0,1.0,-0.84,10.0,76.0,39.0,100.0,30.5,13.0,"Closed loop, using oxygen sensor feedback to determine fuel mix/",39.0,34
2026-09-13 13:33:34.740,1305.5,16.0,3.51,28.24,17.65,12.94,-10.16,-1.56,0.81,0.82,480.0,1.0,-0.84,10.0,76.0,39.0,100.0,30.5,13.0,"Closed loop, using oxygen sensor feedback to determine fuel mix/",39.0,34
2026-09-13 13:33:35.124,1303.5,16.0,3.52,28.24,17.65,12.94,-10.16,-1.56,0.79,0.82,481.0,1.0,-0.84,10.0,76.0,39.0,100.0,30.5,13.0,"Closed loop, using oxygen sensor feedback to determine fuel mix/",39.0,34
2026-09-13 13:33:35.491,1303.5,17.0,3.52,28.24,17.65,12.94,-10.94,-1.56,0.77,0.81,481.0,1.0,-0.83,10.0,76.0,39.0,100.0,30.5,13.0,"Closed loop, using oxygen sensor feedback to determine fuel mix/",39.0,34
2026-09-13 13:33:35.843,1299.75,16.0,3.53,28.24,17.65,12.94,-11.72,-1.56,0.73,0.8,481.0,1.0,-0.84,10.0,76.0,39.0,100.0,30.5,13.0,"Closed loop, using oxygen sensor feedback to determine fuel mix/",39.0,34
2026-09-13 13:33:36.242,1305.0,16.0,3.48,28.24,17.65,13.33,-11.72,-1.56,0.74,0.79,482.0,1.0,-0.84,10.0,76.0,39.0,100.0,30.5,12.9,"Closed loop, using oxygen sensor feedback to determine fuel mix/",39.0,34
2026-09-13 13:33:36.865,1307.25,17.0,3.56,28.24,17.65,13.33,-12.5,-1.56,0.75,0.78,482.0,1.0,-0.83,10.0,76.0,39.0,100.0,30.5,12.9,"Closed loop, using oxygen sensor feedback to determine fuel mix/",39.0,34
2026-09-13 13:33:37.248,1303.5,16.0,3.63,28.24,17.65,13.33,-12.5,-1.56,0.75,0.79,482.0,1.0,-0.84,10.0,76.0,39.0,100.0,30.5,12.9,"Closed loop, using oxygen sensor feedback to determine fuel mix/",39.0,34
2026-09-13 13:33:37.569,1301.5,16.0,3.46,27.84,17.65,12.94,-13.28,-1.56,0.7,0.79,483.0,1.0,-0.84,10.0,76.0,39.0,100.0,30.5,12.9,"Closed loop, using oxygen sensor feedback to determine fuel mix/",39.0,34
2026-09-13 13:33:37.967,1300.0,15.0,3.48,27.84,17.65,12.94,-13.28,-1.56,0.7,0.77,483.0,1.0,-0.85,10.0,76.0,39.0,100.0,30.5,12.9,"Closed loop, using oxygen sensor feedback to determine fuel mix/",39.0,34
2026-09-13 13:33:38.321,1289.5,16.0,3.58,27.84,17.65,13.33,-13.28,-1.56,0.69,0.73,483.0,1.0,-0.84,10.0,76.0,40.0,100.0,30.5,13.0,"Closed loop, using oxygen sensor feedback to determine fuel mix/",39.0,35
2026-09-13 13:33:38.928,1288.25,16.0,3.48,27.84,17.65,12.94,-5.47,-1.56,0.51,0.71,483.0,1.0,-0.84,10.0,76.0,40.0,100.0,30.5,13.0,"Closed loop, using oxygen sensor feedback to determine fuel mix/",39.0,35
2026-09-13 13:33:39.292,1291.75,16.0,3.5,27.84,19.22,12.94,-9.38,-1.56,0.83,0.67,483.0,1.0,-0.84,10.0,76.0,40.0,100.0,30.5,13.0,"Closed loop, using oxygen sensor feedback to determine fuel mix/",39.0,35
2026-09-13 13:33:39.661,1301.0,20.0,4.76,30.59,20.0,16.86,-2.34,-1.56,0.83,0.8,484.0,1.0,-0.8,10.0,76.0,40.0,100.0,30.5,13.0,"Closed loop, using oxygen sensor feedback to determine fuel mix/",39.0,35
2026-09-13 13:33:39.999,1387.0,20.0,4.4,28.63,18.82,13.73,-2.34,-1.56,0.87,0.84,484.0,1.0,-0.8,10.0,76.0,40.0,100.0,30.5,13.0,"Closed loop, using oxygen sensor feedback to determine fuel mix/",39.0,35
2026-09-13 13:33:40.366,1322.25,18.0,4.3,29.41,18.43,15.29,-3.12,-1.56,0.88,0.85,484.0,1.0,-0.82,10.0,77.0,39.0,100.0,30.5,13.0,"Closed loop, using oxygen sensor feedback to determine fuel mix/",39.0,35
2026-09-13 13:33:40.909,1335.0,17.0,3.73,28.63,18.04,13.33,-4.69,-1.56,0.86,0.88,484.0,1.0,-0.83,10.0,77.0,39.0,100.0,30.5,13.0,"Closed loop, using oxygen sensor feedback to determine fuel mix/",39.0,35
2026-09-13 13:33:41.289,1336.25,16.0,3.68,28.24,18.04,12.94,-5.47,-1.56,0.87,0.86,484.0,1.0,-0.84,10.0,77.0,39.0,100.0,30.5,13.0,"Closed loop, using oxygen sensor feedback to determine fuel mix/",39.0,35
2026-09-13 13:33:41.599,1337.25,16.0,3.63,28.24,18.04,12.55,-7.03,-1.56,0.86,0.86,484.0,1.0,-0.84,10.0,77.0,39.0,100.0,30.5,13.0,"Closed loop, using oxygen sensor feedback to determine fuel mix/",39.0,35
2026-09-13 13:33:41.981,1338.0,16.0,3.61,28.24,18.04,12.16,-8.59,-1.56,0.86,0.86,485.0,1.0,-0.84,10.0,77.0,39.0,100.0,30.5,13.0,"Closed loop, using oxygen sensor feedback to determine fuel mix/",39.0,35
2026-09-13 13:33:42.349,1329.5,16.0,3.56,28.24,18.04,12.55,-10.16,-1.56,0.85,0.86,485.0,1.0,-0.84,10.0,77.0,40.0,100.0,31.0,13.0,"Closed loop, using oxygen sensor feedback to determine fuel mix/",39.0,35
2026-09-13 13:33:43.005,1333.75,17.0,3.69,28.24,18.04,12.55,-10.16,-1.56,0.83,0.84,486.0,1.0,-0.83,10.0,77.0,40.0,100.0,31.0,13.0,"Closed loop, using oxygen sensor feedback to determine fuel mix/",39.0,35
2026-09-13 13:33:43.357,1339.0,16.0,3.53,28.24,17.65,12.16,-10.16,-1.56,0.8,0.82,486.0,1.0,-0.84,10.0,77.0,40.0,100.0,31.0,13.0,"Closed loop, using oxygen sensor feedback to determine fuel mix/",39.0,35
2026-09-13 13:33:43.723,1330.75,16.0,3.66,28.24,18.04,12.55,-10.94,-1.56,0.81,0.81,486.0,1.0,-0.84,10.0,77.0,40.0,100.0,31.0,13.0,"Closed loop, using oxygen sensor feedback to determine fuel mix/",39.0,35
2026-09-13 13:33:44.060,1341.75,16.0,3.61,28.24,18.04,12.16,-11.72,-1.56,0.79,0.81,486.0,1.0,-0.84,10.0,77.0,40.0,100.0,31.0,13.0,"Closed loop, using oxygen sensor feedback to determine fuel mix/",39.0,35
2026-09-13 13:33:44.412,1344.5,16.0,3.54,28.24,18.04,12.55,-11.72,-1.56,0.79,0.81,487.0,1.0,-0.84,10.0,77.0,40.0,100.0,20.0,12.9,"Closed loop, using oxygen sensor feedback to determine fuel mix/",39.0,35
2026-09-13 13:33:44.971,1358.75,17.0,3.78,28.63,18.43,12.94,-11.72,-1.56,0.8,0.8,487.0,1.0,-0.83,10.0,77.0,40.0,100.0,20.0,12.9,"Closed loop, using oxygen sensor feedback to determine fuel mix/",39.0,35
2026-09-13 13:33:45.354,1354.0,17.0,3.74,28.63,18.43,12.55,-12.5,-1.56,0.78,0.81,487.0,1.0,-0.83,10.0,77.0,40.0,100.0,20.0,12.9,"Closed loop, using oxygen sensor feedback to determine fuel mix/",39.0,35
2026-09-13 13:33:45.674,1366.0,17.0,3.74,28.63,18.43,12.55,-12.5,-1.56,0.68,0.81,487.0,1.0,-0.83,10.0,77.0,40.0,100.0,20.0,12.9,"Closed loop, using oxygen sensor feedback to determine fuel mix/",39.0,35
2026-09-13 13:33:46.041,1357.75,17.0,3.74,28.63,18.43,12.16,-4.69,-1.56,0.12,0.78,488.0,1.0,-0.83,10.0,77.0,40.0,100.0,20.0,12.9,"Closed loop, using oxygen sensor feedback to determine fuel mix/",39.0,35
2026-09-13 13:33:46.392,1367.0,16.0,3.73,28.63,18.04,12.55,-7.81,-1.56,0.82,0.71,488.0,1.0,-0.84,10.0,77.0,39.0,100.0,31.0,12.9,"Closed loop, using oxygen sensor feedback to determine fuel mix/",39.0,35
2026-09-13 13:33:47.018,1363.25,15.0,3.65,28.24,18.04,11.76,-8.59,-1.56,0.84,0.84,488.0,1.0,-0.85,10.0,77.0,39.0,100.0,31.0,12.9,"Closed loop, using oxygen sensor feedback to determine fuel mix/",39.0,35
2026-09-13 13:33:47.400,1366.25,15.0,3.67,28.63,18.04,12.16,-8.59,-1.56,0.84,0.84,488.0,1.0,-0.85,10.0,77.0,39.0,100.0,31.0,12.9,"Closed loop, using oxygen sensor feedback to determine fuel mix/",39.0,35
2026-09-13 13:33:47.751,1372.0,16.0,3.58,28.24,18.04,11.76,-9.38,-1.56,0.82,0.85,488.0,1.0,-0.84,10.0,77.0,39.0,100.0,31.0,12.9,"Closed loop, using oxygen sensor feedback to determine fuel mix/",39.0,35
2026-09-13 13:33:48.150,1367.75,16.0,3.66,28.63,18.43,12.55,-10.16,-1.56,0.84,0.84,488.0,1.0,-0.84,10.0,77.0,39.0,100.0,31.0,12.9,"Closed loop, using oxygen sensor feedback to determine fuel mix/",39.0,35
2026-09-13 13:33:48.499,1381.5,16.0,3.65,28.63,18.43,11.76,-10.94,-1.56,0.81,0.84,489.0,1.0,-0.84,10.0,77.0,40.0,100.0,20.0,13.0,"Closed loop, using oxygen sensor feedback to determine fuel mix/",39.0,35
2026-09-13 13:33:49.091,1385.0,16.0,3.72,28.63,18.43,11.76,-13.28,-1.56,0.71,0.82,489.0,1.0,-0.84,10.0,77.0,40.0,100.0,20.0,13.0,"Closed loop, using oxygen sensor feedback to determine fuel mix/",39.0,35
2026-09-13 13:33:49.442,1386.0,17.0,3.86,28.63,18.43,12.16,-14.84,-1.56,0.7,0.8,489.0,1.0,-0.83,10.0,77.0,40.0,100.0,20.0,13.0,"Closed loop, using oxygen sensor feedback to determine fuel mix/",39.0,35
2026-09-13 13:33:49.794,1380.75,16.0,3.61,28.24,18.04,11.37,-7.03,-1.56,0.1,0.76,489.0,1.0,-0.84,10.0,77.0,40.0,100.0,20.0,13.0,"Closed loop, using oxygen sensor feedback to determine fuel mix/",39.0,35
2026-09-13 13:33:50.160,1375.5,15.0,3.56,28.24,18.04,11.76,-10.94,-1.56,0.81,0.7,489.0,1.0,-0.85,10.0,77.0,40.0,100.0,20.0,13.0,"Closed loop, using oxygen sensor feedback to determine fuel mix/",39.0,35
2026-09-13 13:33:50.512,1384.25,15.0,3.64,28.24,18.04,11.37,-10.94,-1.56,0.84,0.72,490.0,1.0,-0.85,11.0,77.0,39.0,100.0,31.5,13.0,"Closed loop, using oxygen sensor feedback to determine fuel mix/",39.0,35
2026-09-13 13:33:51.135,1388.75,15.0,3.62,28.24,18.43,11.37,-11.72,-1.56,0.83,0.84,490.0,1.0,-0.85,11.0,77.0,39.0,100.0,31.5,13.0,"Closed loop, using oxygen sensor feedback to determine fuel mix/",39.0,35
2026-09-13 13:33:51.520,1388.25,16.0,3.79,28.63,18.43,11.76,-11.72,-1.56,0.82,0.84,490.0,1.0,-0.84,11.0,77.0,39.0,100.0,31.5,13.0,"Closed loop, using oxygen sensor feedback to determine fuel mix/",39.0,35
2026-09-13 13:33:51.889,1384.75,17.0,3.87,28.63,18.43,12.16,-13.28,-1.56,0.72,0.84,490.0,1.0,-0.83,11.0,77.0,39.0,100.0,31.5,13.0,"Closed loop, using oxygen sensor feedback to determine fuel mix/",39.0,35
2026-09-13 13:33:52.269,1389.75,15.0,3.84,28.63,18.43,11.76,-14.06,-1.56,0.3,0.81,491.0,1.0,-0.85,11.0,77.0,39.0,100.0,31.5,13.0,"Closed loop, using oxygen sensor feedback to determine fuel mix/",39.0,35
2026-09-13 13:33:52.637,1399.5,17.0,3.8,28.63,18.43,11.37,-8.59,-1.56,0.17,0.77,491.0,1.0,-0.83,11.0,78.0,40.0,100.0,16.0,12.9,"Closed loop, using oxygen sensor feedback to determine fuel mix/",39.0,35
2026-09-13 13:33:53.229,1398.5,16.0,3.64,28.24,18.04,11.37,-13.28,-1.56,0.77,0.8,491.0,1.0,-0.84,11.0,78.0,40.0,100.0,16.0,12.9,"Closed loop, using oxygen sensor feedback to determine fuel mix/",39.0,35
2026-09-13 13:33:53.610,1387.5,16.0,3.79,28.24,18.04,11.76,-13.28,-1.56,0.8,0.81,491.0,1.0,-0.84,11.0,78.0,40.0,100.0,16.0,12.9,"Closed loop, using oxygen sensor feedback to determine fuel mix/",39.0,35
2026-09-13 13:33:53.994,1364.0,16.0,3.65,28.24,18.04,12.55,-13.28,-1.56,0.76,0.82,491.0,1.0,-0.84,11.0,78.0,40.0,100.0,16.0,12.9,"Closed loop, using oxygen sensor feedback to determine fuel mix/",39.0,35
2026-09-13 13:33:54.362,1334.0,17.0,3.75,28.24,18.04,12.94,-14.06,-1.56,0.48,0.81,492.0,1.0,-0.83,11.0,78.0,40.0,100.0,16.0,12.9,"Closed loop, using oxygen sensor feedback to determine fuel mix/",39.0,35
2026-09-13 13:33:54.749,1296.0,16.0,3.65,28.24,18.04,13.73,-10.16,-1.56,0.12,0.79,492.0,1.0,-0.84,9.0,78.0,39.0,100.0,19.5,13.0,"Closed loop, using oxygen sensor feedback to determine fuel mix/",39.0,35
2026-09-13 13:33:55.367,1233.0,17.0,3.51,27.84,18.43,15.69,-10.16,-1.56,0.15,0.72,492.0,1.0,-0.83,9.0,78.0,39.0,100.0,19.5,13.0,"Closed loop, using oxygen sensor feedback to determine fuel mix/",39.0,35
2026-09-13 13:33:55.750,1163.25,18.0,3.81,28.63,18.04,19.22,-10.16,-1.56,0.09,0.76,492.0,1.0,-0.82,9.0,78.0,39.0,100.0,19.5,13.0,"Closed loop, using oxygen sensor feedback to determine fuel mix/",39.0,35
2026-09-13 13:33:56.085,1094.75,19.0,3.69,28.24,18.04,20.39,-10.16,-1.56,0.09,0.7,492.0,1.0,-0.81,9.0,78.0,39.0,100.0,19.5,13.0,"Closed loop, using oxygen sensor feedback to determine fuel mix/",39.0,35
2026-09-13 13:33:56.471,1022.75,20.0,3.61,28.24,18.04,23.14,-10.16,-1.56,0.1,0.64,492.0,1.0,-0.8,9.0,78.0,39.0,100.0,19.5,13.0,"Closed loop, using oxygen sensor feedback to determine fuel mix/",39.0,35
2026-09-13 13:33:56.803,970.5,19.0,3.54,28.24,17.65,23.92,-9.38,-1.56,0.12,0.62,493.0,1.0,-0.81,6.0,78.0,39.0,100.0,3.0,12.9,"Closed loop, using oxygen sensor feedback to determine fuel mix/",39.0,35
2026-09-13 13:33:57.348,893.5,22.0,3.43,27.84,17.65,25.49,-13.28,-1.56,0.79,0.66,493.0,1.0,-0.78,6.0,78.0,39.0,100.0,3.0,12.9,"Closed loop, using oxygen sensor feedback to determine fuel mix/",39.0,35
2026-09-13 13:33:57.733,849.0,22.0,3.41,27.84,17.65,27.06,-10.16,-1.56,0.1,0.81,493.0,1.0,-0.78,6.0,78.0,39.0,100.0,3.0,12.9,"Closed loop, using oxygen sensor feedback to determine fuel mix/",39.0,35
2026-09-13 13:33:58.098,833.5,22.0,3.36,27.84,17.65,26.27,-10.16,-1.56,0.07,0.8,493.0,1.0,-0.78,6.0,78.0,39.0,100.0,3.0,12.9,"Closed loop, using oxygen sensor feedback to determine fuel mix/",39.0,35
2026-09-13 13:33:58.450,826.25,23.0,3.27,27.84,17.25,26.27,-9.38,-1.56,0.07,0.67,493.0,1.0,-0.77,6.0,78.0,39.0,100.0,3.0,12.9,"Closed loop, using oxygen sensor feedback to determine fuel mix/",39.0,35
2026-09-13 13:33:58.833,813.75,23.0,3.25,27.84,17.25,26.27,-9.38,-1.56,0.07,0.43,493.0,1.0,-0.77,4.0,78.0,39.0,100.0,1.0,12.9,"Closed loop, using oxygen sensor feedback to determine fuel mix/",39.0,35
2026-09-13 13:33:59.443,785.25,23.0,3.2,27.45,17.25,26.67,-8.59,-1.56,0.07,0.17,493.0,1.0,-0.77,4.0,78.0,39.0,100.0,1.0,12.9,"Closed loop, using oxygen sensor feedback to determine fuel mix/",39.0,35
2026-09-13 13:33:59.807,774.25,24.0,3.16,27.45,17.25,26.67,-7.03,-1.56,0.07,0.12,493.0,1.0,-0.76,4.0,78.0,39.0,100.0,1.0,12.9,"Closed loop, using oxygen sensor feedback to determine fuel mix/",39.0,35
2026-09-13 13:34:00.175,760.5,22.0,3.15,27.45,17.25,26.27,-5.47,-1.56,0.08,0.11,493.0,1.0,-0.78,4.0,78.0,39.0,100.0,1.0,12.9,"Closed loop, using oxygen sensor feedback to determine fuel mix/",39.0,35
2026-09-13 13:34:00.527,764.0,22.0,3.09,27.45,17.25,26.27,-3.91,-1.56,0.1,0.1,493.0,1.0,-0.78,4.0,78.0,39.0,100.0,1.0,12.9,"Closed loop, using oxygen sensor feedback to determine fuel mix/",39.0,35
2026-09-13 13:34:00.893,754.0,22.0,3.11,27.45,17.25,26.27,-2.34,-1.56,0.43,0.1,493.0,1.0,-0.78,4.0,78.0,40.0,100.0,0.5,12.9,"Closed loop, using oxygen sensor feedback to determine fuel mix/",39.0,35
2026-09-13 13:34:01.499,741.0,24.0,3.07,27.45,17.25,26.27,-7.03,-1.56,0.09,0.17,492.0,1.0,-0.76,4.0,78.0,40.0,100.0,0.5,12.9,"Closed loop, using oxygen sensor feedback to determine fuel mix/",39.0,35
2026-09-13 13:34:01.884,748.0,23.0,3.12,27.45,17.25,26.67,-7.03,-1.56,0.07,0.21,492.0,1.0,-0.77,4.0,78.0,40.0,100.0,0.5,12.9,"Closed loop, using oxygen sensor feedback to determine fuel mix/",39.0,35
2026-09-13 13:34:02.285,742.0,24.0,3.08,27.45,17.25,26.27,-7.03,-1.56,0.08,0.1,492.0,1.0,-0.76,4.0,78.0,40.0,100.0,0.5,12.9,"Closed loop, using oxygen sensor feedback to determine fuel mix/",39.0,35
2026-09-13 13:34:02.650,748.75,23.0,3.06,27.45,16.86,25.88,-6.25,-1.56,0.09,0.09,492.0,1.0,-0.77,4.0,78.0,40.0,100.0,0.5,12.9,"Closed loop, using oxygen sensor feedback to determine fuel mix/",39.0,35
2026-09-13 13:34:03.002,746.0,24.0,3.07,27.45,16.86,26.27,-6.25,-1.56,0.09,0.09,492.0,1.0,-0.76,4.0,78.0,40.0,100.0,-1.5,13.0,"Closed loop, using oxygen sensor feedback to determine fuel mix/",39.0,35
2026-09-13 13:34:03.592,751.5,22.0,3.01,27.06,16.86,25.49,-3.91,-1.56,0.11,0.09,491.0,1.0,-0.78,4.0,78.0,40.0,100.0,-1.5,13.0,"Closed loop, using oxygen sensor feedback to determine fuel mix/",39.0,35
2026-09-13 13:34:03.911,748.0,23.0,2.95,27.06,16.86,25.49,-8.59,-1.56,0.73,0.1,491.0,1.0,-0.77,4.0,78.0,40.0,100.0,-1.5,13.0,"Closed loop, using oxygen sensor feedback to determine fuel mix/",39.0,35
2026-09-13 13:34:04.295,745.0,23.0,2.93,27.45,20.39,25.88,-1.56,-1.56,0.73,0.12,491.0,1.0,-0.77,4.0,78.0,40.0,100.0,-1.5,13.0,"Closed loop, using oxygen sensor feedback to determine fuel mix/",39.0,35
2026-09-13 13:34:04.865,1016.5,30.0,5.59,31.76,18.43,30.98,1.56,-1.56,0.72,0.19,491.0,1.0,-0.7,4.0,78.0,40.0,100.0,-1.5,13.0,"Closed loop, using oxygen sensor feedback to determine fuel mix/",39.0,35
2026-09-13 13:34:05.204,1093.75,27.0,3.46,28.63,19.61,22.75,-2.34,-1.56,0.85,0.18,491.0,1.0,-0.73,5.0,79.0,39.0,100.0,-0.5,13.0,"Closed loop, using oxygen sensor feedback to determine fuel mix/",39.0,35
2026-09-13 13:34:05.780,998.25,24.0,4.3,29.41,18.43,27.84,-3.12,-1.56,0.81,0.81,490.0,1.0,-0.76,5.0,79.0,39.0,100.0,-0.5,13.0,"Closed loop, using oxygen sensor feedback to determine fuel mix/",39.0,35
2026-09-13 13:34:06.130,956.0,23.0,3.85,28.63,18.43,26.67,-3.91,-1.56,0.84,0.83,490.0,1.0,-0.77,5.0,79.0,39.0,100.0,-0.5,13.0,"Closed loop, using oxygen sensor feedback to determine fuel mix/",39.0,35
2026-09-13 13:34:06.482,933.75,23.0,3.64,28.24,17.65,25.49,-3.91,-1.56,0.86,0.84,490.0,1.0,-0.77,5.0,79.0,39.0,100.0,-0.5,13.0,"Closed loop, using oxygen sensor feedback to determine fuel mix/",39.0,35
2026-09-13 13:34:06.849,914.5,20.0,3.43,27.84,17.65,24.71,-5.47,-1.56,0.88,0.86,490.0,1.0,-0.8,5.0,79.0,39.0,100.0,-0.5,13.0,"Closed loop, using oxygen sensor feedback to determine fuel mix/",39.0,35
2026-09-13 13:34:07.209,890.75,21.0,3.34,27.45,17.25,24.31,-7.03,-1.56,0.88,0.88,489.0,1.0,-0.79,6.0,79.0,39.0,100.0,-3.5,13.0,"Closed loop, using oxygen sensor feedback to determine fuel mix/",39.0,35
2026-09-13 13:34:07.792,862.25,20.0,3.15,27.45,16.86,23.92,-9.38,-1.56,0.85,0.89,489.0,1.0,-0.8,6.0,79.0,39.0,100.0,-3.5,13.0,"Closed loop, using oxygen sensor feedback to determine fuel mix/",39.0,35
2026-09-13 13:34:08.159,847.75,20.0,3.03,27.06,16.86,23.53,-10.16,-1.56,0.8,0.87,489.0,1.0,-0.8,6.0,79.0,39.0,100.0,-3.5,13.0,"Closed loop, using oxygen sensor feedback to determine fuel mix/",39.0,35
2026-09-13 13:34:08.543,829.0,20.0,2.96,27.06,16.47,23.53,-10.94,-1.56,0.73,0.85,489.0,1.0,-0.8,6.0,79.0,39.0,100.0,-3.5,13.0,"Closed loop, using oxygen sensor feedback to determine fuel mix/",39.0,35
2026-09-13 13:34:08.928,815.75,21.0,2.87,26.67,16.47,23.14,-10.94,-1.56,0.62,0.83,489.0,1.0,-0.79,6.0,79.0,39.0,100.0,-3.5,13.0,"Closed loop, using oxygen sensor feedback to determine fuel mix/",39.0,35
2026-09-13 13:34:09.273,804.0,21.0,2.83,26.67,16.47,23.14,-2.34,-1.56,0.18,0.82,489.0,1.0,-0.79,5.0,79.0,40.0,100.0,3.5,13.0,"Closed loop, using oxygen sensor feedback to determine fuel mix/",39.0,35
2026-09-13 13:34:09.886,777.25,21.0,2.77,26.67,16.47,22.75,-6.25,-1.56,0.84,0.8,488.0,1.0,-0.79,5.0,79.0,40.0,100.0,3.5,13.0,"Closed loop, using oxygen sensor feedback to determine fuel mix/",39.0,35
2026-09-13 13:34:10.237,770.25,20.0,2.77,26.67,16.47,23.14,-6.25,-1.56,0.84,0.82,488.0,1.0,-0.8,5.0,79.0,40.0,100.0,3.5,13.0,"Closed loop, using oxygen sensor feedback to determine fuel mix/",39.0,35
2026-09-13 13:34:10.607,761.5,20.0,2.75,26.67,16.47,23.14,-6.25,-1.56,0.82,0.84,488.0,1.0,-0.8,5.0,79.0,40.0,100.0,3.5,13.0,"Closed loop, using oxygen sensor feedback to determine fuel mix/",39.0,35
2026-09-13 13:34:10.960,756.5,20.0,2.75,26.67,16.47,23.53,-7.03,-1.56,0.79,0.84,488.0,1.0,-0.8,5.0,79.0,40.0,100.0,3.5,13.0,"Closed loop, using oxygen sensor feedback to determine fuel mix/",39.0,35
2026-09-13 13:34:11.435,753.25,21.0,2.74,26.67,16.47,23.53,-8.59,-1.56,0.76,0.82,488.0,1.0,-0.79,4.0,79.0,40.0,100.0,5.0,13.0,"Closed loop, using oxygen sensor feedback to determine fuel mix/",39.0,35
2026-09-13 13:34:12.029,763.25,22.0,2.73,26.67,16.08,23.14,-10.94,-1.56,0.62,0.81,488.0,1.0,-0.78,4.0,79.0,40.0,100.0,5.0,13.0,"Closed loop, using oxygen sensor feedback to determine fuel mix/",39.0,35
2026-09-13 13:34:12.413,759.75,20.0,2.7,26.67,16.08,23.14,-4.69,-1.56,0.1,0.81,487.0,1.0,-0.8,4.0,79.0,40.0,100.0,5.0,13.0,"Closed loop, using oxygen sensor feedback to determine fuel mix/",39.0,35
2026-09-13 13:34:12.780,757.25,20.0,2.67,26.27,15.69,22.35,-4.69,-1.56,0.71,0.79,487.0,1.0,-0.8,4.0,79.0,40.0,100.0,5.0,13.0,"Closed loop, using oxygen sensor feedback to determine fuel mix/",39.0,35
2026-09-13 13:34:13.167,769.5,19.0,2.58,26.27,15.69,21.57,-7.81,-1.56,0.81,0.77,487.0,1.0,-0.81,4.0,79.0,40.0,100.0,5.0,13.0,"Closed loop, using oxygen sensor feedback to determine fuel mix/",39.0,35
2026-09-13 13:34:13.532,768.75,19.0,2.57,25.88,15.69,21.18,-8.59,-1.56,0.81,0.8,487.0,1.0,-0.81,5.0,79.0,40.0,100.0,3.5,13.0,"Closed loop, using oxygen sensor feedback to determine fuel mix/",39.0,35
2026-09-13 13:34:14.155,763.0,18.0,2.44,25.88,15.29,20.39,-9.38,-1.56,0.82,0.83,486.0,1.0,-0.82,5.0,79.0,40.0,100.0,3.5,13.0,"Closed loop, using oxygen sensor feedback to determine fuel mix/",39.0,35
2026-09-13 13:34:14.508,771.5,18.0,2.43,25.49,15.29,20.0,-9.38,-1.56,0.82,0.83,486.0,1.0,-0.82,5.0,79.0,40.0,100.0,3.5,13.0,"Closed loop, using oxygen sensor feedback to determine fuel mix/",39.0,35
2026-09-13 13:34:14.876,769.75,18.0,2.35,25.49,15.29,19.61,-10.94,-1.56,0.82,0.84,486.0,1.0,-0.82,5.0,79.0,40.0,100.0,3.5,13.0,"Closed loop, using oxygen sensor feedback to determine fuel mix/",39.0,35
2026-09-13 13:34:15.226,774.25,18.0,2.34,25.49,14.9,19.22,-12.5,-1.56,0.82,0.84,486.0,1.0,-0.82,5.0,79.0,40.0,100.0,3.5,13.0,"Closed loop, using oxygen sensor feedback to determine fuel mix/",39.0,35
2026-09-13 13:34:15.594,772.25,17.0,2.33,25.49,15.29,19.61,-14.06,-1.56,0.81,0.84,485.0,1.0,-0.83,5.0,79.0,40.0,100.0,6.5,13.0,"Closed loop, using oxygen sensor feedback to determine fuel mix/",39.0,35
2026-09-13 13:34:16.183,773.5,18.0,2.38,25.49,15.29,19.61,-15.62,-1.56,0.74,0.83,485.0,1.0,-0.82,5.0,79.0,40.0,100.0,6.5,13.0,"Closed loop, using oxygen sensor feedback to determine fuel mix/",39.0,35
2026-09-13 13:34:16.583,778.0,17.0,2.37,25.49,15.29,19.61,-16.41,-1.56,0.6,0.82,484.0,1.0,-0.83,5.0,79.0,40.0,100.0,6.5,13.0,"Closed loop, using oxygen sensor feedback to determine fuel mix/",39.0,35
2026-09-13 13:34:16.984,773.0,18.0,2.4,25.49,15.29,20.0,-7.81,-1.56,0.09,0.81,484.0,1.0,-0.82,5.0,79.0,40.0,100.0,6.5,13.0,"Closed loop, using oxygen sensor feedback to determine fuel mix/",39.0,35
2026-09-13 13:34:17.351,783.5,18.0,2.39,25.49,15.29,20.0,-7.81,-1.56,0.68,0.81,484.0,1.0,-0.82,5.0,79.0,40.0,100.0,6.5,13.0,"Closed loop, using oxygen sensor feedback to determine fuel mix/",39.0,35
2026-09-13 13:34:17.703,786.5,18.0,2.38,25.49,15.29,19.61,-10.94,-1.56,0.83,0.78,483.0,1.0,-0.82,5.0,79.0,40.0,100.0,4.5,13.0,"Closed loop, using oxygen sensor feedback to determine fuel mix/",39.0,35
2026-09-13 13:34:18.325,786.5,18.0,2.33,25.49,15.29,19.22,-11.72,-1.56,0.81,0.83,482.0,1.0,-0.82,5.0,79.0,40.0,100.0,4.5,13.0,"Closed loop, using oxygen sensor feedback to determine fuel mix/",39.0,35
2026-09-13 13:34:18.708,800.0,17.0,2.37,25.49,15.29,19.22,-12.5,-1.56,0.81,0.83,482.0,1.0,-0.83,5.0,79.0,40.0,100.0,4.5,13.0,"Closed loop, using oxygen sensor feedback to determine fuel mix/",39.0,35
2026-09-13 13:34:19.247,789.25,17.0,2.32,25.49,15.29,19.22,-13.28,-1.56,0.8,0.83,482.0,1.0,-0.83,5.0,79.0,40.0,100.0,4.5,13.0,"Closed loop, using oxygen sensor feedback to determine fuel mix/",39.0,35
2026-09-13 13:34:19.634,788.5,18.0,2.35,25.49,15.29,19.61,-14.84,-1.56,0.79,0.82,481.0,1.0,-0.82,5.0,79.0,40.0,100.0,4.5,13.0,"Closed loop, using oxygen sensor feedback to determine fuel mix/",39.0,35
2026-09-13 13:34:20.033,785.75,17.0,2.38,25.49,15.69,19.61,-16.41,-1.56,0.73,0.82,481.0,1.0,-0.83,5.0,79.0,40.0,100.0,6.5,13.0,"Closed loop, using oxygen sensor feedback to determine fuel mix/",39.0,35
2026-09-13 13:34:20.771,783.75,19.0,2.44,25.88,15.29,20.0,-10.16,-1.56,0.08,0.81,480.0,1.0,-0.81,5.0,79.0,40.0,100.0,6.5,13.0,"Closed loop, using oxygen sensor feedback to determine fuel mix/",39.0,35
2026-09-13 13:34:21.150,785.0,19.0,2.41,25.88,15.29,20.0,-9.38,-1.56,0.12,0.8,479.0,1.0,-0.81,5.0,79.0,40.0,100.0,6.5,13.0,"Closed loop, using oxygen sensor feedback to determine fuel mix/",39.0,35
2026-09-13 13:34:21.535,785.75,17.0,2.39,25.49,15.29,20.0,-13.28,-1.56,0.77,0.77,479.0,1.0,-0.83,5.0,79.0,40.0,100.0,6.5,13.0,"Closed loop, using oxygen sensor feedback to determine fuel mix/",39.0,35
2026-09-13 13:34:21.937,786.75,18.0,2.41,25.49,15.29,20.0,-13.28,-1.56,0.77,0.78,479.0,1.0,-0.82,5.0,79.0,40.0,100.0,6.5,13.0,"Closed loop, using oxygen sensor feedback to determine fuel mix/",39.0,35
2026-09-13 13:34:22.300,785.0,19.0,2.42,25.88,15.29,20.39,-13.28,-1.56,0.73,0.8,478.0,1.0,-0.81,5.0,80.0,40.0,100.0,5.5,13.0,"Closed loop, using oxygen sensor feedback to determine fuel mix/",39.0,35
2026-09-13 13:34:22.905,775.75,18.0,2.42,25.88,15.29,20.39,-10.94,-1.56,0.11,0.8,478.0,1.0,-0.82,5.0,80.0,40.0,100.0,5.5,13.0,"Closed loop, using oxygen sensor feedback to determine fuel mix/",39.0,35
2026-09-13 13:34:23.226,775.5,19.0,2.4,25.49,15.29,20.0,-10.16,-1.56,0.26,0.79,477.0,1.0,-0.81,5.0,80.0,40.0,100.0,5.5,13.0,"Closed loop, using oxygen sensor feedback to determine fuel mix/",39.0,35
2026-09-13 13:34:23.595,776.25,17.0,2.4,25.49,15.29,20.0,-13.28,-1.56,0.76,0.78,477.0,1.0,-0.83,5.0,80.0,40.0,100.0,5.5,13.0,"Closed loop, using oxygen sensor feedback to determine fuel mix/",39.0,35
2026-09-13 13:34:23.945,767.75,18.0,2.41,25.49,15.29,20.0,-14.06,-1.56,0.73,0.78,476.0,1.0,-0.82,5.0,80.0,40.0,100.0,5.5,13.0,"Closed loop, using oxygen sensor feedback to determine fuel mix/",39.0,35
2026-09-13 13:34:24.313,765.75,19.0,2.43,25.88,15.29,20.39,-10.94,-1.56,0.17,0.8,476.0,1.0,-0.81,5.0,80.0,40.0,100.0,6.5,13.0,"Closed loop, using oxygen sensor feedback to determine fuel mix/",39.0,36
2026-09-13 13:34:24.966,763.75,18.0,2.39,25.88,15.29,20.0,-10.16,-1.56,0.17,0.78,475.0,1.0,-0.82,5.0,80.0,40.0,100.0,6.5,13.0,"Closed loop, using oxygen sensor feedback to determine fuel mix/",39.0,36
2026-09-13 13:34:25.353,767.75,18.0,2.38,25.49,15.29,20.0,-13.28,-1.56,0.76,0.76,475.0,1.0,-0.82,5.0,80.0,40.0,100.0,6.5,13.0,"Closed loop, using oxygen sensor feedback to determine fuel mix/",39.0,36
2026-09-13 13:34:25.719,765.0,19.0,2.39,25.88,15.29,20.39,-13.28,-1.56,0.73,0.78,475.0,1.0,-0.81,5.0,80.0,40.0,100.0,6.5,13.0,"Closed loop, using oxygen sensor feedback to determine fuel mix/",39.0,36
2026-09-13 13:34:26.103,766.5,19.0,2.4,25.49,15.29,20.39,-10.94,-1.56,0.1,0.8,474.0,1.0,-0.81,5.0,80.0,40.0,100.0,6.5,13.0,"Closed loop, using oxygen sensor feedback to determine fuel mix/",39.0,36
2026-09-13 13:34:26.485,769.5,19.0,2.4,25.88,15.29,20.39,-10.94,-1.56,0.1,0.8,474.0,1.0,-0.81,5.0,80.0,40.0,100.0,8.0,12.9,"Closed loop, using oxygen sensor feedback to determine fuel mix/",39.0,36
2026-09-13 13:34:27.092,768.75,18.0,2.42,25.88,15.29,20.39,-13.28,-1.56,0.74,0.76,473.0,1.0,-0.82,5.0,80.0,40.0,100.0,8.0,12.9,"Closed loop, using oxygen sensor feedback to determine fuel mix/",39.0,36
2026-09-13 13:34:27.477,764.75,19.0,2.42,25.88,15.29,20.39,-13.28,-1.56,0.7,0.77,473.0,1.0,-0.81,5.0,80.0,40.0,100.0,8.0,12.9,"Closed loop, using oxygen sensor feedback to determine fuel mix/",39.0,36
2026-09-13 13:34:27.857,762.25,18.0,2.42,25.88,15.29,20.39,-10.94,-1.56,0.1,0.79,472.0,1.0,-0.82,5.0,80.0,40.0,100.0,8.0,12.9,"Closed loop, using oxygen sensor feedback to determine fuel mix/",39.0,36
2026-09-13 13:34:28.224,770.0,19.0,2.39,25.49,15.29,20.39,-10.16,-1.56,0.28,0.78,472.0,1.0,-0.81,5.0,80.0,40.0,100.0,8.0,12.9,"Closed loop, using oxygen sensor feedback to determine fuel mix/",39.0,36
2026-09-13 13:34:28.609,764.75,18.0,2.39,25.49,15.29,20.39,-13.28,-1.56,0.74,0.76,472.0,1.0,-0.82,5.0,80.0,40.0,100.0,6.5,12.9,"Closed loop, using oxygen sensor feedback to determine fuel mix/",39.0,36
2026-09-13 13:34:29.282,755.0,20.0,2.43,25.88,15.29,20.39,-10.94,-1.56,0.1,0.8,471.0,1.0,-0.8,5.0,80.0,40.0,100.0,6.5,12.9,"Closed loop, using oxygen sensor feedback to determine fuel mix/",39.0,36
2026-09-13 13:34:29.662,763.5,18.0,2.43,25.88,15.29,20.39,-10.94,-1.56,0.11,0.78,471.0,1.0,-0.82,5.0,80.0,40.0,100.0,6.5,12.9,"Closed loop, using oxygen sensor feedback to determine fuel mix/",39.0,36
2026-09-13 13:34:30.045,775.0,19.0,2.43,25.49,15.29,20.39,-10.16,-1.56,0.62,0.76,470.0,1.0,-0.81,5.0,80.0,40.0,100.0,6.5,12.9,"Closed loop, using oxygen sensor feedback to determine fuel mix/",39.0,36
2026-09-13 13:34:30.414,769.5,19.0,2.43,25.88,15.29,20.39,-13.28,-1.56,0.76,0.75,470.0,1.0,-0.81,5.0,80.0,40.0,100.0,6.5,12.9,"Closed loop, using oxygen sensor feedback to determine fuel mix/",39.0,36
2026-09-13 13:34:30.762,767.5,19.0,2.43,25.88,15.69,20.0,-14.06,-1.56,0.6,0.78,470.0,1.0,-0.81,5.0,80.0,40.0,100.0,6.0,12.9,"Closed loop, using oxygen sensor feedback to determine fuel mix/",39.0,36
2026-09-13 13:34:31.355,766.0,19.0,2.43,25.88,15.29,20.39,-10.94,-1.56,0.1,0.79,469.0,1.0,-0.81,5.0,80.0,40.0,100.0,6.0,12.9,"Closed loop, using oxygen sensor feedback to determine fuel mix/",39.0,36
2026-09-13 13:34:31.738,772.75,18.0,2.43,25.49,15.29,20.0,-10.16,-1.56,0.14,0.76,469.0,1.0,-0.82,5.0,80.0,40.0,100.0,6.0,12.9,"Closed loop, using oxygen sensor feedback to determine fuel mix/",39.0,36
2026-09-13 13:34:32.105,764.75,19.0,2.39,25.88,15.29,20.39,-13.28,-1.56,0.76,0.74,468.0,1.0,-0.81,5.0,80.0,40.0,100.0,6.0,12.9,"Closed loop, using oxygen sensor feedback to determine fuel mix/",39.0,36
2026-09-13 13:34:32.458,759.25,19.0,2.41,25.88,15.29,20.39,-13.28,-1.56,0.72,0.76,468.0,1.0,-0.81,5.0,80.0,40.0,100.0,6.0,12.9,"Closed loop, using oxygen sensor feedback to determine fuel mix/",39.0,36
2026-09-13 13:34:32.825,766.5,19.0,2.42,25.88,15.29,20.39,-10.94,-1.56,0.1,0.79,468.0,1.0,-0.81,5.0,80.0,40.0,100.0,4.5,12.9,"Closed loop, using oxygen sensor feedback to determine fuel mix/",39.0,36
2026-09-13 13:34:33.435,764.25,18.0,2.41,25.49,15.29,20.39,-10.16,-1.56,0.14,0.78,467.0,1.0,-0.82,5.0,80.0,40.0,100.0,4.5,12.9,"Closed loop, using oxygen sensor feedback to determine fuel mix/",39.0,36
2026-09-13 13:34:33.816,762.75,19.0,2.4,25.88,15.29,20.0,-13.28,-1.56,0.74,0.76,467.0,1.0,-0.81,5.0,80.0,40.0,100.0,4.5,12.9,"Closed loop, using oxygen sensor feedback to determine fuel mix/",39.0,36
2026-09-13 13:34:34.181,763.5,19.0,2.4,25.88,15.29,20.39,-13.28,-1.56,0.71,0.77,466.0,1.0,-0.81,5.0,80.0,40.0,100.0,4.5,12.9,"Closed loop, using oxygen sensor feedback to determine fuel mix/",39.0,36
2026-09-13 13:34:34.565,755.75,19.0,2.4,25.88,15.29,20.39,-10.94,-1.56,0.1,0.79,466.0,1.0,-0.81,5.0,80.0,40.0,100.0,4.5,12.9,"Closed loop, using oxygen sensor feedback to determine fuel mix/",39.0,36
2026-09-13 13:34:34.935,765.0,18.0,2.38,25.49,15.29,20.0,-10.16,-1.56,0.12,0.79,466.0,1.0,-0.82,5.0,80.0,40.0,100.0,8.5,12.9,"Closed loop, using oxygen sensor feedback to determine fuel mix/",39.0,36
2026-09-13 13:34:35.587,761.75,18.0,2.41,25.88,15.29,20.39,-13.28,-1.56,0.75,0.75,465.0,1.0,-0.82,5.0,80.0,40.0,100.0,8.5,12.9,"Closed loop, using oxygen sensor feedback to determine fuel mix/",39.0,36
2026-09-13 13:34:35.973,759.5,19.0,2.42,25.88,15.69,20.39,-10.94,-1.56,0.1,0.78,465.0,1.0,-0.81,5.0,80.0,40.0,100.0,8.5,12.9,"Closed loop, using oxygen sensor feedback to determine fuel mix/",39.0,36
2026-09-13 13:34:36.306,763.0,20.0,2.42,25.88,15.29,20.39,-10.94,-1.56,0.09,0.79,464.0,1.0,-0.8,5.0,80.0,40.0,100.0,8.5,12.9,"Closed loop, using oxygen sensor feedback to determine fuel mix/",39.0,36
2026-09-13 13:34:36.689,759.0,18.0,2.41,25.49,15.29,20.39,-10.16,-1.56,0.35,0.77,464.0,1.0,-0.82,5.0,80.0,40.0,100.0,8.5,12.9,"Closed loop, using oxygen sensor feedback to determine fuel mix/",39.0,36
2026-09-13 13:34:37.059,757.25,18.0,2.42,25.88,15.29,20.39,-13.28,-1.56,0.74,0.74,464.0,1.0,-0.82,5.0,80.0,40.0,100.0,6.0,12.9,"Closed loop, using oxygen sensor feedback to determine fuel mix/",39.0,36
2026-09-13 13:34:37.713,759.0,18.0,2.44,25.88,15.29,20.39,-10.16,-1.56,0.09,0.79,463.0,1.0,-0.82,5.0,80.0,40.0,100.0,6.0,12.9,"Closed loop, using oxygen sensor feedback to determine fuel mix/",39.0,36
2026-09-13 13:34:38.094,762.25,19.0,2.41,25.88,15.29,20.39,-9.38,-1.56,0.12,0.77,463.0,1.0,-0.81,5.0,80.0,40.0,100.0,6.0,12.9,"Closed loop, using oxygen sensor feedback to determine fuel mix/",39.0,36
2026-09-13 13:34:38.478,761.5,18.0,2.41,25.88,15.29,20.39,-13.28,-1.56,0.76,0.73,463.0,1.0,-0.82,5.0,80.0,40.0,100.0,6.0,12.9,"Closed loop, using oxygen sensor feedback to determine fuel mix/",39.0,36
2026-09-13 13:34:38.847,760.5,19.0,2.43,25.88,15.69,20.39,-13.28,-1.56,0.74,0.74,462.0,1.0,-0.81,5.0,80.0,40.0,100.0,6.0,12.9,"Closed loop, using oxygen sensor feedback to determine fuel mix/",39.0,36
2026-09-13 13:34:39.290,760.0,20.0,2.43,25.88,15.29,20.39,-10.16,-1.56,0.1,0.8,462.0,1.0,-0.8,5.0,80.0,40.0,100.0,7.5,13.0,"Closed loop, using oxygen sensor feedback to determine fuel mix/",39.0,36
2026-09-13 13:34:39.869,768.0,18.0,2.43,25.49,15.69,20.39,-9.38,-1.56,0.18,0.78,462.0,1.0,-0.82,5.0,80.0,40.0,100.0,7.5,13.0,"Closed loop, using oxygen sensor feedback to determine fuel mix/",39.0,36
2026-09-13 13:34:40.222,767.0,19.0,2.42,25.88,15.69,20.39,-13.28,-1.56,0.75,0.76,461.0,1.0,-0.81,5.0,80.0,40.0,100.0,7.5,13.0,"Closed loop, using oxygen sensor feedback to determine fuel mix/",39.0,36
2026-09-13 13:34:40.784,763.0,19.0,2.44,25.88,15.69,20.39,-10.16,-1.56,0.13,0.78,461.0,1.0,-0.81,5.0,80.0,40.0,100.0,7.5,13.0,"Closed loop, using oxygen sensor feedback to determine fuel mix/",39.0,36
2026-09-13 13:34:41.161,769.75,19.0,2.42,25.88,15.29,20.39,-10.16,-1.56,0.12,0.79,460.0,1.0,-0.81,5.0,80.0,40.0,100.0,7.5,13.0,"Closed loop, using oxygen sensor feedback to determine fuel mix/",39.0,36
2026-09-13 13:34:41.500,763.75,18.0,2.43,25.88,15.69,20.39,-13.28,-1.56,0.73,0.78,460.0,1.0,-0.82,5.0,81.0,40.0,100.0,6.0,13.0,"Closed loop, using oxygen sensor feedback to determine fuel mix/",39.0,36
2026-09-13 13:34:42.094,755.0,18.0,2.43,25.88,15.69,20.39,-13.28,-1.56,0.69,0.78,460.0,1.0,-0.82,5.0,81.0,40.0,100.0,6.0,13.0,"Closed loop, using oxygen sensor feedback to determine fuel mix/",39.0,36
2026-09-13 13:34:42.460,758.75,19.0,2.44,25.88,15.29,20.39,-10.16,-1.56,0.1,0.79,460.0,1.0,-0.81,5.0,81.0,40.0,100.0,6.0,13.0,"Closed loop, using oxygen sensor feedback to determine fuel mix/",39.0,36
2026-09-13 13:34:42.827,769.25,19.0,2.42,25.88,15.69,20.39,-10.16,-1.56,0.12,0.79,459.0,1.0,-0.81,5.0,81.0,40.0,100.0,6.0,13.0,"Closed loop, using oxygen sensor feedback to determine fuel mix/",39.0,36
2026-09-13 13:34:43.197,767.0,18.0,2.41,25.88,15.29,20.39,-13.28,-1.56,0.72,0.77,459.0,1.0,-0.82,5.0,81.0,40.0,100.0,6.0,13.0,"Closed loop, using oxygen sensor feedback to determine fuel mix/",39.0,36
2026-09-13 13:34:43.530,757.0,18.0,2.42,25.88,15.69,20.78,-13.28,-1.56,0.76,0.76,459.0,1.0,-0.82,5.0,81.0,40.0,100.0,7.0,12.9,"Closed loop, using oxygen sensor feedback to determine fuel mix/",39.0,36
2026-09-13 13:34:44.122,764.0,18.0,2.42,25.88,15.29,20.39,-10.16,-1.56,0.1,0.8,458.0,1.0,-0.82,5.0,81.0,40.0,100.0,7.0,12.9,"Closed loop, using oxygen sensor feedback to determine fuel mix/",39.0,36
2026-09-13 13:34:44.507,766.25,19.0,2.43,25.88,15.29,20.39,-9.38,-1.56,0.15,0.79,458.0,1.0,-0.81,5.0,81.0,40.0,100.0,7.0,12.9,"Closed loop, using oxygen sensor feedback to determine fuel mix/",39.0,36
2026-09-13 13:34:44.878,766.0,18.0,2.43,25.88,15.69,20.39,-13.28,-1.56,0.74,0.76,458.0,1.0,-0.82,5.0,81.0,40.0,100.0,7.0,12.9,"Closed loop, using oxygen sensor feedback to determine fuel mix/",39.0,36
2026-09-13 13:34:45.258,762.0,19.0,2.44,25.88,15.69,20.78,-13.28,-1.56,0.56,0.77,458.0,1.0,-0.81,5.0,81.0,40.0,100.0,7.0,12.9,"Closed loop, using oxygen sensor feedback to determine fuel mix/",39.0,36
2026-09-13 13:34:45.610,762.25,18.0,2.44,25.88,15.29,20.78,-10.16,-1.56,0.1,0.79,457.0,1.0,-0.82,5.0,81.0,40.0,100.0,5.5,12.9,"Closed loop, using oxygen sensor feedback to determine fuel mix/",39.0,36
2026-09-13 13:34:46.264,761.25,18.0,2.42,25.88,15.29,20.39,-13.28,-1.56,0.72,0.76,457.0,1.0,-0.82,5.0,81.0,40.0,100.0,5.5,12.9,"Closed loop, using oxygen sensor feedback to determine fuel mix/",39.0,36
2026-09-13 13:34:46.612,762.75,19.0,2.43,25.88,15.29,20.39,-13.28,-1.56,0.73,0.75,457.0,1.0,-0.81,5.0,81.0,40.0,100.0,5.5,12.9,"Closed loop, using oxygen sensor feedback to determine fuel mix/",39.0,36
2026-09-13 13:34:46.951,756.5,20.0,2.42,25.88,15.69,20.78,-10.16,-1.56,0.1,0.78,456.0,1.0,-0.8,5.0,81.0,40.0,100.0,5.5,12.9,"Closed loop, using oxygen sensor feedback to determine fuel mix/",39.0,36
2026-09-13 13:34:47.335,765.0,19.0,2.42,25.88,15.69,20.39,-10.16,-1.56,0.1,0.79,456.0,1.0,-0.81,5.0,81.0,40.0,100.0,5.5,12.9,"Closed loop, using oxygen sensor feedback to determine fuel mix/",39.0,36
2026-09-13 13:34:47.735,760.5,18.0,2.44,25.88,15.69,20.78,-9.38,-1.56,0.26,0.77,456.0,1.0,-0.82,5.0,81.0,40.0,100.0,5.0,13.0,"Closed loop, using oxygen sensor feedback to determine fuel mix/",39.0,36
2026-09-13 13:34:48.326,766.0,19.0,2.44,25.88,15.69,20.39,-13.28,-1.56,0.73,0.76,456.0,1.0,-0.81,5.0,81.0,40.0,100.0,5.0,13.0,"Closed loop, using oxygen sensor feedback to determine fuel mix/",39.0,36
2026-09-13 13:34:48.674,761.75,19.0,2.45,25.88,15.69,20.78,-10.16,-1.56,0.1,0.79,455.0,1.0,-0.81,5.0,81.0,40.0,100.0,5.0,13.0,"Closed loop, using oxygen sensor feedback to determine fuel mix/",39.0,36
2026-09-13 13:34:49.059,759.75,19.0,2.44,25.88,15.29,20.39,-10.16,-1.56,0.1,0.79,455.0,1.0,-0.81,5.0,81.0,40.0,100.0,5.0,13.0,"Closed loop, using oxygen sensor feedback to determine fuel mix/",39.0,36
2026-09-13 13:34:49.411,765.5,19.0,2.43,25.88,15.69,20.39,-9.38,-1.56,0.33,0.77,455.0,1.0,-0.81,5.0,81.0,40.0,100.0,5.0,13.0,"Closed loop, using oxygen sensor feedback to determine fuel mix/",39.0,36
2026-09-13 13:34:49.809,765.25,19.0,2.44,25.88,15.69,20.39,-13.28,-1.56,0.74,0.76,455.0,1.0,-0.81,5.0,81.0,40.0,100.0,6.5,13.0,"Closed loop, using oxygen sensor feedback to determine fuel mix/",39.0,36
2026-09-13 13:34:50.448,771.0,19.0,2.45,25.49,15.29,20.39,-10.16,-1.56,0.1,0.79,454.0,1.0,-0.81,5.0,81.0,40.0,100.0,6.5,13.0,"Closed loop, using oxygen sensor feedback to determine fuel mix/",39.0,36
2026-09-13 13:34:50.832,766.75,18.0,2.44,25.49,15.69,20.39,-9.38,-1.56,0.18,0.78,454.0,1.0,-0.82,5.0,81.0,40.0,100.0,6.5,13.0,"Closed loop, using oxygen sensor feedback to determine fuel mix/",39.0,36
2026-09-13 13:34:51.215,768.75,18.0,2.42,25.49,15.69,20.39,-13.28,-1.56,0.74,0.76,454.0,1.0,-0.82,5.0,81.0,40.0,100.0,6.5,13.0,"Closed loop, using oxygen sensor feedback to determine fuel mix/",39.0,36
2026-09-13 13:34:51.549,766.75,19.0,2.44,25.88,15.69,20.39,-13.28,-1.56,0.69,0.77,454.0,1.0,-0.81,5.0,81.0,40.0,100.0,6.5,13.0,"Closed loop, using oxygen sensor feedback to determine fuel mix/",39.0,36
2026-09-13 13:34:51.938,763.75,18.0,2.43,25.88,15.69,20.39,-10.16,-1.56,0.1,0.79,453.0,1.0,-0.82,5.0,81.0,40.0,100.0,4.5,13.0,"Closed loop, using oxygen sensor feedback to determine fuel mix/",39.0,36
2026-09-13 13:34:52.557,778.0,19.0,2.42,25.49,15.69,20.0,-9.38,-1.56,0.56,0.77,453.0,1.0,-0.81,5.0,81.0,40.0,100.0,4.5,13.0,"Closed loop, using oxygen sensor feedback to determine fuel mix/",39.0,36
2026-09-13 13:34:52.943,771.0,18.0,2.44,25.88,15.29,20.39,-13.28,-1.56,0.76,0.75,453.0,1.0,-0.82,5.0,81.0,40.0,100.0,4.5,13.0,"Closed loop, using oxygen sensor feedback to determine fuel mix/",39.0,36
2026-09-13 13:34:53.291,774.25,18.0,2.43,25.49,15.69,20.39,-13.28,-1.56,0.66,0.77,453.0,1.0,-0.82,5.0,81.0,40.0,100.0,4.5,13.0,"Closed loop, using oxygen sensor feedback to determine fuel mix/",39.0,36
2026-09-13 13:34:53.656,775.25,19.0,2.42,25.88,15.29,20.0,-10.16,-1.56,0.1,0.8,453.0,1.0,-0.81,5.0,81.0,40.0,100.0,4.5,13.0,"Closed loop, using oxygen sensor feedback to determine fuel mix/",39.0,36
2026-09-13 13:34:54.009,781.0,19.0,2.44,25.49,15.29,20.0,-9.38,-1.56,0.35,0.79,452.0,1.0,-0.81,5.0,81.0,40.0,100.0,5.0,12.9,"Closed loop, using oxygen sensor feedback to determine fuel mix/",39.0,36
2026-09-13 13:34:54.666,767.25,18.0,2.43,25.88,15.69,20.39,-13.28,-1.56,0.74,0.77,452.0,1.0,-0.82,5.0,81.0,40.0,100.0,5.0,12.9,"Closed loop, using oxygen sensor feedback to determine fuel mix/",39.0,36
2026-09-13 13:34:55.037,755.75,20.0,2.42,25.88,15.29,20.39,-13.28,-1.56,0.29,0.8,452.0,1.0,-0.8,5.0,81.0,40.0,100.0,5.0,12.9,"Closed loop, using oxygen sensor feedback to determine fuel mix/",39.0,36
2026-09-13 13:34:55.383,767.25,18.0,2.44,25.88,15.69,20.39,-10.16,-1.56,0.1,0.8,452.0,1.0,-0.82,5.0,81.0,40.0,100.0,5.0,12.9,"Closed loop, using oxygen sensor feedback to determine fuel mix/",39.0,36
2026-09-13 13:34:55.749,769.5,19.0,2.43,25.49,15.29,20.39,-9.38,-1.56,0.71,0.78,452.0,1.0,-0.81,5.0,81.0,40.0,100.0,5.0,12.9,"Closed loop, using oxygen sensor feedback to determine fuel mix/",39.0,36
2026-09-13 13:34:56.139,751.25,18.0,2.41,25.88,15.69,20.78,-13.28,-1.56,0.75,0.77,451.0,1.0,-0.82,5.0,81.0,40.0,100.0,5.0,13.0,"Closed loop, using oxygen sensor feedback to determine fuel mix/",39.0,36
2026-09-13 13:34:56.757,745.0,19.0,2.45,25.88,15.69,20.78,-10.16,-1.56,0.1,0.8,451.0,1.0,-0.81,5.0,81.0,40.0,100.0,5.0,13.0,"Closed loop, using oxygen sensor feedback to determine fuel mix/",39.0,36
2026-09-13 13:34:57.140,739.75,20.0,2.42,25.88,15.69,20.78,-9.38,-1.56,0.2,0.79,451.0,1.0,-0.8,5.0,81.0,40.0,100.0,5.0,13.0,"Closed loop, using oxygen sensor feedback to determine fuel mix/",39.0,36
2026-09-13 13:34:57.490,748.0,19.0,2.45,25.88,15.69,20.78,-13.28,-1.56,0.75,0.77,451.0,1.0,-0.81,5.0,81.0,40.0,100.0,5.0,13.0,"Closed loop, using oxygen sensor feedback to determine fuel mix/",39.0,36
2026-09-13 13:34:57.826,747.0,20.0,2.48,25.88,15.69,21.18,-13.28,-1.56,0.68,0.77,451.0,1.0,-0.8,5.0,81.0,40.0,100.0,5.0,13.0,"Closed loop, using oxygen sensor feedback to determine fuel mix/",39.0,36
2026-09-13 13:34:58.209,747.0,20.0,2.48,25.88,15.69,20.78,-10.16,-1.56,0.08,0.8,450.0,1.0,-0.8,5.0,81.0,40.0,100.0,5.5,13.0,"Closed loop, using oxygen sensor feedback to determine fuel mix/",39.0,36
2026-09-13 13:34:58.848,752.5,20.0,2.44,25.88,15.29,20.39,-9.38,-1.56,0.1,0.76,450.0,1.0,-0.8,5.0,81.0,40.0,100.0,5.5,13.0,"Closed loop, using oxygen sensor feedback to determine fuel mix/",39.0,36
2026-09-13 13:34:59.246,755.75,18.0,2.42,25.88,15.29,20.78,-9.38,-1.56,0.2,0.73,450.0,1.0,-0.82,5.0,81.0,40.0,100.0,5.5,13.0,"Closed loop, using oxygen sensor feedback to determine fuel mix/",39.0,36
2026-09-13 13:34:59.616,757.25,19.0,2.42,25.88,15.29,20.39,-12.5,-1.56,0.74,0.73,450.0,1.0,-0.81,5.0,81.0,40.0,100.0,5.5,13.0,"Closed loop, using oxygen sensor feedback to determine fuel mix/",39.0,36
2026-09-13 13:34:59.984,756.75,20.0,2.42,25.88,15.29,20.39,-13.28,-1.56,0.33,0.76,450.0,1.0,-0.8,5.0,81.0,40.0,100.0,5.5,13.0,"Closed loop, using oxygen sensor feedback to determine fuel mix/",39.0,36
2026-09-13 13:35:00.365,766.25,19.0,2.44,25.88,15.69,20.39,-9.38,-1.56,0.1,0.79,450.0,1.0,-0.81,5.0,81.0,40.0,100.0,5.0,12.9,"Closed loop, using oxygen sensor feedback to determine fuel mix/",39.0,36
2026-09-13 13:35:00.956,765.5,19.0,2.44,25.49,15.69,20.39,-12.5,-1.56,0.75,0.77,449.0,1.0,-0.81,5.0,81.0,40.0,100.0,5.0,12.9,"Closed loop, using oxygen sensor feedback to determine fuel mix/",39.0,36
2026-09-13 13:35:01.341,766.5,18.0,2.43,25.88,15.29,20.39,-12.5,-1.56,0.73,0.77,449.0,1.0,-0.82,5.0,81.0,40.0,100.0,5.0,12.9,"Closed loop, using oxygen sensor feedback to determine fuel mix/",39.0,36
2026-09-13 13:35:01.707,761.75,19.0,2.43,25.88,15.29,20.39,-9.38,-1.56,0.1,0.79,449.0,1.0,-0.81,5.0,81.0,40.0,100.0,5.0,12.9,"Closed loop, using oxygen sensor feedback to determine fuel mix/",39.0,36
2026-09-13 13:35:02.092,766.75,18.0,2.4,25.88,15.29,20.39,-9.38,-1.56,0.1,0.79,449.0,1.0,-0.82,5.0,81.0,40.0,100.0,5.0,12.9,"Closed loop, using oxygen sensor feedback to determine fuel mix/",39.0,36
2026-09-13 13:35:02.431,771.25,18.0,2.41,25.88,15.29,20.39,-9.38,-1.56,0.69,0.77,449.0,1.0,-0.82,5.0,82.0,40.0,100.0,5.0,13.0,"Closed loop, using oxygen sensor feedback to determine fuel mix/",39.0,36
2026-09-13 13:35:03.084,765.5,18.0,2.41,25.88,15.29,20.39,-13.28,-1.56,0.74,0.77,448.0,1.0,-0.82,5.0,82.0,40.0,100.0,5.0,13.0,"Closed loop, using oxygen sensor feedback to determine fuel mix/",39.0,36
2026-09-13 13:35:03.465,766.25,19.0,2.42,25.88,15.29,20.39,-9.38,-1.56,0.1,0.81,448.0,1.0,-0.81,5.0,82.0,40.0,100.0,5.0,13.0,"Closed loop, using oxygen sensor feedback to determine fuel mix/",39.0,36
2026-09-13 13:35:03.849,771.0,18.0,2.41,25.88,15.29,20.39,-9.38,-1.56,0.1,0.8,448.0,1.0,-0.82,5.0,82.0,40.0,100.0,5.0,13.0,"Closed loop, using oxygen sensor feedback to determine fuel mix/",39.0,36
2026-09-13 13:35:04.217,768.75,19.0,2.43,25.88,15.29,20.39,-9.38,-1.56,0.49,0.78,448.0,1.0,-0.81,5.0,82.0,40.0,100.0,5.0,13.0,"Closed loop, using oxygen sensor feedback to determine fuel mix/",39.0,36
2026-09-13 13:35:04.565,768.75,19.0,2.41,25.88,15.29,20.39,-12.5,-1.56,0.76,0.77,448.0,1.0,-0.81,5.0,81.0,40.0,100.0,5.0,13.0,"Closed loop, using oxygen sensor feedback to determine fuel mix/",39.0,36
2026-09-13 13:35:05.125,772.25,19.0,2.42,25.88,15.29,20.39,-9.38,-1.56,0.11,0.79,448.0,1.0,-0.81,5.0,81.0,40.0,100.0,5.0,13.0,"Closed loop, using oxygen sensor feedback to determine fuel mix/",39.0,36
2026-09-13 13:35:05.509,770.25,19.0,2.42,25.88,15.29,20.39,-9.38,-1.56,0.1,0.8,447.0,1.0,-0.81,5.0,81.0,40.0,100.0,5.0,13.0,"Closed loop, using oxygen sensor feedback to determine fuel mix/",39.0,36
2026-09-13 13:35:05.859,771.75,19.0,2.4,25.88,15.29,20.0,-9.38,-1.56,0.68,0.78,447.0,1.0,-0.81,5.0,81.0,40.0,100.0,5.0,13.0,"Closed loop, using oxygen sensor feedback to determine fuel mix/",39.0,36
2026-09-13 13:35:06.211,765.0,19.0,2.42,25.88,15.29,20.39,-12.5,-1.56,0.77,0.76,447.0,1.0,-0.81,5.0,81.0,40.0,100.0,5.0,13.0,"Closed loop, using oxygen sensor feedback to determine fuel mix/",39.0,36
2026-09-13 13:35:06.608,765.5,18.0,2.43,25.88,15.29,20.39,-13.28,-1.56,0.66,0.78,447.0,1.0,-0.82,5.0,82.0,40.0,100.0,3.5,12.9,"Closed loop, using oxygen sensor feedback to determine fuel mix/",39.0,36
2026-09-13 13:35:07.199,777.5,19.0,2.41,25.49,15.29,20.0,-9.38,-1.56,0.1,0.8,447.0,1.0,-0.81,5.0,82.0,40.0,100.0,3.5,12.9,"Closed loop, using oxygen sensor feedback to determine fuel mix/",39.0,36
2026-09-13 13:35:07.585,771.25,18.0,2.41,25.88,15.29,20.0,-9.38,-1.56,0.59,0.78,447.0,1.0,-0.82,5.0,82.0,40.0,100.0,3.5,12.9,"Closed loop, using oxygen sensor feedback to determine fuel mix/",39.0,36
2026-09-13 13:35:07.938,773.75,19.0,2.41,25.49,15.29,20.0,-12.5,-1.56,0.75,0.77,447.0,1.0,-0.81,5.0,82.0,40.0,100.0,3.5,12.9,"Closed loop, using oxygen sensor feedback to determine fuel mix/",39.0,36
2026-09-13 13:35:08.302,779.0,19.0,2.41,25.88,15.29,20.39,-13.28,-1.56,0.47,0.78,446.0,1.0,-0.81,5.0,82.0,40.0,100.0,3.5,12.9,"Closed loop, using oxygen sensor feedback to determine fuel mix/",39.0,36
2026-09-13 13:35:08.653,778.75,19.0,2.41,25.88,15.29,20.0,-9.38,-1.56,0.1,0.8,446.0,1.0,-0.81,5.0,82.0,40.0,100.0,4.5,13.0,"Closed loop, using oxygen sensor feedback to determine fuel mix/",39.0,36
2026-09-13 13:35:09.245,774.25,18.0,2.41,25.88,15.69,20.39,-12.5,-1.56,0.73,0.78,446.0,1.0,-0.82,5.0,82.0,40.0,100.0,4.5,13.0,"Closed loop, using oxygen sensor feedback to determine fuel mix/",39.0,36
2026-09-13 13:35:09.614,766.75,19.0,2.48,25.88,15.69,20.78,-12.5,-1.56,0.76,0.77,446.0,1.0,-0.81,5.0,82.0,40.0,100.0,4.5,13.0,"Closed loop, using oxygen sensor feedback to determine fuel mix/",39.0,36
2026-09-13 13:35:09.966,741.75,19.0,2.48,25.88,15.69,21.18,-9.38,-1.56,0.1,0.79,446.0,1.0,-0.81,5.0,82.0,40.0,100.0,4.5,13.0,"Closed loop, using oxygen sensor feedback to determine fuel mix/",39.0,36
2026-09-13 13:35:10.334,725.25,20.0,2.52,26.27,15.69,21.57,-9.38,-1.56,0.09,0.8,446.0,1.0,-0.8,5.0,82.0,40.0,100.0,4.5,13.0,"Closed loop, using oxygen sensor feedback to determine fuel mix/",39.0,36
2026-09-13 13:35:10.702,721.75,20.0,2.53,26.27,16.08,21.96,-9.38,-1.56,0.1,0.79,446.0,1.0,-0.8,2.0,82.0,40.0,100.0,12.0,12.9,"Closed loop, using oxygen sensor feedback to determine fuel mix/",39.0,36
2026-09-13 13:35:11.357,710.0,21.0,2.61,26.27,16.08,22.75,-8.59,0.0,0.1,0.75,446.0,1.0,-0.79,2.0,82.0,40.0,100.0,12.0,12.9,"Closed loop, using oxygen sensor feedback to determine fuel mix/",39.0,36
2026-09-13 13:35:11.709,713.5,21.0,2.62,26.27,16.08,22.75,-7.81,0.78,0.09,0.74,446.0,1.0,-0.79,2.0,82.0,40.0,100.0,12.0,12.9,"Closed loop, using oxygen sensor feedback to determine fuel mix/",39.0,36
2026-09-13 13:35:12.061,716.75,21.0,2.65,26.67,16.08,23.14,-7.03,0.78,0.09,0.72,446.0,1.0,-0.79,2.0,82.0,40.0,100.0,12.0,12.9,"Closed loop, using oxygen sensor feedback to determine fuel mix/",39.0,36
2026-09-13 13:35:12.429,718.0,21.0,2.68,26.67,16.47,23.14,-6.25,0.78,0.1,0.69,445.0,1.0,-0.79,2.0,82.0,40.0,100.0,12.0,12.9,"Closed loop, using oxygen sensor feedback to determine fuel mix/",39.0,36
2026-09-13 13:35:12.796,721.5,21.0,2.73,26.67,16.47,23.53,-4.69,0.78,0.16,0.67,445.0,1.0,-0.79,3.0,82.0,40.0,100.0,4.0,13.0,"Closed loop, using oxygen sensor feedback to determine fuel mix/",39.0,36
2026-09-13 13:35:13.419,733.5,21.0,2.78,26.67,16.47,23.92,-10.16,0.78,0.75,0.69,445.0,1.0,-0.79,3.0,82.0,40.0,100.0,4.0,13.0,"Closed loop, using oxygen sensor feedback to determine fuel mix/",39.0,36
2026-09-13 13:35:13.803,732.75,23.0,2.76,26.67,16.47,23.53,-7.03,0.78,0.09,0.75,445.0,1.0,-0.77,3.0,82.0,40.0,100.0,4.0,13.0,"Closed loop, using oxygen sensor feedback to determine fuel mix/",39.0,36
2026-09-13 13:35:14.172,734.75,22.0,2.75,26.67,16.47,23.53,-7.03,0.78,0.09,0.78,445.0,1.0,-0.78,3.0,82.0,40.0,100.0,4.0,13.0,"Closed loop, using oxygen sensor feedback to determine fuel mix/",39.0,36
2026-09-13 13:35:14.523,745.0,21.0,2.74,26.67,16.86,23.14,-6.25,0.78,0.1,0.74,445.0,1.0,-0.79,3.0,82.0,40.0,100.0,4.0,13.0,"Closed loop, using oxygen sensor feedback to determine fuel mix/",39.0,36
2026-09-13 13:35:14.890,747.25,23.0,3.31,29.41,20.0,30.2,0.78,-1.56,0.14,0.7,445.0,1.0,-0.77,4.0,82.0,40.0,100.0,0.0,13.0,"Closed loop, using oxygen sensor feedback to determine fuel mix/",39.0,36
2026-09-13 13:35:15.514,950.5,28.0,3.38,28.24,18.82,23.14,-1.56,-1.56,0.84,0.71,445.0,1.0,-0.72,4.0,82.0,40.0,100.0,0.0,13.0,"Closed loop, using oxygen sensor feedback to determine fuel mix/",39.0,36
2026-09-13 13:35:15.864,915.75,27.0,3.96,28.63,18.43,27.45,-2.34,-1.56,0.89,0.82,445.0,1.0,-0.73,4.0,82.0,40.0,100.0,0.0,13.0,"Closed loop, using oxygen sensor feedback to determine fuel mix/",39.0,36
2026-09-13 13:35:16.169,904.75,23.0,3.56,28.24,17.65,25.88,-2.34,-1.56,0.87,0.89,444.0,1.0,-0.77,4.0,82.0,40.0,100.0,0.0,13.0,"Closed loop, using oxygen sensor feedback to determine fuel mix/",39.0,36
2026-09-13 13:35:16.566,863.0,22.0,3.36,27.84,17.65,25.88,-3.12,-1.56,0.84,0.88,444.0,1.0,-0.78,4.0,82.0,40.0,100.0,0.0,13.0,"Closed loop, using oxygen sensor feedback to determine fuel mix/",39.0,36
2026-09-13 13:35:16.938,848.75,23.0,3.3,27.84,17.25,25.49,-3.91,-1.56,0.8,0.86,444.0,1.0,-0.77,5.0,82.0,40.0,100.0,-1.5,13.0,"Closed loop, using oxygen sensor feedback to determine fuel mix/",39.0,36
2026-09-13 13:35:17.559,838.25,21.0,3.14,27.45,16.86,24.71,-6.25,-1.56,0.74,0.83,444.0,1.0,-0.79,5.0,82.0,40.0,100.0,-1.5,13.0,"Closed loop, using oxygen sensor feedback to determine fuel mix/",39.0,36
2026-09-13 13:35:17.941,826.25,21.0,3.04,27.06,16.86,24.31,-7.81,-1.56,0.72,0.82,444.0,1.0,-0.79,5.0,82.0,40.0,100.0,-1.5,13.0,"Closed loop, using oxygen sensor feedback to determine fuel mix/",39.0,36
2026-09-13 13:35:18.293,809.0,21.0,2.96,27.06,16.86,23.92,-9.38,-1.56,0.69,0.81,444.0,1.0,-0.79,5.0,82.0,40.0,100.0,-1.5,13.0,"Closed loop, using oxygen sensor feedback to determine fuel mix/",39.0,36
2026-09-13 13:35:18.863,804.25,20.0,2.85,26.67,16.47,23.14,-1.56,-1.56,0.1,0.81,444.0,1.0,-0.8,5.0,82.0,40.0,100.0,-1.5,13.0,"Closed loop, using oxygen sensor feedback to determine fuel mix/",39.0,36
2026-09-13 13:35:19.233,804.25,20.0,2.74,26.67,16.08,22.35,-4.69,-1.56,0.81,0.8,445.0,1.0,-0.8,5.0,82.0,40.0,100.0,1.0,13.0,"Closed loop, using oxygen sensor feedback to determine fuel mix/",39.0,36
2026-09-13 13:35:19.792,800.5,18.0,2.58,25.88,15.69,21.18,-5.47,-1.56,0.85,0.82,445.0,1.0,-0.82,5.0,82.0,40.0,100.0,1.0,13.0,"Closed loop, using oxygen sensor feedback to determine fuel mix/",39.0,36
2026-09-13 13:35:20.192,792.75,19.0,2.5,25.88,15.29,20.39,-5.47,-1.56,0.85,0.85,445.0,1.0,-0.81,5.0,82.0,40.0,100.0,1.0,13.0,"Closed loop, using oxygen sensor feedback to determine fuel mix/",39.0,36
2026-09-13 13:35:20.527,792.0,18.0,2.4,25.49,15.29,20.0,-6.25,-1.56,0.86,0.85,446.0,1.0,-0.82,5.0,82.0,40.0,100.0,1.0,13.0,"Closed loop, using oxygen sensor feedback to determine fuel mix/",39.0,36
2026-09-13 13:35:20.912,782.25,18.0,2.35,25.49,14.9,19.61,-7.03,-1.56,0.86,0.86,446.0,1.0,-0.82,5.0,82.0,40.0,100.0,1.0,13.0,"Closed loop, using oxygen sensor feedback to determine fuel mix/",39.0,36
2026-09-13 13:35:21.310,781.0,18.0,2.31,25.1,14.9,19.22,-7.81,-1.56,0.86,0.86,446.0,1.0,-0.82,5.0,83.0,40.0,100.0,7.0,13.0,"Closed loop, using oxygen sensor feedback to determine fuel mix/",39.0,36
2026-09-13 13:35:21.901,780.25,18.0,2.3,25.1,14.9,19.22,-10.16,-1.56,0.85,0.86,446.0,1.0,-0.82,5.0,83.0,40.0,100.0,7.0,13.0,"Closed loop, using oxygen sensor feedback to determine fuel mix/",39.0,36
2026-09-13 13:35:22.252,770.75,17.0,2.3,25.49,15.29,19.22,-11.72,-1.56,0.84,0.86,446.0,1.0,-0.83,5.0,83.0,40.0,100.0,7.0,13.0,"Closed loop, using oxygen sensor feedback to determine fuel mix/",39.0,36
2026-09-13 13:35:22.603,773.5,18.0,2.39,25.49,15.29,20.0,-13.28,-1.56,0.83,0.85,446.0,1.0,-0.82,5.0,83.0,40.0,100.0,7.0,13.0,"Closed loop, using oxygen sensor feedback to determine fuel mix/",39.0,36
2026-09-13 13:35:22.956,771.5,19.0,2.4,25.88,15.29,20.0,-13.28,-1.56,0.77,0.84,446.0,1.0,-0.81,5.0,83.0,40.0,100.0,7.0,13.0,"Closed loop, using oxygen sensor feedback to determine fuel mix/",39.0,36
2026-09-13 13:35:23.354,775.0,19.0,2.4,25.49,15.29,20.0,-13.28,-1.56,0.69,0.83,446.0,1.0,-0.81,5.0,82.0,40.0,100.0,6.5,13.0,"Closed loop, using oxygen sensor feedback to determine fuel mix/",39.0,36
2026-09-13 13:35:23.914,763.5,18.0,2.4,25.88,15.29,20.0,-4.69,-1.56,0.1,0.81,446.0,1.0,-0.82,5.0,82.0,40.0,100.0,6.5,13.0,"Closed loop, using oxygen sensor feedback to determine fuel mix/",39.0,36
2026-09-13 13:35:24.314,765.0,19.0,2.41,25.88,15.29,20.0,-8.59,-1.56,0.74,0.8,446.0,1.0,-0.81,5.0,82.0,40.0,100.0,6.5,13.0,"Closed loop, using oxygen sensor feedback to determine fuel mix/",39.0,36
2026-09-13 13:35:24.697,763.25,19.0,2.4,25.88,15.29,20.39,-8.59,-1.56,0.83,0.79,446.0,1.0,-0.81,5.0,82.0,40.0,100.0,6.5,13.0,"Closed loop, using oxygen sensor feedback to determine fuel mix/",39.0,36
2026-09-13 13:35:25.080,767.5,19.0,2.38,25.49,15.29,20.0,-8.59,-1.56,0.83,0.81,446.0,1.0,-0.81,5.0,82.0,40.0,100.0,6.5,13.0,"Closed loop, using oxygen sensor feedback to determine fuel mix/",39.0,36
2026-09-13 13:35:25.446,758.5,18.0,2.41,25.88,15.29,20.39,-8.59,-1.56,0.82,0.83,446.0,1.0,-0.82,5.0,83.0,40.0,100.0,7.0,12.9,"Closed loop, using oxygen sensor feedback to determine fuel mix/",39.0,36
2026-09-13 13:35:26.262,753.5,18.0,2.4,25.88,15.29,20.39,-10.94,-1.56,0.79,0.83,446.0,1.0,-0.82,5.0,83.0,40.0,100.0,7.0,12.9,"Closed loop, using oxygen sensor feedback to determine fuel mix/",39.0,36
2026-09-13 13:35:26.660,,19.0,2.42,25.88,15.69,20.39,-11.72,-1.56,0.77,0.82,446.0,1.0,-0.81,5.0,83.0,40.0,100.0,7.0,12.9,"Closed loop, using oxygen sensor feedback to determine fuel mix/",39.0,36
2026-09-13 13:35:27.011,738.5,20.0,2.43,25.88,15.69,20.78,-14.06,-1.56,0.7,0.81,446.0,1.0,-0.8,5.0,83.0,40.0,100.0,7.0,12.9,"Closed loop, using oxygen sensor feedback to determine fuel mix/",39.0,36
2026-09-13 13:35:27.410,739.25,20.0,2.46,25.88,15.69,21.18,-7.03,-1.56,0.1,0.81,446.0,1.0,-0.8,5.0,83.0,40.0,100.0,7.0,12.9,"Closed loop, using oxygen sensor feedback to determine fuel mix/",39.0,36
2026-09-13 13:35:27.812,745.25,20.0,2.46,25.88,15.69,20.78,-7.03,-1.56,0.1,0.8,446.0,1.0,-0.8,4.0,83.0,40.0,100.0,7.5,12.9,"Closed loop, using oxygen sensor feedback to determine fuel mix/",39.0,36
2026-09-13 13:35:28.466,742.0,19.0,2.46,25.88,15.69,21.18,-10.16,-1.56,0.77,0.79,446.0,1.0,-0.81,4.0,83.0,40.0,100.0,7.5,12.9,"Closed loop, using oxygen sensor feedback to determine fuel mix/",39.0,36
2026-09-13 13:35:28.849,741.75,21.0,2.53,26.27,15.69,21.57,-10.94,-1.56,0.69,0.79,446.0,1.0,-0.79,4.0,83.0,40.0,100.0,7.5,12.9,"Closed loop, using oxygen sensor feedback to determine fuel mix/",39.0,36
2026-09-13 13:35:29.215,741.25,21.0,2.56,26.27,15.69,21.57,-7.03,-1.56,0.12,0.8,446.0,1.0,-0.79,4.0,83.0,40.0,100.0,7.5,12.9,"Closed loop, using oxygen sensor feedback to determine fuel mix/",39.0,36
2026-09-13 13:35:29.600,751.75,20.0,2.52,25.88,15.69,21.18,-7.03,-1.56,0.6,0.79,446.0,1.0,-0.8,4.0,83.0,40.0,100.0,7.5,12.9,"Closed loop, using oxygen sensor feedback to determine fuel mix/",39.0,36
2026-09-13 13:35:29.999,749.0,19.0,2.5,25.88,15.69,21.18,-10.16,-1.56,0.76,0.78,446.0,1.0,-0.81,5.0,83.0,40.0,100.0,4.5,13.0,"Closed loop, using oxygen sensor feedback to determine fuel mix/",39.0,36
2026-09-13 13:35:30.622,751.0,20.0,2.48,25.88,15.69,21.18,-10.94,-1.56,0.69,0.8,446.0,1.0,-0.8,5.0,83.0,40.0,100.0,4.5,13.0,"Closed loop, using oxygen sensor feedback to determine fuel mix/",39.0,36
2026-09-13 13:35:31.003,740.75,20.0,2.5,25.88,15.69,21.57,-11.72,-1.56,0.35,0.8,446.0,1.0,-0.8,5.0,83.0,40.0,100.0,4.5,13.0,"Closed loop, using oxygen sensor feedback to determine fuel mix/",39.0,36
2026-09-13 13:35:31.356,727.75,20.0,2.53,26.27,15.69,21.96,-7.81,-1.56,0.12,0.79,446.0,1.0,-0.8,5.0,83.0,40.0,100.0,4.5,13.0,"Closed loop, using oxygen sensor feedback to determine fuel mix/",39.0,36
2026-09-13 13:35:31.689,720.5,20.0,2.53,26.27,15.69,21.96,-7.03,-0.78,0.44,0.79,446.0,1.0,-0.8,5.0,83.0,40.0,100.0,4.5,13.0,"Closed loop, using oxygen sensor feedback to determine fuel mix/",39.0,36
2026-09-13 13:35:32.080,709.75,21.0,2.55,26.27,16.08,21.96,-10.94,0.0,0.73,0.78,446.0,1.0,-0.79,1.0,83.0,40.0,100.0,5.0,12.9,"Closed loop, using oxygen sensor feedback to determine fuel mix/",39.0,36
2026-09-13 13:35:32.697,714.0,21.0,2.5,25.88,15.69,21.57,-7.03,0.78,0.1,0.79,446.0,1.0,-0.79,1.0,83.0,40.0,100.0,5.0,12.9,"Closed loop, using oxygen sensor feedback to determine fuel mix/",39.0,36
2026-09-13 13:35:33.048,707.75,20.0,2.43,25.88,15.69,21.18,-7.03,0.78,0.71,0.78,445.0,1.0,-0.8,1.0,83.0,40.0,100.0,5.0,12.9,"Closed loop, using oxygen sensor feedback to determine fuel mix/",39.0,36
2026-09-13 13:35:33.399,699.5,20.0,2.43,25.88,15.69,21.18,-10.94,0.78,0.77,0.77,445.0,1.0,-0.8,1.0,83.0,40.0,100.0,5.0,12.9,"Closed loop, using oxygen sensor feedback to determine fuel mix/",39.0,36
2026-09-13 13:35:33.766,696.0,20.0,2.43,25.88,15.69,21.18,-10.94,0.78,0.74,0.79,445.0,1.0,-0.8,1.0,83.0,40.0,100.0,5.0,12.9,"Closed loop, using oxygen sensor feedback to determine fuel mix/",39.0,36
2026-09-13 13:35:34.117,693.25,20.0,2.46,25.88,15.69,21.57,-11.72,0.78,0.68,0.81,445.0,1.0,-0.8,0.0,83.0,40.0,100.0,4.5,13.0,"Closed loop, using oxygen sensor feedback to determine fuel mix/",39.0,36
2026-09-13 13:35:34.740,693.75,20.0,2.46,25.88,14.12,21.57,-7.81,0.78,0.1,0.8,445.0,1.0,-0.8,0.0,83.0,40.0,100.0,4.5,13.0,"Closed loop, using oxygen sensor feedback to determine fuel mix/",39.0,36
2026-09-13 13:35:35.130,684.75,19.0,2.04,25.49,16.08,18.82,-7.03,0.78,0.35,0.79,445.0,1.0,-0.81,0.0,83.0,40.0,100.0,4.5,13.0,"Closed loop, using oxygen sensor feedback to determine fuel mix/",39.0,36
2026-09-13 13:35:35.491,671.25,21.0,2.56,26.27,15.69,23.14,-10.94,0.78,0.78,0.78,445.0,1.0,-0.79,0.0,83.0,40.0,100.0,4.5,13.0,"Closed loop, using oxygen sensor feedback to determine fuel mix/",39.0,36
2026-09-13 13:35:35.992,698.75,20.0,2.45,25.88,16.08,21.57,-11.72,0.78,0.72,0.8,444.0,1.0,-0.8,0.0,83.0,40.0,100.0,4.5,13.0,"Closed loop, using oxygen sensor feedback to determine fuel mix/",39.0,36
2026-09-13 13:35:36.386,670.5,23.0,2.54,26.27,16.08,22.75,-11.72,0.78,0.66,0.81,444.0,1.0,-0.77,0.0,83.0,40.0,100.0,6.5,13.0,"Closed loop, using oxygen sensor feedback to determine fuel mix/",39.0,36
2026-09-13 13:35:37.008,677.0,23.0,2.6,26.27,16.08,23.14,-7.81,0.78,0.1,0.8,444.0,1.0,-0.77,0.0,83.0,40.0,100.0,6.5,13.0,"Closed loop, using oxygen sensor feedback to determine fuel mix/",39.0,36
2026-09-13 13:35:37.437,678.0,23.0,2.6,26.27,16.08,22.75,-7.03,0.78,0.1,0.77,444.0,1.0,-0.77,0.0,83.0,40.0,100.0,6.5,13.0,"Closed loop, using oxygen sensor feedback to determine fuel mix/",39.0,36
2026-09-13 13:35:37.823,677.0,22.0,2.6,26.27,16.08,23.14,-7.03,0.78,0.12,0.77,444.0,1.0,-0.78,0.0,83.0,40.0,100.0,6.5,13.0,"Closed loop, using oxygen sensor feedback to determine fuel mix/",39.0,36
2026-09-13 13:35:38.172,683.5,22.0,2.61,26.27,16.08,23.14,-6.25,0.78,0.12,0.76,444.0,1.0,-0.78,0.0,83.0,40.0,100.0,6.5,13.0,"Closed loop, using oxygen sensor feedback to determine fuel mix/",39.0,36
2026-09-13 13:35:38.542,685.0,23.0,2.62,26.27,16.08,23.14,-6.25,0.78,0.14,0.77,444.0,1.0,-0.77,1.0,83.0,40.0,100.0,2.5,13.0,"Closed loop, using oxygen sensor feedback to determine fuel mix/",39.0,36
2026-09-13 13:35:39.135,696.5,21.0,2.64,26.27,16.08,23.14,-4.69,0.78,0.7,0.77,443.0,1.0,-0.79,1.0,83.0,40.0,100.0,2.5,13.0,"Closed loop, using oxygen sensor feedback to determine fuel mix/",39.0,36
2026-09-13 13:35:39.518,694.5,21.0,2.66,26.27,16.08,23.14,-9.38,0.78,0.74,0.77,443.0,1.0,-0.79,1.0,83.0,40.0,100.0,2.5,13.0,"Closed loop, using oxygen sensor feedback to determine fuel mix/",39.0,36
2026-09-13 13:35:39.885,695.25,23.0,2.67,26.67,16.47,23.53,-5.47,0.78,0.09,0.79,443.0,1.0,-0.77,1.0,83.0,40.0,100.0,2.5,13.0,"Closed loop, using oxygen sensor feedback to determine fuel mix/",39.0,36
2026-09-13 13:35:40.253,705.0,21.0,2.7,26.67,16.47,23.53,-5.47,0.78,0.1,0.79,443.0,1.0,-0.79,1.0,83.0,40.0,100.0,2.5,13.0,"Closed loop, using oxygen sensor feedback to determine fuel mix/",39.0,36
2026-09-13 13:35:40.637,700.25,23.0,2.7,26.67,16.47,23.53,-4.69,0.78,0.24,0.77,443.0,1.0,-0.77,2.0,83.0,40.0,100.0,1.5,13.0,"Closed loop, using oxygen sensor feedback to determine fuel mix/",39.0,36
2026-09-13 13:35:41.310,709.75,22.0,2.73,26.67,16.47,23.92,-8.59,0.78,0.7,0.77,443.0,1.0,-0.78,2.0,83.0,40.0,100.0,1.5,13.0,"Closed loop, using oxygen sensor feedback to determine fuel mix/",39.0,36
2026-09-13 13:35:41.695,708.75,22.0,2.79,26.67,16.47,24.31,-4.69,0.78,0.1,0.79,442.0,1.0,-0.78,2.0,83.0,40.0,100.0,1.5,13.0,"Closed loop, using oxygen sensor feedback to determine fuel mix/",39.0,36
2026-09-13 13:35:42.061,714.25,23.0,2.79,26.67,16.47,24.31,-4.69,0.78,0.12,0.79,442.0,1.0,-0.77,2.0,83.0,40.0,100.0,1.5,13.0,"Closed loop, using oxygen sensor feedback to determine fuel mix/",39.0,36
2026-09-13 13:35:42.431,706.75,23.0,2.77,26.67,16.47,23.92,-7.81,0.78,0.71,0.77,442.0,1.0,-0.77,2.0,83.0,40.0,100.0,1.5,13.0,"Closed loop, using oxygen sensor feedback to determine fuel mix/",39.0,36
2026-09-13 13:35:42.780,700.5,23.0,2.77,26.67,16.47,24.31,-7.81,0.78,0.74,0.76,442.0,1.0,-0.77,1.0,83.0,40.0,100.0,4.0,12.9,"Closed loop, using oxygen sensor feedback to determine fuel mix/",39.0,36
2026-09-13 13:35:43.371,702.5,23.0,2.81,26.67,16.47,24.71,-3.91,0.78,0.1,0.79,442.0,1.0,-0.77,1.0,83.0,40.0,100.0,4.0,12.9,"Closed loop, using oxygen sensor feedback to determine fuel mix/",39.0,36
2026-09-13 13:35:43.739,700.25,23.0,2.81,26.67,16.47,24.71,-3.91,0.78,0.7,0.78,442.0,1.0,-0.77,1.0,83.0,40.0,100.0,4.0,12.9,"Closed loop, using oxygen sensor feedback to determine fuel mix/",39.0,36
2026-09-13 13:35:44.123,696.25,23.0,2.81,26.67,16.47,24.71,-7.81,0.78,0.75,0.77,441.0,1.0,-0.77,1.0,83.0,40.0,100.0,4.0,12.9,"Closed loop, using oxygen sensor feedback to determine fuel mix/",39.0,36
2026-09-13 13:35:44.475,694.0,23.0,2.82,26.67,16.47,24.71,-3.91,0.78,0.1,0.79,441.0,1.0,-0.77,1.0,83.0,40.0,100.0,4.0,12.9,"Closed loop, using oxygen sensor feedback to determine fuel mix/",39.0,36
2026-09-13 13:35:44.810,694.75,24.0,2.84,27.06,16.47,25.1,-3.91,0.78,0.1,0.79,441.0,1.0,-0.76,0.0,83.0,40.0,100.0,1.5,12.9,"Closed loop, using oxygen sensor feedback to determine fuel mix/",39.0,36
2026-09-13 13:35:45.437,685.25,23.0,2.87,27.06,16.86,25.49,-7.03,0.78,0.73,0.76,441.0,1.0,-0.77,0.0,83.0,40.0,100.0,1.5,12.9,"Closed loop, using oxygen sensor feedback to determine fuel mix/",39.0,36
2026-09-13 13:35:45.818,684.25,23.0,2.88,27.06,16.86,25.49,-7.03,0.78,0.15,0.77,441.0,1.0,-0.77,0.0,83.0,40.0,100.0,1.5,12.9,"Closed loop, using oxygen sensor feedback to determine fuel mix/",39.0,36
2026-09-13 13:35:46.342,690.0,23.0,2.92,27.06,16.86,25.49,-3.12,0.78,0.11,0.78,441.0,1.0,-0.77,0.0,83.0,40.0,100.0,1.5,12.9,"Closed loop, using oxygen sensor feedback to determine fuel mix/",39.0,36
2026-09-13 13:35:46.744,692.25,23.0,2.89,27.06,16.86,25.49,-2.34,0.78,0.57,0.74,441.0,1.0,-0.77,0.0,83.0,40.0,100.0,1.5,12.9,"Closed loop, using oxygen sensor feedback to determine fuel mix/",39.0,36
2026-09-13 13:35:47.112,686.75,25.0,2.94,27.06,16.86,25.88,-6.25,0.78,0.73,0.75,440.0,1.0,-0.75,0.0,84.0,40.0,100.0,-1.5,12.9,"Closed loop, using oxygen sensor feedback to determine fuel mix/",39.0,37
2026-09-13 13:35:47.844,689.0,25.0,2.94,27.06,16.47,25.88,-2.34,0.78,0.17,0.78,440.0,1.0,-0.75,0.0,84.0,40.0,100.0,-1.5,12.9,"Closed loop, using oxygen sensor feedback to determine fuel mix/",39.0,37
2026-09-13 13:35:48.231,696.5,24.0,2.86,26.67,16.47,25.1,-6.25,0.78,0.75,0.76,440.0,1.0,-0.76,0.0,84.0,40.0,100.0,-1.5,12.9,"Closed loop, using oxygen sensor feedback to determine fuel mix/",39.0,37
2026-09-13 13:35:48.614,685.5,23.0,2.85,27.06,16.47,25.1,-6.25,0.78,0.69,0.78,440.0,1.0,-0.77,0.0,84.0,40.0,100.0,-1.5,12.9,"Closed loop, using oxygen sensor feedback to determine fuel mix/",39.0,37
2026-09-13 13:35:48.979,691.75,24.0,2.85,27.06,16.47,25.1,-2.34,0.78,0.1,0.8,440.0,1.0,-0.76,0.0,84.0,40.0,100.0,-1.5,12.9,"Closed loop, using oxygen sensor feedback to determine fuel mix/",39.0,37
2026-09-13 13:35:49.363,694.0,23.0,2.83,27.06,16.47,25.1,-2.34,0.78,0.68,0.78,440.0,1.0,-0.77,1.0,84.0,40.0,100.0,1.0,13.0,"Closed loop, using oxygen sensor feedback to determine fuel mix/",39.0,37
2026-09-13 13:35:50.019,703.5,24.0,2.86,27.06,16.47,25.1,-6.25,0.78,0.73,0.78,440.0,1.0,-0.76,1.0,84.0,40.0,100.0,1.0,13.0,"Closed loop, using oxygen sensor feedback to determine fuel mix/",39.0,37
2026-09-13 13:35:50.368,693.5,23.0,2.85,27.06,16.47,25.1,-7.03,0.78,0.33,0.81,439.0,1.0,-0.77,1.0,84.0,40.0,100.0,1.0,13.0,"Closed loop, using oxygen sensor feedback to determine fuel mix/",39.0,37
2026-09-13 13:35:50.703,693.75,24.0,2.86,27.06,16.47,25.1,-3.12,0.78,0.12,0.8,439.0,1.0,-0.76,1.0,84.0,40.0,100.0,1.0,13.0,"Closed loop, using oxygen sensor feedback to determine fuel mix/",39.0,37
2026-09-13 13:35:51.087,696.5,23.0,2.84,26.67,16.47,24.71,-7.03,0.78,0.74,0.78,439.0,1.0,-0.77,1.0,84.0,40.0,100.0,1.0,13.0,"Closed loop, using oxygen sensor feedback to determine fuel mix/",39.0,37
2026-09-13 13:35:51.455,689.0,22.0,2.82,26.67,16.47,24.71,-7.03,0.78,0.75,0.77,439.0,1.0,-0.78,0.0,84.0,40.0,100.0,0.0,12.9,"Closed loop, using oxygen sensor feedback to determine fuel mix/",39.0,37
2026-09-13 13:35:52.108,684.75,23.0,2.83,27.06,16.47,24.71,-3.91,0.78,0.1,0.8,439.0,1.0,-0.77,0.0,84.0,40.0,100.0,0.0,12.9,"Closed loop, using oxygen sensor feedback to determine fuel mix/",39.0,37
2026-09-13 13:35:52.492,687.5,23.0,2.77,26.67,16.47,24.31,-7.81,0.78,0.7,0.79,439.0,1.0,-0.77,0.0,84.0,40.0,100.0,0.0,12.9,"Closed loop, using oxygen sensor feedback to determine fuel mix/",39.0,37
2026-09-13 13:35:52.876,681.5,23.0,2.82,27.06,16.47,25.1,-7.81,0.78,0.74,0.77,439.0,1.0,-0.77,0.0,84.0,40.0,100.0,0.0,12.9,"Closed loop, using oxygen sensor feedback to determine fuel mix/",39.0,37
2026-09-13 13:35:53.277,684.75,22.0,2.78,26.67,16.47,24.71,-3.91,0.78,0.1,0.8,439.0,1.0,-0.78,0.0,84.0,40.0,100.0,0.0,12.9,"Closed loop, using oxygen sensor feedback to determine fuel mix/",39.0,37
2026-09-13 13:35:53.684,691.25,24.0,2.81,26.67,16.47,24.71,-3.91,0.78,0.17,0.79,439.0,1.0,-0.76,0.0,84.0,40.0,100.0,3.5,12.9,"Closed loop, using oxygen sensor feedback to determine fuel mix/",39.0,37
2026-09-13 13:35:54.297,683.25,24.0,2.88,27.06,16.86,25.49,-7.81,0.78,0.72,0.77,439.0,1.0,-0.76,0.0,84.0,40.0,100.0,3.5,12.9,"Closed loop, using oxygen sensor feedback to determine fuel mix/",39.0,37
2026-09-13 13:35:54.648,682.0,24.0,2.95,27.06,16.47,25.88,-3.91,0.78,0.09,0.79,439.0,1.0,-0.76,0.0,84.0,40.0,100.0,3.5,12.9,"Closed loop, using oxygen sensor feedback to determine fuel mix/",39.0,37
2026-09-13 13:35:55.033,685.5,23.0,2.86,27.06,16.47,25.49,-3.91,0.78,0.11,0.78,439.0,1.0,-0.77,0.0,84.0,40.0,100.0,3.5,12.9,"Closed loop, using oxygen sensor feedback to determine fuel mix/",39.0,37
2026-09-13 13:35:55.401,689.25,23.0,2.82,26.67,16.47,25.1,-7.03,0.78,0.74,0.75,439.0,1.0,-0.77,0.0,84.0,40.0,100.0,3.5,12.9,"Closed loop, using oxygen sensor feedback to determine fuel mix/",39.0,37
2026-09-13 13:35:55.766,697.25,23.0,2.82,26.67,16.47,24.71,-7.03,0.78,0.74,0.76,438.0,1.0,-0.77,0.0,84.0,40.0,100.0,0.0,13.0,"Closed loop, using oxygen sensor feedback to determine fuel mix/",39.0,37
2026-09-13 13:35:56.407,691.5,24.0,2.82,26.67,16.47,24.71,-3.91,0.78,0.1,0.8,438.0,1.0,-0.76,0.0,84.0,40.0,100.0,0.0,13.0,"Closed loop, using oxygen sensor feedback to determine fuel mix/",39.0,37
2026-09-13 13:35:56.960,700.5,22.0,2.81,26.67,16.47,24.71,-7.81,0.78,0.76,0.78,438.0,1.0,-0.78,0.0,84.0,40.0,100.0,0.0,13.0,"Closed loop, using oxygen sensor feedback to determine fuel mix/",39.0,37
2026-09-13 13:35:57.331,697.25,22.0,2.82,26.67,16.47,24.71,-7.81,0.78,0.74,0.78,438.0,1.0,-0.78,0.0,84.0,40.0,100.0,0.0,13.0,"Closed loop, using oxygen sensor feedback to determine fuel mix/",39.0,37
2026-09-13 13:35:57.669,692.75,23.0,2.81,26.67,16.47,24.71,-8.59,0.78,0.25,0.81,438.0,1.0,-0.77,0.0,84.0,40.0,100.0,0.0,13.0,"Closed loop, using oxygen sensor feedback to determine fuel mix/",39.0,37
2026-09-13 13:35:58.049,698.25,24.0,2.8,26.67,16.47,24.31,-4.69,0.78,0.1,0.8,438.0,1.0,-0.76,0.0,84.0,40.0,100.0,-0.5,13.0,"Closed loop, using oxygen sensor feedback to determine fuel mix/",39.0,37
2026-09-13 13:35:58.668,697.0,23.0,2.77,26.67,16.47,24.31,-8.59,0.78,0.74,0.77,438.0,1.0,-0.77,0.0,84.0,40.0,100.0,-0.5,13.0,"Closed loop, using oxygen sensor feedback to determine fuel mix/",39.0,37
2026-09-13 13:35:58.993,681.75,24.0,2.74,26.67,16.47,24.31,-8.59,0.78,0.7,0.77,438.0,1.0,-0.76,0.0,84.0,40.0,100.0,-0.5,13.0,"Closed loop, using oxygen sensor feedback to determine fuel mix/",39.0,37
2026-09-13 13:35:59.342,685.0,24.0,2.75,26.67,16.47,24.31,-4.69,0.78,0.1,0.79,438.0,1.0,-0.76,0.0,84.0,40.0,100.0,-0.5,13.0,"Closed loop, using oxygen sensor feedback to determine fuel mix/",39.0,37
2026-09-13 13:35:59.709,689.25,22.0,2.75,26.67,16.08,24.31,-4.69,0.78,0.16,0.79,438.0,1.0,-0.78,0.0,84.0,40.0,100.0,-0.5,13.0,"Closed loop, using oxygen sensor feedback to determine fuel mix/",39.0,37
2026-09-13 13:36:00.094,687.25,22.0,2.7,26.67,16.47,23.92,-8.59,0.78,0.75,0.77,438.0,1.0,-0.78,0.0,84.0,40.0,100.0,-1.0,12.9,"Closed loop, using oxygen sensor feedback to determine fuel mix/",39.0,37
2026-09-13 13:36:00.747,681.0,24.0,2.72,26.67,16.47,23.92,-4.69,0.78,0.1,0.79,438.0,1.0,-0.76,0.0,84.0,40.0,100.0,-1.0,12.9,"Closed loop, using oxygen sensor feedback to determine fuel mix/",39.0,37
2026-09-13 13:36:01.103,686.0,24.0,2.72,26.67,16.08,23.92,-4.69,0.78,0.13,0.79,438.0,1.0,-0.76,0.0,84.0,40.0,100.0,-1.0,12.9,"Closed loop, using oxygen sensor feedback to determine fuel mix/",39.0,37
2026-09-13 13:36:01.439,680.5,23.0,2.7,26.67,16.08,23.92,-8.59,0.78,0.75,0.78,438.0,1.0,-0.77,0.0,84.0,40.0,100.0,-1.0,12.9,"Closed loop, using oxygen sensor feedback to determine fuel mix/",39.0,37
2026-09-13 13:36:01.818,684.25,22.0,2.69,26.67,16.47,23.92,-8.59,0.78,0.73,0.78,438.0,1.0,-0.78,0.0,84.0,40.0,100.0,-1.0,12.9,"Closed loop, using oxygen sensor feedback to determine fuel mix/",39.0,37
2026-09-13 13:36:02.160,685.5,22.0,2.7,26.67,14.9,23.92,-4.69,0.78,0.1,0.8,438.0,1.0,-0.78,0.0,84.0,40.0,100.0,7.0,12.9,"Closed loop, using oxygen sensor feedback to determine fuel mix/",39.0,37
2026-09-13 13:36:02.793,681.0,19.0,1.92,23.53,13.33,17.25,-8.59,0.78,0.76,0.79,438.0,1.0,-0.81,0.0,84.0,40.0,100.0,7.0,12.9,"Closed loop, using oxygen sensor feedback to determine fuel mix/",39.0,37
2026-09-13 13:36:03.113,643.75,18.0,1.95,23.53,13.33,17.65,-8.59,0.78,0.83,0.79,438.0,1.0,-0.82,0.0,84.0,40.0,100.0,7.0,12.9,"Closed loop, using oxygen sensor feedback to determine fuel mix/",39.0,37
2026-09-13 13:36:03.479,679.5,19.0,1.95,23.53,13.33,17.25,-9.38,0.78,0.86,0.8,437.0,1.0,-0.81,0.0,84.0,40.0,100.0,7.0,12.9,"Closed loop, using oxygen sensor feedback to determine fuel mix/",39.0,37
2026-09-13 13:36:03.862,686.5,17.0,1.91,23.53,13.33,16.86,-9.38,0.78,0.86,0.84,437.0,1.0,-0.83,0.0,84.0,40.0,100.0,7.0,12.9,"Closed loop, using oxygen sensor feedback to determine fuel mix/",39.0,37
2026-09-13 13:36:04.277,687.0,17.0,1.9,23.53,13.33,16.86,-10.16,0.78,0.87,0.86,437.0,1.0,-0.83,0.0,84.0,40.0,100.0,5.0,12.9,"Closed loop, using oxygen sensor feedback to determine fuel mix/",39.0,36
2026-09-13 13:36:04.887,682.0,18.0,1.88,23.53,13.33,16.47,-10.94,0.78,0.87,0.87,437.0,1.0,-0.82,0.0,84.0,40.0,100.0,5.0,12.9,"Closed loop, using oxygen sensor feedback to determine fuel mix/",39.0,36
2026-09-13 13:36:05.236,683.0,18.0,1.89,23.53,13.33,16.47,-12.5,0.78,0.86,0.87,436.0,1.0,-0.82,0.0,84.0,40.0,100.0,5.0,12.9,"Closed loop, using oxygen sensor feedback to determine fuel mix/",39.0,36
2026-09-13 13:36:05.651,681.25,18.0,1.86,23.53,13.33,16.47,-13.28,0.78,0.86,0.87,436.0,1.0,-0.82,0.0,84.0,40.0,100.0,5.0,12.9,"Closed loop, using oxygen sensor feedback to determine fuel mix/",39.0,36
2026-09-13 13:36:06.018,677.5,18.0,1.86,23.53,13.33,16.47,-14.84,0.78,0.85,0.86,436.0,1.0,-0.82,0.0,84.0,40.0,100.0,5.0,12.9,"Closed loop, using oxygen sensor feedback to determine fuel mix/",39.0,36
2026-09-13 13:36:06.386,677.5,18.0,1.87,23.53,13.33,16.86,-15.62,0.78,0.84,0.86,436.0,1.0,-0.82,0.0,85.0,40.0,100.0,7.5,12.9,"Closed loop, using oxygen sensor feedback to determine fuel mix/",39.0,36
2026-09-13 13:36:07.057,676.0,17.0,1.86,23.53,13.33,16.47,-17.97,0.78,0.8,0.85,435.0,1.0,-0.83,0.0,85.0,40.0,100.0,7.5,12.9,"Closed loop, using oxygen sensor feedback to determine fuel mix/",39.0,36
2026-09-13 13:36:07.426,679.5,17.0,1.85,23.53,13.33,16.47,-18.75,0.78,0.78,0.84,435.0,1.0,-0.83,0.0,85.0,40.0,100.0,7.5,12.9,"Closed loop, using oxygen sensor feedback to determine fuel mix/",39.0,36
2026-09-13 13:36:07.774,677.25,17.0,1.85,23.53,13.33,16.47,-18.75,0.78,0.74,0.83,435.0,1.0,-0.83,0.0,85.0,40.0,100.0,7.5,12.9,"Closed loop, using oxygen sensor feedback to determine fuel mix/",39.0,36
2026-09-13 13:36:08.144,675.0,18.0,1.84,23.53,13.33,16.47,-19.53,0.78,0.69,0.82,435.0,1.0,-0.82,0.0,85.0,40.0,100.0,7.5,12.9,"Closed loop, using oxygen sensor feedback to determine fuel mix/",39.0,36
2026-09-13 13:36:08.527,675.0,18.0,1.86,23.53,13.33,16.47,-10.94,0.78,0.15,0.81,435.0,1.0,-0.82,0.0,85.0,40.0,100.0,5.0,13.0,"Closed loop, using oxygen sensor feedback to determine fuel mix/",39.0,36
2026-09-13 13:36:09.197,687.5,17.0,1.85,23.53,12.94,16.08,-10.94,0.78,0.15,0.8,434.0,1.0,-0.83,0.0,85.0,40.0,100.0,5.0,13.0,"Closed loop, using oxygen sensor feedback to determine fuel mix/",39.0,36
2026-09-13 13:36:09.518,686.25,18.0,1.83,23.53,12.94,16.08,-14.06,0.78,0.81,0.8,434.0,1.0,-0.82,0.0,85.0,40.0,100.0,5.0,13.0,"Closed loop, using oxygen sensor feedback to determine fuel mix/",39.0,36
2026-09-13 13:36:09.867,685.0,17.0,1.84,23.53,12.94,16.08,-14.06,0.78,0.83,0.79,434.0,1.0,-0.83,0.0,85.0,40.0,100.0,5.0,13.0,"Closed loop, using oxygen sensor feedback to determine fuel mix/",39.0,36
2026-09-13 13:36:10.204,682.0,17.0,1.84,23.53,13.33,16.47,-14.84,0.78,0.81,0.8,434.0,1.0,-0.83,0.0,85.0,40.0,100.0,5.0,13.0,"Closed loop, using oxygen sensor feedback to determine fuel mix/",39.0,36
2026-09-13 13:36:10.537,682.75,17.0,1.86,23.53,13.33,16.47,-14.84,0.78,0.8,0.81,433.0,1.0,-0.83,0.0,85.0,40.0,100.0,6.0,12.9,"Closed loop, using oxygen sensor feedback to determine fuel mix/",39.0,36
2026-09-13 13:36:11.151,681.75,18.0,1.86,23.53,12.94,16.47,-16.41,0.78,0.78,0.82,433.0,1.0,-0.82,0.0,85.0,40.0,100.0,6.0,12.9,"Closed loop, using oxygen sensor feedback to determine fuel mix/",39.0,36
2026-09-13 13:36:11.517,682.25,17.0,1.84,23.53,12.94,16.47,-16.41,0.78,0.8,0.81,433.0,1.0,-0.83,0.0,85.0,40.0,100.0,6.0,12.9,"Closed loop, using oxygen sensor feedback to determine fuel mix/",39.0,36
2026-09-13 13:36:11.901,680.25,17.0,1.85,23.14,12.94,16.47,-17.97,0.78,0.8,0.81,433.0,1.0,-0.83,0.0,85.0,40.0,100.0,6.0,12.9,"Closed loop, using oxygen sensor feedback to determine fuel mix/",39.0,36
2026-09-13 13:36:12.302,680.75,18.0,1.85,23.53,13.33,16.47,-19.53,0.78,0.78,0.81,432.0,1.0,-0.82,0.0,85.0,40.0,100.0,6.0,12.9,"Closed loop, using oxygen sensor feedback to determine fuel mix/",39.0,36
2026-09-13 13:36:12.669,674.75,17.0,1.87,23.53,13.33,16.47,-20.31,0.78,0.73,0.81,432.0,1.0,-0.83,0.0,85.0,40.0,100.0,8.5,12.9,"Closed loop, using oxygen sensor feedback to determine fuel mix/",39.0,36
2026-09-13 13:36:13.291,678.5,17.0,1.88,23.53,13.33,16.86,-14.84,0.78,0.16,0.81,432.0,1.0,-0.83,0.0,85.0,40.0,100.0,8.5,12.9,"Closed loop, using oxygen sensor feedback to determine fuel mix/",39.0,36
2026-09-13 13:36:13.645,684.0,17.0,1.9,23.53,13.33,16.86,-14.84,0.78,0.08,0.8,432.0,1.0,-0.83,0.0,85.0,40.0,100.0,8.5,12.9,"Closed loop, using oxygen sensor feedback to determine fuel mix/",39.0,36
2026-09-13 13:36:14.011,685.25,17.0,1.88,23.53,12.94,16.47,-14.06,0.78,0.1,0.79,431.0,1.0,-0.83,0.0,85.0,40.0,100.0,8.5,12.9,"Closed loop, using oxygen sensor feedback to determine fuel mix/",39.0,36
2026-09-13 13:36:14.363,683.0,17.0,1.87,23.53,12.94,16.47,-17.97,0.78,0.72,0.79,431.0,1.0,-0.83,0.0,85.0,40.0,100.0,8.5,12.9,"Closed loop, using oxygen sensor feedback to determine fuel mix/",39.0,36
2026-09-13 13:36:14.762,676.5,17.0,1.87,23.53,13.33,16.86,-17.97,0.78,0.78,0.78,431.0,1.0,-0.83,0.0,85.0,40.0,100.0,6.0,12.9,"Closed loop, using oxygen sensor feedback to determine fuel mix/",39.0,36
2026-09-13 13:36:15.591,678.5,17.0,1.88,23.53,13.33,16.86,-18.75,0.78,0.74,0.79,431.0,1.0,-0.83,0.0,85.0,40.0,100.0,6.0,12.9,"Closed loop, using oxygen sensor feedback to determine fuel mix/",39.0,36
2026-09-13 13:36:15.944,683.25,17.0,1.88,23.53,13.33,16.86,-19.53,0.78,0.72,0.79,430.0,1.0,-0.83,0.0,85.0,40.0,100.0,6.0,12.9,"Closed loop, using oxygen sensor feedback to determine fuel mix/",39.0,36
2026-09-13 13:36:16.312,681.75,18.0,1.89,23.53,13.33,16.86,-19.53,0.78,0.7,0.79,430.0,1.0,-0.82,0.0,85.0,40.0,100.0,6.0,12.9,"Closed loop, using oxygen sensor feedback to determine fuel mix/",39.0,36
2026-09-13 13:36:16.662,679.25,17.0,1.9,23.53,13.33,16.86,-20.31,0.78,0.23,0.79,430.0,1.0,-0.83,0.0,85.0,40.0,100.0,6.0,12.9,"Closed loop, using oxygen sensor feedback to determine fuel mix/",39.0,36
2026-09-13 13:36:17.111,678.75,18.0,1.89,23.53,13.33,16.86,-16.41,0.78,0.1,0.78,430.0,1.0,-0.82,0.0,85.0,40.0,100.0,7.0,13.0,"Closed loop, using oxygen sensor feedback to determine fuel mix/",39.0,36
2026-09-13 13:36:17.733,684.25,17.0,1.9,23.53,13.33,16.86,-15.62,0.78,0.2,0.78,430.0,1.0,-0.83,0.0,85.0,40.0,100.0,7.0,13.0,"Closed loop, using oxygen sensor feedback to determine fuel mix/",39.0,36
2026-09-13 13:36:18.136,683.25,18.0,1.89,23.53,13.33,16.86,-19.53,0.78,0.74,0.77,429.0,1.0,-0.82,0.0,85.0,40.0,100.0,7.0,13.0,"Closed loop, using oxygen sensor feedback to determine fuel mix/",39.0,36
2026-09-13 13:36:18.501,678.75,17.0,1.89,23.53,13.33,16.86,-19.53,0.78,0.75,0.77,429.0,1.0,-0.83,0.0,85.0,40.0,100.0,7.0,13.0,"Closed loop, using oxygen sensor feedback to determine fuel mix/",39.0,36
2026-09-13 13:36:18.867,673.25,18.0,1.9,23.53,13.33,16.86,-20.31,0.78,0.66,0.77,429.0,1.0,-0.82,0.0,85.0,40.0,100.0,7.0,13.0,"Closed loop, using oxygen sensor feedback to determine fuel mix/",39.0,36
2026-09-13 13:36:19.249,677.75,17.0,1.89,23.53,13.33,16.86,-16.41,0.78,0.1,0.78,429.0,1.0,-0.83,0.0,85.0,40.0,100.0,5.5,12.9,"Closed loop, using oxygen sensor feedback to determine fuel mix/",39.0,36
2026-09-13 13:36:19.873,683.0,17.0,1.89,23.53,13.33,16.86,-15.62,0.78,0.47,0.78,429.0,1.0,-0.83,0.0,85.0,40.0,100.0,5.5,12.9,"Closed loop, using oxygen sensor feedback to determine fuel mix/",39.0,36
2026-09-13 13:36:20.256,681.75,17.0,1.88,23.53,13.33,16.47,-19.53,0.78,0.75,0.78,429.0,1.0,-0.83,0.0,85.0,40.0,100.0,5.5,12.9,"Closed loop, using oxygen sensor feedback to determine fuel mix/",39.0,36
2026-09-13 13:36:20.590,676.0,18.0,1.89,23.53,13.33,16.86,-19.53,0.78,0.74,0.77,428.0,1.0,-0.82,0.0,85.0,40.0,100.0,5.5,12.9,"Closed loop, using oxygen sensor feedback to determine fuel mix/",39.0,36
2026-09-13 13:36:20.974,677.75,17.0,1.89,23.53,13.33,16.86,-20.31,0.78,0.66,0.78,428.0,1.0,-0.83,0.0,85.0,40.0,100.0,5.5,12.9,"Closed loop, using oxygen sensor feedback to determine fuel mix/",39.0,36
2026-09-13 13:36:21.342,682.0,17.0,1.89,23.53,13.33,16.86,-16.41,0.78,0.1,0.78,428.0,1.0,-0.83,0.0,85.0,40.0,100.0,8.0,13.0,"Closed loop, using oxygen sensor feedback to determine fuel mix/",39.0,36
2026-09-13 13:36:21.917,682.0,18.0,1.91,23.53,13.33,16.86,-15.62,0.78,0.1,0.78,428.0,1.0,-0.82,0.0,85.0,40.0,100.0,8.0,13.0,"Closed loop, using oxygen sensor feedback to determine fuel mix/",39.0,36
2026-09-13 13:36:22.300,686.75,17.0,1.89,23.53,13.33,16.86,-15.62,0.78,0.14,0.78,428.0,1.0,-0.83,0.0,85.0,40.0,100.0,8.0,13.0,"Closed loop, using oxygen sensor feedback to determine fuel mix/",39.0,36
2026-09-13 13:36:22.667,680.5,18.0,1.89,23.53,13.33,16.86,-19.53,0.78,0.76,0.77,428.0,1.0,-0.82,0.0,85.0,40.0,100.0,8.0,13.0,"Closed loop, using oxygen sensor feedback to determine fuel mix/",39.0,36
2026-09-13 13:36:23.051,678.75,18.0,1.89,23.53,13.33,16.86,-19.53,0.78,0.77,0.77,427.0,1.0,-0.82,0.0,85.0,40.0,100.0,8.0,13.0,"Closed loop, using oxygen sensor feedback to determine fuel mix/",39.0,36
2026-09-13 13:36:23.452,674.0,17.0,1.89,23.53,13.33,16.86,-20.31,0.78,0.74,0.77,427.0,1.0,-0.83,0.0,85.0,40.0,100.0,8.5,13.0,"Closed loop, using oxygen sensor feedback to determine fuel mix/",39.0,36
2026-09-13 13:36:24.044,673.25,17.0,1.9,23.53,13.33,16.86,-16.41,0.78,0.14,0.8,427.0,1.0,-0.83,0.0,85.0,40.0,100.0,8.5,13.0,"Closed loop, using oxygen sensor feedback to determine fuel mix/",39.0,36
2026-09-13 13:36:24.425,685.25,17.0,1.9,23.53,13.33,16.86,-16.41,0.78,0.11,0.79,427.0,1.0,-0.83,0.0,85.0,40.0,100.0,8.5,13.0,"Closed loop, using oxygen sensor feedback to determine fuel mix/",39.0,36
2026-09-13 13:36:24.807,685.75,17.0,1.91,23.53,13.33,16.86,-15.62,0.78,0.18,0.79,427.0,1.0,-0.83,0.0,85.0,40.0,100.0,8.5,13.0,"Closed loop, using oxygen sensor feedback to determine fuel mix/",39.0,36
2026-09-13 13:36:25.175,686.5,18.0,1.9,23.53,13.33,16.86,-19.53,0.78,0.75,0.78,427.0,1.0,-0.82,0.0,85.0,40.0,100.0,8.5,13.0,"Closed loop, using oxygen sensor feedback to determine fuel mix/",39.0,36
2026-09-13 13:36:25.541,679.75,17.0,1.9,23.53,13.33,16.86,-19.53,0.78,0.76,0.78,426.0,1.0,-0.83,0.0,85.0,40.0,100.0,9.5,13.0,"Closed loop, using oxygen sensor feedback to determine fuel mix/",39.0,36
2026-09-13 13:36:26.234,671.75,18.0,1.9,23.53,13.33,16.86,-16.41,0.78,0.12,0.79,426.0,1.0,-0.82,0.0,85.0,40.0,100.0,9.5,13.0,"Closed loop, using oxygen sensor feedback to determine fuel mix/",39.0,36
2026-09-13 13:36:26.577,680.0,17.0,1.91,23.53,13.33,16.86,-16.41,0.78,0.14,0.79,426.0,1.0,-0.83,0.0,85.0,40.0,100.0,9.5,13.0,"Closed loop, using oxygen sensor feedback to determine fuel mix/",39.0,36
2026-09-13 13:36:26.963,679.0,17.0,1.91,23.53,13.33,16.86,-19.53,0.78,0.71,0.79,426.0,1.0,-0.83,0.0,85.0,40.0,100.0,9.5,13.0,"Closed loop, using oxygen sensor feedback to determine fuel mix/",39.0,36
2026-09-13 13:36:27.298,680.75,18.0,1.91,23.53,13.33,16.86,-19.53,0.78,0.74,0.78,426.0,1.0,-0.82,0.0,85.0,40.0,100.0,9.5,13.0,"Closed loop, using oxygen sensor feedback to determine fuel mix/",39.0,36
2026-09-13 13:36:27.685,676.75,17.0,1.9,23.53,13.33,16.86,-20.31,0.78,0.67,0.78,426.0,1.0,-0.83,0.0,85.0,40.0,100.0,8.5,13.0,"Closed loop, using oxygen sensor feedback to determine fuel mix/",39.0,37
2026-09-13 13:36:28.240,681.75,17.0,1.91,23.53,13.33,16.86,-16.41,0.78,0.1,0.79,426.0,1.0,-0.83,0.0,85.0,40.0,100.0,8.5,13.0,"Closed loop, using oxygen sensor feedback to determine fuel mix/",39.0,37
2026-09-13 13:36:28.641,681.5,17.0,1.91,23.53,13.33,16.86,-15.62,0.78,0.15,0.79,425.0,1.0,-0.83,0.0,85.0,40.0,100.0,8.5,13.0,"Closed loop, using oxygen sensor feedback to determine fuel mix/",39.0,37
2026-09-13 13:36:29.007,687.0,17.0,1.91,23.53,13.33,16.86,-19.53,0.78,0.73,0.78,425.0,1.0,-0.83,0.0,85.0,40.0,100.0,8.5,13.0,"Closed loop, using oxygen sensor feedback to determine fuel mix/",39.0,37
2026-09-13 13:36:29.376,679.25,18.0,1.9,23.53,13.33,16.86,-19.53,0.78,0.74,0.77,425.0,1.0,-0.82,0.0,85.0,40.0,100.0,8.5,13.0,"Closed loop, using oxygen sensor feedback to determine fuel mix/",39.0,37
2026-09-13 13:36:29.741,680.25,18.0,1.91,23.53,13.33,16.86,-20.31,0.78,0.69,0.78,425.0,1.0,-0.82,0.0,85.0,40.0,100.0,6.0,12.9,"Closed loop, using oxygen sensor feedback to determine fuel mix/",39.0,37
2026-09-13 13:36:30.317,680.25,17.0,1.92,23.53,13.33,17.25,-16.41,0.78,0.11,0.79,425.0,1.0,-0.83,0.0,85.0,40.0,100.0,6.0,12.9,"Closed loop, using oxygen sensor feedback to determine fuel mix/",39.0,37
2026-09-13 13:36:30.704,679.25,18.0,1.93,23.53,13.33,16.86,-16.41,0.78,0.1,0.79,425.0,1.0,-0.82,0.0,85.0,40.0,100.0,6.0,12.9,"Closed loop, using oxygen sensor feedback to determine fuel mix/",39.0,37
2026-09-13 13:36:31.038,674.25,17.0,1.92,23.53,13.33,16.86,-15.62,0.78,0.11,0.78,425.0,1.0,-0.83,0.0,85.0,40.0,100.0,6.0,12.9,"Closed loop, using oxygen sensor feedback to determine fuel mix/",39.0,37
2026-09-13 13:36:31.421,680.0,18.0,1.92,23.53,13.33,16.86,-15.62,0.78,0.12,0.78,425.0,1.0,-0.82,0.0,85.0,40.0,100.0,6.0,12.9,"Closed loop, using oxygen sensor feedback to determine fuel mix/",39.0,37
2026-09-13 13:36:31.790,678.75,17.0,1.92,23.53,13.33,17.25,-14.84,0.78,0.48,0.77,425.0,1.0,-0.83,0.0,85.0,40.0,100.0,6.5,12.9,"Closed loop, using oxygen sensor feedback to determine fuel mix/",39.0,37
2026-09-13 13:36:32.411,677.25,18.0,1.92,23.53,13.33,17.25,-18.75,0.78,0.67,0.77,424.0,1.0,-0.82,0.0,85.0,40.0,100.0,6.5,12.9,"Closed loop, using oxygen sensor feedback to determine fuel mix/",39.0,37
2026-09-13 13:36:32.823,673.25,17.0,1.92,23.53,13.33,16.86,-14.84,0.78,0.1,0.77,424.0,1.0,-0.83,0.0,85.0,40.0,100.0,6.5,12.9,"Closed loop, using oxygen sensor feedback to determine fuel mix/",39.0,37
2026-09-13 13:36:33.144,678.5,18.0,1.93,23.53,13.33,16.86,0.78,0.78,0.1,0.78,424.0,1.0,-0.82,0.0,85.0,40.0,100.0,6.5,12.9,"Closed loop, using oxygen sensor feedback to determine fuel mix/",39.0,37
2026-09-13 13:36:33.527,685.0,17.0,1.91,23.92,13.33,16.86,-1.56,0.78,0.83,0.78,424.0,1.0,-0.83,0.0,85.0,40.0,100.0,6.5,12.9,"Closed loop, using oxygen sensor feedback to determine fuel mix/",39.0,37
2026-09-13 13:36:33.930,695.0,19.0,1.93,25.88,16.08,18.43,-1.56,0.78,0.88,0.77,424.0,1.0,-0.81,0.0,85.0,40.0,100.0,-7.5,12.9,"Closed loop, using oxygen sensor feedback to determine fuel mix/",39.0,37
2026-09-13 13:36:34.502,692.25,22.0,2.64,26.27,16.08,23.53,-2.34,0.78,0.89,0.86,424.0,1.0,-0.78,0.0,85.0,40.0,100.0,-7.5,12.9,"Closed loop, using oxygen sensor feedback to determine fuel mix/",39.0,37
2026-09-13 13:36:34.869,693.0,22.0,2.65,26.67,16.08,23.53,-2.34,0.78,0.88,0.88,424.0,1.0,-0.78,0.0,85.0,40.0,100.0,-7.5,12.9,"Closed loop, using oxygen sensor feedback to determine fuel mix/",39.0,37
2026-09-13 13:36:35.234,686.5,22.0,2.66,26.67,16.47,23.53,-3.91,0.78,0.86,0.87,425.0,1.0,-0.78,0.0,85.0,40.0,100.0,-7.5,12.9,"Closed loop, using oxygen sensor feedback to determine fuel mix/",39.0,37
2026-09-13 13:36:35.619,677.75,24.0,2.62,26.67,16.47,23.53,-3.91,0.78,0.85,0.86,425.0,1.0,-0.76,0.0,85.0,40.0,100.0,-7.5,12.9,"Closed loop, using oxygen sensor feedback to determine fuel mix/",39.0,37
2026-09-13 13:36:35.988,688.5,23.0,2.62,26.67,16.47,23.14,-5.47,0.78,0.83,0.85,425.0,1.0,-0.77,0.0,85.0,40.0,100.0,0.5,12.9,"Closed loop, using oxygen sensor feedback to determine fuel mix/",39.0,37
2026-09-13 13:36:36.593,685.25,23.0,2.59,26.27,16.08,22.75,-7.81,0.78,0.79,0.83,425.0,1.0,-0.77,0.0,85.0,40.0,100.0,0.5,12.9,"Closed loop, using oxygen sensor feedback to determine fuel mix/",39.0,37
2026-09-13 13:36:36.976,684.75,22.0,2.58,26.67,16.08,23.14,-8.59,0.78,0.74,0.82,426.0,1.0,-0.78,0.0,85.0,40.0,100.0,0.5,12.9,"Closed loop, using oxygen sensor feedback to determine fuel mix/",39.0,37
2026-09-13 13:36:37.345,695.75,22.0,2.57,26.27,16.08,22.35,-10.16,0.78,0.47,0.81,426.0,1.0,-0.78,0.0,85.0,40.0,100.0,0.5,12.9,"Closed loop, using oxygen sensor feedback to determine fuel mix/",39.0,37
2026-09-13 13:36:37.728,700.25,21.0,2.57,26.27,16.08,22.35,-2.34,0.78,0.08,0.8,426.0,1.0,-0.79,0.0,85.0,40.0,100.0,0.5,12.9,"Closed loop, using oxygen sensor feedback to determine fuel mix/",39.0,37
2026-09-13 13:36:38.129,719.25,21.0,2.56,26.27,16.08,21.96,-2.34,0.78,0.64,0.8,426.0,1.0,-0.79,2.0,85.0,40.0,100.0,4.5,13.0,"Closed loop, using oxygen sensor feedback to determine fuel mix/",39.0,37
2026-09-13 13:36:38.719,705.25,21.0,2.57,26.27,16.08,22.35,-6.25,0.78,0.77,0.78,426.0,1.0,-0.79,2.0,85.0,40.0,100.0,4.5,13.0,"Closed loop, using oxygen sensor feedback to determine fuel mix/",39.0,37
2026-09-13 13:36:39.103,713.25,22.0,2.59,26.27,16.86,22.75,-7.03,0.78,0.7,0.8,426.0,1.0,-0.78,2.0,85.0,40.0,100.0,4.5,13.0,"Closed loop, using oxygen sensor feedback to determine fuel mix/",39.0,37
2026-09-13 13:36:39.471,721.75,23.0,3.17,28.63,17.65,29.41,1.56,-1.56,0.2,0.8,427.0,1.0,-0.77,2.0,85.0,40.0,100.0,4.5,13.0,"Closed loop, using oxygen sensor feedback to determine fuel mix/",39.0,37
2026-09-13 13:36:39.837,815.25,26.0,3.06,28.24,17.65,26.27,1.56,0.0,0.77,0.79,427.0,1.0,-0.74,2.0,85.0,40.0,100.0,4.5,13.0,"Closed loop, using oxygen sensor feedback to determine fuel mix/",39.0,37
2026-09-13 13:36:40.209,826.0,24.0,3.29,27.84,17.65,26.27,-2.34,0.78,0.87,0.79,427.0,1.0,-0.76,3.0,85.0,40.0,100.0,-0.5,13.0,"Closed loop, using oxygen sensor feedback to determine fuel mix/",39.0,37
2026-09-13 13:36:40.860,795.25,24.0,3.2,27.84,17.25,26.27,-3.12,0.78,0.8,0.84,427.0,1.0,-0.76,3.0,85.0,40.0,100.0,-0.5,13.0,"Closed loop, using oxygen sensor feedback to determine fuel mix/",39.0,37
2026-09-13 13:36:41.245,790.25,23.0,3.12,27.45,17.25,25.88,-3.12,0.78,0.75,0.83,427.0,1.0,-0.77,3.0,85.0,40.0,100.0,-0.5,13.0,"Closed loop, using oxygen sensor feedback to determine fuel mix/",39.0,37
2026-09-13 13:36:41.612,780.0,22.0,3.11,27.45,17.25,25.88,-3.91,0.78,0.76,0.81,427.0,1.0,-0.78,3.0,85.0,40.0,100.0,-0.5,13.0,"Closed loop, using oxygen sensor feedback to determine fuel mix/",39.0,37
2026-09-13 13:36:41.998,770.75,22.0,3.05,27.45,17.25,25.49,-3.91,0.78,0.77,0.81,427.0,1.0,-0.78,3.0,85.0,40.0,100.0,-0.5,13.0,"Closed loop, using oxygen sensor feedback to determine fuel mix/",39.0,37
2026-09-13 13:36:42.365,773.5,23.0,3.04,27.45,16.86,25.49,-5.47,0.78,0.77,0.81,428.0,1.0,-0.77,4.0,85.0,40.0,100.0,-2.5,12.9,"Closed loop, using oxygen sensor feedback to determine fuel mix/",39.0,37
2026-09-13 13:36:43.005,765.75,23.0,3.0,27.06,16.86,24.71,-7.81,0.78,0.73,0.81,428.0,1.0,-0.77,4.0,85.0,40.0,100.0,-2.5,12.9,"Closed loop, using oxygen sensor feedback to determine fuel mix/",39.0,37
2026-09-13 13:36:43.383,764.0,23.0,2.96,27.06,16.86,24.71,-8.59,0.78,0.69,0.8,428.0,1.0,-0.77,4.0,85.0,40.0,100.0,-2.5,12.9,"Closed loop, using oxygen sensor feedback to determine fuel mix/",39.0,37
2026-09-13 13:36:43.735,763.25,22.0,2.9,27.06,16.86,24.31,-10.16,0.78,0.57,0.8,429.0,1.0,-0.78,4.0,85.0,40.0,100.0,-2.5,12.9,"Closed loop, using oxygen sensor feedback to determine fuel mix/",39.0,37
2026-09-13 13:36:44.106,762.5,21.0,2.89,27.06,16.47,24.31,-2.34,0.78,0.17,0.79,429.0,1.0,-0.79,4.0,85.0,40.0,100.0,-2.5,12.9,"Closed loop, using oxygen sensor feedback to determine fuel mix/",39.0,37
2026-09-13 13:36:44.459,774.0,21.0,2.82,26.67,16.47,23.53,-2.34,0.78,0.76,0.78,429.0,1.0,-0.79,5.0,85.0,40.0,100.0,0.5,12.9,"Closed loop, using oxygen sensor feedback to determine fuel mix/",39.0,37
2026-09-13 13:36:45.046,776.0,21.0,2.76,26.67,16.08,23.14,-6.25,0.78,0.83,0.79,430.0,1.0,-0.79,5.0,85.0,40.0,100.0,0.5,12.9,"Closed loop, using oxygen sensor feedback to determine fuel mix/",39.0,37
2026-09-13 13:36:45.401,776.25,21.0,2.73,26.67,16.08,22.75,-7.03,0.78,0.82,0.82,430.0,1.0,-0.79,5.0,85.0,40.0,100.0,0.5,12.9,"Closed loop, using oxygen sensor feedback to determine fuel mix/",39.0,37
2026-09-13 13:36:45.751,780.75,21.0,2.67,26.27,16.08,22.35,-7.03,0.78,0.82,0.82,,1.0,-0.79,5.0,85.0,40.0,100.0,0.5,12.9,"Closed loop, using oxygen sensor feedback to determine fuel mix/",39.0,37
2026-09-13 13:36:46.087,777.0,20.0,2.63,26.27,,21.57,-7.81,0.78,0.83,0.82,431.0,1.0,-0.8,5.0,85.0,40.0,100.0,0.5,12.9,"Closed loop, using oxygen sensor feedback to determine fuel mix/",39.0,37
2026-09-13 13:36:46.455,775.75,20.0,2.54,25.88,15.69,21.18,-7.81,0.78,0.83,0.82,431.0,1.0,-0.8,5.0,85.0,40.0,100.0,2.5,13.0,"Closed loop, using oxygen sensor feedback to determine fuel mix/",39.0,37
2026-09-13 13:36:47.092,772.25,20.0,2.43,25.88,15.29,20.39,-9.38,0.78,0.84,0.82,431.0,1.0,-0.8,5.0,85.0,40.0,100.0,2.5,13.0,"Closed loop, using oxygen sensor feedback to determine fuel mix/",39.0,37
2026-09-13 13:36:47.446,772.75,19.0,2.39,25.49,15.29,20.0,-10.16,0.78,0.83,0.82,432.0,1.0,-0.81,5.0,85.0,40.0,100.0,2.5,13.0,"Closed loop, using oxygen sensor feedback to determine fuel mix/",39.0,37
2026-09-13 13:36:47.798,769.0,18.0,2.34,25.49,15.29,19.61,-11.72,0.78,0.82,0.82,432.0,1.0,-0.82,5.0,85.0,40.0,100.0,2.5,13.0,"Closed loop, using oxygen sensor feedback to determine fuel mix/",39.0,37
2026-09-13 13:36:48.196,766.0,18.0,2.34,25.49,15.29,19.22,-13.28,0.78,0.81,0.82,432.0,1.0,-0.82,5.0,85.0,40.0,100.0,2.5,13.0,"Closed loop, using oxygen sensor feedback to determine fuel mix/",39.0,37
2026-09-13 13:36:48.594,765.75,18.0,2.32,25.49,17.25,19.61,-14.84,0.0,0.77,0.81,432.0,1.0,-0.82,5.0,85.0,40.0,100.0,4.0,12.9,"Closed loop, using oxygen sensor feedback to determine fuel mix/",39.0,37
2026-09-13 13:36:49.189,842.0,22.0,3.18,27.84,16.86,24.71,-7.03,-1.56,0.69,0.8,432.0,1.0,-0.78,5.0,85.0,40.0,100.0,4.0,12.9,"Closed loop, using oxygen sensor feedback to determine fuel mix/",39.0,37
2026-09-13 13:36:49.568,851.75,25.0,3.0,27.45,17.25,23.92,-7.81,-1.56,0.81,0.79,433.0,1.0,-0.75,5.0,85.0,40.0,100.0,4.0,12.9,"Closed loop, using oxygen sensor feedback to determine fuel mix/",39.0,37
2026-09-13 13:36:49.920,885.0,22.0,2.84,26.27,17.65,20.0,-7.81,-1.56,0.84,0.79,433.0,1.0,-0.78,5.0,85.0,40.0,100.0,4.0,12.9,"Closed loop, using oxygen sensor feedback to determine fuel mix/",39.0,37
2026-09-13 13:36:50.289,878.75,22.0,3.25,27.84,17.25,24.31,-8.59,-1.56,0.81,0.82,433.0,1.0,-0.78,5.0,85.0,40.0,100.0,4.0,12.9,"Closed loop, using oxygen sensor feedback to determine fuel mix/",39.0,37
2026-09-13 13:36:50.640,855.25,21.0,3.17,27.45,17.25,24.31,-8.59,-1.56,0.66,0.81,434.0,1.0,-0.79,6.0,85.0,40.0,100.0,5.5,13.0,"Closed loop, using oxygen sensor feedback to determine fuel mix/",39.0,37
2026-09-13 13:36:51.198,933.25,25.0,4.26,29.8,19.61,29.02,0.0,-1.56,0.23,0.79,434.0,1.0,-0.75,6.0,85.0,40.0,100.0,5.5,13.0,"Closed loop, using oxygen sensor feedback to determine fuel mix/",39.0,37
2026-09-13 13:36:51.564,1011.75,26.0,4.38,29.8,18.04,27.45,-3.91,-1.56,0.86,0.78,434.0,1.0,-0.74,6.0,85.0,40.0,100.0,5.5,13.0,"Closed loop, using oxygen sensor feedback to determine fuel mix/",39.0,37
2026-09-13 13:36:51.935,956.25,26.0,3.37,28.63,17.65,24.31,-4.69,-1.56,0.89,0.81,434.0,1.0,-0.74,6.0,85.0,40.0,100.0,5.5,13.0,"Closed loop, using oxygen sensor feedback to determine fuel mix/",39.0,37
2026-09-13 13:36:52.316,980.25,21.0,3.38,27.84,17.25,22.35,-4.69,-1.56,0.88,0.84,435.0,1.0,-0.79,6.0,85.0,40.0,100.0,5.5,13.0,"Closed loop, using oxygen sensor feedback to determine fuel mix/",39.0,37
2026-09-13 13:36:52.955,927.0,19.0,3.06,27.06,16.47,21.57,-5.47,-1.56,0.88,0.84,435.0,1.0,-0.81,6.0,85.0,40.0,100.0,-3.0,13.0,"Closed loop, using oxygen sensor feedback to determine fuel mix/",39.0,37
2026-09-13 13:36:53.594,884.5,18.0,2.79,26.67,16.08,20.78,-7.03,-1.56,0.88,0.84,436.0,1.0,-0.82,6.0,85.0,40.0,100.0,-3.0,13.0,"Closed loop, using oxygen sensor feedback to determine fuel mix/",39.0,37
2026-09-13 13:36:53.975,864.0,19.0,2.68,26.27,15.69,20.39,-8.59,-1.56,0.86,0.84,437.0,1.0,-0.81,6.0,85.0,40.0,100.0,-3.0,13.0,"Closed loop, using oxygen sensor feedback to determine fuel mix/",39.0,37
2026-09-13 13:36:54.384,852.75,17.0,2.48,25.88,15.29,19.22,-10.94,-1.56,0.84,0.83,437.0,1.0,-0.83,6.0,85.0,40.0,100.0,-3.0,13.0,"Closed loop, using oxygen sensor feedback to determine fuel mix/",39.0,37
2026-09-13 13:36:54.755,837.0,18.0,2.34,25.49,16.86,18.43,-11.72,-1.56,0.83,0.82,438.0,1.0,-0.82,6.0,85.0,40.0,100.0,-3.0,13.0,"Closed loop, using oxygen sensor feedback to determine fuel mix/",39.0,37
2026-09-13 13:36:55.096,870.0,19.0,2.94,27.06,16.86,21.96,-7.03,-1.56,0.83,0.82,438.0,1.0,-0.81,6.0,86.0,40.0,100.0,5.5,13.0,"Closed loop, using oxygen sensor feedback to determine fuel mix/",39.0,37
2026-09-13 13:36:55.749,927.75,18.0,3.0,27.06,16.86,21.18,-7.03,-1.56,0.85,0.81,440.0,1.0,-0.82,6.0,86.0,40.0,100.0,5.5,13.0,"Closed loop, using oxygen sensor feedback to determine fuel mix/",39.0,37
2026-09-13 13:36:56.100,931.5,19.0,3.0,27.06,16.86,21.18,-7.81,-1.56,0.86,0.81,440.0,1.0,-0.81,6.0,86.0,40.0,100.0,5.5,13.0,"Closed loop, using oxygen sensor feedback to determine fuel mix/",39.0,37
2026-09-13 13:36:56.451,939.75,18.0,3.0,27.06,16.86,20.78,-7.81,-1.56,0.86,0.82,441.0,1.0,-0.82,6.0,86.0,40.0,100.0,5.5,13.0,"Closed loop, using oxygen sensor feedback to determine fuel mix/",39.0,37
2026-09-13 13:36:56.804,945.5,18.0,3.02,26.67,15.29,20.78,-8.59,-1.56,0.86,0.83,441.0,1.0,-0.82,6.0,86.0,40.0,100.0,5.5,13.0,"Closed loop, using oxygen sensor feedback to determine fuel mix/",39.0,37
2026-09-13 13:36:57.175,891.0,18.0,2.65,26.67,16.08,20.39,-8.59,-1.56,0.87,0.83,442.0,1.0,-0.82,6.0,85.0,40.0,100.0,0.0,13.0,"Closed loop, using oxygen sensor feedback to determine fuel mix/",39.0,37
2026-09-13 13:36:57.765,880.75,17.0,2.63,25.88,15.69,20.0,-9.38,-1.56,0.86,0.83,442.0,1.0,-0.83,6.0,85.0,40.0,100.0,0.0,13.0,"Closed loop, using oxygen sensor feedback to determine fuel mix/",39.0,37
2026-09-13 13:36:58.145,862.75,17.0,2.49,25.49,15.29,18.82,-9.38,-1.56,0.84,0.83,443.0,1.0,-0.83,6.0,85.0,40.0,100.0,0.0,13.0,"Closed loop, using oxygen sensor feedback to determine fuel mix/",39.0,37
2026-09-13 13:36:58.527,844.0,18.0,2.42,25.49,16.86,18.82,-10.16,-1.56,0.84,0.82,443.0,1.0,-0.82,6.0,85.0,40.0,100.0,0.0,13.0,"Closed loop, using oxygen sensor feedback to determine fuel mix/",39.0,37
2026-09-13 13:36:58.830,875.75,20.0,3.1,27.45,17.25,23.14,-7.03,-1.56,0.84,0.81,443.0,1.0,-0.8,6.0,85.0,40.0,100.0,0.0,13.0,"Closed loop, using oxygen sensor feedback to determine fuel mix/",39.0,37
2026-09-13 13:36:59.219,934.25,19.0,3.14,27.45,17.25,21.96,-7.03,-1.56,0.84,0.81,444.0,1.0,-0.81,6.0,85.0,40.0,100.0,7.5,13.0,"Closed loop, using oxygen sensor feedback to determine fuel mix/",39.0,37
2026-09-13 13:36:59.837,957.0,19.0,3.16,27.45,17.25,21.57,-7.81,-1.56,0.86,0.81,445.0,1.0,-0.81,6.0,85.0,40.0,100.0,7.5,13.0,"Closed loop, using oxygen sensor feedback to determine fuel mix/",39.0,37
2026-09-13 13:37:00.225,962.25,18.0,3.16,27.45,17.25,21.57,-8.59,-1.56,0.85,0.82,445.0,1.0,-0.82,6.0,85.0,40.0,100.0,7.5,13.0,"Closed loop, using oxygen sensor feedback to determine fuel mix/",39.0,37
2026-09-13 13:37:00.586,974.25,19.0,3.17,27.45,16.86,21.57,-8.59,-1.56,0.85,0.82,445.0,1.0,-0.81,6.0,85.0,40.0,100.0,7.5,13.0,"Closed loop, using oxygen sensor feedback to determine fuel mix/",39.0,37
2026-09-13 13:37:01.069,944.0,18.0,2.83,26.67,16.47,19.61,-8.59,-1.56,0.86,0.82,446.0,1.0,-0.82,6.0,85.0,40.0,100.0,7.5,13.0,"Closed loop, using oxygen sensor feedback to determine fuel mix/",39.0,37
2026-09-13 13:37:01.439,916.5,18.0,2.77,26.27,16.47,20.0,-9.38,-1.56,0.86,0.82,446.0,1.0,-0.82,6.0,86.0,40.0,100.0,1.5,13.0,"Closed loop, using oxygen sensor feedback to determine fuel mix/",39.0,37
2026-09-13 13:37:02.026,897.25,18.0,2.78,26.67,16.08,20.39,-10.16,-1.56,0.85,0.83,447.0,1.0,-0.82,6.0,86.0,40.0,100.0,1.5,13.0,"Closed loop, using oxygen sensor feedback to determine fuel mix/",39.0,37
2026-09-13 13:37:02.558,860.75,18.0,2.57,25.88,15.69,19.61,-10.16,-1.56,0.83,0.82,447.0,1.0,-0.82,6.0,86.0,40.0,100.0,1.5,13.0,"Closed loop, using oxygen sensor feedback to determine fuel mix/",39.0,37
2026-09-13 13:37:02.903,852.75,18.0,2.45,25.49,14.9,18.43,-10.94,-1.56,0.81,0.81,447.0,1.0,-0.82,6.0,86.0,40.0,100.0,1.5,13.0,"Closed loop, using oxygen sensor feedback to determine fuel mix/",39.0,37
2026-09-13 13:37:03.303,840.0,16.0,2.34,25.1,14.51,18.04,-10.94,-1.56,0.82,0.81,447.0,1.0,-0.84,6.0,86.0,40.0,100.0,1.5,13.0,"Closed loop, using oxygen sensor feedback to determine fuel mix/",39.0,37
2026-09-13 13:37:03.669,837.75,17.0,2.24,25.1,16.86,17.65,-11.72,-1.56,0.83,0.8,447.0,1.0,-0.83,6.0,86.0,40.0,100.0,14.0,12.9,"Closed loop, using oxygen sensor feedback to determine fuel mix/",39.0,37
2026-09-13 13:37:04.261,894.75,19.0,2.82,26.67,16.47,21.18,-7.03,-1.56,0.85,0.81,448.0,1.0,-0.81,6.0,86.0,40.0,100.0,14.0,12.9,"Closed loop, using oxygen sensor feedback to determine fuel mix/",39.0,37
2026-09-13 13:37:04.645,856.75,19.0,2.75,26.67,19.61,21.18,-7.81,-1.56,0.86,0.81,448.0,1.0,-0.81,6.0,86.0,40.0,100.0,14.0,12.9,"Closed loop, using oxygen sensor feedback to determine fuel mix/",39.0,37
2026-09-13 13:37:05.029,958.75,26.0,4.5,30.59,20.0,30.59,-7.81,-1.56,0.82,0.82,449.0,1.0,-0.74,6.0,86.0,40.0,100.0,14.0,12.9,"Closed loop, using oxygen sensor feedback to determine fuel mix/",39.0,37
2026-09-13 13:37:05.396,1041.25,28.0,4.49,30.98,20.0,25.49,-8.59,-1.56,0.84,0.82,450.0,1.0,-0.72,6.0,86.0,40.0,100.0,14.0,12.9,"Closed loop, using oxygen sensor feedback to determine fuel mix/",39.0,37
2026-09-13 13:37:05.778,1129.0,34.0,4.57,30.2,19.61,23.92,-9.38,-1.56,0.82,0.82,451.0,1.0,-0.66,7.0,86.0,40.0,100.0,32.5,13.0,"Closed loop, using oxygen sensor feedback to determine fuel mix/",39.0,37
2026-09-13 13:37:06.401,1181.75,37.0,6.74,32.94,23.14,29.02,-10.16,-1.56,0.76,0.81,453.0,1.0,-0.63,7.0,86.0,40.0,100.0,32.5,13.0,"Closed loop, using oxygen sensor feedback to determine fuel mix/",39.0,37
2026-09-13 13:37:06.719,1374.75,38.0,7.84,32.94,16.08,23.53,0.0,-1.56,0.06,0.79,457.0,1.0,-0.62,7.0,86.0,40.0,100.0,32.5,13.0,"Closed loop, using oxygen sensor feedback to determine fuel mix/",39.0,37
2026-09-13 13:37:07.103,1308.5,19.0,2.23,25.88,17.25,10.2,-3.91,-1.56,0.78,0.78,458.0,1.0,-0.81,7.0,86.0,40.0,100.0,32.5,13.0,"Closed loop, using oxygen sensor feedback to determine fuel mix/",39.0,37
2026-09-13 13:37:07.470,1221.0,16.0,3.08,27.06,16.86,12.55,-3.91,-1.56,0.86,0.77,459.0,1.0,-0.84,7.0,86.0,40.0,100.0,32.5,13.0,"Closed loop, using oxygen sensor feedback to determine fuel mix/",39.0,37
2026-09-13 13:37:07.821,1199.25,15.0,3.2,27.45,16.47,15.29,-4.69,-1.56,0.88,0.81,459.0,1.0,-0.85,9.0,86.0,39.0,100.0,4.0,13.0,"Closed loop, using oxygen sensor feedback to determine fuel mix/",39.0,37
2026-09-13 13:37:08.476,1120.75,15.0,2.95,26.67,23.14,16.08,-5.47,-1.56,0.86,0.83,460.0,1.0,-0.85,9.0,86.0,39.0,100.0,4.0,13.0,"Closed loop, using oxygen sensor feedback to determine fuel mix/",39.0,37
2026-09-13 13:37:09.070,1702.25,41.0,13.96,36.86,25.88,27.45,0.78,-1.56,0.12,0.8,466.0,1.0,-0.59,9.0,86.0,39.0,100.0,4.0,13.0,"Closed loop, using oxygen sensor feedback to determine fuel mix/",39.0,37
2026-09-13 13:37:09.450,1842.25,38.0,12.14,33.73,18.43,18.82,-3.91,-1.56,0.81,0.79,468.0,1.0,-0.62,9.0,86.0,39.0,100.0,4.0,13.0,"Closed loop, using oxygen sensor feedback to determine fuel mix/",39.0,37
2026-09-13 13:37:09.820,1583.75,19.0,3.1,27.45,18.43,7.06,-4.69,-1.56,0.82,0.8,468.0,1.0,-0.81,9.0,86.0,39.0,100.0,4.0,13.0,"Closed loop, using oxygen sensor feedback to determine fuel mix/",39.0,37
2026-09-13 13:37:10.172,1581.25,15.0,3.47,28.24,18.04,7.06,-5.47,-1.56,0.85,0.8,469.0,1.0,-0.85,12.0,86.0,39.0,100.0,31.0,13.0,"Closed loop, using oxygen sensor feedback to determine fuel mix/",39.0,37
2026-09-13 13:37:10.760,1559.0,15.0,3.77,28.24,18.04,7.45,-7.03,-1.56,0.86,0.81,471.0,1.0,-0.85,12.0,86.0,39.0,100.0,31.0,13.0,"Closed loop, using oxygen sensor feedback to determine fuel mix/",39.0,37
2026-09-13 13:37:11.115,1546.0,14.0,3.44,27.84,17.65,7.45,-7.81,-1.56,0.84,0.82,472.0,1.0,-0.86,12.0,86.0,39.0,100.0,31.0,13.0,"Closed loop, using oxygen sensor feedback to determine fuel mix/",39.0,37
2026-09-13 13:37:11.483,1537.75,14.0,3.46,27.84,17.65,7.45,-9.38,-1.56,0.84,0.81,473.0,1.0,-0.86,12.0,86.0,39.0,100.0,31.0,13.0,"Closed loop, using oxygen sensor feedback to determine fuel mix/",39.0,37
2026-09-13 13:37:11.851,1524.5,13.0,3.38,27.84,17.25,7.84,-11.72,-1.56,0.84,0.81,474.0,1.0,-0.87,12.0,86.0,39.0,100.0,31.0,13.0,"Closed loop, using oxygen sensor feedback to determine fuel mix/",39.0,37
2026-09-13 13:37:12.221,1496.25,13.0,3.33,27.84,17.25,8.24,-11.72,-1.56,0.83,0.81,475.0,1.0,-0.87,12.0,86.0,39.0,100.0,32.0,12.9,"Closed loop, using oxygen sensor feedback to determine fuel mix/",39.0,37
2026-09-13 13:37:12.844,1478.25,15.0,3.37,27.84,17.65,8.63,-12.5,-1.56,0.82,0.81,476.0,1.0,-0.85,12.0,86.0,39.0,100.0,32.0,12.9,"Closed loop, using oxygen sensor feedback to determine fuel mix/",39.0,37
2026-09-13 13:37:13.232,1464.25,15.0,3.41,27.84,17.65,8.63,-12.5,-1.56,0.82,0.8,477.0,1.0,-0.85,12.0,86.0,39.0,100.0,32.0,12.9,"Closed loop, using oxygen sensor feedback to determine fuel mix/",39.0,37
2026-09-13 13:37:13.596,1460.75,15.0,3.46,27.84,17.65,9.02,-13.28,-1.56,0.8,0.8,478.0,1.0,-0.85,12.0,86.0,39.0,100.0,32.0,12.9,"Closed loop, using oxygen sensor feedback to determine fuel mix/",39.0,37
2026-09-13 13:37:13.947,1443.75,15.0,3.45,27.84,17.65,9.41,-14.06,-1.56,0.79,0.79,478.0,1.0,-0.85,12.0,86.0,39.0,100.0,32.0,12.9,"Closed loop, using oxygen sensor feedback to determine fuel mix/",39.0,37
2026-09-13 13:37:14.297,1437.75,14.0,3.37,27.84,17.25,9.41,-14.06,-1.56,0.72,0.79,479.0,1.0,-0.86,11.0,86.0,39.0,100.0,30.5,12.9,"Closed loop, using oxygen sensor feedback to determine fuel mix/",39.0,37
2026-09-13 13:37:14.955,1408.5,15.0,3.38,27.84,17.25,10.2,-14.06,-1.56,0.46,0.77,479.0,1.0,-0.85,11.0,86.0,39.0,100.0,30.5,12.9,"Closed loop, using oxygen sensor feedback to determine fuel mix/",39.0,37
2026-09-13 13:37:15.322,1372.0,15.0,3.3,27.84,17.65,10.98,-5.47,-1.56,0.66,0.77,480.0,1.0,-0.85,11.0,86.0,39.0,100.0,30.5,12.9,"Closed loop, using oxygen sensor feedback to determine fuel mix/",39.0,37
2026-09-13 13:37:15.672,1293.0,16.0,3.31,27.84,17.25,12.94,-9.38,-1.56,0.82,0.77,480.0,1.0,-0.84,11.0,86.0,39.0,100.0,30.5,12.9,"Closed loop, using oxygen sensor feedback to determine fuel mix/",39.0,37
2026-09-13 13:37:16.039,1240.25,17.0,3.25,27.45,18.04,14.51,-9.38,-1.56,0.82,0.77,480.0,1.0,-0.83,11.0,86.0,39.0,100.0,30.5,12.9,"Closed loop, using oxygen sensor feedback to determine fuel mix/",39.0,37
2026-09-13 13:37:16.390,1167.25,17.0,3.42,27.84,17.65,17.25,-9.38,-1.56,0.8,0.79,480.0,1.0,-0.83,8.0,86.0,39.0,100.0,8.0,13.0,"Closed loop, using oxygen sensor feedback to determine fuel mix/",39.0,37
2026-09-13 13:37:17.015,1042.75,18.0,3.34,27.84,17.65,20.78,-10.94,-1.56,0.58,0.79,481.0,1.0,-0.82,8.0,86.0,39.0,100.0,8.0,13.0,"Closed loop, using oxygen sensor feedback to determine fuel mix/",39.0,37
2026-09-13 13:37:17.401,977.0,20.0,3.32,27.84,17.25,22.75,-7.03,-1.56,0.13,0.77,481.0,1.0,-0.8,8.0,86.0,39.0,100.0,8.0,13.0,"Closed loop, using oxygen sensor feedback to determine fuel mix/",39.0,37
2026-09-13 13:37:17.764,936.25,20.0,3.27,27.84,17.25,23.14,-10.94,-1.56,0.82,0.77,481.0,1.0,-0.8,8.0,86.0,39.0,100.0,8.0,13.0,"Closed loop, using oxygen sensor feedback to determine fuel mix/",39.0,37
2026-09-13 13:37:18.165,887.5,20.0,3.26,27.45,17.25,24.71,-10.94,-1.56,0.83,0.78,481.0,1.0,-0.8,8.0,86.0,39.0,100.0,8.0,13.0,"Closed loop, using oxygen sensor feedback to determine fuel mix/",39.0,37
2026-09-13 13:37:18.547,844.25,21.0,3.21,27.45,17.25,25.1,-10.94,-1.56,0.72,0.8,481.0,1.0,-0.79,5.0,86.0,39.0,100.0,2.0,12.9,"Closed loop, using oxygen sensor feedback to determine fuel mix/",39.0,37
2026-09-13 13:37:19.169,804.25,21.0,3.2,27.45,17.25,25.88,-7.81,-1.56,0.08,0.78,481.0,1.0,-0.79,5.0,86.0,39.0,100.0,2.0,12.9,"Closed loop, using oxygen sensor feedback to determine fuel mix/",39.0,37
2026-09-13 13:37:19.715,805.0,22.0,3.15,27.45,17.25,25.49,-7.03,-1.56,0.09,0.76,481.0,1.0,-0.78,5.0,86.0,39.0,100.0,2.0,12.9,"Closed loop, using oxygen sensor feedback to determine fuel mix/",39.0,37
2026-09-13 13:37:20.095,800.0,22.0,3.09,27.45,16.86,25.49,-7.03,-1.56,0.09,0.76,481.0,1.0,-0.78,5.0,86.0,39.0,100.0,2.0,12.9,"Closed loop, using oxygen sensor feedback to determine fuel mix/",39.0,37
2026-09-13 13:37:20.479,792.5,21.0,3.01,27.06,16.86,24.71,-6.25,-1.56,0.12,0.75,481.0,1.0,-0.79,5.0,86.0,39.0,100.0,2.0,12.9,"Closed loop, using oxygen sensor feedback to determine fuel mix/",39.0,37
2026-09-13 13:37:20.846,789.5,22.0,2.96,27.06,16.47,24.71,-4.69,-1.56,0.69,0.75,481.0,1.0,-0.78,5.0,86.0,39.0,100.0,1.5,13.0,"Closed loop, using oxygen sensor feedback to determine fuel mix/",39.0,38
2026-09-13 13:37:21.405,779.0,22.0,2.89,27.06,16.47,24.31,-10.16,-1.56,0.57,0.75,481.0,1.0,-0.78,5.0,86.0,39.0,100.0,1.5,13.0,"Closed loop, using oxygen sensor feedback to determine fuel mix/",39.0,38
2026-09-13 13:37:21.772,774.25,22.0,2.88,27.06,16.47,24.31,-7.03,-1.56,0.1,0.75,481.0,1.0,-0.78,5.0,86.0,39.0,100.0,1.5,13.0,"Closed loop, using oxygen sensor feedback to determine fuel mix/",39.0,38
2026-09-13 13:37:22.109,770.75,22.0,2.86,26.67,16.47,23.92,-6.25,-1.56,0.13,0.75,481.0,1.0,-0.78,5.0,86.0,39.0,100.0,1.5,13.0,"Closed loop, using oxygen sensor feedback to determine fuel mix/",39.0,38
2026-09-13 13:37:22.491,770.75,21.0,2.79,26.67,18.82,23.14,-9.38,-1.56,0.74,0.75,481.0,1.0,-0.79,5.0,86.0,39.0,100.0,1.5,13.0,"Closed loop, using oxygen sensor feedback to determine fuel mix/",39.0,38
2026-09-13 13:37:22.890,824.25,26.0,4.15,29.8,20.39,32.55,-1.56,-1.56,0.76,0.75,480.0,1.0,-0.74,5.0,86.0,39.0,100.0,8.5,13.0,"Closed loop, using oxygen sensor feedback to determine fuel mix/",39.0,38
2026-09-13 13:37:23.544,1065.5,30.0,3.95,27.84,17.65,21.18,-2.34,-1.56,0.87,0.78,480.0,1.0,-0.7,5.0,86.0,39.0,100.0,8.5,13.0,"Closed loop, using oxygen sensor feedback to determine fuel mix/",39.0,38
2026-09-13 13:37:23.898,963.25,24.0,3.19,27.45,17.25,21.57,-3.12,-1.56,0.88,0.81,480.0,1.0,-0.76,5.0,86.0,39.0,100.0,8.5,13.0,"Closed loop, using oxygen sensor feedback to determine fuel mix/",39.0,38
2026-09-13 13:37:24.249,937.5,21.0,3.12,27.45,17.25,21.96,-3.91,-1.56,0.88,0.82,480.0,1.0,-0.79,5.0,86.0,39.0,100.0,8.5,13.0,"Closed loop, using oxygen sensor feedback to determine fuel mix/",39.0,38
2026-09-13 13:37:24.615,912.0,19.0,3.15,27.45,17.25,22.35,-4.69,-1.56,0.88,0.82,480.0,1.0,-0.81,5.0,86.0,39.0,100.0,8.5,13.0,"Closed loop, using oxygen sensor feedback to determine fuel mix/",39.0,38
2026-09-13 13:37:24.969,912.0,20.0,3.1,27.45,17.25,22.35,-6.25,-1.56,0.89,0.83,480.0,1.0,-0.8,6.0,86.0,39.0,100.0,7.5,13.0,"Closed loop, using oxygen sensor feedback to determine fuel mix/",39.0,38
2026-09-13 13:37:25.558,932.0,20.0,3.51,29.41,19.61,27.84,-9.38,-1.56,0.87,0.83,479.0,1.0,-0.8,6.0,86.0,39.0,100.0,7.5,13.0,"Closed loop, using oxygen sensor feedback to determine fuel mix/",39.0,38
2026-09-13 13:37:25.876,1011.25,24.0,4.37,30.2,19.61,27.84,-10.16,-1.56,0.82,0.83,479.0,1.0,-0.76,6.0,86.0,39.0,100.0,7.5,13.0,"Closed loop, using oxygen sensor feedback to determine fuel mix/",39.0,38
2026-09-13 13:37:26.262,1042.25,29.0,4.27,29.8,18.43,25.49,-10.16,-1.56,0.84,0.82,479.0,1.0,-0.71,6.0,86.0,39.0,100.0,7.5,13.0,"Closed loop, using oxygen sensor feedback to determine fuel mix/",39.0,38
2026-09-13 13:37:26.628,1050.25,28.0,3.94,29.02,18.43,22.75,-10.16,-1.56,0.82,0.81,479.0,1.0,-0.72,6.0,86.0,39.0,100.0,7.5,13.0,"Closed loop, using oxygen sensor feedback to determine fuel mix/",39.0,38
2026-09-13 13:37:27.082,1059.75,26.0,3.21,26.27,18.04,17.25,-10.94,-1.56,0.85,0.81,479.0,1.0,-0.74,7.0,86.0,39.0,100.0,6.5,13.0,"Closed loop, using oxygen sensor feedback to determine fuel mix/",39.0,38
2026-09-13 13:37:27.729,1050.75,20.0,3.6,28.24,17.65,21.57,-11.72,-1.56,0.52,0.81,479.0,1.0,-0.8,7.0,86.0,39.0,100.0,6.5,13.0,"Closed loop, using oxygen sensor feedback to determine fuel mix/",39.0,38
2026-09-13 13:37:28.096,1026.5,19.0,3.37,27.84,17.65,21.57,-3.12,-1.56,0.08,0.81,479.0,1.0,-0.81,7.0,86.0,39.0,100.0,6.5,13.0,"Closed loop, using oxygen sensor feedback to determine fuel mix/",39.0,38
2026-09-13 13:37:28.578,982.0,20.0,3.24,27.45,17.25,21.96,-6.25,-1.56,0.82,0.78,479.0,1.0,-0.8,7.0,86.0,39.0,100.0,6.5,13.0,"Closed loop, using oxygen sensor feedback to determine fuel mix/",39.0,38
2026-09-13 13:37:28.930,949.75,19.0,3.08,27.06,16.86,21.18,-7.03,-1.56,0.86,0.79,479.0,1.0,-0.81,7.0,86.0,39.0,100.0,6.5,13.0,"Closed loop, using oxygen sensor feedback to determine fuel mix/",39.0,38
2026-09-13 13:37:29.309,977.75,19.0,3.42,29.8,20.0,25.88,-1.56,-1.56,0.88,0.81,479.0,1.0,-0.81,7.0,86.0,39.0,100.0,14.5,13.0,"Closed loop, using oxygen sensor feedback to determine fuel mix/",39.0,38
2026-09-13 13:37:29.936,1082.25,20.0,2.59,27.06,17.25,16.86,-2.34,-1.56,0.88,0.83,479.0,1.0,-0.8,7.0,86.0,39.0,100.0,14.5,13.0,"Closed loop, using oxygen sensor feedback to determine fuel mix/",39.0,38
2026-09-13 13:37:30.317,1050.5,17.0,3.09,27.06,16.47,18.43,-3.91,-1.56,0.89,0.83,479.0,1.0,-0.83,7.0,86.0,39.0,100.0,14.5,13.0,"Closed loop, using oxygen sensor feedback to determine fuel mix/",39.0,38
2026-09-13 13:37:30.667,1011.5,16.0,2.87,26.67,16.47,18.82,-5.47,-1.56,0.87,0.84,479.0,1.0,-0.84,7.0,86.0,39.0,100.0,14.5,13.0,"Closed loop, using oxygen sensor feedback to determine fuel mix/",39.0,38
2026-09-13 13:37:31.067,976.25,17.0,2.75,26.27,15.69,18.82,-7.03,-1.56,0.85,0.84,479.0,1.0,-0.83,7.0,86.0,39.0,100.0,14.5,13.0,"Closed loop, using oxygen sensor feedback to determine fuel mix/",39.0,38
2026-09-13 13:37:31.438,941.5,16.0,2.57,25.88,15.29,17.65,-8.59,-1.56,0.87,0.82,479.0,1.0,-0.84,7.0,86.0,39.0,100.0,1.0,13.0,"Closed loop, using oxygen sensor feedback to determine fuel mix/",39.0,38
2026-09-13 13:37:32.058,897.75,16.0,2.33,25.1,14.51,17.25,-9.38,-1.56,0.89,0.82,479.0,1.0,-0.84,7.0,86.0,39.0,100.0,1.0,13.0,"Closed loop, using oxygen sensor feedback to determine fuel mix/",39.0,38
2026-09-13 13:37:32.409,873.25,16.0,2.17,24.71,14.51,16.47,-10.16,-1.56,0.89,0.83,479.0,1.0,-0.84,7.0,86.0,39.0,100.0,1.0,13.0,"Closed loop, using oxygen sensor feedback to determine fuel mix/",39.0,38
2026-09-13 13:37:32.792,845.75,16.0,2.22,24.71,14.51,17.25,-10.16,-1.56,0.89,0.84,479.0,1.0,-0.84,7.0,86.0,39.0,100.0,1.0,13.0,"Closed loop, using oxygen sensor feedback to determine fuel mix/",39.0,38
2026-09-13 13:37:33.128,829.75,17.0,2.22,25.1,15.29,17.65,-10.16,-1.56,0.89,0.84,479.0,1.0,-0.83,7.0,86.0,39.0,100.0,1.0,13.0,"Closed loop, using oxygen sensor feedback to determine fuel mix/",39.0,38
2026-09-13 13:37:33.480,793.75,17.0,2.38,25.49,15.69,19.61,-10.16,-1.56,0.88,0.84,479.0,1.0,-0.83,5.0,86.0,39.0,100.0,8.0,12.9,"Closed loop, using oxygen sensor feedback to determine fuel mix/",39.0,38
2026-09-13 13:37:34.101,779.25,19.0,2.44,25.88,15.69,20.39,-11.72,-1.56,0.84,0.84,479.0,1.0,-0.81,5.0,86.0,39.0,100.0,8.0,12.9,"Closed loop, using oxygen sensor feedback to determine fuel mix/",39.0,38
2026-09-13 13:37:34.483,779.25,19.0,2.47,25.88,15.69,20.39,-11.72,-1.56,0.81,0.82,479.0,1.0,-0.81,5.0,86.0,39.0,100.0,8.0,12.9,"Closed loop, using oxygen sensor feedback to determine fuel mix/",39.0,38
2026-09-13 13:37:34.868,781.0,19.0,2.45,25.88,15.69,20.39,-11.72,-1.56,0.76,0.81,479.0,1.0,-0.81,5.0,86.0,39.0,100.0,8.0,12.9,"Closed loop, using oxygen sensor feedback to determine fuel mix/",39.0,38
2026-09-13 13:37:35.270,783.0,18.0,2.44,25.88,15.29,20.39,-12.5,-1.56,0.69,0.8,479.0,1.0,-0.82,5.0,86.0,39.0,100.0,8.0,12.9,"Closed loop, using oxygen sensor feedback to determine fuel mix/",39.0,38
2026-09-13 13:37:35.636,776.5,18.0,2.44,25.88,15.29,20.0,-12.5,-1.56,0.66,0.79,478.0,1.0,-0.82,5.0,86.0,39.0,100.0,4.0,12.9,"Closed loop, using oxygen sensor feedback to determine fuel mix/",39.0,38
2026-09-13 13:37:36.275,777.75,18.0,2.37,25.49,15.29,20.0,-13.28,-1.56,0.56,0.78,478.0,1.0,-0.82,5.0,86.0,39.0,100.0,4.0,12.9,"Closed loop, using oxygen sensor feedback to determine fuel mix/",39.0,38
2026-09-13 13:37:36.608,776.25,19.0,2.38,25.49,15.29,20.0,-13.28,-1.56,0.7,0.77,478.0,1.0,-0.81,5.0,86.0,39.0,100.0,4.0,12.9,"Closed loop, using oxygen sensor feedback to determine fuel mix/",39.0,38
2026-09-13 13:37:36.973,773.75,18.0,2.38,25.49,16.08,20.0,-14.06,-1.56,0.65,0.77,478.0,1.0,-0.82,5.0,86.0,39.0,100.0,4.0,12.9,"Closed loop, using oxygen sensor feedback to determine fuel mix/",39.0,38
2026-09-13 13:37:37.359,784.0,19.0,2.77,28.24,19.61,24.71,1.56,-1.56,0.24,0.77,478.0,1.0,-0.81,5.0,86.0,39.0,100.0,4.0,12.9,"Closed loop, using oxygen sensor feedback to determine fuel mix/",39.0,38
2026-09-13 13:37:37.743,926.25,27.0,4.27,29.8,19.22,30.2,-1.56,-1.56,0.84,0.77,478.0,1.0,-0.73,6.0,86.0,39.0,100.0,15.5,13.0,"Closed loop, using oxygen sensor feedback to determine fuel mix/",39.0,38
2026-09-13 13:37:38.454,972.25,27.0,3.29,27.84,18.04,22.35,-2.34,-1.56,0.91,0.82,478.0,1.0,-0.73,6.0,86.0,39.0,100.0,15.5,13.0,"Closed loop, using oxygen sensor feedback to determine fuel mix/",39.0,38
2026-09-13 13:37:38.797,970.75,23.0,3.53,28.63,18.43,22.75,-3.12,-1.56,0.92,0.87,477.0,1.0,-0.77,6.0,86.0,39.0,100.0,15.5,13.0,"Closed loop, using oxygen sensor feedback to determine fuel mix/",39.0,38
2026-09-13 13:37:39.166,1060.75,23.0,3.74,27.84,18.04,20.39,-3.12,-1.56,0.91,0.9,477.0,1.0,-0.77,6.0,86.0,39.0,100.0,15.5,13.0,"Closed loop, using oxygen sensor feedback to determine fuel mix/",39.0,38
2026-09-13 13:37:39.548,1054.75,21.0,3.71,28.63,18.04,20.78,-4.69,-1.56,0.88,0.9,477.0,1.0,-0.79,6.0,86.0,39.0,100.0,15.5,13.0,"Closed loop, using oxygen sensor feedback to determine fuel mix/",39.0,38
2026-09-13 13:37:39.917,1096.25,18.0,3.47,27.84,17.25,18.04,-6.25,-1.56,0.84,0.89,477.0,1.0,-0.82,7.0,86.0,39.0,100.0,-1.0,12.9,"Closed loop, using oxygen sensor feedback to determine fuel mix/",39.0,38
2026-09-13 13:37:40.508,1003.0,17.0,2.86,26.67,15.69,18.43,-8.59,-1.56,0.8,0.84,477.0,1.0,-0.83,7.0,86.0,39.0,100.0,-1.0,12.9,"Closed loop, using oxygen sensor feedback to determine fuel mix/",39.0,38
2026-09-13 13:37:40.891,969.25,16.0,2.58,25.88,15.29,17.25,-9.38,-1.56,0.84,0.82,477.0,1.0,-0.84,7.0,86.0,39.0,100.0,-1.0,12.9,"Closed loop, using oxygen sensor feedback to determine fuel mix/",39.0,38
2026-09-13 13:37:41.262,941.75,15.0,2.36,25.1,14.51,16.08,-10.16,-1.56,0.87,0.81,476.0,1.0,-0.85,7.0,86.0,39.0,100.0,-1.0,12.9,"Closed loop, using oxygen sensor feedback to determine fuel mix/",39.0,38
2026-09-13 13:37:41.627,910.5,16.0,2.19,24.71,14.12,16.08,-10.16,-1.56,0.89,0.82,476.0,1.0,-0.84,7.0,86.0,39.0,100.0,-1.0,12.9,"Closed loop, using oxygen sensor feedback to determine fuel mix/",39.0,38
2026-09-13 13:37:41.978,888.5,16.0,2.11,23.92,14.12,15.69,-10.16,-1.56,0.89,0.83,476.0,1.0,-0.84,7.0,86.0,39.0,100.0,7.0,12.9,"Closed loop, using oxygen sensor feedback to determine fuel mix/",39.0,38
2026-09-13 13:37:42.570,859.5,15.0,2.11,24.71,14.51,16.47,-10.94,-1.56,0.89,0.85,476.0,1.0,-0.85,7.0,86.0,39.0,100.0,7.0,12.9,"Closed loop, using oxygen sensor feedback to determine fuel mix/",39.0,38
2026-09-13 13:37:42.955,849.5,16.0,2.2,24.71,14.51,16.86,-11.72,-1.56,0.88,0.85,475.0,1.0,-0.84,7.0,86.0,39.0,100.0,7.0,12.9,"Closed loop, using oxygen sensor feedback to determine fuel mix/",39.0,38
2026-09-13 13:37:43.354,832.5,17.0,2.21,25.1,14.9,17.65,-11.72,-1.56,0.87,0.85,475.0,1.0,-0.83,7.0,86.0,39.0,100.0,7.0,12.9,"Closed loop, using oxygen sensor feedback to determine fuel mix/",39.0,38
2026-09-13 13:37:43.756,824.0,17.0,2.31,25.49,14.9,18.43,-11.72,-1.56,0.85,0.84,475.0,1.0,-0.83,7.0,86.0,39.0,100.0,7.0,12.9,"Closed loop, using oxygen sensor feedback to determine fuel mix/",39.0,38
2026-09-13 13:37:44.122,813.25,16.0,2.29,25.49,14.9,18.82,-12.5,-1.56,0.84,0.83,475.0,1.0,-0.84,6.0,86.0,39.0,100.0,5.5,13.0,"Closed loop, using oxygen sensor feedback to determine fuel mix/",39.0,38
2026-09-13 13:37:44.776,799.0,17.0,2.31,25.49,14.9,18.82,-13.28,-1.56,0.81,0.81,475.0,1.0,-0.83,6.0,86.0,39.0,100.0,5.5,13.0,"Closed loop, using oxygen sensor feedback to determine fuel mix/",39.0,38
2026-09-13 13:37:45.129,792.0,18.0,2.32,25.49,15.29,19.22,-13.28,-1.56,0.78,0.81,474.0,1.0,-0.82,6.0,86.0,39.0,100.0,5.5,13.0,"Closed loop, using oxygen sensor feedback to determine fuel mix/",39.0,38
2026-09-13 13:37:45.480,783.75,17.0,2.35,25.49,15.29,19.61,-13.28,-1.56,0.74,0.8,474.0,1.0,-0.83,6.0,86.0,39.0,100.0,5.5,13.0,"Closed loop, using oxygen sensor feedback to determine fuel mix/",39.0,38
2026-09-13 13:37:45.851,776.0,19.0,2.35,25.49,15.29,20.0,-14.06,-1.56,0.66,0.79,474.0,1.0,-0.81,6.0,86.0,39.0,100.0,5.5,13.0,"Closed loop, using oxygen sensor feedback to determine fuel mix/",39.0,38
2026-09-13 13:37:46.218,753.5,18.0,2.42,25.88,15.69,20.39,-5.47,-1.56,0.09,0.78,474.0,1.0,-0.82,4.0,86.0,40.0,100.0,13.0,13.0,"Closed loop, using oxygen sensor feedback to determine fuel mix/",39.0,38
2026-09-13 13:37:47.090,724.25,20.0,2.46,25.88,15.69,21.18,-8.59,-1.56,0.79,0.78,473.0,1.0,-0.8,4.0,86.0,40.0,100.0,13.0,13.0,"Closed loop, using oxygen sensor feedback to determine fuel mix/",39.0,38
2026-09-13 13:37:47.460,712.5,20.0,2.5,26.27,16.08,21.57,-8.59,0.0,0.75,0.78,473.0,1.0,-0.8,4.0,86.0,40.0,100.0,13.0,13.0,"Closed loop, using oxygen sensor feedback to determine fuel mix/",39.0,38
2026-09-13 13:37:47.812,714.75,22.0,2.53,26.27,16.08,21.96,-9.38,0.0,0.35,0.79,473.0,1.0,-0.78,4.0,86.0,40.0,100.0,13.0,13.0,"Closed loop, using oxygen sensor feedback to determine fuel mix/",39.0,38
2026-09-13 13:37:48.178,712.5,21.0,2.53,26.27,15.69,21.96,-5.47,0.78,0.12,0.78,473.0,1.0,-0.79,4.0,86.0,40.0,100.0,13.0,13.0,"Closed loop, using oxygen sensor feedback to determine fuel mix/",39.0,38
2026-09-13 13:37:48.535,719.5,22.0,2.54,26.27,15.69,21.96,-9.38,0.78,0.76,0.78,473.0,1.0,-0.78,1.0,86.0,39.0,100.0,4.5,12.9,"Closed loop, using oxygen sensor feedback to determine fuel mix/",39.0,38
2026-09-13 13:37:49.122,712.75,20.0,2.53,26.27,15.69,21.96,-9.38,0.78,0.74,0.77,472.0,1.0,-0.8,1.0,86.0,39.0,100.0,4.5,12.9,"Closed loop, using oxygen sensor feedback to determine fuel mix/",39.0,38
2026-09-13 13:37:49.504,707.75,21.0,2.52,25.88,15.69,21.96,-10.16,0.78,0.61,0.78,472.0,1.0,-0.79,1.0,86.0,39.0,100.0,4.5,12.9,"Closed loop, using oxygen sensor feedback to determine fuel mix/",39.0,38
2026-09-13 13:37:49.872,701.0,22.0,2.46,25.88,15.69,21.57,-6.25,0.78,0.15,0.77,472.0,1.0,-0.78,1.0,86.0,39.0,100.0,4.5,12.9,"Closed loop, using oxygen sensor feedback to determine fuel mix/",39.0,38
2026-09-13 13:37:50.255,695.25,21.0,2.45,25.88,15.69,21.57,-10.16,0.78,0.74,0.77,472.0,1.0,-0.79,1.0,86.0,39.0,100.0,4.5,12.9,"Closed loop, using oxygen sensor feedback to determine fuel mix/",39.0,38
2026-09-13 13:37:50.591,691.5,20.0,2.43,25.88,15.69,21.18,-10.16,0.78,0.78,0.77,471.0,1.0,-0.8,0.0,86.0,39.0,100.0,6.5,13.0,"Closed loop, using oxygen sensor feedback to determine fuel mix/",39.0,38
2026-09-13 13:37:51.198,683.0,20.0,2.46,25.88,15.69,21.57,-10.94,0.78,0.69,0.78,471.0,1.0,-0.8,0.0,86.0,39.0,100.0,6.5,13.0,"Closed loop, using oxygen sensor feedback to determine fuel mix/",39.0,38
2026-09-13 13:37:51.580,693.0,22.0,2.53,26.27,15.69,22.35,-7.03,0.78,0.1,0.77,471.0,1.0,-0.78,0.0,86.0,39.0,100.0,6.5,13.0,"Closed loop, using oxygen sensor feedback to determine fuel mix/",39.0,38
2026-09-13 13:37:51.948,700.75,22.0,2.53,26.27,16.08,21.96,-7.03,0.78,0.1,0.77,470.0,1.0,-0.78,0.0,86.0,39.0,100.0,6.5,13.0,"Closed loop, using oxygen sensor feedback to determine fuel mix/",39.0,38
2026-09-13 13:37:52.300,698.25,23.0,2.6,26.27,16.08,22.75,-6.25,0.78,0.29,0.77,470.0,1.0,-0.77,0.0,86.0,39.0,100.0,6.5,13.0,"Closed loop, using oxygen sensor feedback to determine fuel mix/",39.0,38
2026-09-13 13:37:52.666,702.75,21.0,2.59,26.27,16.08,22.75,-10.16,0.78,0.72,0.76,470.0,1.0,-0.79,2.0,86.0,39.0,100.0,4.0,12.9,"Closed loop, using oxygen sensor feedback to determine fuel mix/",39.0,38
2026-09-13 13:37:53.257,704.5,23.0,2.65,26.67,16.08,23.14,-6.25,0.78,0.09,0.76,469.0,1.0,-0.77,2.0,86.0,39.0,100.0,4.0,12.9,"Closed loop, using oxygen sensor feedback to determine fuel mix/",39.0,38
2026-09-13 13:37:53.639,710.25,22.0,2.66,26.67,16.08,23.14,-6.25,0.78,0.33,0.76,469.0,1.0,-0.78,2.0,86.0,39.0,100.0,4.0,12.9,"Closed loop, using oxygen sensor feedback to determine fuel mix/",39.0,38
2026-09-13 13:37:54.022,718.25,22.0,2.68,26.67,16.08,23.14,-10.16,0.78,0.73,0.76,468.0,1.0,-0.78,2.0,86.0,39.0,100.0,4.0,12.9,"Closed loop, using oxygen sensor feedback to determine fuel mix/",39.0,38
2026-09-13 13:37:54.390,719.0,21.0,2.69,26.67,16.47,23.14,-6.25,0.78,0.09,0.75,468.0,1.0,-0.79,2.0,86.0,39.0,100.0,4.0,12.9,"Closed loop, using oxygen sensor feedback to determine fuel mix/",39.0,38
2026-09-13 13:37:54.773,724.25,22.0,2.7,26.67,16.08,23.14,-6.25,0.78,0.1,0.76,468.0,1.0,-0.78,3.0,86.0,39.0,100.0,3.5,13.0,"Closed loop, using oxygen sensor feedback to determine fuel mix/",39.0,38
2026-09-13 13:37:55.396,724.0,23.0,2.71,26.67,16.47,23.53,-9.38,0.78,0.74,0.75,467.0,1.0,-0.77,3.0,86.0,39.0,100.0,3.5,13.0,"Closed loop, using oxygen sensor feedback to determine fuel mix/",39.0,38
2026-09-13 13:37:55.747,719.0,22.0,2.71,26.67,16.47,23.53,-9.38,0.78,0.71,0.75,467.0,1.0,-0.78,3.0,86.0,39.0,100.0,3.5,13.0,"Closed loop, using oxygen sensor feedback to determine fuel mix/",39.0,38
2026-09-13 13:37:56.115,720.0,21.0,2.71,26.67,16.08,23.53,-6.25,0.78,0.1,0.76,466.0,1.0,-0.79,3.0,86.0,39.0,100.0,3.5,13.0,"Closed loop, using oxygen sensor feedback to determine fuel mix/",39.0,38
2026-09-13 13:37:56.467,719.5,21.0,2.65,26.67,16.08,23.14,-6.25,0.78,0.12,0.76,466.0,1.0,-0.79,3.0,86.0,39.0,100.0,3.5,13.0,"Closed loop, using oxygen sensor feedback to determine fuel mix/",39.0,38
2026-09-13 13:37:56.818,711.75,21.0,2.67,26.27,16.08,23.14,-10.16,0.78,0.74,0.75,466.0,1.0,-0.79,0.0,86.0,39.0,100.0,0.0,12.9,"Closed loop, using oxygen sensor feedback to determine fuel mix/",39.0,38
2026-09-13 13:37:57.459,699.0,21.0,2.6,26.27,16.08,22.75,-6.25,0.78,0.09,0.76,465.0,1.0,-0.79,0.0,86.0,39.0,100.0,0.0,12.9,"Closed loop, using oxygen sensor feedback to determine fuel mix/",39.0,38
2026-09-13 13:37:57.842,704.25,22.0,2.57,26.27,16.08,22.35,-6.25,0.78,0.12,0.76,465.0,1.0,-0.78,0.0,86.0,39.0,100.0,0.0,12.9,"Closed loop, using oxygen sensor feedback to determine fuel mix/",39.0,38
2026-09-13 13:37:58.191,695.0,23.0,2.61,26.27,16.08,22.75,-10.16,0.78,0.74,0.75,464.0,1.0,-0.77,0.0,86.0,39.0,100.0,0.0,12.9,"Closed loop, using oxygen sensor feedback to determine fuel mix/",39.0,38
2026-09-13 13:37:58.577,687.0,23.0,2.62,26.27,16.08,23.14,-10.16,0.78,0.58,0.75,464.0,1.0,-0.77,0.0,86.0,39.0,100.0,0.0,12.9,"Closed loop, using oxygen sensor feedback to determine fuel mix/",39.0,38
2026-09-13 13:37:58.975,688.75,23.0,2.62,26.27,16.08,23.14,-6.25,0.78,0.09,0.76,464.0,1.0,-0.77,0.0,86.0,39.0,100.0,2.0,12.9,"Closed loop, using oxygen sensor feedback to determine fuel mix/",39.0,38
2026-09-13 13:37:59.597,684.25,23.0,2.63,26.27,16.08,23.14,-5.47,0.78,0.24,0.75,463.0,1.0,-0.77,0.0,86.0,39.0,100.0,2.0,12.9,"Closed loop, using oxygen sensor feedback to determine fuel mix/",39.0,38
2026-09-13 13:37:59.981,685.25,23.0,2.63,26.27,16.08,23.53,-9.38,0.78,0.73,0.74,463.0,1.0,-0.77,0.0,86.0,39.0,100.0,2.0,12.9,"Closed loop, using oxygen sensor feedback to determine fuel mix/",39.0,38
2026-09-13 13:38:00.348,680.25,22.0,2.67,26.67,16.08,23.92,-5.47,0.78,0.11,0.75,462.0,1.0,-0.78,0.0,86.0,39.0,100.0,2.0,12.9,"Closed loop, using oxygen sensor feedback to determine fuel mix/",39.0,38
2026-09-13 13:38:00.731,687.5,23.0,2.67,26.67,16.08,23.53,-5.47,0.78,0.09,0.75,462.0,1.0,-0.77,0.0,86.0,39.0,100.0,2.0,12.9,"Closed loop, using oxygen sensor feedback to determine fuel mix/",39.0,38
2026-09-13 13:38:01.098,686.0,22.0,2.67,26.67,16.08,23.53,-5.47,0.78,0.12,0.75,462.0,1.0,-0.78,0.0,86.0,39.0,100.0,0.5,13.0,"Closed loop, using oxygen sensor feedback to determine fuel mix/",39.0,38
2026-09-13 13:38:01.720,684.0,24.0,2.66,26.67,16.47,23.53,-8.59,0.78,0.73,0.74,461.0,1.0,-0.76,0.0,86.0,39.0,100.0,0.5,13.0,"Closed loop, using oxygen sensor feedback to determine fuel mix/",39.0,38
2026-09-13 13:38:02.104,674.25,24.0,2.69,26.67,16.08,23.92,-8.59,0.78,0.17,0.75,461.0,1.0,-0.76,0.0,86.0,39.0,100.0,0.5,13.0,"Closed loop, using oxygen sensor feedback to determine fuel mix/",39.0,38
2026-09-13 13:38:02.488,687.25,24.0,2.64,26.67,16.08,23.53,-4.69,0.78,0.1,0.75,460.0,1.0,-0.76,0.0,86.0,39.0,100.0,0.5,13.0,"Closed loop, using oxygen sensor feedback to determine fuel mix/",39.0,38
2026-09-13 13:38:02.855,689.5,23.0,2.65,26.27,16.08,23.14,-4.69,0.78,0.21,0.75,460.0,1.0,-0.77,0.0,86.0,39.0,100.0,0.5,13.0,"Closed loop, using oxygen sensor feedback to determine fuel mix/",39.0,38
2026-09-13 13:38:03.223,685.75,22.0,2.62,26.27,15.69,23.14,-7.81,0.78,0.74,0.74,459.0,1.0,-0.78,0.0,86.0,39.0,100.0,1.0,12.9,"Closed loop, using oxygen sensor feedback to determine fuel mix/",39.0,38
2026-09-13 13:38:03.876,673.25,23.0,2.6,26.27,16.08,23.14,-3.91,0.78,0.1,0.75,459.0,1.0,-0.77,0.0,86.0,39.0,100.0,1.0,12.9,"Closed loop, using oxygen sensor feedback to determine fuel mix/",39.0,38
2026-09-13 13:38:04.228,697.5,21.0,2.61,26.27,16.08,22.35,-3.91,0.78,0.66,0.76,458.0,1.0,-0.79,0.0,86.0,39.0,100.0,1.0,12.9,"Closed loop, using oxygen sensor feedback to determine fuel mix/",39.0,38
2026-09-13 13:38:04.611,671.25,21.0,2.55,26.27,16.08,23.14,-7.81,0.78,0.79,0.75,458.0,1.0,-0.79,0.0,86.0,39.0,100.0,1.0,12.9,"Closed loop, using oxygen sensor feedback to determine fuel mix/",39.0,38
2026-09-13 13:38:04.947,664.0,24.0,2.67,26.67,16.86,23.92,-7.81,0.78,0.72,0.76,458.0,1.0,-0.76,0.0,86.0,39.0,100.0,1.0,12.9,"Closed loop, using oxygen sensor feedback to determine fuel mix/",39.0,38
2026-09-13 13:38:05.331,664.5,25.0,2.85,27.06,16.86,25.49,-4.69,0.78,0.1,0.78,457.0,1.0,-0.75,0.0,86.0,39.0,100.0,1.5,13.0,"Closed loop, using oxygen sensor feedback to determine fuel mix/",39.0,38
2026-09-13 13:38:05.953,684.75,25.0,2.8,26.67,16.47,24.71,-3.91,0.78,0.26,0.76,457.0,1.0,-0.75,0.0,86.0,39.0,100.0,1.5,13.0,"Closed loop, using oxygen sensor feedback to determine fuel mix/",39.0,38
2026-09-13 13:38:06.274,679.25,23.0,2.77,27.06,16.86,24.71,-3.91,0.78,0.29,0.76,457.0,1.0,-0.77,0.0,86.0,39.0,100.0,1.5,13.0,"Closed loop, using oxygen sensor feedback to determine fuel mix/",39.0,38
2026-09-13 13:38:06.658,683.25,25.0,2.89,27.06,16.86,25.88,-7.81,0.78,0.72,0.76,456.0,1.0,-0.75,0.0,86.0,39.0,100.0,1.5,13.0,"Closed loop, using oxygen sensor feedback to determine fuel mix/",39.0,38
2026-09-13 13:38:06.959,683.0,25.0,2.9,27.06,16.86,25.49,-3.91,0.78,0.1,0.75,456.0,1.0,-0.75,0.0,86.0,39.0,100.0,1.5,13.0,"Closed loop, using oxygen sensor feedback to determine fuel mix/",39.0,38
2026-09-13 13:38:07.342,685.75,24.0,2.85,27.06,16.47,25.1,-3.91,0.78,0.1,0.76,456.0,1.0,-0.76,1.0,86.0,39.0,100.0,-1.5,12.9,"Closed loop, using oxygen sensor feedback to determine fuel mix/",39.0,38
2026-09-13 13:38:07.965,701.75,23.0,2.83,27.06,16.47,24.71,-3.12,0.78,0.13,0.74,455.0,1.0,-0.77,1.0,86.0,39.0,100.0,-1.5,12.9,"Closed loop, using oxygen sensor feedback to determine fuel mix/",39.0,38
2026-09-13 13:38:08.483,705.25,22.0,2.83,27.06,16.47,24.71,-7.03,0.78,0.74,0.74,455.0,1.0,-0.78,1.0,86.0,39.0,100.0,-1.5,12.9,"Closed loop, using oxygen sensor feedback to determine fuel mix/",39.0,38
2026-09-13 13:38:08.843,692.0,23.0,2.83,27.06,16.47,25.1,-7.03,0.78,0.7,0.74,454.0,1.0,-0.77,1.0,86.0,39.0,100.0,-1.5,12.9,"Closed loop, using oxygen sensor feedback to determine fuel mix/",39.0,38
2026-09-13 13:38:09.214,699.0,23.0,2.83,26.67,16.47,24.71,-3.12,0.78,0.1,0.76,454.0,1.0,-0.77,1.0,86.0,39.0,100.0,-1.5,12.9,"Closed loop, using oxygen sensor feedback to determine fuel mix/",39.0,38
2026-09-13 13:38:09.581,698.5,23.0,2.78,26.67,16.47,24.31,-3.12,0.78,0.14,0.76,454.0,1.0,-0.77,0.0,86.0,39.0,100.0,-0.5,12.9,"Closed loop, using oxygen sensor feedback to determine fuel mix/",39.0,38
2026-09-13 13:38:10.136,692.0,24.0,2.78,26.67,16.47,24.71,-7.03,0.78,0.75,0.74,453.0,1.0,-0.76,0.0,86.0,39.0,100.0,-0.5,12.9,"Closed loop, using oxygen sensor feedback to determine fuel mix/",39.0,38
2026-09-13 13:38:10.489,691.5,23.0,2.79,26.67,16.47,24.31,-7.03,0.78,0.24,0.75,453.0,1.0,-0.77,0.0,86.0,39.0,100.0,-0.5,12.9,"Closed loop, using oxygen sensor feedback to determine fuel mix/",39.0,38
2026-09-13 13:38:10.811,692.0,23.0,2.82,27.06,16.47,24.71,-3.12,0.78,0.1,0.77,453.0,1.0,-0.77,0.0,86.0,39.0,100.0,-0.5,12.9,"Closed loop, using oxygen sensor feedback to determine fuel mix/",39.0,38
2026-09-13 13:38:11.146,700.25,24.0,2.8,27.06,16.47,24.71,-7.03,0.78,0.74,0.76,452.0,1.0,-0.76,0.0,86.0,39.0,100.0,-0.5,12.9,"Closed loop, using oxygen sensor feedback to determine fuel mix/",39.0,38
2026-09-13 13:38:11.528,698.25,24.0,2.82,26.67,16.47,24.71,-7.03,0.78,0.74,0.76,452.0,1.0,-0.76,0.0,86.0,39.0,100.0,-1.0,12.9,"Closed loop, using oxygen sensor feedback to determine fuel mix/",39.0,38
2026-09-13 13:38:12.139,692.25,23.0,2.78,26.67,16.47,24.31,-3.12,0.78,0.11,0.77,451.0,1.0,-0.77,0.0,86.0,39.0,100.0,-1.0,12.9,"Closed loop, using oxygen sensor feedback to determine fuel mix/",39.0,38
2026-09-13 13:38:12.522,694.25,24.0,2.75,26.67,16.47,23.92,-7.03,0.78,0.76,0.76,451.0,1.0,-0.76,0.0,86.0,39.0,100.0,-1.0,12.9,"Closed loop, using oxygen sensor feedback to determine fuel mix/",39.0,38
2026-09-13 13:38:12.907,685.5,22.0,2.74,26.67,16.47,24.31,-7.03,0.78,0.76,0.76,451.0,1.0,-0.78,0.0,86.0,39.0,100.0,-1.0,12.9,"Closed loop, using oxygen sensor feedback to determine fuel mix/",39.0,38
2026-09-13 13:38:13.281,688.75,24.0,2.75,26.67,16.47,24.31,-7.81,0.78,0.24,0.77,451.0,1.0,-0.76,0.0,86.0,39.0,100.0,-1.0,12.9,"Closed loop, using oxygen sensor feedback to determine fuel mix/",39.0,38
2026-09-13 13:38:13.643,684.75,23.0,2.76,26.67,16.47,24.31,-3.91,0.78,0.1,0.77,450.0,1.0,-0.77,0.0,86.0,39.0,100.0,-2.0,13.0,"Closed loop, using oxygen sensor feedback to determine fuel mix/",39.0,38
2026-09-13 13:38:14.266,687.75,24.0,2.76,26.67,16.47,24.31,-7.81,0.78,0.77,0.76,450.0,1.0,-0.76,0.0,86.0,39.0,100.0,-2.0,13.0,"Closed loop, using oxygen sensor feedback to determine fuel mix/",39.0,38
2026-09-13 13:38:14.617,688.25,24.0,2.78,26.67,16.47,24.31,-7.81,0.78,0.69,0.76,450.0,1.0,-0.76,0.0,86.0,39.0,100.0,-2.0,13.0,"Closed loop, using oxygen sensor feedback to determine fuel mix/",39.0,38
2026-09-13 13:38:14.970,684.5,24.0,2.78,26.67,16.47,24.71,-3.91,0.78,0.1,0.77,450.0,1.0,-0.76,0.0,86.0,39.0,100.0,-2.0,13.0,"Closed loop, using oxygen sensor feedback to determine fuel mix/",39.0,38
2026-09-13 13:38:15.342,693.75,22.0,2.79,26.67,16.47,24.31,-3.91,0.78,0.17,0.77,449.0,1.0,-0.78,0.0,86.0,39.0,100.0,-2.0,13.0,"Closed loop, using oxygen sensor feedback to determine fuel mix/",39.0,38
2026-09-13 13:38:15.705,695.25,24.0,2.77,26.67,16.47,24.31,-7.81,0.78,0.76,0.76,449.0,1.0,-0.76,0.0,86.0,39.0,100.0,-0.5,12.9,"Closed loop, using oxygen sensor feedback to determine fuel mix/",39.0,38
2026-09-13 13:38:16.310,684.25,24.0,2.79,26.67,16.47,24.71,-3.91,0.78,0.1,0.77,449.0,1.0,-0.76,0.0,86.0,39.0,100.0,-0.5,12.9,"Closed loop, using oxygen sensor feedback to determine fuel mix/",39.0,38
2026-09-13 13:38:16.695,695.5,22.0,2.77,26.67,16.47,24.31,-3.91,0.78,0.1,0.77,448.0,1.0,-0.78,0.0,86.0,39.0,100.0,-0.5,12.9,"Closed loop, using oxygen sensor feedback to determine fuel mix/",39.0,38
2026-09-13 13:38:17.063,696.75,23.0,2.76,26.67,16.47,24.31,-7.81,0.78,0.73,0.76,448.0,1.0,-0.77,0.0,86.0,39.0,100.0,-0.5,12.9,"Closed loop, using oxygen sensor feedback to determine fuel mix/",39.0,38
2026-09-13 13:38:17.432,688.25,22.0,2.76,26.67,16.47,24.31,-7.81,0.78,0.73,0.76,448.0,1.0,-0.78,0.0,86.0,39.0,100.0,-0.5,12.9,"Closed loop, using oxygen sensor feedback to determine fuel mix/",39.0,38
2026-09-13 13:38:17.814,687.75,22.0,2.74,26.67,16.47,24.31,-3.91,0.78,0.1,0.76,448.0,1.0,-0.78,0.0,87.0,39.0,100.0,-4.0,13.0,"Closed loop, using oxygen sensor feedback to determine fuel mix/",39.0,38
2026-09-13 13:38:18.616,686.25,23.0,2.71,26.67,16.47,23.92,-7.81,0.78,0.78,0.76,447.0,1.0,-0.77,0.0,87.0,39.0,100.0,-4.0,13.0,"Closed loop, using oxygen sensor feedback to determine fuel mix/",39.0,38
2026-09-13 13:38:18.994,681.25,24.0,2.71,26.67,16.47,23.92,-7.81,0.78,0.7,0.77,447.0,1.0,-0.76,0.0,87.0,39.0,100.0,-4.0,13.0,"Closed loop, using oxygen sensor feedback to determine fuel mix/",39.0,38
2026-09-13 13:38:19.392,687.5,22.0,2.7,26.67,16.47,23.92,-4.69,0.78,0.1,0.78,447.0,1.0,-0.78,0.0,87.0,39.0,100.0,-4.0,13.0,"Closed loop, using oxygen sensor feedback to determine fuel mix/",39.0,38
2026-09-13 13:38:19.759,691.75,23.0,2.71,26.67,16.47,24.31,-4.69,0.78,0.17,0.77,447.0,1.0,-0.77,0.0,87.0,39.0,100.0,-4.0,13.0,"Closed loop, using oxygen sensor feedback to determine fuel mix/",39.0,38
2026-09-13 13:38:20.132,698.0,23.0,2.72,26.67,16.47,23.92,-8.59,0.78,0.76,0.76,447.0,1.0,-0.77,0.0,87.0,40.0,100.0,-1.0,12.9,"Closed loop, using oxygen sensor feedback to determine fuel mix/",39.0,38
2026-09-13 13:38:20.766,690.75,23.0,2.69,26.67,16.47,23.92,-4.69,0.78,0.1,0.77,446.0,1.0,-0.77,0.0,87.0,40.0,100.0,-1.0,12.9,"Closed loop, using oxygen sensor feedback to determine fuel mix/",39.0,38
2026-09-13 13:38:21.149,696.0,23.0,2.72,26.67,16.47,23.92,-4.69,0.78,0.11,0.77,446.0,1.0,-0.77,0.0,87.0,40.0,100.0,-1.0,12.9,"Closed loop, using oxygen sensor feedback to determine fuel mix/",39.0,38
2026-09-13 13:38:21.519,692.5,22.0,2.69,26.67,16.47,23.53,-8.59,0.78,0.75,0.76,446.0,1.0,-0.78,0.0,87.0,40.0,100.0,-1.0,12.9,"Closed loop, using oxygen sensor feedback to determine fuel mix/",39.0,38
2026-09-13 13:38:21.901,684.5,22.0,2.69,26.67,16.47,23.92,-8.59,0.78,0.7,0.76,446.0,1.0,-0.78,0.0,87.0,40.0,100.0,-1.0,12.9,"Closed loop, using oxygen sensor feedback to determine fuel mix/",39.0,38
2026-09-13 13:38:22.269,684.75,22.0,2.7,26.67,16.47,23.92,-4.69,0.78,0.1,0.77,446.0,1.0,-0.78,0.0,87.0,40.0,100.0,-2.0,12.9,"Closed loop, using oxygen sensor feedback to determine fuel mix/",39.0,38
2026-09-13 13:38:22.892,682.75,23.0,2.72,26.67,16.08,23.92,-8.59,0.78,0.73,0.76,445.0,1.0,-0.77,0.0,87.0,40.0,100.0,-2.0,12.9,"Closed loop, using oxygen sensor feedback to determine fuel mix/",39.0,38
2026-09-13 13:38:23.276,677.75,23.0,2.7,26.67,16.47,23.92,-8.59,0.78,0.73,0.75,445.0,1.0,-0.77,0.0,87.0,40.0,100.0,-2.0,12.9,"Closed loop, using oxygen sensor feedback to determine fuel mix/",39.0,38
2026-09-13 13:38:23.657,679.5,24.0,2.71,26.67,16.47,24.31,-4.69,0.78,0.1,0.76,445.0,1.0,-0.76,0.0,87.0,40.0,100.0,-2.0,12.9,"Closed loop, using oxygen sensor feedback to determine fuel mix/",39.0,38
2026-09-13 13:38:24.056,684.75,24.0,2.7,26.67,16.47,23.92,-4.69,0.78,0.1,0.76,445.0,1.0,-0.76,0.0,87.0,40.0,100.0,-2.0,12.9,"Closed loop, using oxygen sensor feedback to determine fuel mix/",39.0,38
2026-09-13 13:38:24.422,693.5,24.0,2.66,26.67,16.08,23.53,-7.81,0.78,0.72,0.76,445.0,1.0,-0.76,0.0,87.0,40.0,100.0,-1.5,12.9,"Closed loop, using oxygen sensor feedback to determine fuel mix/",39.0,38
2026-09-13 13:38:25.077,703.5,22.0,2.63,26.27,15.69,22.75,-7.81,0.78,0.73,0.76,444.0,1.0,-0.78,0.0,87.0,40.0,100.0,-1.5,12.9,"Closed loop, using oxygen sensor feedback to determine fuel mix/",39.0,38
2026-09-13 13:38:25.462,694.0,22.0,2.48,26.27,16.08,21.96,-8.59,0.78,0.72,0.77,444.0,1.0,-0.78,0.0,87.0,40.0,100.0,-1.5,12.9,"Closed loop, using oxygen sensor feedback to determine fuel mix/",39.0,38
2026-09-13 13:38:25.844,681.5,21.0,2.52,26.27,16.08,22.35,-8.59,0.78,0.24,0.77,444.0,1.0,-0.79,0.0,87.0,40.0,100.0,-1.5,12.9,"Closed loop, using oxygen sensor feedback to determine fuel mix/",39.0,38
2026-09-13 13:38:26.214,684.5,23.0,2.51,26.27,16.08,22.35,-4.69,0.78,0.1,0.77,444.0,1.0,-0.77,0.0,87.0,40.0,100.0,-1.5,12.9,"Closed loop, using oxygen sensor feedback to determine fuel mix/",39.0,38
2026-09-13 13:38:26.563,688.75,22.0,2.49,26.27,16.08,21.96,-8.59,0.78,0.73,0.76,444.0,1.0,-0.78,0.0,87.0,40.0,100.0,2.5,13.0,"Closed loop, using oxygen sensor feedback to determine fuel mix/",39.0,38
2026-09-13 13:38:27.154,676.0,21.0,2.49,26.27,16.08,22.35,-8.59,0.78,0.69,0.76,443.0,1.0,-0.79,0.0,87.0,40.0,100.0,2.5,13.0,"Closed loop, using oxygen sensor feedback to determine fuel mix/",39.0,38
2026-09-13 13:38:27.537,689.5,21.0,2.55,26.27,16.08,22.35,-5.47,0.78,0.09,0.77,443.0,1.0,-0.79,0.0,87.0,40.0,100.0,2.5,13.0,"Closed loop, using oxygen sensor feedback to determine fuel mix/",39.0,38
2026-09-13 13:38:27.904,692.75,22.0,2.53,26.27,16.08,22.35,-5.47,0.78,0.1,0.77,443.0,1.0,-0.78,0.0,87.0,40.0,100.0,2.5,13.0,"Closed loop, using oxygen sensor feedback to determine fuel mix/",39.0,38
2026-09-13 13:38:28.293,694.0,22.0,2.55,26.27,16.08,22.35,-4.69,0.78,0.14,0.76,443.0,1.0,-0.78,0.0,87.0,40.0,100.0,2.5,13.0,"Closed loop, using oxygen sensor feedback to determine fuel mix/",39.0,38
2026-09-13 13:38:28.625,700.75,21.0,2.57,26.27,16.08,22.75,-8.59,0.78,0.69,0.75,443.0,1.0,-0.79,1.0,87.0,40.0,100.0,3.5,13.0,"Closed loop, using oxygen sensor feedback to determine fuel mix/",39.0,38
2026-09-13 13:38:29.247,698.5,21.0,2.62,26.27,16.08,22.75,-4.69,0.78,0.1,0.75,443.0,1.0,-0.79,1.0,87.0,40.0,100.0,3.5,13.0,"Closed loop, using oxygen sensor feedback to determine fuel mix/",39.0,38
2026-09-13 13:38:29.616,704.5,22.0,2.63,26.67,16.08,22.75,-4.69,0.78,0.1,0.76,442.0,1.0,-0.78,1.0,87.0,40.0,100.0,3.5,13.0,"Closed loop, using oxygen sensor feedback to determine fuel mix/",39.0,38
2026-09-13 13:38:30.052,706.75,22.0,2.65,26.67,16.08,23.14,-7.81,0.78,0.69,0.75,442.0,1.0,-0.78,1.0,87.0,40.0,100.0,3.5,13.0,"Closed loop, using oxygen sensor feedback to determine fuel mix/",39.0,38
2026-09-13 13:38:30.412,704.25,21.0,2.66,26.67,16.08,23.14,-7.81,0.78,0.67,0.74,442.0,1.0,-0.79,1.0,87.0,40.0,100.0,3.5,13.0,"Closed loop, using oxygen sensor feedback to determine fuel mix/",39.0,38
2026-09-13 13:38:30.764,706.0,23.0,2.68,26.67,16.08,23.14,-3.91,0.78,0.1,0.75,442.0,1.0,-0.77,1.0,87.0,40.0,100.0,0.5,12.9,"Closed loop, using oxygen sensor feedback to determine fuel mix/",39.0,38
2026-09-13 13:38:31.355,713.25,21.0,2.64,26.27,16.08,22.75,-7.81,0.78,0.75,0.75,442.0,1.0,-0.79,1.0,87.0,40.0,100.0,0.5,12.9,"Closed loop, using oxygen sensor feedback to determine fuel mix/",39.0,38
2026-09-13 13:38:31.734,703.5,23.0,2.63,26.67,16.08,23.14,-7.81,0.78,0.75,0.74,442.0,1.0,-0.77,1.0,87.0,40.0,100.0,0.5,12.9,"Closed loop, using oxygen sensor feedback to determine fuel mix/",39.0,38
2026-09-13 13:38:32.104,703.75,23.0,2.65,26.67,16.47,23.14,-8.59,0.78,0.23,0.76,442.0,1.0,-0.77,1.0,87.0,40.0,100.0,0.5,12.9,"Closed loop, using oxygen sensor feedback to determine fuel mix/",39.0,38
2026-09-13 13:38:32.431,714.75,23.0,2.68,26.67,16.47,23.14,-4.69,0.78,0.1,0.77,441.0,1.0,-0.77,1.0,87.0,40.0,100.0,0.5,12.9,"Closed loop, using oxygen sensor feedback to determine fuel mix/",39.0,38
2026-09-13 13:38:32.804,719.5,22.0,2.72,26.67,16.47,23.53,-8.59,0.78,0.69,0.76,441.0,1.0,-0.78,3.0,87.0,40.0,100.0,3.5,13.0,"Closed loop, using oxygen sensor feedback to determine fuel mix/",39.0,38
2026-09-13 13:38:33.430,715.0,22.0,2.72,26.67,16.47,23.53,-4.69,0.78,0.12,0.76,441.0,1.0,-0.78,3.0,87.0,40.0,100.0,3.5,13.0,"Closed loop, using oxygen sensor feedback to determine fuel mix/",39.0,38
2026-09-13 13:38:33.781,723.75,22.0,2.76,26.67,16.47,23.92,-4.69,0.78,0.1,0.76,441.0,1.0,-0.78,3.0,87.0,40.0,100.0,3.5,13.0,"Closed loop, using oxygen sensor feedback to determine fuel mix/",39.0,38
2026-09-13 13:38:34.150,718.75,22.0,2.76,26.67,16.47,23.53,-3.91,0.78,0.26,0.76,441.0,1.0,-0.78,3.0,87.0,40.0,100.0,3.5,13.0,"Closed loop, using oxygen sensor feedback to determine fuel mix/",39.0,38
2026-09-13 13:38:34.530,714.75,23.0,2.75,26.67,16.47,24.31,-7.81,0.78,0.74,0.75,441.0,1.0,-0.77,3.0,87.0,40.0,100.0,3.5,13.0,"Closed loop, using oxygen sensor feedback to determine fuel mix/",39.0,38
2026-09-13 13:38:34.899,712.75,22.0,2.76,26.67,16.47,23.92,-7.81,0.78,0.7,0.75,441.0,1.0,-0.78,2.0,87.0,40.0,100.0,1.0,13.0,"Closed loop, using oxygen sensor feedback to determine fuel mix/",39.0,38
2026-09-13 13:38:35.554,711.75,24.0,2.76,26.67,16.47,23.92,-3.91,0.78,0.1,0.76,440.0,1.0,-0.76,2.0,87.0,40.0,100.0,1.0,13.0,"Closed loop, using oxygen sensor feedback to determine fuel mix/",39.0,38
2026-09-13 13:38:35.942,714.75,23.0,2.74,26.67,16.47,23.53,-7.81,0.78,0.74,0.76,440.0,1.0,-0.77,2.0,87.0,40.0,100.0,1.0,13.0,"Closed loop, using oxygen sensor feedback to determine fuel mix/",39.0,38
2026-09-13 13:38:36.304,704.75,22.0,2.72,26.67,16.47,23.92,-7.81,0.78,0.76,0.75,440.0,1.0,-0.78,2.0,87.0,40.0,100.0,1.0,13.0,"Closed loop, using oxygen sensor feedback to determine fuel mix/",39.0,38
2026-09-13 13:38:36.658,701.75,22.0,2.71,26.67,16.08,23.53,-7.81,0.78,0.69,0.77,440.0,1.0,-0.78,2.0,87.0,40.0,100.0,1.0,13.0,"Closed loop, using oxygen sensor feedback to determine fuel mix/",39.0,38
2026-09-13 13:38:37.010,701.25,21.0,2.66,26.67,16.08,23.14,-4.69,0.78,0.1,0.77,440.0,1.0,-0.79,0.0,87.0,40.0,100.0,-2.0,12.9,"Closed loop, using oxygen sensor feedback to determine fuel mix/",39.0,38
2026-09-13 13:38:37.646,696.0,21.0,2.64,26.27,16.08,23.14,-8.59,0.78,0.77,0.76,440.0,1.0,-0.79,0.0,87.0,40.0,100.0,-2.0,12.9,"Closed loop, using oxygen sensor feedback to determine fuel mix/",39.0,38
2026-09-13 13:38:38.046,700.5,23.0,2.64,26.27,16.08,23.14,-8.59,0.78,0.7,0.76,440.0,1.0,-0.77,0.0,87.0,40.0,100.0,-2.0,12.9,"Closed loop, using oxygen sensor feedback to determine fuel mix/",39.0,38
2026-09-13 13:38:38.446,703.75,21.0,2.63,26.27,16.08,23.14,-5.47,0.78,0.1,0.78,440.0,1.0,-0.79,0.0,87.0,40.0,100.0,-2.0,12.9,"Closed loop, using oxygen sensor feedback to determine fuel mix/",39.0,38
2026-09-13 13:38:38.811,706.5,21.0,2.64,26.27,16.08,23.14,-5.47,0.78,0.14,0.77,439.0,1.0,-0.79,0.0,87.0,40.0,100.0,-2.0,12.9,"Closed loop, using oxygen sensor feedback to determine fuel mix/",39.0,38
2026-09-13 13:38:39.179,704.75,23.0,2.63,26.27,16.08,23.14,-9.38,0.78,0.76,0.76,439.0,1.0,-0.77,1.0,87.0,40.0,100.0,4.5,12.9,"Closed loop, using oxygen sensor feedback to determine fuel mix/",39.0,38
2026-09-13 13:38:39.804,707.75,23.0,2.67,26.67,16.47,23.53,-5.47,0.78,0.1,0.77,439.0,1.0,-0.77,1.0,87.0,40.0,100.0,4.5,12.9,"Closed loop, using oxygen sensor feedback to determine fuel mix/",39.0,38
2026-09-13 13:38:40.239,717.75,23.0,2.76,26.67,16.47,24.31,-5.47,0.78,0.11,0.77,439.0,1.0,-0.77,1.0,87.0,40.0,100.0,4.5,12.9,"Closed loop, using oxygen sensor feedback to determine fuel mix/",39.0,38
2026-09-13 13:38:40.620,714.25,23.0,2.81,27.06,16.47,24.31,-4.69,0.78,0.16,0.76,439.0,1.0,-0.77,1.0,87.0,40.0,100.0,4.5,12.9,"Closed loop, using oxygen sensor feedback to determine fuel mix/",39.0,38
2026-09-13 13:38:40.988,716.75,23.0,2.81,27.06,16.86,24.71,-4.69,0.78,0.14,0.75,439.0,1.0,-0.77,1.0,87.0,40.0,100.0,4.5,12.9,"Closed loop, using oxygen sensor feedback to determine fuel mix/",39.0,38
2026-09-13 13:38:41.355,725.75,22.0,2.85,27.06,16.86,24.71,-8.59,0.78,0.74,0.74,439.0,1.0,-0.78,3.0,87.0,40.0,100.0,1.5,12.9,"Closed loop, using oxygen sensor feedback to determine fuel mix/",39.0,38
2026-09-13 13:38:41.948,716.25,23.0,2.88,27.06,16.86,25.1,-4.69,0.78,0.09,0.76,439.0,1.0,-0.77,3.0,87.0,40.0,100.0,1.5,12.9,"Closed loop, using oxygen sensor feedback to determine fuel mix/",39.0,38
2026-09-13 13:38:42.332,720.5,24.0,2.88,27.06,16.86,25.1,-4.69,0.78,0.11,0.76,439.0,1.0,-0.76,3.0,87.0,40.0,100.0,1.5,12.9,"Closed loop, using oxygen sensor feedback to determine fuel mix/",39.0,38
2026-09-13 13:38:42.699,720.5,23.0,2.88,27.06,16.86,25.1,-3.91,0.78,0.33,0.76,439.0,1.0,-0.77,3.0,87.0,40.0,100.0,1.5,12.9,"Closed loop, using oxygen sensor feedback to determine fuel mix/",39.0,38
2026-09-13 13:38:43.051,717.0,23.0,2.9,27.06,16.86,25.1,-7.81,0.78,0.72,0.75,438.0,1.0,-0.77,3.0,87.0,40.0,100.0,1.5,12.9,"Closed loop, using oxygen sensor feedback to determine fuel mix/",39.0,38
2026-09-13 13:38:43.437,720.5,24.0,2.96,27.06,16.86,25.49,-7.81,0.78,0.29,0.75,438.0,1.0,-0.76,3.0,87.0,40.0,100.0,-3.0,12.9,"Closed loop, using oxygen sensor feedback to determine fuel mix/",39.0,39
2026-09-13 13:38:44.074,723.75,24.0,2.88,27.06,16.47,24.71,-3.91,0.78,0.28,0.76,438.0,1.0,-0.76,3.0,87.0,40.0,100.0,-3.0,12.9,"Closed loop, using oxygen sensor feedback to determine fuel mix/",39.0,39
2026-09-13 13:38:44.430,721.25,22.0,2.83,26.67,16.47,24.31,-7.81,0.78,0.76,0.75,438.0,1.0,-0.78,3.0,87.0,40.0,100.0,-3.0,12.9,"Closed loop, using oxygen sensor feedback to determine fuel mix/",39.0,39
2026-09-13 13:38:44.809,713.0,23.0,2.76,26.67,16.47,23.92,-7.81,0.78,0.72,0.75,438.0,1.0,-0.77,3.0,87.0,40.0,100.0,-3.0,12.9,"Closed loop, using oxygen sensor feedback to determine fuel mix/",39.0,39
2026-09-13 13:38:45.176,703.5,23.0,2.77,26.67,16.47,24.31,-4.69,0.78,0.17,0.77,438.0,1.0,-0.77,3.0,87.0,40.0,100.0,-3.0,12.9,"Closed loop, using oxygen sensor feedback to determine fuel mix/",39.0,39
2026-09-13 13:38:45.511,710.5,24.0,2.77,26.67,16.47,23.92,-4.69,0.78,0.53,0.77,438.0,1.0,-0.76,0.0,87.0,40.0,100.0,-2.5,13.0,"Closed loop, using oxygen sensor feedback to determine fuel mix/",39.0,39
2026-09-13 13:38:46.166,698.5,21.0,2.71,26.67,16.08,23.92,-8.59,0.78,0.75,0.77,438.0,1.0,-0.79,0.0,87.0,40.0,100.0,-2.5,13.0,"Closed loop, using oxygen sensor feedback to determine fuel mix/",39.0,39
2026-09-13 13:38:46.517,680.5,22.0,2.68,26.67,16.47,23.92,-9.38,0.78,0.64,0.79,438.0,1.0,-0.78,0.0,87.0,40.0,100.0,-2.5,13.0,"Closed loop, using oxygen sensor feedback to determine fuel mix/",39.0,39
2026-09-13 13:38:47.098,711.25,22.0,2.69,26.27,16.08,23.53,-5.47,0.78,0.1,0.77,438.0,1.0,-0.78,0.0,87.0,40.0,100.0,-2.5,13.0,"Closed loop, using oxygen sensor feedback to determine fuel mix/",39.0,39
2026-09-13 13:38:47.445,674.0,22.0,2.69,26.67,16.47,23.92,-5.47,0.78,0.14,0.77,438.0,1.0,-0.78,0.0,87.0,40.0,100.0,-2.5,13.0,"Closed loop, using oxygen sensor feedback to determine fuel mix/",39.0,39
2026-09-13 13:38:47.796,675.0,22.0,2.73,26.67,16.47,24.31,-8.59,0.78,0.72,0.76,438.0,1.0,-0.78,0.0,87.0,40.0,100.0,4.0,13.0,"Closed loop, using oxygen sensor feedback to determine fuel mix/",39.0,39
2026-09-13 13:38:48.615,689.5,23.0,2.8,26.67,16.47,24.71,-4.69,0.78,0.09,0.76,437.0,1.0,-0.77,0.0,87.0,40.0,100.0,4.0,13.0,"Closed loop, using oxygen sensor feedback to determine fuel mix/",39.0,39
2026-09-13 13:38:49.009,690.25,23.0,2.78,26.67,16.47,24.71,-4.69,0.78,0.12,0.76,437.0,1.0,-0.77,0.0,87.0,40.0,100.0,4.0,13.0,"Closed loop, using oxygen sensor feedback to determine fuel mix/",39.0,39
2026-09-13 13:38:49.344,695.75,24.0,2.78,26.67,16.47,24.31,-3.91,0.78,0.17,0.75,437.0,1.0,-0.76,0.0,87.0,40.0,100.0,4.0,13.0,"Closed loop, using oxygen sensor feedback to determine fuel mix/",39.0,39
2026-09-13 13:38:49.695,693.25,22.0,2.8,26.67,16.47,24.71,-7.81,0.78,0.75,0.74,437.0,1.0,-0.78,0.0,87.0,40.0,100.0,4.0,13.0,"Closed loop, using oxygen sensor feedback to determine fuel mix/",39.0,39
2026-09-13 13:38:50.095,697.5,23.0,2.78,26.67,16.47,24.31,-7.81,0.78,0.4,0.75,437.0,1.0,-0.77,1.0,87.0,40.0,100.0,0.0,13.0,"Closed loop, using oxygen sensor feedback to determine fuel mix/",39.0,39
2026-09-13 13:38:50.705,701.25,22.0,2.8,26.67,16.47,24.71,-3.91,0.78,0.17,0.76,437.0,1.0,-0.78,1.0,87.0,40.0,100.0,0.0,13.0,"Closed loop, using oxygen sensor feedback to determine fuel mix/",39.0,39
2026-09-13 13:38:51.038,697.5,23.0,2.82,26.67,16.47,24.71,-7.81,0.78,0.76,0.75,437.0,1.0,-0.77,1.0,87.0,40.0,100.0,0.0,13.0,"Closed loop, using oxygen sensor feedback to determine fuel mix/",39.0,39
2026-09-13 13:38:51.421,697.5,24.0,2.81,26.67,16.47,24.71,-7.81,0.78,0.67,0.76,437.0,1.0,-0.76,1.0,87.0,40.0,100.0,0.0,13.0,"Closed loop, using oxygen sensor feedback to determine fuel mix/",39.0,39
2026-09-13 13:38:51.789,701.25,24.0,2.83,26.67,16.47,24.71,-3.91,0.78,0.1,0.77,437.0,1.0,-0.76,1.0,87.0,40.0,100.0,0.0,13.0,"Closed loop, using oxygen sensor feedback to determine fuel mix/",39.0,39
2026-09-13 13:38:52.161,702.75,22.0,2.8,27.06,16.47,24.31,-3.91,0.78,0.24,0.76,437.0,1.0,-0.78,2.0,87.0,40.0,100.0,0.5,13.0,"Closed loop, using oxygen sensor feedback to determine fuel mix/",39.0,39
2026-09-13 13:38:52.762,710.0,24.0,2.83,27.06,16.86,24.71,-7.81,0.78,0.72,0.76,437.0,1.0,-0.76,2.0,87.0,40.0,100.0,0.5,13.0,"Closed loop, using oxygen sensor feedback to determine fuel mix/",39.0,39
2026-09-13 13:38:53.146,702.5,23.0,2.86,27.06,16.86,25.1,-3.91,0.78,0.1,0.77,437.0,1.0,-0.77,2.0,87.0,40.0,100.0,0.5,13.0,"Closed loop, using oxygen sensor feedback to determine fuel mix/",39.0,39
2026-09-13 13:38:53.480,717.0,23.0,2.9,27.06,16.86,25.1,-3.91,0.78,0.12,0.77,437.0,1.0,-0.77,2.0,87.0,40.0,100.0,0.5,13.0,"Closed loop, using oxygen sensor feedback to determine fuel mix/",39.0,39
2026-09-13 13:38:53.832,714.75,24.0,2.88,27.06,16.86,24.71,-7.81,0.78,0.76,0.76,437.0,1.0,-0.76,2.0,87.0,40.0,100.0,0.5,13.0,"Closed loop, using oxygen sensor feedback to determine fuel mix/",39.0,39
2026-09-13 13:38:54.201,709.5,24.0,2.88,27.06,16.86,25.1,-7.81,0.78,0.68,0.76,437.0,1.0,-0.76,1.0,87.0,40.0,100.0,-1.0,12.9,"Closed loop, using oxygen sensor feedback to determine fuel mix/",39.0,39
2026-09-13 13:38:54.854,704.75,22.0,2.88,27.06,16.47,24.71,-3.91,0.78,0.11,0.77,437.0,1.0,-0.78,1.0,87.0,40.0,100.0,-1.0,12.9,"Closed loop, using oxygen sensor feedback to determine fuel mix/",39.0,39
2026-09-13 13:38:55.223,708.0,22.0,2.84,27.06,16.47,24.71,-7.03,0.78,0.74,0.76,437.0,1.0,-0.78,1.0,87.0,40.0,100.0,-1.0,12.9,"Closed loop, using oxygen sensor feedback to determine fuel mix/",39.0,39
2026-09-13 13:38:55.620,702.75,23.0,2.84,26.67,16.47,24.71,-7.03,0.78,0.74,0.75,437.0,1.0,-0.77,1.0,87.0,40.0,100.0,-1.0,12.9,"Closed loop, using oxygen sensor feedback to determine fuel mix/",39.0,39
2026-09-13 13:38:55.988,695.25,24.0,2.83,26.67,16.47,24.71,-7.81,0.78,0.33,0.76,437.0,1.0,-0.76,1.0,87.0,40.0,100.0,-1.0,12.9,"Closed loop, using oxygen sensor feedback to determine fuel mix/",39.0,39
2026-09-13 13:38:56.342,698.75,23.0,2.79,26.67,16.47,24.31,-3.91,0.78,0.15,0.77,437.0,1.0,-0.77,0.0,87.0,40.0,100.0,-2.5,13.0,"Closed loop, using oxygen sensor feedback to determine fuel mix/",39.0,39
2026-09-13 13:38:56.962,692.25,22.0,2.78,26.67,16.47,24.31,-7.81,0.78,0.76,0.76,437.0,1.0,-0.78,0.0,87.0,40.0,100.0,-2.5,13.0,"Closed loop, using oxygen sensor feedback to determine fuel mix/",39.0,39
2026-09-13 13:38:57.344,692.0,22.0,2.77,26.67,16.47,24.31,-8.59,0.78,0.57,0.78,437.0,1.0,-0.78,0.0,87.0,40.0,100.0,-2.5,13.0,"Closed loop, using oxygen sensor feedback to determine fuel mix/",39.0,39
2026-09-13 13:38:57.681,696.25,24.0,2.77,26.67,16.47,24.31,-4.69,0.78,0.11,0.78,437.0,1.0,-0.76,0.0,87.0,40.0,100.0,-2.5,13.0,"Closed loop, using oxygen sensor feedback to determine fuel mix/",39.0,39
2026-09-13 13:38:58.033,698.5,22.0,2.77,26.67,16.47,24.31,-4.69,0.78,0.61,0.77,437.0,1.0,-0.78,0.0,87.0,40.0,100.0,-2.5,13.0,"Closed loop, using oxygen sensor feedback to determine fuel mix/",39.0,39
2026-09-13 13:38:58.414,698.0,23.0,2.75,26.67,16.47,24.31,-8.59,0.78,0.76,0.76,437.0,1.0,-0.77,1.0,87.0,40.0,100.0,1.0,13.0,"Closed loop, using oxygen sensor feedback to determine fuel mix/",39.0,39
2026-09-13 13:38:58.973,695.75,23.0,2.8,26.67,16.47,24.71,-4.69,0.78,0.1,0.77,436.0,1.0,-0.77,1.0,87.0,40.0,100.0,1.0,13.0,"Closed loop, using oxygen sensor feedback to determine fuel mix/",39.0,39
2026-09-13 13:38:59.330,697.0,22.0,2.82,26.67,16.86,24.71,-4.69,0.78,0.24,0.77,436.0,1.0,-0.78,1.0,87.0,40.0,100.0,1.0,13.0,"Closed loop, using oxygen sensor feedback to determine fuel mix/",39.0,39
2026-09-13 13:38:59.953,700.25,24.0,2.88,27.06,16.86,25.49,-8.59,0.78,0.24,0.76,436.0,1.0,-0.76,1.0,87.0,40.0,100.0,1.0,13.0,"Closed loop, using oxygen sensor feedback to determine fuel mix/",39.0,39
2026-09-13 13:39:00.332,703.75,24.0,2.89,27.06,16.47,25.1,-4.69,0.78,0.09,0.77,436.0,1.0,-0.76,1.0,87.0,40.0,100.0,1.0,13.0,"Closed loop, using oxygen sensor feedback to determine fuel mix/",39.0,39
2026-09-13 13:39:00.717,700.75,23.0,2.84,27.06,16.47,25.1,-4.69,0.78,0.13,0.76,436.0,1.0,-0.77,0.0,87.0,40.0,100.0,0.0,12.9,"Closed loop, using oxygen sensor feedback to determine fuel mix/",39.0,39
2026-09-13 13:39:01.306,695.75,24.0,2.84,27.06,16.86,25.1,-7.81,0.78,0.74,0.75,436.0,1.0,-0.76,0.0,87.0,40.0,100.0,0.0,12.9,"Closed loop, using oxygen sensor feedback to determine fuel mix/",39.0,39
2026-09-13 13:39:01.656,696.0,23.0,2.86,27.06,16.86,25.1,-3.91,0.78,0.11,0.75,436.0,1.0,-0.77,0.0,87.0,40.0,100.0,0.0,12.9,"Closed loop, using oxygen sensor feedback to determine fuel mix/",39.0,39
2026-09-13 13:39:02.008,704.5,23.0,2.86,27.06,16.86,25.1,-3.91,0.78,0.1,0.76,436.0,1.0,-0.77,0.0,87.0,40.0,100.0,0.0,12.9,"Closed loop, using oxygen sensor feedback to determine fuel mix/",39.0,39
2026-09-13 13:39:02.376,706.75,23.0,2.87,27.06,16.86,25.1,-7.81,0.78,0.73,0.76,436.0,1.0,-0.77,0.0,87.0,40.0,100.0,0.0,12.9,"Closed loop, using oxygen sensor feedback to determine fuel mix/",39.0,39
2026-09-13 13:39:02.759,697.0,24.0,2.88,27.06,16.86,25.1,-7.81,0.78,0.57,0.75,436.0,1.0,-0.76,1.0,87.0,40.0,100.0,-0.5,12.9,"Closed loop, using oxygen sensor feedback to determine fuel mix/",39.0,39
2026-09-13 13:39:03.382,709.75,24.0,2.87,27.06,16.86,25.1,-3.91,0.78,0.16,0.76,436.0,1.0,-0.76,1.0,87.0,40.0,100.0,-0.5,12.9,"Closed loop, using oxygen sensor feedback to determine fuel mix/",39.0,39
2026-09-13 13:39:03.766,708.25,23.0,2.88,27.06,16.86,25.1,-7.81,0.78,0.76,0.75,436.0,1.0,-0.77,1.0,87.0,40.0,100.0,-0.5,12.9,"Closed loop, using oxygen sensor feedback to determine fuel mix/",39.0,39
2026-09-13 13:39:04.133,699.25,23.0,2.88,27.06,16.86,25.1,-7.81,0.78,0.47,0.75,436.0,1.0,-0.77,1.0,87.0,40.0,100.0,-0.5,12.9,"Closed loop, using oxygen sensor feedback to determine fuel mix/",39.0,39
2026-09-13 13:39:04.501,698.5,24.0,2.86,27.06,16.47,25.1,-3.91,0.78,0.1,0.77,436.0,1.0,-0.76,1.0,87.0,40.0,100.0,-0.5,12.9,"Closed loop, using oxygen sensor feedback to determine fuel mix/",39.0,39
2026-09-13 13:39:04.883,707.75,24.0,2.86,27.06,16.47,25.1,-3.91,0.78,0.17,0.76,436.0,1.0,-0.76,0.0,87.0,40.0,100.0,-2.5,12.9,"Closed loop, using oxygen sensor feedback to determine fuel mix/",39.0,39
2026-09-13 13:39:05.458,695.0,23.0,2.84,27.06,16.47,25.1,-7.03,0.78,0.76,0.75,436.0,1.0,-0.77,0.0,87.0,40.0,100.0,-2.5,12.9,"Closed loop, using oxygen sensor feedback to determine fuel mix/",39.0,39
2026-09-13 13:39:05.826,690.75,24.0,2.85,27.06,16.47,25.1,-3.91,0.78,0.2,0.77,436.0,1.0,-0.76,0.0,87.0,40.0,100.0,-2.5,12.9,"Closed loop, using oxygen sensor feedback to determine fuel mix/",39.0,39
2026-09-13 13:39:06.209,695.5,24.0,2.84,26.67,16.47,24.71,-3.91,0.78,0.12,0.77,436.0,1.0,-0.76,0.0,87.0,40.0,100.0,-2.5,12.9,"Closed loop, using oxygen sensor feedback to determine fuel mix/",39.0,39
2026-09-13 13:39:06.560,696.75,22.0,2.84,27.06,16.47,25.1,-7.81,0.78,0.73,0.76,436.0,1.0,-0.78,0.0,87.0,40.0,100.0,-2.5,12.9,"Closed loop, using oxygen sensor feedback to determine fuel mix/",39.0,39
2026-09-13 13:39:06.936,697.25,23.0,2.83,27.06,16.47,24.71,-7.81,0.78,0.73,0.76,436.0,1.0,-0.77,0.0,87.0,40.0,100.0,-2.0,12.9,"Closed loop, using oxygen sensor feedback to determine fuel mix/",39.0,39
2026-09-13 13:39:07.552,691.75,24.0,2.83,26.67,16.47,24.71,-3.91,0.78,0.12,0.77,436.0,1.0,-0.76,0.0,87.0,40.0,100.0,-2.0,12.9,"Closed loop, using oxygen sensor feedback to determine fuel mix/",39.0,39
2026-09-13 13:39:07.998,696.5,23.0,2.76,26.67,16.47,24.31,-7.81,0.78,0.77,0.76,436.0,1.0,-0.77,0.0,87.0,40.0,100.0,-2.0,12.9,"Closed loop, using oxygen sensor feedback to determine fuel mix/",39.0,39
2026-09-13 13:39:08.398,686.75,24.0,2.78,26.67,16.47,24.71,-7.81,0.78,0.73,0.76,436.0,1.0,-0.76,0.0,87.0,40.0,100.0,-2.0,12.9,"Closed loop, using oxygen sensor feedback to determine fuel mix/",39.0,39
2026-09-13 13:39:08.796,695.25,22.0,2.77,26.67,16.47,24.31,-4.69,0.78,0.1,0.78,436.0,1.0,-0.78,0.0,87.0,40.0,100.0,-2.0,12.9,"Closed loop, using oxygen sensor feedback to determine fuel mix/",39.0,39
2026-09-13 13:39:09.164,697.5,23.0,2.77,26.67,16.47,23.92,-4.69,0.78,0.17,0.78,436.0,1.0,-0.77,0.0,87.0,40.0,100.0,-1.5,13.0,"Closed loop, using oxygen sensor feedback to determine fuel mix/",39.0,39
2026-09-13 13:39:09.723,688.75,22.0,2.78,26.67,16.47,24.71,-8.59,0.78,0.74,0.76,436.0,1.0,-0.78,0.0,87.0,40.0,100.0,-1.5,13.0,"Closed loop, using oxygen sensor feedback to determine fuel mix/",39.0,39
2026-09-13 13:39:10.107,691.75,24.0,2.77,26.67,16.47,24.31,-4.69,0.78,0.1,0.77,436.0,1.0,-0.76,0.0,87.0,40.0,100.0,-1.5,13.0,"Closed loop, using oxygen sensor feedback to determine fuel mix/",39.0,39
2026-09-13 13:39:10.475,699.75,22.0,2.73,26.67,16.47,23.92,-4.69,0.78,0.12,0.77,436.0,1.0,-0.78,0.0,87.0,40.0,100.0,-1.5,13.0,"Closed loop, using oxygen sensor feedback to determine fuel mix/",39.0,39
2026-09-13 13:39:10.862,688.75,23.0,2.74,26.67,16.47,23.92,-8.59,0.78,0.73,0.76,436.0,1.0,-0.77,0.0,87.0,40.0,100.0,-1.5,13.0,"Closed loop, using oxygen sensor feedback to determine fuel mix/",39.0,39
2026-09-13 13:39:11.263,688.75,24.0,2.72,26.67,16.47,24.31,-8.59,0.78,0.67,0.76,436.0,1.0,-0.76,0.0,87.0,40.0,100.0,-0.5,13.0,"Closed loop, using oxygen sensor feedback to determine fuel mix/",39.0,39
2026-09-13 13:39:11.866,687.75,23.0,2.74,26.67,16.47,23.92,-4.69,0.78,0.1,0.76,436.0,1.0,-0.77,0.0,87.0,40.0,100.0,-0.5,13.0,"Closed loop, using oxygen sensor feedback to determine fuel mix/",39.0,39
2026-09-13 13:39:12.204,692.5,23.0,2.73,26.67,16.47,23.92,-4.69,0.78,0.67,0.76,436.0,1.0,-0.77,0.0,87.0,40.0,100.0,-0.5,13.0,"Closed loop, using oxygen sensor feedback to determine fuel mix/",39.0,39
2026-09-13 13:39:12.538,684.75,24.0,2.73,26.67,16.47,24.31,-8.59,0.78,0.73,0.75,436.0,1.0,-0.76,0.0,87.0,40.0,100.0,-0.5,13.0,"Closed loop, using oxygen sensor feedback to determine fuel mix/",39.0,39
2026-09-13 13:39:12.922,683.0,22.0,2.73,26.67,16.47,24.31,-4.69,0.78,0.09,0.76,436.0,1.0,-0.78,0.0,87.0,40.0,100.0,-0.5,13.0,"Closed loop, using oxygen sensor feedback to determine fuel mix/",39.0,39
2026-09-13 13:39:13.290,689.5,24.0,2.72,26.67,16.47,24.31,-4.69,0.78,0.11,0.76,436.0,1.0,-0.76,0.0,87.0,40.0,100.0,-2.0,12.9,"Closed loop, using oxygen sensor feedback to determine fuel mix/",39.0,39
2026-09-13 13:39:13.914,680.0,22.0,2.71,26.67,16.47,23.92,-7.81,0.78,0.76,0.75,436.0,1.0,-0.78,0.0,87.0,40.0,100.0,-2.0,12.9,"Closed loop, using oxygen sensor feedback to determine fuel mix/",39.0,39
2026-09-13 13:39:14.264,680.75,22.0,2.69,26.67,16.47,23.92,-7.81,0.78,0.7,0.76,436.0,1.0,-0.78,0.0,87.0,40.0,100.0,-2.0,12.9,"Closed loop, using oxygen sensor feedback to determine fuel mix/",39.0,39
2026-09-13 13:39:14.667,677.75,23.0,2.69,26.67,16.47,24.31,-4.69,0.78,0.1,0.77,436.0,1.0,-0.77,0.0,87.0,40.0,100.0,-2.0,12.9,"Closed loop, using oxygen sensor feedback to determine fuel mix/",39.0,39
2026-09-13 13:39:15.068,685.5,22.0,2.7,26.67,16.47,23.92,-4.69,0.78,0.12,0.77,436.0,1.0,-0.78,0.0,87.0,40.0,100.0,-2.0,12.9,"Closed loop, using oxygen sensor feedback to determine fuel mix/",39.0,39
2026-09-13 13:39:15.655,684.0,24.0,2.69,26.67,16.08,23.92,-7.81,0.78,0.74,0.76,436.0,1.0,-0.76,0.0,87.0,40.0,100.0,-0.5,13.0,"Closed loop, using oxygen sensor feedback to determine fuel mix/",39.0,39
2026-09-13 13:39:16.299,680.5,22.0,2.67,26.67,16.08,23.53,-3.91,0.78,0.1,0.77,436.0,1.0,-0.78,0.0,87.0,40.0,100.0,-0.5,13.0,"Closed loop, using oxygen sensor feedback to determine fuel mix/",39.0,39
2026-09-13 13:39:16.678,684.75,22.0,2.68,26.67,16.08,23.53,-3.91,0.78,0.41,0.77,436.0,1.0,-0.78,0.0,87.0,40.0,100.0,-0.5,13.0,"Closed loop, using oxygen sensor feedback to determine fuel mix/",39.0,39
2026-09-13 13:39:17.141,675.75,23.0,2.68,26.67,16.08,23.92,-7.81,0.78,0.76,0.76,436.0,1.0,-0.77,0.0,87.0,40.0,100.0,-0.5,13.0,"Closed loop, using oxygen sensor feedback to determine fuel mix/",39.0,39
2026-09-13 13:39:17.540,684.25,23.0,2.56,25.1,13.33,21.18,-3.91,0.78,0.12,0.77,436.0,1.0,-0.77,0.0,87.0,40.0,100.0,-0.5,13.0,"Closed loop, using oxygen sensor feedback to determine fuel mix/",39.0,39
2026-09-13 13:39:17.907,682.25,19.0,1.91,23.53,13.33,17.25,-3.91,0.78,0.23,0.78,436.0,1.0,-0.81,0.0,88.0,40.0,100.0,12.5,13.0,"Closed loop, using oxygen sensor feedback to determine fuel mix/",39.0,39
2026-09-13 13:39:18.565,676.0,18.0,1.91,23.53,13.33,16.86,-7.81,0.78,0.85,0.77,436.0,1.0,-0.82,0.0,88.0,40.0,100.0,12.5,13.0,"Closed loop, using oxygen sensor feedback to determine fuel mix/",39.0,39
2026-09-13 13:39:18.948,686.25,18.0,1.88,23.53,13.33,16.47,-8.59,0.78,0.86,0.8,435.0,1.0,-0.82,0.0,88.0,40.0,100.0,12.5,13.0,"Closed loop, using oxygen sensor feedback to determine fuel mix/",39.0,39
2026-09-13 13:39:19.299,684.75,17.0,1.85,23.53,12.94,16.47,-8.59,0.78,0.86,0.82,435.0,1.0,-0.83,0.0,88.0,40.0,100.0,12.5,13.0,"Closed loop, using oxygen sensor feedback to determine fuel mix/",39.0,39
2026-09-13 13:39:19.664,688.5,18.0,1.83,23.53,12.94,16.08,-9.38,0.78,0.86,0.82,435.0,1.0,-0.82,0.0,88.0,40.0,100.0,12.5,13.0,"Closed loop, using oxygen sensor feedback to determine fuel mix/",39.0,39
2026-09-13 13:39:20.047,688.0,18.0,1.8,23.14,12.94,16.08,-9.38,0.78,0.86,0.82,435.0,1.0,-0.82,0.0,87.0,40.0,100.0,3.5,13.0,"Closed loop, using oxygen sensor feedback to determine fuel mix/",39.0,39
2026-09-13 13:39:20.655,682.5,17.0,1.8,23.14,12.94,15.69,-10.94,0.78,0.86,0.82,434.0,1.0,-0.83,0.0,87.0,40.0,100.0,3.5,13.0,"Closed loop, using oxygen sensor feedback to determine fuel mix/",39.0,39
2026-09-13 13:39:21.022,684.25,17.0,1.83,23.14,12.94,16.08,-11.72,0.78,0.85,0.81,434.0,1.0,-0.83,0.0,87.0,40.0,100.0,3.5,13.0,"Closed loop, using oxygen sensor feedback to determine fuel mix/",39.0,39
2026-09-13 13:39:21.389,678.75,18.0,1.8,23.14,12.94,16.08,-13.28,0.78,0.84,0.81,434.0,1.0,-0.82,0.0,87.0,40.0,100.0,3.5,13.0,"Closed loop, using oxygen sensor feedback to determine fuel mix/",39.0,39
2026-09-13 13:39:21.758,680.5,17.0,1.82,23.14,12.94,16.08,-14.06,0.78,0.82,0.81,434.0,1.0,-0.83,0.0,87.0,40.0,100.0,3.5,13.0,"Closed loop, using oxygen sensor feedback to determine fuel mix/",39.0,39
2026-09-13 13:39:22.140,671.5,18.0,1.83,23.53,12.94,16.08,-16.41,0.78,0.8,0.81,433.0,1.0,-0.82,0.0,87.0,40.0,100.0,8.5,13.0,"Closed loop, using oxygen sensor feedback to determine fuel mix/",39.0,39
2026-09-13 13:39:22.762,680.25,17.0,1.84,23.53,13.33,16.47,-17.19,0.78,0.76,0.8,433.0,1.0,-0.83,0.0,87.0,40.0,100.0,8.5,13.0,"Closed loop, using oxygen sensor feedback to determine fuel mix/",39.0,39
2026-09-13 13:39:23.145,678.0,17.0,1.84,23.53,13.33,16.47,-17.19,0.78,0.72,0.79,433.0,1.0,-0.83,0.0,87.0,40.0,100.0,8.5,13.0,"Closed loop, using oxygen sensor feedback to determine fuel mix/",39.0,39
2026-09-13 13:39:23.497,676.25,18.0,1.86,23.53,13.33,16.47,-17.97,0.78,0.6,0.78,433.0,1.0,-0.82,0.0,87.0,40.0,100.0,8.5,13.0,"Closed loop, using oxygen sensor feedback to determine fuel mix/",39.0,39
2026-09-13 13:39:23.896,679.25,18.0,1.87,23.53,13.33,16.47,-9.38,0.78,0.11,0.78,432.0,1.0,-0.82,0.0,87.0,40.0,100.0,8.5,13.0,"Closed loop, using oxygen sensor feedback to determine fuel mix/",39.0,39
2026-09-13 13:39:24.265,686.25,18.0,1.87,23.53,12.94,16.47,-9.38,0.78,0.12,0.77,432.0,1.0,-0.82,0.0,87.0,40.0,100.0,4.0,13.0,"Closed loop, using oxygen sensor feedback to determine fuel mix/",39.0,39
2026-09-13 13:39:24.939,681.0,17.0,1.85,23.53,12.94,16.47,-13.28,0.78,0.83,0.77,432.0,1.0,-0.83,0.0,87.0,40.0,100.0,4.0,13.0,"Closed loop, using oxygen sensor feedback to determine fuel mix/",39.0,39
2026-09-13 13:39:25.305,679.5,17.0,1.86,23.53,12.94,16.47,-14.06,0.78,0.83,0.77,432.0,1.0,-0.83,0.0,87.0,40.0,100.0,4.0,13.0,"Closed loop, using oxygen sensor feedback to determine fuel mix/",39.0,39
2026-09-13 13:39:25.669,684.25,18.0,1.86,23.53,12.94,16.47,-14.06,0.78,0.82,0.79,431.0,1.0,-0.82,0.0,87.0,40.0,100.0,4.0,13.0,"Closed loop, using oxygen sensor feedback to determine fuel mix/",39.0,39
2026-09-13 13:39:26.052,682.75,17.0,1.86,23.53,12.94,16.47,-14.84,0.78,0.81,0.79,431.0,1.0,-0.83,0.0,87.0,40.0,100.0,4.0,13.0,"Closed loop, using oxygen sensor feedback to determine fuel mix/",39.0,39
2026-09-13 13:39:26.423,681.0,18.0,1.85,23.14,12.94,16.47,-14.84,0.78,0.81,0.79,431.0,1.0,-0.82,0.0,87.0,41.0,100.0,5.0,12.9,"Closed loop, using oxygen sensor feedback to determine fuel mix/",39.0,39
2026-09-13 13:39:27.170,681.25,18.0,1.85,23.53,12.94,16.47,-17.19,0.78,0.79,0.79,431.0,1.0,-0.82,0.0,87.0,41.0,100.0,5.0,12.9,"Closed loop, using oxygen sensor feedback to determine fuel mix/",39.0,39
2026-09-13 13:39:27.555,676.0,17.0,1.86,23.53,12.94,16.47,-18.75,0.78,0.77,0.79,430.0,1.0,-0.83,0.0,87.0,41.0,100.0,5.0,12.9,"Closed loop, using oxygen sensor feedback to determine fuel mix/",39.0,39
2026-09-13 13:39:27.922,676.5,18.0,1.87,23.53,13.33,16.86,-19.53,0.78,0.74,0.78,430.0,1.0,-0.82,0.0,87.0,41.0,100.0,5.0,12.9,"Closed loop, using oxygen sensor feedback to determine fuel mix/",39.0,39
2026-09-13 13:39:28.272,673.5,17.0,1.88,23.53,13.33,16.86,-21.09,0.78,0.68,0.78,430.0,1.0,-0.83,0.0,87.0,41.0,100.0,5.0,12.9,"Closed loop, using oxygen sensor feedback to determine fuel mix/",39.0,39
2026-09-13 13:39:28.809,672.75,19.0,1.89,23.53,13.33,16.86,-13.28,0.78,0.09,0.77,430.0,1.0,-0.81,0.0,87.0,41.0,100.0,3.0,13.0,"Closed loop, using oxygen sensor feedback to determine fuel mix/",39.0,39
2026-09-13 13:39:29.442,682.5,17.0,1.88,23.53,13.33,16.47,-12.5,0.78,0.2,0.77,430.0,1.0,-0.83,0.0,87.0,41.0,100.0,3.0,13.0,"Closed loop, using oxygen sensor feedback to determine fuel mix/",39.0,39
2026-09-13 13:39:29.822,685.25,18.0,1.88,23.53,13.33,16.86,-16.41,0.78,0.79,0.76,429.0,1.0,-0.82,0.0,87.0,41.0,100.0,3.0,13.0,"Closed loop, using oxygen sensor feedback to determine fuel mix/",39.0,39
2026-09-13 13:39:30.189,681.5,17.0,1.88,23.53,13.33,16.86,-16.41,0.78,0.81,0.76,429.0,1.0,-0.83,0.0,87.0,41.0,100.0,3.0,13.0,"Closed loop, using oxygen sensor feedback to determine fuel mix/",39.0,39
2026-09-13 13:39:30.571,678.75,18.0,1.88,23.53,13.33,16.86,-17.19,0.78,0.77,0.76,429.0,1.0,-0.82,0.0,87.0,41.0,100.0,3.0,13.0,"Closed loop, using oxygen sensor feedback to determine fuel mix/",39.0,39
2026-09-13 13:39:30.906,676.25,17.0,1.9,23.53,13.33,16.86,-17.19,0.78,0.71,0.77,429.0,1.0,-0.83,0.0,87.0,41.0,100.0,5.0,13.0,"Closed loop, using oxygen sensor feedback to determine fuel mix/",39.0,39
2026-09-13 13:39:31.513,667.0,18.0,1.92,23.53,13.33,16.86,-14.06,0.78,0.1,0.77,429.0,1.0,-0.82,0.0,87.0,41.0,100.0,5.0,13.0,"Closed loop, using oxygen sensor feedback to determine fuel mix/",39.0,39
2026-09-13 13:39:31.896,677.0,17.0,1.91,23.53,13.33,16.86,-14.06,0.78,0.12,0.77,428.0,1.0,-0.83,0.0,87.0,41.0,100.0,5.0,13.0,"Closed loop, using oxygen sensor feedback to determine fuel mix/",39.0,39
2026-09-13 13:39:32.298,687.5,18.0,1.89,23.53,13.33,16.86,-17.19,0.78,0.74,0.76,428.0,1.0,-0.82,0.0,87.0,41.0,100.0,5.0,13.0,"Closed loop, using oxygen sensor feedback to determine fuel mix/",39.0,39
2026-09-13 13:39:32.631,682.25,18.0,1.89,23.53,13.33,16.86,-17.19,0.78,0.81,0.76,428.0,1.0,-0.82,0.0,87.0,41.0,100.0,5.0,13.0,"Closed loop, using oxygen sensor feedback to determine fuel mix/",39.0,39
2026-09-13 13:39:33.016,678.5,17.0,1.9,23.53,13.33,16.86,-17.97,0.78,0.79,0.76,428.0,1.0,-0.83,0.0,87.0,41.0,100.0,6.0,13.0,"Closed loop, using oxygen sensor feedback to determine fuel mix/",39.0,39
2026-09-13 13:39:33.605,676.25,18.0,1.9,23.53,13.33,16.86,-17.97,0.78,0.68,0.77,428.0,1.0,-0.82,0.0,87.0,41.0,100.0,6.0,13.0,"Closed loop, using oxygen sensor feedback to determine fuel mix/",39.0,39
2026-09-13 13:39:33.959,677.0,17.0,1.91,23.53,13.33,16.86,-14.84,0.78,0.33,0.77,428.0,1.0,-0.83,0.0,87.0,41.0,100.0,6.0,13.0,"Closed loop, using oxygen sensor feedback to determine fuel mix/",39.0,39
2026-09-13 13:39:34.342,679.5,17.0,1.9,23.53,13.33,16.86,-14.84,0.78,0.12,0.77,427.0,1.0,-0.83,0.0,87.0,41.0,100.0,6.0,13.0,"Closed loop, using oxygen sensor feedback to determine fuel mix/",39.0,39
2026-09-13 13:39:34.708,683.25,17.0,1.89,23.53,13.33,16.47,-14.84,0.78,0.17,0.76,427.0,1.0,-0.83,0.0,87.0,41.0,100.0,6.0,13.0,"Closed loop, using oxygen sensor feedback to determine fuel mix/",39.0,39
2026-09-13 13:39:35.027,682.5,18.0,1.88,23.53,13.33,16.47,-17.97,0.78,0.76,0.76,427.0,1.0,-0.82,0.0,87.0,41.0,100.0,5.5,12.9,"Closed loop, using oxygen sensor feedback to determine fuel mix/",39.0,39
2026-09-13 13:39:35.649,682.75,17.0,1.89,23.53,13.33,16.86,-18.75,0.78,0.77,0.76,427.0,1.0,-0.83,0.0,87.0,41.0,100.0,5.5,12.9,"Closed loop, using oxygen sensor feedback to determine fuel mix/",39.0,39
2026-09-13 13:39:36.019,675.75,17.0,1.91,23.53,13.33,16.86,-18.75,0.78,0.71,0.76,427.0,1.0,-0.83,0.0,87.0,41.0,100.0,5.5,12.9,"Closed loop, using oxygen sensor feedback to determine fuel mix/",39.0,39
2026-09-13 13:39:36.418,676.5,17.0,1.9,23.53,13.33,16.86,-15.62,0.78,0.24,0.77,427.0,1.0,-0.83,0.0,87.0,41.0,100.0,5.5,12.9,"Closed loop, using oxygen sensor feedback to determine fuel mix/",39.0,39
2026-09-13 13:39:36.815,673.75,17.0,1.9,23.53,13.33,16.86,-15.62,0.78,0.11,0.76,427.0,1.0,-0.83,0.0,87.0,41.0,100.0,5.5,12.9,"Closed loop, using oxygen sensor feedback to determine fuel mix/",39.0,39
2026-09-13 13:39:37.186,679.5,17.0,1.9,23.53,13.33,16.86,-14.84,0.78,0.12,0.76,426.0,1.0,-0.83,0.0,87.0,41.0,100.0,3.5,13.0,"Closed loop, using oxygen sensor feedback to determine fuel mix/",39.0,39
2026-09-13 13:39:37.804,683.0,18.0,1.89,23.53,13.33,16.86,-18.75,0.78,0.7,0.76,426.0,1.0,-0.82,0.0,87.0,41.0,100.0,3.5,13.0,"Closed loop, using oxygen sensor feedback to determine fuel mix/",39.0,39
2026-09-13 13:39:38.189,679.0,18.0,1.89,23.53,13.33,16.86,-18.75,0.78,0.76,0.75,426.0,1.0,-0.82,0.0,87.0,41.0,100.0,3.5,13.0,"Closed loop, using oxygen sensor feedback to determine fuel mix/",39.0,39
2026-09-13 13:39:38.506,681.0,17.0,1.9,23.53,13.33,16.86,-18.75,0.78,0.74,0.75,426.0,1.0,-0.83,0.0,87.0,41.0,100.0,3.5,13.0,"Closed loop, using oxygen sensor feedback to determine fuel mix/",39.0,39
2026-09-13 13:39:38.857,678.25,17.0,1.91,23.53,13.33,16.86,-19.53,0.78,0.41,0.76,426.0,1.0,-0.83,0.0,87.0,41.0,100.0,3.5,13.0,"Closed loop, using oxygen sensor feedback to determine fuel mix/",39.0,39
2026-09-13 13:39:39.197,686.75,17.0,1.91,23.53,13.33,16.86,-15.62,0.78,0.1,0.76,426.0,1.0,-0.83,0.0,87.0,41.0,100.0,2.5,12.9,"Closed loop, using oxygen sensor feedback to determine fuel mix/",39.0,39
2026-09-13 13:39:39.756,678.0,17.0,1.9,23.53,13.33,16.86,-14.84,0.78,0.2,0.76,426.0,1.0,-0.83,0.0,87.0,41.0,100.0,2.5,12.9,"Closed loop, using oxygen sensor feedback to determine fuel mix/",39.0,39
2026-09-13 13:39:40.144,679.25,18.0,1.89,23.53,13.33,16.86,-18.75,0.78,0.74,0.75,425.0,1.0,-0.82,0.0,87.0,41.0,100.0,2.5,12.9,"Closed loop, using oxygen sensor feedback to determine fuel mix/",39.0,39
2026-09-13 13:39:40.492,682.0,18.0,1.91,23.53,13.33,16.86,-18.75,0.78,0.75,0.75,425.0,1.0,-0.82,0.0,87.0,41.0,100.0,2.5,12.9,"Closed loop, using oxygen sensor feedback to determine fuel mix/",39.0,39
2026-09-13 13:39:40.860,678.5,18.0,1.91,23.53,13.33,16.86,-19.53,0.78,0.69,0.75,425.0,1.0,-0.82,0.0,87.0,41.0,100.0,2.5,12.9,"Closed loop, using oxygen sensor feedback to determine fuel mix/",39.0,39
2026-09-13 13:39:41.230,679.75,17.0,1.91,23.53,13.33,16.86,-15.62,0.78,0.14,0.76,425.0,1.0,-0.83,0.0,87.0,41.0,100.0,3.5,12.9,"Closed loop, using oxygen sensor feedback to determine fuel mix/",39.0,39
2026-09-13 13:39:41.852,679.25,17.0,1.89,23.53,12.94,16.86,-14.84,0.78,0.11,0.76,425.0,1.0,-0.83,0.0,87.0,41.0,100.0,3.5,12.9,"Closed loop, using oxygen sensor feedback to determine fuel mix/",39.0,39
2026-09-13 13:39:42.235,680.25,18.0,1.89,23.53,13.33,16.86,-14.84,0.78,0.61,0.76,425.0,1.0,-0.82,0.0,87.0,41.0,100.0,3.5,12.9,"Closed loop, using oxygen sensor feedback to determine fuel mix/",39.0,39
2026-09-13 13:39:42.586,682.75,17.0,1.9,23.53,13.33,16.86,-18.75,0.78,0.76,0.75,425.0,1.0,-0.83,0.0,87.0,41.0,100.0,3.5,12.9,"Closed loop, using oxygen sensor feedback to determine fuel mix/",39.0,39
2026-09-13 13:39:42.954,679.0,17.0,1.91,23.53,13.33,16.86,-18.75,0.78,0.73,0.75,425.0,1.0,-0.83,0.0,87.0,41.0,100.0,3.5,12.9,"Closed loop, using oxygen sensor feedback to determine fuel mix/",39.0,39
2026-09-13 13:39:43.321,672.25,18.0,1.9,23.53,13.33,16.86,-19.53,0.78,0.72,0.76,425.0,1.0,-0.82,0.0,87.0,41.0,100.0,5.0,12.9,"Closed loop, using oxygen sensor feedback to determine fuel mix/",39.0,39
2026-09-13 13:39:43.946,676.25,18.0,1.9,23.53,13.33,16.86,-16.41,0.78,0.12,0.76,424.0,1.0,-0.82,0.0,87.0,41.0,100.0,5.0,12.9,"Closed loop, using oxygen sensor feedback to determine fuel mix/",39.0,39
2026-09-13 13:39:44.302,682.25,18.0,1.91,23.53,13.33,16.86,-16.41,0.78,0.1,0.76,424.0,1.0,-0.82,0.0,87.0,41.0,100.0,5.0,12.9,"Closed loop, using oxygen sensor feedback to determine fuel mix/",39.0,39
2026-09-13 13:39:44.666,683.5,17.0,1.91,23.53,13.33,16.86,-15.62,0.78,0.1,0.76,424.0,1.0,-0.83,0.0,87.0,41.0,100.0,5.0,12.9,"Closed loop, using oxygen sensor feedback to determine fuel mix/",39.0,39
2026-09-13 13:39:45.032,685.75,17.0,1.91,23.53,13.33,16.86,-15.62,0.78,0.11,0.75,424.0,1.0,-0.83,0.0,87.0,41.0,100.0,5.0,12.9,"Closed loop, using oxygen sensor feedback to determine fuel mix/",39.0,39
2026-09-13 13:39:45.384,688.0,17.0,1.9,23.53,13.33,16.86,-14.84,0.78,0.21,0.75,424.0,1.0,-0.83,0.0,87.0,41.0,100.0,2.5,12.9,"Closed loop, using oxygen sensor feedback to determine fuel mix/",39.0,39
2026-09-13 13:39:45.959,679.25,17.0,1.9,23.53,13.33,17.25,-18.75,0.78,0.75,0.75,424.0,1.0,-0.83,0.0,87.0,41.0,100.0,2.5,12.9,"Closed loop, using oxygen sensor feedback to determine fuel mix/",39.0,39
2026-09-13 13:39:46.314,675.25,17.0,1.9,23.53,13.33,16.86,-19.53,0.78,0.7,0.75,424.0,1.0,-0.83,0.0,87.0,41.0,100.0,2.5,12.9,"Closed loop, using oxygen sensor feedback to determine fuel mix/",39.0,39
2026-09-13 13:39:46.615,677.0,18.0,1.9,23.53,12.94,16.86,-15.62,0.78,0.15,0.76,424.0,1.0,-0.82,0.0,87.0,41.0,100.0,2.5,12.9,"Closed loop, using oxygen sensor feedback to determine fuel mix/",39.0,39
2026-09-13 13:39:46.997,675.0,17.0,1.9,23.53,13.33,16.86,-15.62,0.78,0.11,0.76,424.0,1.0,-0.83,0.0,87.0,41.0,100.0,2.5,12.9,"Closed loop, using oxygen sensor feedback to determine fuel mix/",39.0,39
2026-09-13 13:39:47.365,677.75,17.0,1.91,23.53,13.33,16.86,-14.84,0.78,0.14,0.76,424.0,1.0,-0.83,0.0,87.0,41.0,100.0,4.0,12.9,"Closed loop, using oxygen sensor feedback to determine fuel mix/",39.0,39
2026-09-13 13:39:48.110,677.25,17.0,1.9,23.53,13.33,16.86,-18.75,0.78,0.77,0.75,423.0,1.0,-0.83,0.0,87.0,41.0,100.0,4.0,12.9,"Closed loop, using oxygen sensor feedback to determine fuel mix/",39.0,39
2026-09-13 13:39:48.498,684.5,18.0,1.89,23.53,13.33,16.86,-19.53,0.78,0.74,0.75,423.0,1.0,-0.82,0.0,87.0,41.0,100.0,4.0,12.9,"Closed loop, using oxygen sensor feedback to determine fuel mix/",39.0,39
2026-09-13 13:39:48.865,680.5,17.0,1.91,23.53,13.33,16.86,-19.53,0.78,0.54,0.76,423.0,1.0,-0.83,0.0,87.0,41.0,100.0,4.0,12.9,"Closed loop, using oxygen sensor feedback to determine fuel mix/",39.0,39
2026-09-13 13:39:49.232,674.75,17.0,1.9,23.53,13.33,16.86,-15.62,0.78,0.1,0.77,423.0,1.0,-0.83,0.0,87.0,41.0,100.0,4.0,12.9,"Closed loop, using oxygen sensor feedback to determine fuel mix/",39.0,39
2026-09-13 13:39:49.616,679.5,17.0,1.9,23.53,13.33,16.86,-15.62,0.78,0.1,0.77,423.0,1.0,-0.83,0.0,87.0,41.0,100.0,3.5,12.9,"Closed loop, using oxygen sensor feedback to determine fuel mix/",39.0,39
2026-09-13 13:39:50.205,681.5,18.0,1.9,23.53,12.94,16.86,-14.84,0.78,0.38,0.76,423.0,1.0,-0.82,0.0,87.0,41.0,100.0,3.5,12.9,"Closed loop, using oxygen sensor feedback to determine fuel mix/",39.0,39
2026-09-13 13:39:50.589,680.75,18.0,1.89,23.53,13.33,16.86,-18.75,0.78,0.77,0.75,423.0,1.0,-0.82,0.0,87.0,41.0,100.0,3.5,12.9,"Closed loop, using oxygen sensor feedback to determine fuel mix/",39.0,39
2026-09-13 13:39:50.974,668.75,17.0,1.9,23.53,13.33,16.86,-18.75,0.78,0.75,0.75,423.0,1.0,-0.83,0.0,87.0,41.0,100.0,3.5,12.9,"Closed loop, using oxygen sensor feedback to determine fuel mix/",39.0,39
2026-09-13 13:39:51.342,675.5,17.0,1.92,23.53,13.33,17.25,-19.53,0.78,0.55,0.76,423.0,1.0,-0.83,0.0,87.0,41.0,100.0,3.5,12.9,"Closed loop, using oxygen sensor feedback to determine fuel mix/",39.0,39
2026-09-13 13:39:51.693,687.5,17.0,1.91,23.53,13.33,16.86,-15.62,0.78,0.1,0.77,423.0,1.0,-0.83,0.0,86.0,41.0,100.0,3.5,12.9,"Closed loop, using oxygen sensor feedback to determine fuel mix/",39.0,39
2026-09-13 13:39:52.284,678.5,17.0,1.9,23.53,13.33,16.86,-14.84,0.78,0.11,0.76,423.0,1.0,-0.83,0.0,86.0,41.0,100.0,3.5,12.9,"Closed loop, using oxygen sensor feedback to determine fuel mix/",39.0,39
2026-09-13 13:39:52.634,686.75,18.0,1.9,23.53,13.33,16.86,-14.84,0.78,0.19,0.76,422.0,1.0,-0.82,0.0,86.0,41.0,100.0,3.5,12.9,"Closed loop, using oxygen sensor feedback to determine fuel mix/",39.0,39
2026-09-13 13:39:53.003,682.25,17.0,1.91,23.53,13.33,16.86,-18.75,0.78,0.74,0.75,422.0,1.0,-0.83,0.0,86.0,41.0,100.0,3.5,12.9,"Closed loop, using oxygen sensor feedback to determine fuel mix/",39.0,39
2026-09-13 13:39:53.386,684.0,18.0,1.9,23.53,13.33,16.86,-18.75,0.78,0.74,0.74,422.0,1.0,-0.82,0.0,86.0,41.0,100.0,3.5,12.9,"Closed loop, using oxygen sensor feedback to determine fuel mix/",39.0,39
2026-09-13 13:39:53.751,675.5,17.0,1.91,23.53,13.33,16.86,-19.53,0.78,0.61,0.75,422.0,1.0,-0.83,0.0,86.0,41.0,100.0,6.5,13.0,"Closed loop, using oxygen sensor feedback to determine fuel mix/",39.0,39
2026-09-13 13:39:54.375,687.5,18.0,1.91,23.53,13.33,16.86,-15.62,0.78,0.1,0.76,422.0,1.0,-0.82,0.0,86.0,41.0,100.0,6.5,13.0,"Closed loop, using oxygen sensor feedback to determine fuel mix/",39.0,39
2026-09-13 13:39:54.742,684.5,18.0,1.91,23.53,13.33,16.86,-14.84,0.78,0.14,0.76,422.0,1.0,-0.82,0.0,86.0,41.0,100.0,6.5,13.0,"Closed loop, using oxygen sensor feedback to determine fuel mix/",39.0,39
2026-09-13 13:39:55.109,681.75,18.0,1.93,23.53,13.33,17.25,-14.84,0.78,0.34,0.75,422.0,1.0,-0.82,0.0,86.0,41.0,100.0,6.5,13.0,"Closed loop, using oxygen sensor feedback to determine fuel mix/",39.0,39
2026-09-13 13:39:55.477,681.25,17.0,1.91,23.53,13.33,16.86,-18.75,0.78,0.74,0.74,422.0,1.0,-0.83,0.0,86.0,41.0,100.0,6.5,13.0,"Closed loop, using oxygen sensor feedback to determine fuel mix/",39.0,39
2026-09-13 13:39:55.860,680.5,18.0,1.91,23.53,13.33,16.86,-18.75,0.78,0.73,0.75,422.0,1.0,-0.82,0.0,86.0,41.0,100.0,5.0,13.0,"Closed loop, using oxygen sensor feedback to determine fuel mix/",39.0,39
2026-09-13 13:39:56.484,679.75,18.0,1.93,23.53,13.33,16.86,-15.62,0.78,0.1,0.76,422.0,1.0,-0.82,0.0,86.0,41.0,100.0,5.0,13.0,"Closed loop, using oxygen sensor feedback to determine fuel mix/",39.0,39
2026-09-13 13:39:56.835,684.75,18.0,1.91,23.53,13.33,16.86,-15.62,0.78,0.1,0.76,422.0,1.0,-0.82,0.0,86.0,41.0,100.0,5.0,13.0,"Closed loop, using oxygen sensor feedback to determine fuel mix/",39.0,39
2026-09-13 13:39:57.204,685.25,17.0,1.9,23.53,13.33,16.86,-14.84,0.78,0.1,0.76,422.0,1.0,-0.83,0.0,86.0,41.0,100.0,5.0,13.0,"Closed loop, using oxygen sensor feedback to determine fuel mix/",39.0,39
2026-09-13 13:39:57.521,683.75,17.0,1.89,23.53,13.33,16.86,-14.84,0.78,0.14,0.75,422.0,1.0,-0.83,0.0,86.0,41.0,100.0,5.0,13.0,"Closed loop, using oxygen sensor feedback to determine fuel mix/",39.0,39
2026-09-13 13:39:57.872,683.25,17.0,1.91,23.53,13.33,16.86,-17.97,0.78,0.73,0.74,422.0,1.0,-0.83,0.0,86.0,41.0,100.0,5.5,13.0,"Closed loop, using oxygen sensor feedback to determine fuel mix/",39.0,39
2026-09-13 13:39:58.434,675.25,17.0,1.91,23.53,13.33,16.86,-17.97,0.78,0.76,0.74,421.0,1.0,-0.83,0.0,86.0,41.0,100.0,5.5,13.0,"Closed loop, using oxygen sensor feedback to determine fuel mix/",39.0,39
2026-09-13 13:39:58.815,677.5,18.0,1.91,23.53,13.33,17.25,-18.75,0.78,0.55,0.75,421.0,1.0,-0.82,0.0,86.0,41.0,100.0,5.5,13.0,"Closed loop, using oxygen sensor feedback to determine fuel mix/",39.0,39
2026-09-13 13:39:59.197,679.25,17.0,1.92,23.53,13.33,16.86,-14.84,0.78,0.1,0.76,421.0,1.0,-0.83,0.0,86.0,41.0,100.0,5.5,13.0,"Closed loop, using oxygen sensor feedback to determine fuel mix/",39.0,39
2026-09-13 13:39:59.715,677.25,18.0,1.92,23.53,13.33,16.86,-14.06,0.78,0.11,0.76,421.0,1.0,-0.82,0.0,86.0,41.0,100.0,5.5,13.0,"Closed loop, using oxygen sensor feedback to determine fuel mix/",39.0,39
2026-09-13 13:40:00.092,686.25,17.0,1.9,23.53,13.33,16.86,-14.06,0.78,0.54,0.76,421.0,1.0,-0.83,0.0,86.0,41.0,100.0,5.5,13.0,"Closed loop, using oxygen sensor feedback to determine fuel mix/",39.0,39
2026-09-13 13:40:00.719,675.25,17.0,1.9,23.53,13.33,16.86,-17.97,0.78,0.77,0.74,421.0,1.0,-0.83,0.0,86.0,41.0,100.0,5.5,13.0,"Closed loop, using oxygen sensor feedback to determine fuel mix/",39.0,39
2026-09-13 13:40:01.213,676.5,17.0,1.91,23.53,13.33,16.86,-14.84,0.78,0.12,0.76,421.0,1.0,-0.83,0.0,86.0,41.0,100.0,5.5,13.0,"Closed loop, using oxygen sensor feedback to determine fuel mix/",39.0,39
2026-09-13 13:40:01.577,687.75,18.0,1.91,23.53,13.33,16.86,-14.84,0.78,0.1,0.77,421.0,1.0,-0.82,0.0,86.0,41.0,100.0,5.5,13.0,"Closed loop, using oxygen sensor feedback to determine fuel mix/",39.0,39
2026-09-13 13:40:01.941,688.5,17.0,1.9,23.53,13.33,16.86,-14.06,0.78,0.14,0.76,421.0,1.0,-0.83,0.0,86.0,41.0,100.0,5.5,13.0,"Closed loop, using oxygen sensor feedback to determine fuel mix/",39.0,39
2026-09-13 13:40:02.295,679.5,17.0,1.9,23.53,13.33,16.86,-17.97,0.78,0.68,0.76,421.0,1.0,-0.83,0.0,86.0,41.0,100.0,7.0,12.9,"Closed loop, using oxygen sensor feedback to determine fuel mix/",39.0,39
2026-09-13 13:40:02.870,679.0,17.0,1.92,23.53,13.33,17.25,-17.97,0.78,0.76,0.75,421.0,1.0,-0.83,0.0,86.0,41.0,100.0,7.0,12.9,"Closed loop, using oxygen sensor feedback to determine fuel mix/",39.0,39
2026-09-13 13:40:03.226,676.5,18.0,1.92,23.53,13.33,17.25,-18.75,0.78,0.2,0.76,421.0,1.0,-0.82,0.0,86.0,41.0,100.0,7.0,12.9,"Closed loop, using oxygen sensor feedback to determine fuel mix/",39.0,39
2026-09-13 13:40:03.589,675.75,18.0,1.92,23.53,13.33,16.86,-14.84,0.78,0.09,0.76,421.0,1.0,-0.82,0.0,86.0,41.0,100.0,7.0,12.9,"Closed loop, using oxygen sensor feedback to determine fuel mix/",39.0,39
2026-09-13 13:40:03.974,676.0,18.0,1.92,23.53,13.33,16.86,-14.84,0.78,0.09,0.76,421.0,1.0,-0.82,0.0,86.0,41.0,100.0,7.0,12.9,"Closed loop, using oxygen sensor feedback to determine fuel mix/",39.0,39
2026-09-13 13:40:04.339,675.25,18.0,1.93,23.53,13.33,17.25,-14.06,0.78,0.1,0.76,421.0,1.0,-0.82,0.0,86.0,41.0,100.0,6.0,13.0,"Closed loop, using oxygen sensor feedback to determine fuel mix/",39.0,39
2026-09-13 13:40:04.995,678.75,18.0,1.94,23.53,13.33,17.25,-13.28,0.78,0.42,0.74,421.0,1.0,-0.82,0.0,86.0,41.0,100.0,6.0,13.0,"Closed loop, using oxygen sensor feedback to determine fuel mix/",39.0,39
2026-09-13 13:40:05.346,685.0,17.0,1.93,23.53,13.33,17.25,-17.19,0.78,0.73,0.74,421.0,1.0,-0.83,0.0,86.0,41.0,100.0,6.0,13.0,"Closed loop, using oxygen sensor feedback to determine fuel mix/",39.0,39
2026-09-13 13:40:05.666,672.5,18.0,1.93,26.27,13.73,19.22,-17.19,0.78,0.72,0.74,421.0,1.0,-0.82,0.0,86.0,41.0,100.0,6.0,13.0,"Closed loop, using oxygen sensor feedback to determine fuel mix/",39.0,39
2026-09-13 13:40:06.017,678.25,19.0,1.97,26.27,16.08,19.61,-13.28,0.78,0.09,0.75,421.0,1.0,-0.81,0.0,86.0,41.0,100.0,6.0,13.0,"Closed loop, using oxygen sensor feedback to determine fuel mix/",39.0,39
2026-09-13 13:40:06.353,686.75,21.0,2.65,26.67,14.51,23.53,-13.28,0.78,0.08,0.75,421.0,1.0,-0.79,0.0,86.0,41.0,100.0,-2.5,12.9,"Closed loop, using oxygen sensor feedback to determine fuel mix/",39.0,40
2026-09-13 13:40:06.991,681.0,22.0,2.67,26.67,16.47,23.53,-12.5,0.78,0.09,0.74,422.0,1.0,-0.78,0.0,86.0,41.0,100.0,-2.5,12.9,"Closed loop, using oxygen sensor feedback to determine fuel mix/",39.0,40
2026-09-13 13:40:07.359,667.25,24.0,2.73,26.67,16.47,24.31,-12.5,0.78,0.07,0.74,422.0,1.0,-0.76,0.0,86.0,41.0,100.0,-2.5,12.9,"Closed loop, using oxygen sensor feedback to determine fuel mix/",39.0,40
2026-09-13 13:40:07.731,684.0,24.0,2.77,26.67,16.47,24.71,-11.72,0.78,0.07,0.74,422.0,1.0,-0.76,0.0,86.0,41.0,100.0,-2.5,12.9,"Closed loop, using oxygen sensor feedback to determine fuel mix/",39.0,40
2026-09-13 13:40:08.221,680.75,24.0,2.78,26.67,16.47,24.71,-10.16,0.78,0.07,0.74,423.0,1.0,-0.76,0.0,86.0,41.0,100.0,-2.5,12.9,"Closed loop, using oxygen sensor feedback to determine fuel mix/",39.0,40
2026-09-13 13:40:08.605,678.5,23.0,2.79,26.67,16.47,24.71,-9.38,0.78,0.07,0.74,423.0,1.0,-0.77,0.0,86.0,41.0,100.0,0.0,12.9,"Closed loop, using oxygen sensor feedback to determine fuel mix/",39.0,40
2026-09-13 13:40:09.231,674.25,24.0,2.82,27.06,16.86,25.1,-7.81,0.78,0.07,0.74,423.0,1.0,-0.76,0.0,86.0,41.0,100.0,0.0,12.9,"Closed loop, using oxygen sensor feedback to determine fuel mix/",39.0,40
2026-09-13 13:40:09.698,671.25,25.0,2.9,27.06,16.86,25.88,-5.47,0.78,0.09,0.73,424.0,1.0,-0.75,0.0,86.0,41.0,100.0,0.0,12.9,"Closed loop, using oxygen sensor feedback to determine fuel mix/",39.0,40
2026-09-13 13:40:10.058,675.5,26.0,2.9,27.06,16.86,25.88,-4.69,0.78,0.09,0.73,424.0,1.0,-0.74,0.0,86.0,41.0,100.0,0.0,12.9,"Closed loop, using oxygen sensor feedback to determine fuel mix/",39.0,40
2026-09-13 13:40:10.412,680.0,26.0,2.94,27.06,16.86,26.27,-3.91,0.78,0.12,0.73,424.0,1.0,-0.74,0.0,86.0,41.0,100.0,0.0,12.9,"Closed loop, using oxygen sensor feedback to determine fuel mix/",39.0,40
2026-09-13 13:40:10.778,677.0,24.0,2.92,27.06,16.86,26.27,-12.5,0.78,0.67,0.74,424.0,1.0,-0.76,0.0,86.0,41.0,100.0,2.0,13.0,"Closed loop, using oxygen sensor feedback to determine fuel mix/",39.0,40
2026-09-13 13:40:11.405,672.5,24.0,2.95,27.06,16.86,26.27,-8.59,0.78,0.07,0.73,425.0,1.0,-0.76,0.0,86.0,41.0,100.0,2.0,13.0,"Closed loop, using oxygen sensor feedback to determine fuel mix/",39.0,40
2026-09-13 13:40:11.771,680.75,24.0,2.89,27.06,16.86,25.88,-8.59,0.78,0.07,0.73,425.0,1.0,-0.76,0.0,86.0,41.0,100.0,2.0,13.0,"Closed loop, using oxygen sensor feedback to determine fuel mix/",39.0,40
2026-09-13 13:40:12.123,696.0,25.0,2.92,27.06,16.86,25.1,-7.81,0.78,0.07,0.73,425.0,1.0,-0.75,0.0,86.0,41.0,100.0,2.0,13.0,"Closed loop, using oxygen sensor feedback to determine fuel mix/",39.0,40
2026-09-13 13:40:12.492,694.75,23.0,2.91,27.06,16.86,25.49,-7.81,0.78,0.07,0.73,425.0,1.0,-0.77,0.0,86.0,41.0,100.0,2.0,13.0,"Closed loop, using oxygen sensor feedback to determine fuel mix/",39.0,40
2026-09-13 13:40:12.874,705.75,23.0,2.88,27.06,16.86,25.49,-7.03,0.78,0.07,0.73,425.0,1.0,-0.77,1.0,86.0,41.0,100.0,-0.5,13.0,"Closed loop, using oxygen sensor feedback to determine fuel mix/",39.0,40
2026-09-13 13:40:13.436,704.75,23.0,2.87,27.06,16.86,25.49,-6.25,0.78,0.07,0.72,426.0,1.0,-0.77,1.0,86.0,41.0,100.0,-0.5,13.0,"Closed loop, using oxygen sensor feedback to determine fuel mix/",39.0,40
2026-09-13 13:40:13.820,699.0,23.0,2.91,27.06,16.86,25.49,-5.47,0.78,0.08,0.72,426.0,1.0,-0.77,1.0,86.0,41.0,100.0,-0.5,13.0,"Closed loop, using oxygen sensor feedback to determine fuel mix/",39.0,40
2026-09-13 13:40:14.185,704.25,24.0,2.88,27.06,16.86,25.1,-4.69,0.78,0.09,0.71,426.0,1.0,-0.76,1.0,86.0,41.0,100.0,-0.5,13.0,"Closed loop, using oxygen sensor feedback to determine fuel mix/",39.0,40
2026-09-13 13:40:14.521,703.75,25.0,2.87,27.06,16.47,25.1,-3.12,0.78,0.1,0.7,426.0,1.0,-0.75,1.0,86.0,41.0,100.0,-0.5,13.0,"Closed loop, using oxygen sensor feedback to determine fuel mix/",39.0,40
2026-09-13 13:40:14.905,705.75,23.0,2.84,27.06,16.86,25.1,-2.34,0.78,0.15,0.7,426.0,1.0,-0.77,1.0,86.0,41.0,100.0,-1.5,13.0,"Closed loop, using oxygen sensor feedback to determine fuel mix/",39.0,40
2026-09-13 13:40:15.593,694.75,24.0,2.85,27.06,16.86,25.1,-9.38,0.78,0.69,0.72,427.0,1.0,-0.76,1.0,86.0,41.0,100.0,-1.5,13.0,"Closed loop, using oxygen sensor feedback to determine fuel mix/",39.0,40
2026-09-13 13:40:15.961,700.5,23.0,2.86,27.06,16.86,25.1,-5.47,0.78,0.08,0.72,427.0,1.0,-0.77,1.0,86.0,41.0,100.0,-1.5,13.0,"Closed loop, using oxygen sensor feedback to determine fuel mix/",39.0,40
2026-09-13 13:40:16.346,697.25,23.0,2.84,27.06,16.47,25.1,-5.47,0.78,0.09,0.72,427.0,1.0,-0.77,1.0,86.0,41.0,100.0,-1.5,13.0,"Closed loop, using oxygen sensor feedback to determine fuel mix/",39.0,40
2026-09-13 13:40:16.680,700.25,23.0,2.84,26.67,16.47,24.71,-4.69,0.78,0.1,0.72,427.0,1.0,-0.77,1.0,86.0,41.0,100.0,-1.5,13.0,"Closed loop, using oxygen sensor feedback to determine fuel mix/",39.0,40
2026-09-13 13:40:17.062,691.25,24.0,2.79,26.67,16.47,24.71,-4.69,0.78,0.13,0.73,428.0,1.0,-0.76,0.0,86.0,41.0,100.0,-1.0,13.0,"Closed loop, using oxygen sensor feedback to determine fuel mix/",39.0,40
2026-09-13 13:40:17.684,702.75,22.0,2.74,26.67,16.47,23.92,-7.81,0.78,0.65,0.73,428.0,1.0,-0.78,0.0,86.0,41.0,100.0,-1.0,13.0,"Closed loop, using oxygen sensor feedback to determine fuel mix/",39.0,40
2026-09-13 13:40:18.036,694.0,23.0,2.75,26.67,16.47,24.31,-7.81,0.78,0.74,0.72,428.0,1.0,-0.77,0.0,86.0,41.0,100.0,-1.0,13.0,"Closed loop, using oxygen sensor feedback to determine fuel mix/",39.0,40
2026-09-13 13:40:18.372,696.0,22.0,2.75,26.67,16.47,24.31,-3.91,0.78,0.14,0.72,428.0,1.0,-0.78,0.0,86.0,41.0,100.0,-1.0,13.0,"Closed loop, using oxygen sensor feedback to determine fuel mix/",39.0,40
2026-09-13 13:40:18.724,703.0,23.0,2.76,26.67,16.47,24.31,-3.91,0.78,0.1,0.72,428.0,1.0,-0.77,0.0,86.0,41.0,100.0,-1.0,13.0,"Closed loop, using oxygen sensor feedback to determine fuel mix/",39.0,40
2026-09-13 13:40:19.077,694.75,24.0,2.74,26.67,16.47,24.31,-3.91,0.78,0.66,0.72,429.0,1.0,-0.76,0.0,86.0,41.0,100.0,0.5,12.9,"Closed loop, using oxygen sensor feedback to determine fuel mix/",39.0,41
2026-09-13 13:40:19.714,690.5,23.0,2.77,26.67,16.47,24.31,-3.91,0.78,0.12,0.72,429.0,1.0,-0.77,0.0,86.0,41.0,100.0,0.5,12.9,"Closed loop, using oxygen sensor feedback to determine fuel mix/",39.0,41
2026-09-13 13:40:20.113,695.25,24.0,2.77,26.67,16.47,24.31,-3.91,0.78,0.1,0.72,429.0,1.0,-0.76,0.0,86.0,41.0,100.0,0.5,12.9,"Closed loop, using oxygen sensor feedback to determine fuel mix/",39.0,41
2026-09-13 13:40:20.448,695.0,23.0,2.75,26.67,16.47,23.92,-3.91,0.78,0.55,0.73,429.0,1.0,-0.77,0.0,86.0,41.0,100.0,0.5,12.9,"Closed loop, using oxygen sensor feedback to determine fuel mix/",39.0,41
2026-09-13 13:40:20.831,683.25,24.0,2.76,26.67,16.47,24.31,-7.81,0.78,0.73,0.73,429.0,1.0,-0.76,0.0,86.0,41.0,100.0,0.5,12.9,"Closed loop, using oxygen sensor feedback to determine fuel mix/",39.0,41
2026-09-13 13:40:21.230,684.25,24.0,2.76,26.67,16.47,24.31,-3.91,0.78,0.1,0.73,429.0,1.0,-0.76,0.0,86.0,41.0,100.0,2.0,12.8,"Closed loop, using oxygen sensor feedback to determine fuel mix/",39.0,41
2026-09-13 13:40:21.852,693.0,24.0,2.83,27.06,16.86,25.1,-3.12,0.78,0.61,0.73,430.0,1.0,-0.76,0.0,86.0,41.0,100.0,2.0,12.8,"Closed loop, using oxygen sensor feedback to determine fuel mix/",39.0,41
2026-09-13 13:40:22.236,693.75,24.0,2.88,27.06,16.86,25.1,-7.03,0.78,0.71,0.73,430.0,1.0,-0.76,0.0,86.0,41.0,100.0,2.0,12.8,"Closed loop, using oxygen sensor feedback to determine fuel mix/",39.0,41
2026-09-13 13:40:22.605,690.25,23.0,2.85,27.06,16.47,25.1,-3.12,0.78,0.1,0.74,430.0,1.0,-0.77,0.0,86.0,41.0,100.0,2.0,12.8,"Closed loop, using oxygen sensor feedback to determine fuel mix/",39.0,41
2026-09-13 13:40:22.986,688.5,24.0,2.81,26.67,16.47,24.71,-3.12,0.78,0.2,0.74,430.0,1.0,-0.76,0.0,86.0,41.0,100.0,2.0,12.8,"Closed loop, using oxygen sensor feedback to determine fuel mix/",39.0,41
2026-09-13 13:40:23.354,690.25,23.0,2.78,26.67,16.47,24.31,-7.03,0.78,0.76,0.74,430.0,1.0,-0.77,0.0,86.0,41.0,100.0,-0.5,12.9,"Closed loop, using oxygen sensor feedback to determine fuel mix/",39.0,41
2026-09-13 13:40:23.945,686.5,22.0,2.77,26.67,16.47,24.71,-7.81,0.78,0.14,0.76,430.0,1.0,-0.78,0.0,86.0,41.0,100.0,-0.5,12.9,"Closed loop, using oxygen sensor feedback to determine fuel mix/",39.0,41
2026-09-13 13:40:24.312,694.0,22.0,2.79,26.67,16.47,24.31,-3.91,0.78,0.12,0.76,430.0,1.0,-0.78,0.0,86.0,41.0,100.0,-0.5,12.9,"Closed loop, using oxygen sensor feedback to determine fuel mix/",39.0,41
2026-09-13 13:40:24.749,693.5,22.0,2.77,26.67,16.47,24.31,-7.81,0.78,0.75,0.76,430.0,1.0,-0.78,0.0,86.0,41.0,100.0,-0.5,12.9,"Closed loop, using oxygen sensor feedback to determine fuel mix/",39.0,41
2026-09-13 13:40:25.111,688.0,24.0,2.79,26.67,16.86,24.71,-7.81,0.78,0.69,0.75,430.0,1.0,-0.76,0.0,86.0,41.0,100.0,-0.5,12.9,"Closed loop, using oxygen sensor feedback to determine fuel mix/",39.0,41
2026-09-13 13:40:25.462,686.75,23.0,2.86,27.06,16.86,25.1,-3.91,0.78,0.09,0.76,430.0,1.0,-0.77,0.0,86.0,41.0,100.0,-2.0,13.1,"Closed loop, using oxygen sensor feedback to determine fuel mix/",39.0,41
2026-09-13 13:40:26.053,697.75,24.0,2.87,27.06,16.47,25.1,-3.12,0.78,0.66,0.75,430.0,1.0,-0.76,0.0,86.0,41.0,100.0,-2.0,13.1,"Closed loop, using oxygen sensor feedback to determine fuel mix/",39.0,41
2026-09-13 13:40:26.441,694.75,23.0,2.82,26.67,16.47,24.71,-7.03,0.78,0.74,0.74,430.0,1.0,-0.77,0.0,86.0,41.0,100.0,-2.0,13.1,"Closed loop, using oxygen sensor feedback to determine fuel mix/",39.0,41
2026-09-13 13:40:26.804,698.25,23.0,2.81,26.67,16.47,24.71,-3.12,0.78,0.1,0.76,431.0,1.0,-0.77,0.0,86.0,41.0,100.0,-2.0,13.1,"Closed loop, using oxygen sensor feedback to determine fuel mix/",39.0,41
2026-09-13 13:40:27.187,699.0,24.0,2.8,26.67,16.47,24.71,-3.12,0.78,0.14,0.76,431.0,1.0,-0.76,0.0,86.0,41.0,100.0,-2.0,13.1,"Closed loop, using oxygen sensor feedback to determine fuel mix/",39.0,41
2026-09-13 13:40:27.554,699.75,22.0,2.78,26.67,16.47,24.71,-7.03,0.78,0.76,0.75,431.0,1.0,-0.78,0.0,86.0,41.0,100.0,0.5,12.9,"Closed loop, using oxygen sensor feedback to determine fuel mix/",39.0,41
2026-09-13 13:40:28.148,686.5,23.0,2.84,27.06,16.47,25.1,-7.03,0.78,0.48,0.77,431.0,1.0,-0.77,0.0,86.0,41.0,100.0,0.5,12.9,"Closed loop, using oxygen sensor feedback to determine fuel mix/",39.0,41
2026-09-13 13:40:28.480,687.0,24.0,2.83,26.67,16.47,25.1,-3.91,0.78,0.1,0.77,431.0,1.0,-0.76,0.0,86.0,41.0,100.0,0.5,12.9,"Closed loop, using oxygen sensor feedback to determine fuel mix/",39.0,41
2026-09-13 13:40:28.801,698.25,24.0,2.82,26.67,16.47,24.71,-3.91,0.78,0.18,0.77,431.0,1.0,-0.76,0.0,86.0,41.0,100.0,0.5,12.9,"Closed loop, using oxygen sensor feedback to determine fuel mix/",39.0,41
2026-09-13 13:40:29.166,692.25,24.0,2.77,26.67,16.47,24.31,-7.81,0.78,0.76,0.76,431.0,1.0,-0.76,0.0,86.0,41.0,100.0,0.5,12.9,"Closed loop, using oxygen sensor feedback to determine fuel mix/",39.0,41
2026-09-13 13:40:29.551,687.25,22.0,2.75,26.67,16.47,24.31,-7.81,0.78,0.67,0.76,431.0,1.0,-0.78,0.0,86.0,41.0,100.0,-0.5,13.0,"Closed loop, using oxygen sensor feedback to determine fuel mix/",39.0,41
2026-09-13 13:40:30.170,701.25,24.0,2.76,26.67,16.47,24.31,-3.91,0.78,0.14,0.77,431.0,1.0,-0.76,0.0,86.0,41.0,100.0,-0.5,13.0,"Closed loop, using oxygen sensor feedback to determine fuel mix/",39.0,41
2026-09-13 13:40:30.555,698.0,22.0,2.75,26.67,16.47,24.31,-7.81,0.78,0.76,0.76,431.0,1.0,-0.78,0.0,86.0,41.0,100.0,-0.5,13.0,"Closed loop, using oxygen sensor feedback to determine fuel mix/",39.0,41
2026-09-13 13:40:30.890,691.25,22.0,2.76,26.67,16.47,24.31,-7.81,0.78,0.74,0.76,431.0,1.0,-0.78,0.0,86.0,41.0,100.0,-0.5,13.0,"Closed loop, using oxygen sensor feedback to determine fuel mix/",39.0,41
2026-09-13 13:40:31.272,690.0,23.0,2.76,26.67,16.47,24.31,-4.69,0.78,0.12,0.78,431.0,1.0,-0.77,0.0,86.0,41.0,100.0,-0.5,13.0,"Closed loop, using oxygen sensor feedback to determine fuel mix/",39.0,41
2026-09-13 13:40:31.643,691.75,24.0,2.73,26.67,16.47,23.92,-4.69,0.78,0.12,0.77,431.0,1.0,-0.76,0.0,86.0,41.0,100.0,0.0,13.0,"Closed loop, using oxygen sensor feedback to determine fuel mix/",39.0,41
2026-09-13 13:40:32.246,692.75,23.0,2.74,26.67,16.47,24.31,-8.59,0.78,0.76,0.76,432.0,1.0,-0.77,0.0,86.0,41.0,100.0,0.0,13.0,"Closed loop, using oxygen sensor feedback to determine fuel mix/",39.0,41
2026-09-13 13:40:32.600,693.0,22.0,2.74,26.67,16.47,24.31,-4.69,0.78,0.1,0.77,432.0,1.0,-0.78,0.0,86.0,41.0,100.0,0.0,13.0,"Closed loop, using oxygen sensor feedback to determine fuel mix/",39.0,41
2026-09-13 13:40:33.109,696.5,22.0,2.76,26.67,16.47,23.92,-4.69,0.78,0.12,0.77,432.0,1.0,-0.78,0.0,86.0,41.0,100.0,0.0,13.0,"Closed loop, using oxygen sensor feedback to determine fuel mix/",39.0,41
2026-09-13 13:40:33.476,690.25,22.0,2.72,26.67,16.47,23.92,-7.81,0.78,0.72,0.76,432.0,1.0,-0.78,0.0,86.0,41.0,100.0,0.0,13.0,"Closed loop, using oxygen sensor feedback to determine fuel mix/",39.0,41
2026-09-13 13:40:33.863,685.75,22.0,2.7,26.67,16.08,23.92,-7.81,0.78,0.73,0.75,432.0,1.0,-0.78,0.0,86.0,41.0,100.0,-1.0,13.0,"Closed loop, using oxygen sensor feedback to determine fuel mix/",39.0,41
2026-09-13 13:40:34.598,687.5,23.0,2.7,26.67,16.08,23.92,-3.91,0.78,0.21,0.76,432.0,1.0,-0.77,0.0,86.0,41.0,100.0,-1.0,13.0,"Closed loop, using oxygen sensor feedback to determine fuel mix/",39.0,41
2026-09-13 13:40:34.969,687.5,22.0,2.67,26.27,16.47,23.53,-7.81,0.78,0.77,0.76,432.0,1.0,-0.78,0.0,86.0,41.0,100.0,-1.0,13.0,"Closed loop, using oxygen sensor feedback to determine fuel mix/",39.0,41
2026-09-13 13:40:35.351,683.25,22.0,2.69,26.67,16.08,23.92,-7.81,0.78,0.72,0.76,432.0,1.0,-0.78,0.0,86.0,41.0,100.0,-1.0,13.0,"Closed loop, using oxygen sensor feedback to determine fuel mix/",39.0,41
2026-09-13 13:40:35.749,681.5,22.0,2.69,26.67,15.69,23.92,-4.69,0.78,0.1,0.78,432.0,1.0,-0.78,0.0,86.0,41.0,100.0,-1.0,13.0,"Closed loop, using oxygen sensor feedback to determine fuel mix/",39.0,41
2026-09-13 13:40:36.149,689.75,21.0,2.37,23.92,13.33,20.0,-4.69,0.78,0.14,0.77,432.0,1.0,-0.79,0.0,86.0,41.0,100.0,11.5,12.9,"Closed loop, using oxygen sensor feedback to determine fuel mix/",39.0,41
2026-09-13 13:40:36.804,652.5,19.0,1.94,23.53,13.33,17.25,-8.59,0.78,0.83,0.76,432.0,1.0,-0.81,0.0,86.0,41.0,100.0,11.5,12.9,"Closed loop, using oxygen sensor feedback to determine fuel mix/",39.0,41
2026-09-13 13:40:37.187,678.75,17.0,1.92,23.53,12.94,16.86,-9.38,0.78,0.85,0.77,432.0,1.0,-0.83,0.0,86.0,41.0,100.0,11.5,12.9,"Closed loop, using oxygen sensor feedback to determine fuel mix/",39.0,41
2026-09-13 13:40:37.523,685.75,17.0,1.89,23.53,12.94,16.86,-9.38,0.78,0.86,0.8,432.0,1.0,-0.83,0.0,86.0,41.0,100.0,11.5,12.9,"Closed loop, using oxygen sensor feedback to determine fuel mix/",39.0,41
2026-09-13 13:40:37.905,683.25,18.0,1.87,23.14,13.33,16.86,-10.16,0.78,0.86,0.81,431.0,1.0,-0.82,0.0,86.0,41.0,100.0,11.5,12.9,"Closed loop, using oxygen sensor feedback to determine fuel mix/",39.0,41
2026-09-13 13:40:38.273,671.0,18.0,1.9,23.53,13.33,17.25,-10.16,0.78,0.86,0.82,431.0,1.0,-0.82,0.0,86.0,41.0,100.0,3.5,13.0,"Closed loop, using oxygen sensor feedback to determine fuel mix/",39.0,41
2026-09-13 13:40:38.898,679.25,17.0,1.92,23.53,13.33,16.86,-11.72,0.78,0.85,0.81,431.0,1.0,-0.83,0.0,86.0,41.0,100.0,3.5,13.0,"Closed loop, using oxygen sensor feedback to determine fuel mix/",39.0,41
2026-09-13 13:40:39.282,681.0,18.0,1.9,23.53,13.33,16.86,-12.5,0.78,0.86,0.81,431.0,1.0,-0.82,0.0,86.0,41.0,100.0,3.5,13.0,"Closed loop, using oxygen sensor feedback to determine fuel mix/",39.0,41
2026-09-13 13:40:39.647,679.75,17.0,1.9,23.53,13.33,16.86,-14.06,0.78,0.85,0.81,431.0,1.0,-0.83,0.0,86.0,41.0,100.0,3.5,13.0,"Closed loop, using oxygen sensor feedback to determine fuel mix/",39.0,41
2026-09-13 13:40:40.016,671.5,18.0,1.92,23.53,13.33,17.25,-14.84,0.78,0.84,0.81,430.0,1.0,-0.82,0.0,86.0,41.0,100.0,3.5,13.0,"Closed loop, using oxygen sensor feedback to determine fuel mix/",39.0,41
2026-09-13 13:40:40.367,680.5,17.0,1.9,23.53,13.33,16.86,-16.41,0.78,0.82,0.81,430.0,1.0,-0.83,0.0,86.0,41.0,100.0,6.5,12.8,"Closed loop, using oxygen sensor feedback to determine fuel mix/",39.0,41
2026-09-13 13:40:40.992,666.5,18.0,1.94,23.53,13.33,17.25,-17.97,0.78,0.77,0.8,430.0,1.0,-0.82,0.0,86.0,41.0,100.0,6.5,12.8,"Closed loop, using oxygen sensor feedback to determine fuel mix/",39.0,41
2026-09-13 13:40:41.377,666.25,19.0,1.95,23.92,14.51,17.65,-17.97,0.78,0.7,0.79,430.0,1.0,-0.81,0.0,86.0,41.0,100.0,6.5,12.8,"Closed loop, using oxygen sensor feedback to determine fuel mix/",39.0,41
2026-09-13 13:40:41.742,660.0,19.0,2.15,23.92,13.33,18.43,-18.75,0.78,0.45,0.79,430.0,1.0,-0.81,0.0,86.0,41.0,100.0,6.5,12.8,"Closed loop, using oxygen sensor feedback to determine fuel mix/",39.0,41
2026-09-13 13:40:42.080,684.75,19.0,1.95,23.92,13.33,16.86,-10.16,0.78,0.07,0.78,430.0,1.0,-0.81,0.0,86.0,41.0,100.0,6.5,12.8,"Closed loop, using oxygen sensor feedback to determine fuel mix/",39.0,41
2026-09-13 13:40:42.462,691.25,18.0,1.95,23.53,14.9,17.25,-10.16,0.78,0.1,0.77,429.0,1.0,-0.82,0.0,86.0,41.0,100.0,2.5,13.0,"Closed loop, using oxygen sensor feedback to determine fuel mix/",39.0,41
2026-09-13 13:40:43.136,682.75,21.0,2.31,25.49,15.69,20.78,-13.28,0.78,0.78,0.76,429.0,1.0,-0.79,0.0,86.0,41.0,100.0,2.5,13.0,"Closed loop, using oxygen sensor feedback to determine fuel mix/",39.0,41
2026-09-13 13:40:43.519,673.25,21.0,2.4,25.49,15.29,21.57,-14.06,0.78,0.78,0.76,429.0,1.0,-0.79,0.0,86.0,41.0,100.0,2.5,13.0,"Closed loop, using oxygen sensor feedback to determine fuel mix/",39.0,41
2026-09-13 13:40:43.903,680.25,21.0,2.32,25.49,15.29,20.78,-14.06,0.78,0.75,0.77,429.0,1.0,-0.79,0.0,86.0,41.0,100.0,2.5,13.0,"Closed loop, using oxygen sensor feedback to determine fuel mix/",39.0,41
2026-09-13 13:40:44.303,667.0,22.0,2.41,25.49,15.69,21.57,-14.84,0.78,0.35,0.77,429.0,1.0,-0.78,0.0,86.0,41.0,100.0,2.5,13.0,"Closed loop, using oxygen sensor feedback to determine fuel mix/",39.0,41
2026-09-13 13:40:44.702,673.75,22.0,2.55,26.27,16.08,22.75,-10.94,0.78,0.1,0.77,429.0,1.0,-0.78,0.0,86.0,41.0,100.0,-10.5,13.0,"Closed loop, using oxygen sensor feedback to determine fuel mix/",39.0,41
2026-09-13 13:40:45.337,672.5,20.0,2.27,25.1,14.12,20.0,-10.16,0.78,0.1,0.76,429.0,1.0,-0.8,0.0,86.0,41.0,100.0,-10.5,13.0,"Closed loop, using oxygen sensor feedback to determine fuel mix/",39.0,41
2026-09-13 13:40:45.725,686.5,18.0,2.09,24.31,14.12,18.43,-14.06,0.78,0.76,0.76,429.0,1.0,-0.82,0.0,86.0,41.0,100.0,-10.5,13.0,"Closed loop, using oxygen sensor feedback to determine fuel mix/",39.0,41
2026-09-13 13:40:46.107,681.0,18.0,2.06,24.31,14.12,18.43,-14.06,0.78,0.8,0.75,429.0,1.0,-0.82,0.0,86.0,41.0,100.0,-10.5,13.0,"Closed loop, using oxygen sensor feedback to determine fuel mix/",39.0,41
2026-09-13 13:40:46.475,685.25,18.0,2.05,23.92,13.73,18.04,-14.84,0.78,0.78,0.75,429.0,1.0,-0.82,0.0,86.0,41.0,100.0,-10.5,13.0,"Closed loop, using oxygen sensor feedback to determine fuel mix/",39.0,41
2026-09-13 13:40:46.846,676.0,19.0,2.0,23.92,13.73,17.65,-14.84,0.78,0.73,0.77,429.0,1.0,-0.81,0.0,86.0,41.0,100.0,7.0,13.0,"Closed loop, using oxygen sensor feedback to determine fuel mix/",39.0,41
2026-09-13 13:40:47.450,670.5,18.0,1.99,23.92,13.33,17.65,-15.62,0.78,0.43,0.77,428.0,1.0,-0.82,0.0,86.0,41.0,100.0,7.0,13.0,"Closed loop, using oxygen sensor feedback to determine fuel mix/",39.0,41
2026-09-13 13:40:47.799,683.0,17.0,1.94,23.53,13.33,17.25,-11.72,0.78,0.1,0.76,428.0,1.0,-0.83,0.0,86.0,41.0,100.0,7.0,13.0,"Closed loop, using oxygen sensor feedback to determine fuel mix/",39.0,41
2026-09-13 13:40:48.150,688.5,18.0,1.93,23.53,13.33,17.25,-11.72,0.78,0.14,0.76,428.0,1.0,-0.82,0.0,86.0,41.0,100.0,7.0,13.0,"Closed loop, using oxygen sensor feedback to determine fuel mix/",39.0,41
2026-09-13 13:40:48.550,688.75,17.0,1.93,23.53,13.33,17.25,-14.84,0.78,0.75,0.76,428.0,1.0,-0.83,0.0,86.0,41.0,100.0,7.0,13.0,"Closed loop, using oxygen sensor feedback to determine fuel mix/",39.0,41
2026-09-13 13:40:48.902,680.75,18.0,1.95,23.53,13.33,17.25,-14.84,0.78,0.78,0.75,428.0,1.0,-0.82,0.0,86.0,41.0,100.0,4.0,13.1,"Closed loop, using oxygen sensor feedback to determine fuel mix/",39.0,41
2026-09-13 13:40:49.572,674.25,18.0,1.92,23.53,13.33,16.86,-15.62,0.78,0.66,0.76,428.0,1.0,-0.82,0.0,86.0,41.0,100.0,4.0,13.1,"Closed loop, using oxygen sensor feedback to determine fuel mix/",39.0,41
2026-09-13 13:40:49.957,679.25,18.0,1.86,23.53,13.33,16.08,-11.72,0.78,0.11,0.77,427.0,1.0,-0.82,0.0,86.0,41.0,100.0,4.0,13.1,"Closed loop, using oxygen sensor feedback to determine fuel mix/",39.0,41
2026-09-13 13:40:50.323,681.75,17.0,1.84,23.53,13.33,16.47,-11.72,0.78,0.12,0.76,427.0,1.0,-0.83,0.0,86.0,41.0,100.0,4.0,13.1,"Closed loop, using oxygen sensor feedback to determine fuel mix/",39.0,41
2026-09-13 13:40:50.674,686.5,18.0,1.87,23.53,13.33,16.47,-14.84,0.78,0.71,0.76,427.0,1.0,-0.82,0.0,86.0,41.0,100.0,4.0,13.1,"Closed loop, using oxygen sensor feedback to determine fuel mix/",39.0,41
2026-09-13 13:40:51.026,683.75,17.0,1.86,23.53,13.33,16.47,-14.84,0.78,0.76,0.76,427.0,1.0,-0.83,0.0,86.0,41.0,100.0,6.5,12.9,"Closed loop, using oxygen sensor feedback to determine fuel mix/",39.0,41
2026-09-13 13:40:51.648,676.75,19.0,1.87,23.53,13.33,16.86,-11.72,0.78,0.1,0.76,427.0,1.0,-0.81,0.0,86.0,41.0,100.0,6.5,12.9,"Closed loop, using oxygen sensor feedback to determine fuel mix/",39.0,41
2026-09-13 13:40:52.002,682.25,18.0,1.86,23.53,13.33,16.47,-11.72,0.78,0.09,0.76,427.0,1.0,-0.82,0.0,86.0,41.0,100.0,6.5,12.9,"Closed loop, using oxygen sensor feedback to determine fuel mix/",39.0,41
2026-09-13 13:40:52.321,688.0,17.0,1.85,23.53,13.33,16.47,-10.94,0.78,0.1,0.76,427.0,1.0,-0.83,0.0,86.0,41.0,100.0,6.5,12.9,"Closed loop, using oxygen sensor feedback to determine fuel mix/",39.0,41
2026-09-13 13:40:52.687,683.5,18.0,1.83,23.53,13.33,16.47,-10.94,0.78,0.21,0.75,426.0,1.0,-0.82,0.0,86.0,41.0,100.0,6.5,12.9,"Closed loop, using oxygen sensor feedback to determine fuel mix/",39.0,41
2026-09-13 13:40:53.126,682.5,18.0,1.85,23.53,13.33,16.47,-14.84,0.78,0.77,0.74,426.0,1.0,-0.82,0.0,86.0,41.0,100.0,5.5,13.0,"Closed loop, using oxygen sensor feedback to determine fuel mix/",39.0,41
2026-09-13 13:40:53.773,674.75,18.0,1.84,23.53,13.33,16.47,-15.62,0.78,0.72,0.75,426.0,1.0,-0.82,0.0,86.0,41.0,100.0,5.5,13.0,"Closed loop, using oxygen sensor feedback to determine fuel mix/",39.0,41
2026-09-13 13:40:54.157,677.5,17.0,1.84,23.53,13.33,16.47,-11.72,0.78,0.1,0.76,426.0,1.0,-0.83,0.0,86.0,41.0,100.0,5.5,13.0,"Closed loop, using oxygen sensor feedback to determine fuel mix/",39.0,41
2026-09-13 13:40:54.570,680.0,18.0,1.86,23.53,13.33,16.47,-11.72,0.78,0.1,0.76,426.0,1.0,-0.82,0.0,86.0,41.0,100.0,5.5,13.0,"Closed loop, using oxygen sensor feedback to determine fuel mix/",39.0,41
2026-09-13 13:40:54.941,680.5,18.0,1.85,23.53,13.33,16.47,-10.94,0.78,0.41,0.76,426.0,1.0,-0.82,0.0,86.0,41.0,100.0,5.5,13.0,"Closed loop, using oxygen sensor feedback to determine fuel mix/",39.0,41
2026-09-13 13:40:55.242,683.5,18.0,1.85,23.53,13.33,16.47,-14.84,0.78,0.78,0.75,426.0,1.0,-0.82,0.0,86.0,41.0,100.0,3.5,13.0,"Closed loop, using oxygen sensor feedback to determine fuel mix/",39.0,41
2026-09-13 13:40:55.847,677.5,17.0,1.85,23.53,13.33,16.47,-15.62,0.78,0.73,0.75,425.0,1.0,-0.83,0.0,86.0,41.0,100.0,3.5,13.0,"Closed loop, using oxygen sensor feedback to determine fuel mix/",39.0,41
2026-09-13 13:40:56.201,679.75,17.0,1.86,23.53,13.33,16.47,-15.62,0.78,0.38,0.76,425.0,1.0,-0.83,0.0,86.0,41.0,100.0,3.5,13.0,"Closed loop, using oxygen sensor feedback to determine fuel mix/",39.0,41
2026-09-13 13:40:56.567,683.5,18.0,1.88,23.53,13.33,16.47,-11.72,0.78,0.1,0.76,425.0,1.0,-0.82,0.0,86.0,41.0,100.0,3.5,13.0,"Closed loop, using oxygen sensor feedback to determine fuel mix/",39.0,41
2026-09-13 13:40:56.950,686.0,17.0,1.87,23.53,13.33,16.47,-11.72,0.78,0.22,0.76,425.0,1.0,-0.83,0.0,86.0,41.0,100.0,3.5,13.0,"Closed loop, using oxygen sensor feedback to determine fuel mix/",39.0,41
2026-09-13 13:40:57.319,685.5,18.0,1.87,23.53,6.27,16.47,-14.84,0.78,0.78,0.76,425.0,1.03,-0.82,0.0,86.0,41.0,100.0,12.5,12.7,N/A,39.0,41
2026-09-13 13:40:57.973,317.0,23.0,1.09,16.47,7.06,0.0,0.0,0.78,0.79,0.76,425.0,1.03,-0.77,0.0,86.0,41.0,100.0,12.5,12.7,N/A,39.0,41
2026-09-13 13:40:58.356,0.0,35.0,0.0,16.47,6.27,0.0,0.0,0.78,0.78,0.76,425.0,1.03,-0.65,0.0,86.0,41.0,100.0,12.5,12.7,N/A,39.0,41
2026-09-13 13:40:58.707,0.0,47.0,0.0,16.86,6.27,0.0,0.0,0.78,0.77,0.76,425.0,1.03,-0.53,0.0,86.0,41.0,100.0,12.5,12.7,N/A,39.0,41
2026-09-13 13:40:59.043,0.0,55.0,0.0,16.86,6.27,0.0,0.0,0.78,0.76,0.77,425.0,1.03,-0.45,0.0,86.0,41.0,100.0,12.5,12.7,N/A,39.0,41
2026-09-13 13:40:59.430,0.0,58.0,0.0,16.86,21.96,0.0,0.0,0.78,0.75,0.77,425.0,1.03,-0.42,0.0,86.0,41.0,100.0,5.0,12.5,N/A,39.0,41
2026-09-13 13:41:00.081,0.0,59.0,0.0,32.16,21.96,0.0,0.0,0.78,0.73,0.77,424.0,1.03,-0.41,0.0,86.0,41.0,100.0,5.0,12.5,N/A,39.0,41
2026-09-13 13:41:00.467,0.0,59.0,0.0,32.16,21.96,0.0,0.0,0.78,0.71,0.77,424.0,1.03,-0.41,0.0,86.0,41.0,100.0,5.0,12.5,N/A,39.0,41
2026-09-13 13:41:00.831,0.0,59.0,0.0,32.16,21.96,0.0,0.0,0.78,0.65,0.78,424.0,1.03,-0.41,0.0,86.0,41.0,100.0,5.0,12.5,N/A,39.0,41
2026-09-13 13:41:01.196,0.0,59.0,0.0,32.16,21.96,0.0,0.0,0.78,0.15,0.78,424.0,1.03,-0.41,0.0,86.0,41.0,100.0,5.0,12.5,N/A,39.0,41
2026-09-13 13:41:01.696,0.0,59.0,0.0,32.16,21.96,0.0,0.0,0.78,0.08,0.79,424.0,1.03,-0.41,0.0,86.0,42.0,100.0,5.0,12.5,N/A,39.0,36
2026-09-13 13:41:02.296,0.0,59.0,0.0,32.16,21.96,0.0,0.0,0.78,0.07,0.79,424.0,1.03,-0.41,0.0,86.0,42.0,100.0,5.0,12.5,N/A,39.0,36
2026-09-13 13:41:02.649,0.0,59.0,0.0,32.16,21.96,0.0,0.0,0.78,0.07,0.79,424.0,1.03,-0.41,0.0,86.0,42.0,100.0,5.0,12.5,N/A,39.0,36
2026-09-13 13:41:03.139,0.0,59.0,0.0,32.16,21.96,0.0,0.0,0.78,0.06,0.79,424.0,1.03,-0.41,0.0,86.0,42.0,100.0,5.0,12.5,N/A,39.0,36
2026-09-13 13:41:03.513,0.0,59.0,0.0,32.16,21.96,0.0,0.0,0.78,0.06,0.8,424.0,1.03,-0.41,0.0,86.0,42.0,100.0,5.0,12.5,N/A,39.0,36
2026-09-13 13:41:03.881,0.0,59.0,0.0,32.16,21.96,0.0,0.0,0.78,0.06,0.8,424.0,1.03,-0.41,0.0,86.0,43.0,100.0,5.0,12.5,N/A,39.0,36
2026-09-13 13:41:04.504,0.0,59.0,0.0,32.16,21.96,0.0,0.0,0.78,0.05,0.8,424.0,1.03,-0.41,0.0,86.0,43.0,100.0,5.0,12.5,N/A,39.0,36
2026-09-13 13:41:04.904,0.0,59.0,0.0,32.16,21.96,0.0,0.0,0.78,0.05,0.81,423.0,1.03,-0.41,0.0,86.0,43.0,100.0,5.0,12.5,N/A,39.0,36
2026-09-13 13:41:05.271,0.0,59.0,0.0,32.16,21.96,0.0,0.0,0.78,0.04,0.81,423.0,1.03,-0.41,0.0,86.0,43.0,100.0,5.0,12.5,N/A,39.0,36
