Timestamp,RPM(rpm),Speed(km/h),CoolantTemp(C),IntakeTemp(C),MAP(kPa),BaroPressure(kPa),BoostPressure(bar),ThrottlePos(%),STFT(%),LTFT(%),MAF(g/s),O2_B1S1(V),O2_B1S2(V),TimingAdvance(deg),Voltage(V),EngineLoad(%),FuelStatus,AmbAirTemp(C),TFT(C)
2026-08-16 18:02:17.101,690.25,0.0,86.0,41.0,17.0,99.0,-0.82,23.92,-3.12,-3.91,2.04,0.77,0.38,0.0,13.0,18.43,"Closed loop, using oxygen sensor feedback to determine fuel mix/",40.0,53
2026-08-16 18:02:19.093,681.75,0.0,86.0,41.0,18.0,99.0,-0.81,24.31,0.0,-3.91,2.05,0.64,0.61,0.5,13.0,18.43,"Closed loop, using oxygen sensor feedback to determine fuel mix/",40.0,53
2026-08-16 18:02:20.791,685.75,0.0,86.0,41.0,18.0,99.0,-0.81,24.31,-0.78,-3.91,2.06,0.12,0.64,2.0,13.0,18.43,"Closed loop, using oxygen sensor feedback to determine fuel mix/",40.0,53
2026-08-16 18:02:22.485,680.25,0.0,86.0,41.0,19.0,99.0,-0.8,24.31,-0.78,-3.91,2.06,0.1,0.6,3.0,13.1,18.43,"Closed loop, using oxygen sensor feedback to determine fuel mix/",40.0,53
2026-08-16 18:02:24.177,680.75,0.0,86.0,41.0,19.0,99.0,-0.8,24.31,-3.91,-3.91,2.04,0.35,0.41,0.0,13.0,18.43,"Closed loop, using oxygen sensor feedback to determine fuel mix/",40.0,53
2026-08-16 18:02:25.881,682.75,0.0,86.0,41.0,17.0,99.0,-0.82,23.92,-3.12,-3.91,2.06,0.74,0.37,4.0,13.0,18.43,"Closed loop, using oxygen sensor feedback to determine fuel mix/",40.0,53
2026-08-16 18:02:27.578,679.0,0.0,86.0,41.0,18.0,99.0,-0.81,23.92,-3.12,-3.91,2.05,0.74,0.42,1.5,13.0,18.43,"Closed loop, using oxygen sensor feedback to determine fuel mix/",40.0,53
2026-08-16 18:02:29.275,694.25,0.0,86.0,41.0,17.0,99.0,-0.82,23.92,0.0,-3.91,2.03,0.21,0.58,1.0,13.1,18.43,"Closed loop, using oxygen sensor feedback to determine fuel mix/",40.0,53
2026-08-16 18:02:30.982,676.0,0.0,86.0,41.0,18.0,99.0,-0.81,23.92,-0.78,-3.91,2.05,0.1,0.68,2.0,13.0,18.43,"Closed loop, using oxygen sensor feedback to determine fuel mix/",40.0,53
2026-08-16 18:02:32.672,680.0,0.0,86.0,41.0,18.0,99.0,-0.81,23.92,-3.91,-3.91,2.04,0.32,0.45,6.5,13.1,18.43,"Closed loop, using oxygen sensor feedback to determine fuel mix/",40.0,53
2026-08-16 18:02:34.383,687.0,0.0,86.0,41.0,19.0,99.0,-0.8,23.92,-3.12,-3.91,2.05,0.74,0.43,2.0,12.9,18.43,"Closed loop, using oxygen sensor feedback to determine fuel mix/",40.0,53
2026-08-16 18:02:36.090,684.0,0.0,86.0,41.0,18.0,99.0,-0.81,23.92,-3.12,-3.91,2.04,0.76,0.48,1.5,13.0,18.43,"Closed loop, using oxygen sensor feedback to determine fuel mix/",40.0,53
2026-08-16 18:02:37.785,680.25,0.0,86.0,41.0,17.0,99.0,-0.82,23.92,0.0,-3.91,2.06,0.27,0.66,1.5,13.0,18.43,"Closed loop, using oxygen sensor feedback to determine fuel mix/",40.0,53
2026-08-16 18:02:39.492,678.5,0.0,86.0,41.0,18.0,99.0,-0.81,23.92,-0.78,-3.91,2.04,0.1,0.73,1.5,13.0,18.43,"Closed loop, using oxygen sensor feedback to determine fuel mix/",40.0,53
2026-08-16 18:02:41.184,676.75,0.0,86.0,41.0,19.0,99.0,-0.8,23.92,-3.91,-3.91,2.05,0.24,0.53,5.5,13.0,18.43,"Closed loop, using oxygen sensor feedback to determine fuel mix/",40.0,53
2026-08-16 18:02:42.880,679.0,0.0,86.0,41.0,17.0,99.0,-0.82,23.92,-3.12,-3.91,2.04,0.73,0.49,1.5,13.0,18.43,"Closed loop, using oxygen sensor feedback to determine fuel mix/",40.0,53
2026-08-16 18:02:44.571,675.0,0.0,86.0,41.0,18.0,99.0,-0.81,23.92,-3.12,-3.91,2.05,0.76,0.5,1.0,13.0,18.43,"Closed loop, using oxygen sensor feedback to determine fuel mix/",40.0,53
2026-08-16 18:02:46.265,686.0,0.0,86.0,41.0,17.0,99.0,-0.82,23.92,-3.12,-3.91,2.05,0.76,0.61,2.0,13.0,18.43,"Closed loop, using oxygen sensor feedback to determine fuel mix/",40.0,53
2026-08-16 18:02:47.956,689.5,0.0,86.0,41.0,17.0,99.0,-0.82,23.92,-0.78,-3.91,2.03,0.12,0.7,0.5,12.9,18.43,"Closed loop, using oxygen sensor feedback to determine fuel mix/",40.0,53
2026-08-16 18:02:49.651,674.75,0.0,86.0,41.0,19.0,99.0,-0.8,24.31,-0.78,-3.91,2.05,0.1,0.7,4.5,13.0,18.43,"Closed loop, using oxygen sensor feedback to determine fuel mix/",40.0,53
2026-08-16 18:02:51.340,680.5,0.0,86.0,41.0,18.0,99.0,-0.81,23.92,-3.12,-3.91,2.03,0.71,0.48,3.0,13.0,18.43,"Closed loop, using oxygen sensor feedback to determine fuel mix/",40.0,53
2026-08-16 18:02:53.035,686.0,0.0,86.0,41.0,18.0,99.0,-0.81,23.92,-3.12,-3.91,2.03,0.76,0.51,1.5,13.0,18.43,"Closed loop, using oxygen sensor feedback to determine fuel mix/",40.0,53
2026-08-16 18:02:54.745,679.25,0.0,86.0,42.0,17.0,99.0,-0.82,23.92,0.0,-3.91,2.05,0.67,0.61,2.5,13.0,18.04,"Closed loop, using oxygen sensor feedback to determine fuel mix/",40.0,53
2026-08-16 18:02:56.437,685.0,0.0,86.0,41.0,18.0,99.0,-0.81,23.92,-0.78,-3.91,2.03,0.12,0.69,2.5,13.0,18.43,"Closed loop, using oxygen sensor feedback to determine fuel mix/",40.0,53
2026-08-16 18:02:58.135,668.75,0.0,86.0,42.0,18.0,99.0,-0.81,24.31,-0.78,-3.91,2.07,0.1,0.66,0.5,13.0,18.43,"Closed loop, using oxygen sensor feedback to determine fuel mix/",40.0,53
2026-08-16 18:02:59.841,684.25,0.0,86.0,42.0,18.0,99.0,-0.81,24.31,-3.91,-3.91,2.05,0.32,0.48,2.5,13.0,18.43,"Closed loop, using oxygen sensor feedback to determine fuel mix/",40.0,53
2026-08-16 18:03:01.547,683.0,0.0,85.0,42.0,17.0,99.0,-0.82,23.92,-3.12,-3.91,2.05,0.76,0.48,1.0,13.0,18.82,"Closed loop, using oxygen sensor feedback to determine fuel mix/",40.0,53
2026-08-16 18:03:03.240,682.0,0.0,86.0,42.0,19.0,99.0,-0.8,23.92,0.0,-3.91,2.03,0.73,0.62,3.0,13.0,18.43,"Closed loop, using oxygen sensor feedback to determine fuel mix/",40.0,53
2026-08-16 18:03:04.949,671.25,0.0,86.0,42.0,18.0,99.0,-0.81,24.31,-0.78,-3.91,2.05,0.1,0.74,0.0,13.0,18.43,"Closed loop, using oxygen sensor feedback to determine fuel mix/",40.0,53
2026-08-16 18:03:06.657,679.25,0.0,85.0,42.0,17.0,99.0,-0.82,23.92,-3.91,-3.91,2.06,0.14,0.74,5.0,13.0,18.43,"Closed loop, using oxygen sensor feedback to determine fuel mix/",40.0,53
2026-08-16 18:03:08.352,675.25,0.0,86.0,42.0,18.0,99.0,-0.81,23.92,-3.12,-3.91,2.05,0.74,0.47,3.0,12.9,18.43,"Closed loop, using oxygen sensor feedback to determine fuel mix/",40.0,53
2026-08-16 18:03:10.056,683.25,0.0,86.0,42.0,17.0,99.0,-0.82,23.92,-3.12,-3.91,2.02,0.76,0.58,2.0,13.0,18.43,"Closed loop, using oxygen sensor feedback to determine fuel mix/",40.0,53
2026-08-16 18:03:11.751,675.5,0.0,86.0,42.0,19.0,99.0,-0.8,23.92,0.0,-3.91,2.05,0.14,0.69,-1.0,13.0,18.43,"Closed loop, using oxygen sensor feedback to determine fuel mix/",40.0,53
2026-08-16 18:03:13.443,671.75,0.0,85.0,42.0,19.0,99.0,-0.8,24.31,-0.78,-3.91,2.06,0.1,0.73,0.5,13.0,18.43,"Closed loop, using oxygen sensor feedback to determine fuel mix/",40.0,53
2026-08-16 18:03:15.139,680.0,0.0,85.0,42.0,19.0,99.0,-0.8,23.92,-3.91,-3.91,2.04,0.23,0.58,3.5,13.1,18.43,"Closed loop, using oxygen sensor feedback to determine fuel mix/",40.0,53
2026-08-16 18:03:16.846,674.25,0.0,85.0,42.0,18.0,99.0,-0.81,24.31,-3.12,-3.91,2.07,0.72,0.49,6.5,13.0,18.43,"Closed loop, using oxygen sensor feedback to determine fuel mix/",40.0,53
2026-08-16 18:03:18.538,687.25,0.0,85.0,42.0,18.0,99.0,-0.81,23.92,-3.12,-3.91,2.04,0.77,0.52,4.0,13.1,18.43,"Closed loop, using oxygen sensor feedback to determine fuel mix/",40.0,53
2026-08-16 18:03:20.233,681.5,0.0,85.0,42.0,19.0,99.0,-0.8,23.92,0.0,-3.91,2.04,0.25,0.68,1.0,13.0,18.43,"Closed loop, using oxygen sensor feedback to determine fuel mix/",40.0,53
2026-08-16 18:03:21.925,678.75,0.0,85.0,42.0,18.0,99.0,-0.81,23.92,-0.78,-3.91,2.03,0.1,0.73,1.5,13.0,18.43,"Closed loop, using oxygen sensor feedback to determine fuel mix/",40.0,53
2026-08-16 18:03:23.633,679.0,0.0,85.0,42.0,18.0,99.0,-0.81,23.92,-0.78,-3.91,2.04,0.1,0.64,1.0,12.9,18.43,"Closed loop, using oxygen sensor feedback to determine fuel mix/",40.0,53
2026-08-16 18:03:25.341,684.25,0.0,85.0,42.0,19.0,99.0,-0.8,23.92,-3.91,-3.91,2.05,0.69,0.46,2.5,13.0,18.43,"Closed loop, using oxygen sensor feedback to determine fuel mix/",40.0,53
2026-08-16 18:03:27.034,687.0,0.0,85.0,42.0,17.0,99.0,-0.82,23.92,-3.12,-3.91,2.03,0.77,0.47,1.0,13.0,18.43,"Closed loop, using oxygen sensor feedback to determine fuel mix/",40.0,54
2026-08-16 18:03:28.726,679.25,0.0,85.0,42.0,18.0,99.0,-0.81,23.92,0.0,-3.91,2.03,0.17,0.67,1.0,13.1,18.04,"Closed loop, using oxygen sensor feedback to determine fuel mix/",40.0,54
2026-08-16 18:03:30.421,677.75,0.0,85.0,42.0,19.0,99.0,-0.8,23.92,-0.78,-3.91,2.03,0.1,0.74,2.5,13.1,18.43,"Closed loop, using oxygen sensor feedback to determine fuel mix/",40.0,54
2026-08-16 18:03:32.122,680.25,0.0,85.0,42.0,19.0,99.0,-0.8,23.92,-3.91,-3.91,2.04,0.58,0.47,0.5,13.0,18.43,"Closed loop, using oxygen sensor feedback to determine fuel mix/",40.0,54
2026-08-16 18:03:33.820,689.75,0.0,85.0,42.0,19.0,99.0,-0.8,23.92,-3.12,-3.91,2.05,0.76,0.47,2.5,13.0,18.43,"Closed loop, using oxygen sensor feedback to determine fuel mix/",40.0,54
2026-08-16 18:03:35.514,683.0,0.0,85.0,42.0,19.0,99.0,-0.8,23.92,0.0,-3.91,2.04,0.67,0.66,3.5,13.1,18.43,"Closed loop, using oxygen sensor feedback to determine fuel mix/",40.0,54
2026-08-16 18:03:37.221,674.0,0.0,85.0,42.0,19.0,99.0,-0.8,23.92,-0.78,-3.91,2.04,0.11,0.71,1.0,13.0,18.43,"Closed loop, using oxygen sensor feedback to determine fuel mix/",40.0,54
2026-08-16 18:03:38.915,680.75,0.0,85.0,42.0,17.0,99.0,-0.82,23.92,-0.78,-3.91,2.05,0.1,0.6,2.5,13.1,18.43,"Closed loop, using oxygen sensor feedback to determine fuel mix/",40.0,54
2026-08-16 18:03:40.608,683.25,0.0,85.0,42.0,19.0,99.0,-0.8,23.92,-3.91,-3.91,2.03,0.54,0.43,1.0,13.0,18.43,"Closed loop, using oxygen sensor feedback to determine fuel mix/",40.0,54
2026-08-16 18:03:42.302,685.75,0.0,85.0,42.0,18.0,99.0,-0.81,23.92,-3.12,-3.91,2.04,0.73,0.47,3.5,13.0,18.43,"Closed loop, using oxygen sensor feedback to determine fuel mix/",40.0,54
2026-08-16 18:03:44.008,682.5,0.0,85.0,42.0,19.0,99.0,-0.8,23.92,-3.12,-3.91,2.04,0.76,0.49,3.0,13.0,18.43,"Closed loop, using oxygen sensor feedback to determine fuel mix/",40.0,54
2026-08-16 18:03:45.721,677.75,0.0,85.0,42.0,18.0,99.0,-0.81,23.92,0.0,-3.91,2.04,0.28,0.67,0.5,12.5,18.43,"Closed loop, using oxygen sensor feedback to determine fuel mix/",40.0,54
2026-08-16 18:03:47.415,679.75,0.0,86.0,42.0,17.0,99.0,-0.82,23.92,-0.78,-3.91,2.04,0.11,0.71,1.0,12.6,18.43,"Closed loop, using oxygen sensor feedback to determine fuel mix/",40.0,54
2026-08-16 18:03:49.125,678.5,0.0,85.0,42.0,19.0,99.0,-0.8,24.31,-0.78,-3.91,2.04,0.1,0.69,4.0,12.4,18.43,"Closed loop, using oxygen sensor feedback to determine fuel mix/",40.0,54
2026-08-16 18:03:50.832,675.25,0.0,85.0,42.0,18.0,99.0,-0.81,23.92,-3.91,-3.91,2.06,0.67,0.52,1.0,12.5,18.43,"Closed loop, using oxygen sensor feedback to determine fuel mix/",40.0,54
2026-08-16 18:03:52.523,685.75,0.0,86.0,42.0,19.0,99.0,-0.8,23.92,-3.12,-3.91,2.05,0.77,0.51,3.5,12.5,18.43,"Closed loop, using oxygen sensor feedback to determine fuel mix/",40.0,54
2026-08-16 18:03:54.219,683.5,0.0,86.0,42.0,18.0,99.0,-0.81,23.92,0.0,-3.91,2.05,0.64,0.65,4.0,12.5,18.43,"Closed loop, using oxygen sensor feedback to determine fuel mix/",40.0,54
2026-08-16 18:03:55.926,680.25,0.0,85.0,42.0,18.0,99.0,-0.81,23.92,-0.78,-3.91,2.02,0.11,0.71,1.5,12.6,18.43,"Closed loop, using oxygen sensor feedback to determine fuel mix/",40.0,54
2026-08-16 18:03:57.626,675.5,0.0,86.0,42.0,19.0,99.0,-0.8,24.31,-3.91,-3.91,2.07,0.2,0.65,3.5,12.4,18.43,"Closed loop, using oxygen sensor feedback to determine fuel mix/",40.0,54
2026-08-16 18:03:59.328,676.75,0.0,86.0,42.0,18.0,99.0,-0.81,24.31,-3.12,-3.91,2.04,0.73,0.53,2.0,12.4,18.43,"Closed loop, using oxygen sensor feedback to determine fuel mix/",40.0,54
2026-08-16 18:04:01.020,687.75,0.0,86.0,42.0,17.0,99.0,-0.82,23.92,-3.12,-3.91,2.05,0.75,0.57,3.5,12.4,18.43,"Closed loop, using oxygen sensor feedback to determine fuel mix/",40.0,54
2026-08-16 18:04:02.716,684.75,0.0,86.0,42.0,19.0,99.0,-0.8,23.92,-0.78,-3.91,2.04,0.17,0.7,2.0,13.0,18.43,"Closed loop, using oxygen sensor feedback to determine fuel mix/",40.0,54
2026-08-16 18:04:04.409,683.0,0.0,86.0,42.0,18.0,99.0,-0.81,23.92,-0.78,-3.91,2.03,0.1,0.73,3.0,13.0,18.43,"Closed loop, using oxygen sensor feedback to determine fuel mix/",40.0,54
2026-08-16 18:04:06.105,681.0,0.0,86.0,42.0,19.0,99.0,-0.8,23.92,-3.91,-3.91,2.05,0.38,0.59,2.0,13.0,18.43,"Closed loop, using oxygen sensor feedback to determine fuel mix/",40.0,54
2026-08-16 18:04:07.800,675.5,0.0,86.0,42.0,17.0,99.0,-0.82,23.92,-3.12,-3.91,2.04,0.76,0.56,2.0,13.0,18.43,"Closed loop, using oxygen sensor feedback to determine fuel mix/",40.0,54
2026-08-16 18:04:09.506,677.25,0.0,86.0,42.0,19.0,99.0,-0.8,23.92,0.0,-3.91,2.04,0.73,0.66,1.5,13.0,18.43,"Closed loop, using oxygen sensor feedback to determine fuel mix/",40.0,54
2026-08-16 18:04:11.197,685.5,0.0,86.0,43.0,18.0,99.0,-0.81,23.92,-0.78,-3.91,2.04,0.13,0.73,2.0,13.0,18.04,"Closed loop, using oxygen sensor feedback to determine fuel mix/",40.0,54
2026-08-16 18:04:12.902,683.0,0.0,86.0,43.0,19.0,99.0,-0.8,24.31,-0.78,-3.91,2.05,0.1,0.74,0.5,13.0,18.43,"Closed loop, using oxygen sensor feedback to determine fuel mix/",40.0,54
2026-08-16 18:04:14.601,678.0,0.0,86.0,43.0,19.0,99.0,-0.8,23.92,-3.91,-3.91,2.05,0.63,0.64,1.0,13.0,18.43,"Closed loop, using oxygen sensor feedback to determine fuel mix/",40.0,54
2026-08-16 18:04:16.325,671.75,0.0,86.0,43.0,17.0,99.0,-0.82,23.92,-3.12,-3.91,2.04,0.75,0.61,1.5,13.0,18.43,"Closed loop, using oxygen sensor feedback to determine fuel mix/",40.0,54
2026-08-16 18:04:18.018,681.5,0.0,86.0,43.0,19.0,99.0,-0.8,23.92,-3.12,-3.91,2.04,0.77,0.66,1.5,13.0,18.43,"Closed loop, using oxygen sensor feedback to determine fuel mix/",40.0,54
2026-08-16 18:04:19.709,680.5,0.0,86.0,43.0,18.0,99.0,-0.81,23.92,-0.78,-3.91,2.04,0.12,0.74,2.5,13.0,18.04,"Closed loop, using oxygen sensor feedback to determine fuel mix/",40.0,54
2026-08-16 18:04:21.405,677.75,0.0,86.0,43.0,19.0,99.0,-0.8,23.92,-3.91,-3.91,2.03,0.3,0.78,5.0,13.1,18.43,"Closed loop, using oxygen sensor feedback to determine fuel mix/",40.0,54
2026-08-16 18:04:23.111,682.0,0.0,86.0,43.0,18.0,99.0,-0.81,23.92,-3.12,-3.91,2.03,0.73,0.62,1.5,13.0,18.43,"Closed loop, using oxygen sensor feedback to determine fuel mix/",40.0,54
2026-08-16 18:04:24.805,682.25,0.0,86.0,43.0,18.0,99.0,-0.81,23.92,-3.12,-3.91,2.03,0.77,0.62,1.5,13.1,18.04,"Closed loop, using oxygen sensor feedback to determine fuel mix/",40.0,54
2026-08-16 18:04:26.497,676.5,0.0,86.0,43.0,18.0,99.0,-0.81,23.92,0.0,-3.91,2.05,0.61,0.72,0.5,13.0,18.43,"Closed loop, using oxygen sensor feedback to determine fuel mix/",40.0,54
2026-08-16 18:04:28.208,682.0,0.0,86.0,43.0,19.0,99.0,-0.8,23.92,-0.78,-3.91,2.03,0.1,0.77,1.5,13.0,18.43,"Closed loop, using oxygen sensor feedback to determine fuel mix/",40.0,54
2026-08-16 18:04:29.914,684.25,0.0,86.0,43.0,18.0,99.0,-0.81,24.31,-3.91,-3.91,2.06,0.32,0.71,4.0,13.0,18.43,"Closed loop, using oxygen sensor feedback to determine fuel mix/",40.0,54
2026-08-16 18:04:31.610,679.0,0.0,86.0,43.0,18.0,99.0,-0.81,23.92,-3.12,-3.91,2.04,0.77,0.58,2.0,13.0,18.43,"Closed loop, using oxygen sensor feedback to determine fuel mix/",40.0,54
2026-08-16 18:04:33.315,685.25,0.0,86.0,43.0,17.0,99.0,-0.82,23.92,-3.12,-3.91,2.05,0.74,0.68,2.5,13.0,18.43,"Closed loop, using oxygen sensor feedback to determine fuel mix/",40.0,54
2026-08-16 18:04:35.009,689.0,0.0,86.0,43.0,18.0,99.0,-0.81,23.92,-0.78,-3.91,2.05,0.14,0.74,1.0,13.0,18.43,"Closed loop, using oxygen sensor feedback to determine fuel mix/",40.0,55
2026-08-16 18:04:36.717,679.25,0.0,86.0,43.0,18.0,99.0,-0.81,24.31,-0.78,-3.91,2.05,0.1,0.75,0.0,13.0,18.43,"Closed loop, using oxygen sensor feedback to determine fuel mix/",40.0,54
2026-08-16 18:04:38.410,679.5,0.0,86.0,43.0,19.0,99.0,-0.8,23.92,-3.91,-3.91,2.04,0.69,0.64,3.5,13.0,18.43,"Closed loop, using oxygen sensor feedback to determine fuel mix/",40.0,55
2026-08-16 18:04:40.104,680.0,0.0,86.0,43.0,17.0,99.0,-0.82,23.92,-3.12,-3.91,2.03,0.79,0.61,1.0,13.0,18.04,"Closed loop, using oxygen sensor feedback to determine fuel mix/",40.0,55
2026-08-16 18:04:41.794,677.5,0.0,86.0,43.0,19.0,99.0,-0.8,23.92,-0.78,-3.91,2.03,0.28,0.73,-1.0,13.0,18.43,"Closed loop, using oxygen sensor feedback to determine fuel mix/",40.0,55
2026-08-16 18:04:43.489,674.5,0.0,86.0,43.0,19.0,99.0,-0.8,23.92,-0.78,-3.91,2.05,0.1,0.76,2.0,13.0,18.43,"Closed loop, using oxygen sensor feedback to determine fuel mix/",40.0,55
2026-08-16 18:04:45.180,677.25,0.0,86.0,43.0,17.0,99.0,-0.82,23.92,-3.91,-3.91,2.03,0.23,0.68,1.5,13.0,18.43,"Closed loop, using oxygen sensor feedback to determine fuel mix/",40.0,55
2026-08-16 18:04:46.876,680.75,0.0,86.0,43.0,19.0,99.0,-0.8,23.92,-3.12,-3.91,2.04,0.74,0.58,2.0,13.0,18.43,"Closed loop, using oxygen sensor feedback to determine fuel mix/",40.0,55
2026-08-16 18:04:48.582,681.5,0.0,86.0,43.0,18.0,99.0,-0.81,23.92,-3.12,-3.91,2.01,0.76,0.66,0.0,13.0,18.04,"Closed loop, using oxygen sensor feedback to determine fuel mix/",40.0,55
2026-08-16 18:04:50.277,677.25,0.0,86.0,42.0,19.0,99.0,-0.8,23.92,-0.78,-3.91,2.03,0.12,0.76,2.0,13.1,18.04,"Closed loop, using oxygen sensor feedback to determine fuel mix/",40.0,55
2026-08-16 18:04:51.987,673.0,0.0,86.0,42.0,18.0,99.0,-0.81,23.92,-0.78,-3.91,2.03,0.11,0.77,2.5,13.0,18.04,"Closed loop, using oxygen sensor feedback to determine fuel mix/",40.0,55
2026-08-16 18:04:53.676,673.25,0.0,87.0,42.0,19.0,99.0,-0.8,23.92,-3.12,-3.91,2.02,0.74,0.6,0.5,13.0,18.43,"Closed loop, using oxygen sensor feedback to determine fuel mix/",40.0,55
2026-08-16 18:04:55.369,681.25,0.0,87.0,42.0,17.0,99.0,-0.82,23.92,-3.12,-3.91,2.01,0.77,0.63,4.5,12.9,18.43,"Closed loop, using oxygen sensor feedback to determine fuel mix/",40.0,55
2026-08-16 18:04:57.064,682.75,0.0,87.0,42.0,18.0,99.0,-0.81,23.92,0.0,-3.91,2.0,0.24,0.72,4.5,13.0,18.04,"Closed loop, using oxygen sensor feedback to determine fuel mix/",40.0,55
2026-08-16 18:04:58.757,685.0,0.0,87.0,42.0,17.0,99.0,-0.82,23.92,-0.78,-3.91,1.98,0.1,0.73,2.5,13.0,17.65,"Closed loop, using oxygen sensor feedback to determine fuel mix/",40.0,55
2026-08-16 18:05:00.465,677.5,0.0,87.0,42.0,18.0,99.0,-0.81,23.92,0.0,-3.91,1.97,0.09,0.46,4.0,12.9,17.65,"Closed loop, using oxygen sensor feedback to determine fuel mix/",40.0,55
2026-08-16 18:05:02.174,687.75,0.0,87.0,42.0,19.0,99.0,-0.8,23.92,2.34,-3.91,1.93,0.13,0.24,4.0,12.9,17.25,"Closed loop, using oxygen sensor feedback to determine fuel mix/",40.0,55
2026-08-16 18:05:03.882,678.5,0.0,87.0,42.0,18.0,99.0,-0.81,23.92,1.56,-3.91,1.94,0.1,0.33,4.0,13.0,17.65,"Closed loop, using oxygen sensor feedback to determine fuel mix/",40.0,55
2026-08-16 18:05:05.575,684.5,0.0,87.0,42.0,19.0,99.0,-0.8,23.92,-0.78,-3.91,1.98,0.74,0.2,4.0,13.0,17.65,"Closed loop, using oxygen sensor feedback to determine fuel mix/",40.0,55
2026-08-16 18:05:07.269,689.0,0.0,87.0,42.0,18.0,99.0,-0.81,23.92,2.34,-3.91,1.89,0.2,0.3,4.0,13.0,16.86,"Closed loop, using oxygen sensor feedback to determine fuel mix/",40.0,55
2026-08-16 18:05:08.964,674.0,0.0,87.0,42.0,18.0,99.0,-0.81,23.92,3.12,-3.91,1.93,0.1,0.33,2.0,12.9,16.86,"Closed loop, using oxygen sensor feedback to determine fuel mix/",40.0,55
2026-08-16 18:05:10.686,678.75,0.0,87.0,42.0,17.0,99.0,-0.82,23.92,0.0,-3.91,1.88,0.75,0.32,5.5,13.0,17.25,"Closed loop, using oxygen sensor feedback to determine fuel mix/",40.0,55
2026-08-16 18:05:12.397,681.75,0.0,87.0,42.0,18.0,99.0,-0.81,23.53,0.78,-3.91,1.89,0.78,0.6,5.0,12.9,17.25,"Closed loop, using oxygen sensor feedback to determine fuel mix/",40.0,55
2026-08-16 18:05:14.087,679.75,0.0,87.0,42.0,18.0,99.0,-0.81,23.92,2.34,-3.91,1.92,0.12,0.77,5.0,12.9,17.25,"Closed loop, using oxygen sensor feedback to determine fuel mix/",40.0,55
2026-08-16 18:05:15.781,681.25,0.0,87.0,42.0,18.0,99.0,-0.81,23.92,2.34,-3.91,1.86,0.09,0.74,5.0,13.0,16.86,"Closed loop, using oxygen sensor feedback to determine fuel mix/",40.0,55
2026-08-16 18:05:17.486,686.5,0.0,87.0,42.0,17.0,99.0,-0.82,23.53,4.69,-3.91,1.85,0.45,0.32,7.0,12.9,16.86,"Closed loop, using oxygen sensor feedback to determine fuel mix/",40.0,55
2026-08-16 18:05:19.181,678.75,0.0,87.0,43.0,18.0,99.0,-0.81,23.53,3.12,-3.91,1.8,0.09,0.48,5.5,12.9,16.86,"Closed loop, using oxygen sensor feedback to determine fuel mix/",40.0,56
2026-08-16 18:05:20.875,680.0,0.0,87.0,43.0,18.0,99.0,-0.81,23.53,5.47,-3.91,1.85,0.12,0.19,7.0,13.0,16.86,"Closed loop, using oxygen sensor feedback to determine fuel mix/",40.0,56
2026-08-16 18:05:22.570,688.25,0.0,87.0,43.0,20.0,99.0,-0.79,25.49,6.25,-3.91,2.47,0.13,0.25,-7.5,13.0,23.53,"Closed loop, using oxygen sensor feedback to determine fuel mix/",40.0,56
2026-08-16 18:05:24.277,674.5,0.0,87.0,43.0,24.0,99.0,-0.75,26.67,7.03,-3.91,2.7,0.63,0.14,-2.5,13.0,24.31,"Closed loop, using oxygen sensor feedback to determine fuel mix/",40.0,56
2026-08-16 18:05:25.973,675.75,0.0,87.0,42.0,22.0,99.0,-0.77,26.27,3.12,-3.91,2.52,0.8,0.21,2.0,13.0,22.35,"Closed loop, using oxygen sensor feedback to determine fuel mix/",40.0,56
2026-08-16 18:05:27.678,677.5,0.0,87.0,42.0,22.0,99.0,-0.77,26.27,6.25,-3.91,2.5,0.2,0.55,4.5,12.9,22.35,"Closed loop, using oxygen sensor feedback to determine fuel mix/",40.0,56
2026-08-16 18:05:29.370,686.75,0.0,87.0,43.0,23.0,99.0,-0.76,26.27,6.25,-3.91,2.59,0.73,0.5,7.0,13.0,23.53,"Closed loop, using oxygen sensor feedback to determine fuel mix/",40.0,57
2026-08-16 18:05:31.060,691.75,0.0,87.0,42.0,21.0,99.0,-0.78,26.27,2.34,-3.91,2.63,0.78,0.44,5.5,13.0,23.92,"Closed loop, using oxygen sensor feedback to determine fuel mix/",40.0,57
2026-08-16 18:05:32.755,701.25,1.0,87.0,43.0,21.0,99.0,-0.78,26.27,1.56,-3.91,2.62,0.78,0.56,2.0,12.9,23.53,"Closed loop, using oxygen sensor feedback to determine fuel mix/",40.0,57
2026-08-16 18:05:34.466,687.75,0.0,87.0,42.0,22.0,99.0,-0.77,26.67,0.78,-3.91,2.78,0.73,0.55,0.0,13.0,24.71,"Closed loop, using oxygen sensor feedback to determine fuel mix/",40.0,56
2026-08-16 18:05:36.174,673.75,0.0,87.0,42.0,26.0,99.0,-0.73,27.84,4.69,-3.91,3.19,0.1,0.69,-8.0,13.0,28.24,"Closed loop, using oxygen sensor feedback to determine fuel mix/",40.0,56
2026-08-16 18:05:37.882,677.25,0.0,87.0,43.0,25.0,99.0,-0.74,27.45,4.69,-3.91,3.02,0.14,0.54,-6.5,13.0,27.06,"Closed loop, using oxygen sensor feedback to determine fuel mix/",40.0,56
2026-08-16 18:05:39.576,679.25,0.0,87.0,42.0,25.0,99.0,-0.74,26.67,4.69,-3.91,2.8,0.23,0.59,-3.0,13.0,24.71,"Closed loop, using oxygen sensor feedback to determine fuel mix/",40.0,56
2026-08-16 18:05:41.284,678.5,0.0,87.0,43.0,23.0,99.0,-0.76,26.27,0.0,-3.91,2.62,0.67,0.78,1.0,13.0,23.53,"Closed loop, using oxygen sensor feedback to determine fuel mix/",40.0,56
2026-08-16 18:05:42.979,678.0,0.0,87.0,43.0,22.0,99.0,-0.77,26.27,-0.78,-3.91,2.59,0.72,0.65,0.5,13.0,23.14,"Closed loop, using oxygen sensor feedback to determine fuel mix/",40.0,56
2026-08-16 18:05:44.671,682.75,0.0,87.0,43.0,21.0,99.0,-0.78,25.88,-1.56,-3.91,2.51,0.73,0.63,3.0,13.0,23.14,"Closed loop, using oxygen sensor feedback to determine fuel mix/",40.0,56
2026-08-16 18:05:46.361,681.75,0.0,87.0,43.0,21.0,99.0,-0.78,25.88,-1.56,-3.91,2.51,0.73,0.53,4.5,13.0,22.35,"Closed loop, using oxygen sensor feedback to determine fuel mix/",40.0,57
2026-08-16 18:05:48.057,692.0,0.0,87.0,43.0,21.0,99.0,-0.78,26.27,-1.56,-3.91,2.55,0.72,0.46,4.0,13.1,23.14,"Closed loop, using oxygen sensor feedback to determine fuel mix/",40.0,57
2026-08-16 18:05:49.746,694.5,0.0,87.0,43.0,22.0,99.0,-0.77,26.27,-0.78,-3.91,2.58,0.75,0.36,3.0,13.0,23.14,"Closed loop, using oxygen sensor feedback to determine fuel mix/",40.0,57
2026-08-16 18:05:51.441,675.5,0.0,87.0,43.0,26.0,99.0,-0.73,27.45,-0.78,-3.91,3.15,0.72,0.34,-4.5,12.7,28.63,"Closed loop, using oxygen sensor feedback to determine fuel mix/",40.0,57
2026-08-16 18:05:53.134,699.75,1.0,87.0,43.0,26.0,99.0,-0.73,27.84,3.12,-3.91,3.3,0.17,0.15,-2.0,13.0,29.41,"Closed loop, using oxygen sensor feedback to determine fuel mix/",40.0,57
2026-08-16 18:05:54.844,729.75,3.0,88.0,43.0,24.0,99.0,-0.75,27.45,0.0,-3.91,3.01,0.76,0.15,-1.0,13.1,26.27,"Closed loop, using oxygen sensor feedback to determine fuel mix/",40.0,57
2026-08-16 18:05:56.550,718.25,1.0,87.0,43.0,22.0,99.0,-0.77,26.67,-0.78,-3.91,2.83,0.72,0.27,-1.5,13.0,24.71,"Closed loop, using oxygen sensor feedback to determine fuel mix/",40.0,57
2026-08-16 18:05:58.240,692.25,0.0,88.0,43.0,21.0,99.0,-0.78,26.27,-1.56,-3.91,2.63,0.73,0.35,2.5,13.0,23.53,"Closed loop, using oxygen sensor feedback to determine fuel mix/",40.0,57
2026-08-16 18:05:59.936,676.75,0.0,88.0,43.0,20.0,99.0,-0.79,25.49,-1.56,-3.91,2.42,0.79,0.45,-4.5,13.0,21.57,"Closed loop, using oxygen sensor feedback to determine fuel mix/",40.0,57
2026-08-16 18:06:01.661,688.0,0.0,88.0,43.0,19.0,99.0,-0.8,25.1,0.0,-3.91,2.24,0.1,0.74,-3.5,13.0,19.61,"Closed loop, using oxygen sensor feedback to determine fuel mix/",40.0,57
2026-08-16 18:06:03.354,679.5,0.0,88.0,43.0,18.0,99.0,-0.81,24.71,0.78,-3.91,2.06,0.1,0.58,0.0,13.0,18.04,"Closed loop, using oxygen sensor feedback to determine fuel mix/",40.0,57
2026-08-16 18:06:05.045,679.25,0.0,88.0,43.0,18.0,99.0,-0.81,23.92,-1.56,-3.91,1.98,0.77,0.38,3.0,13.0,17.65,"Closed loop, using oxygen sensor feedback to determine fuel mix/",40.0,57
2026-08-16 18:06:06.741,690.0,0.0,88.0,43.0,18.0,99.0,-0.81,23.92,-1.56,-3.91,1.95,0.77,0.62,3.5,13.1,17.65,"Closed loop, using oxygen sensor feedback to determine fuel mix/",40.0,57
2026-08-16 18:06:08.446,675.0,0.0,88.0,43.0,18.0,99.0,-0.81,23.92,0.78,-3.91,1.99,0.1,0.76,2.5,13.0,17.65,"Closed loop, using oxygen sensor feedback to determine fuel mix/",40.0,57
2026-08-16 18:06:10.157,670.0,0.0,,43.0,17.0,99.0,-0.82,23.92,-2.34,-3.91,1.99,0.69,0.76,2.0,13.0,18.04,"Closed loop, using oxygen sensor feedback to determine fuel mix/",40.0,57
2026-08-16 18:06:11.834,669.75,0.0,88.0,,17.0,99.0,-0.82,23.92,-1.56,-3.91,2.02,0.78,0.68,2.0,13.0,18.04,"Closed loop, using oxygen sensor feedback to determine fuel mix/",40.0,57
2026-08-16 18:06:13.511,686.0,0.0,88.0,43.0,17.0,99.0,-0.82,23.92,0.0,-3.91,1.99,0.23,0.74,2.0,13.0,17.65,"Closed loop, using oxygen sensor feedback to determine fuel mix/",40.0,57
2026-08-16 18:06:15.252,680.75,0.0,88.0,43.0,17.0,99.0,-0.82,23.92,0.0,-3.91,2.0,0.1,,1.5,13.0,18.04,"Closed loop, using oxygen sensor feedback to determine fuel mix/",40.0,57
2026-08-16 18:06:16.944,675.75,0.0,88.0,43.0,18.0,99.0,-0.81,23.92,-3.12,-3.91,1.99,0.64,0.77,0.5,13.0,18.04,"Closed loop, using oxygen sensor feedback to determine fuel mix/",40.0,57
2026-08-16 18:06:18.653,674.75,0.0,88.0,43.0,17.0,99.0,-0.82,23.92,-2.34,-3.91,2.01,0.76,0.66,2.5,13.0,18.04,"Closed loop, using oxygen sensor feedback to determine fuel mix/",40.0,57
2026-08-16 18:06:20.361,685.75,0.0,88.0,43.0,18.0,99.0,-0.81,23.92,0.78,-3.91,2.01,0.7,0.71,2.0,13.0,18.04,"Closed loop, using oxygen sensor feedback to determine fuel mix/",40.0,57
2026-08-16 18:06:22.056,686.25,0.0,88.0,43.0,17.0,99.0,-0.82,23.92,0.0,-3.91,2.01,0.12,0.78,2.5,13.0,18.04,"Closed loop, using oxygen sensor feedback to determine fuel mix/",40.0,57
2026-08-16 18:06:23.746,682.25,0.0,88.0,43.0,19.0,99.0,-0.8,23.92,-3.12,-3.91,2.03,0.62,0.79,2.5,13.0,18.43,"Closed loop, using oxygen sensor feedback to determine fuel mix/",40.0,57
2026-08-16 18:06:25.442,679.0,0.0,88.0,43.0,18.0,99.0,-0.81,23.92,-2.34,-3.91,2.01,,0.7,2.5,13.0,18.43,"Closed loop, using oxygen sensor feedback to determine fuel mix/",40.0,57
2026-08-16 18:06:27.103,680.5,0.0,88.0,43.0,18.0,99.0,-0.81,23.92,0.0,-3.91,2.02,0.29,0.72,1.0,13.1,18.04,"Closed loop, using oxygen sensor feedback to determine fuel mix/",40.0,57
2026-08-16 18:06:28.826,679.75,0.0,88.0,43.0,18.0,99.0,-0.81,23.92,-0.78,-3.91,2.01,0.11,0.77,3.5,13.1,18.04,"Closed loop, using oxygen sensor feedback to determine fuel mix/",40.0,57
2026-08-16 18:06:30.549,683.25,0.0,88.0,43.0,19.0,99.0,-0.8,24.31,-0.78,-3.91,2.04,0.11,0.78,3.5,13.0,18.43,"Closed loop, using oxygen sensor feedback to determine fuel mix/",40.0,58
2026-08-16 18:06:32.242,681.25,0.0,89.0,43.0,19.0,99.0,-0.8,24.31,-3.12,-3.91,2.03,0.68,,3.5,12.9,18.04,"Closed loop, using oxygen sensor feedback to determine fuel mix/",40.0,58
2026-08-16 18:06:33.921,684.0,0.0,89.0,43.0,17.0,99.0,-0.82,24.31,,-3.91,2.02,0.17,0.46,3.0,13.0,18.04,"Closed loop, using oxygen sensor feedback to determine fuel mix/",40.0,58
2026-08-16 18:06:35.596,673.25,0.0,88.0,43.0,19.0,99.0,-0.8,24.31,0.0,-3.91,2.03,0.1,0.56,4.5,12.9,18.43,"Closed loop, using oxygen sensor feedback to determine fuel mix/",40.0,58
2026-08-16 18:06:37.289,680.25,0.0,88.0,43.0,18.0,99.0,-0.81,24.31,-3.12,-3.91,2.01,0.58,0.44,4.0,13.0,18.43,"Closed loop, using oxygen sensor feedback to determine fuel mix/",40.0,58
2026-08-16 18:06:38.999,684.25,0.0,88.0,43.0,18.0,99.0,-0.81,24.31,-2.34,-3.91,2.04,0.76,0.47,2.5,13.0,18.43,"Closed loop, using oxygen sensor feedback to determine fuel mix/",40.0,58
2026-08-16 18:06:40.691,670.75,0.0,88.0,43.0,17.0,99.0,-0.82,24.31,0.78,-3.91,2.03,0.68,0.59,4.5,13.0,18.43,"Closed loop, using oxygen sensor feedback to determine fuel mix/",40.0,58
2026-08-16 18:06:42.383,671.0,0.0,89.0,43.0,25.0,99.0,-0.74,27.45,1.56,-3.91,2.95,0.12,0.31,-4.5,12.9,27.06,"Closed loop, using oxygen sensor feedback to determine fuel mix/",40.0,58
2026-08-16 18:06:44.078,665.5,0.0,89.0,43.0,24.0,99.0,-0.75,27.45,2.34,-3.91,2.89,0.14,0.24,-2.5,12.9,26.27,"Closed loop, using oxygen sensor feedback to determine fuel mix/",40.0,58
2026-08-16 18:06:45.786,690.0,0.0,89.0,43.0,25.0,99.0,-0.74,26.67,3.12,-3.91,2.76,0.1,0.17,0.0,13.0,24.71,"Closed loop, using oxygen sensor feedback to determine fuel mix/",40.0,58
2026-08-16 18:06:47.478,682.0,0.0,89.0,43.0,25.0,99.0,-0.74,26.67,4.69,-3.91,2.7,0.11,0.23,0.0,12.9,24.31,"Closed loop, using oxygen sensor feedback to determine fuel mix/",40.0,59
2026-08-16 18:06:49.190,690.25,0.0,89.0,43.0,22.0,99.0,-0.77,26.67,4.69,-3.91,2.67,0.2,0.3,2.5,13.0,23.92,"Closed loop, using oxygen sensor feedback to determine fuel mix/",40.0,59
2026-08-16 18:06:50.896,693.0,0.0,89.0,43.0,21.0,99.0,-0.78,26.27,3.12,-3.91,2.64,0.71,0.42,3.5,13.0,23.53,"Closed loop, using oxygen sensor feedback to determine fuel mix/",40.0,59
2026-08-16 18:06:52.591,695.5,0.0,89.0,43.0,23.0,99.0,-0.76,26.27,2.34,-3.91,2.6,0.59,0.47,1.0,13.0,23.53,"Closed loop, using oxygen sensor feedback to determine fuel mix/",40.0,59
2026-08-16 18:06:54.297,687.5,0.0,89.0,43.0,21.0,99.0,-0.78,26.27,0.0,-3.91,2.58,0.78,0.4,4.0,13.0,23.14,"Closed loop, using oxygen sensor feedback to determine fuel mix/",40.0,59
2026-08-16 18:06:55.990,689.75,0.0,89.0,43.0,21.0,99.0,-0.78,26.27,-0.78,-3.91,2.59,0.76,0.45,3.0,13.1,23.14,"Closed loop, using oxygen sensor feedback to determine fuel mix/",40.0,59
2026-08-16 18:06:57.697,682.0,0.0,89.0,43.0,22.0,99.0,-0.77,26.27,-0.78,-3.91,2.67,0.27,0.5,1.5,13.0,23.92,"Closed loop, using oxygen sensor feedback to determine fuel mix/",40.0,59
2026-08-16 18:06:59.392,684.0,0.0,89.0,43.0,22.0,99.0,-0.77,26.67,2.34,-3.91,2.71,0.1,0.6,0.0,13.0,23.92,"Closed loop, using oxygen sensor feedback to determine fuel mix/",40.0,59
2026-08-16 18:07:01.084,682.0,0.0,89.0,43.0,22.0,99.0,-0.77,26.67,2.34,-3.91,2.69,0.1,0.69,0.5,13.0,23.92,"Closed loop, using oxygen sensor feedback to determine fuel mix/",40.0,60
2026-08-16 18:07:02.795,686.25,0.0,89.0,43.0,22.0,99.0,-0.77,26.27,2.34,-3.91,2.66,0.32,0.61,1.0,13.0,23.53,"Closed loop, using oxygen sensor feedback to determine fuel mix/",40.0,60
2026-08-16 18:07:04.488,692.75,0.0,89.0,43.0,22.0,99.0,-0.77,26.27,1.56,-3.91,2.52,0.61,0.6,3.0,13.1,22.75,"Closed loop, using oxygen sensor feedback to determine fuel mix/",40.0,60
2026-08-16 18:07:06.180,685.25,0.0,89.0,43.0,21.0,99.0,-0.78,25.88,-0.78,-3.91,2.49,0.77,0.59,5.5,12.9,22.75,"Closed loop, using oxygen sensor feedback to determine fuel mix/",40.0,60
2026-08-16 18:07:07.873,682.0,0.0,89.0,43.0,21.0,99.0,-0.78,26.27,2.34,-3.91,2.62,0.71,0.55,2.5,13.0,23.53,"Closed loop, using oxygen sensor feedback to determine fuel mix/",40.0,60
2026-08-16 18:07:09.579,687.25,0.0,89.0,42.0,23.0,99.0,-0.76,26.67,-0.78,-3.91,2.75,0.77,0.44,3.0,13.0,24.71,"Closed loop, using oxygen sensor feedback to determine fuel mix/",40.0,60
2026-08-16 18:07:11.275,691.75,0.0,89.0,42.0,23.0,99.0,-0.76,26.67,-0.78,-3.91,2.64,0.73,0.39,1.5,13.1,23.92,"Closed loop, using oxygen sensor feedback to determine fuel mix/",40.0,60
2026-08-16 18:07:12.966,695.5,0.0,89.0,42.0,23.0,99.0,-0.76,26.67,-0.78,-3.91,2.66,0.23,0.59,2.5,13.0,24.31,"Closed loop, using oxygen sensor feedback to determine fuel mix/",40.0,60
2026-08-16 18:07:14.660,679.25,0.0,89.0,42.0,22.0,99.0,-0.77,26.67,2.34,-3.91,2.73,0.1,0.46,-0.5,12.9,24.31,"Closed loop, using oxygen sensor feedback to determine fuel mix/",40.0,60
2026-08-16 18:07:16.353,689.5,0.0,89.0,42.0,23.0,99.0,-0.76,26.67,3.12,-3.91,2.78,0.1,0.41,-0.5,13.0,24.71,"Closed loop, using oxygen sensor feedback to determine fuel mix/",40.0,60
2026-08-16 18:07:18.048,695.75,0.0,89.0,42.0,22.0,99.0,-0.77,26.67,2.34,-3.91,2.69,0.11,0.64,1.0,13.0,24.31,"Closed loop, using oxygen sensor feedback to determine fuel mix/",40.0,60
2026-08-16 18:07:19.756,688.25,0.0,89.0,42.0,23.0,99.0,-0.76,26.67,2.34,-3.91,2.7,0.34,0.58,1.5,13.0,24.71,"Closed loop, using oxygen sensor feedback to determine fuel mix/",40.0,60
2026-08-16 18:07:21.465,682.75,0.0,89.0,42.0,22.0,99.0,-0.77,26.67,0.0,-3.91,2.76,0.76,0.47,1.5,13.0,24.31,"Closed loop, using oxygen sensor feedback to determine fuel mix/",40.0,60
2026-08-16 18:07:23.155,694.5,0.0,89.0,42.0,23.0,99.0,-0.76,26.67,0.0,-3.91,2.72,0.73,0.5,1.0,13.0,24.31,"Closed loop, using oxygen sensor feedback to determine fuel mix/",40.0,60
2026-08-16 18:07:24.863,678.0,0.0,89.0,42.0,23.0,99.0,-0.76,27.06,-0.78,-3.91,2.85,0.11,0.65,0.5,13.0,26.27,"Closed loop, using oxygen sensor feedback to determine fuel mix/",40.0,60
2026-08-16 18:07:26.557,673.0,0.0,89.0,42.0,26.0,99.0,-0.73,27.84,0.0,-3.91,3.26,0.68,0.35,-7.5,13.1,29.41,"Closed loop, using oxygen sensor feedback to determine fuel mix/",40.0,61
2026-08-16 18:07:28.248,682.5,0.0,89.0,42.0,26.0,99.0,-0.73,27.06,0.78,-3.91,3.01,0.72,0.23,-4.0,13.0,27.84,"Closed loop, using oxygen sensor feedback to determine fuel mix/",40.0,61
2026-08-16 18:07:29.944,684.75,0.0,89.0,42.0,23.0,99.0,-0.76,27.06,0.78,-3.91,2.85,0.73,0.2,-1.0,13.0,26.67,"Closed loop, using oxygen sensor feedback to determine fuel mix/",40.0,60
2026-08-16 18:07:31.652,682.25,0.0,89.0,42.0,24.0,99.0,-0.75,27.45,1.56,-3.91,2.97,0.1,0.3,-5.5,13.1,26.67,"Closed loop, using oxygen sensor feedback to determine fuel mix/",40.0,61
2026-08-16 18:07:33.359,685.25,0.0,90.0,42.0,23.0,99.0,-0.76,26.67,0.78,-3.91,2.61,0.15,0.44,0.0,13.1,23.14,"Closed loop, using oxygen sensor feedback to determine fuel mix/",40.0,61
2026-08-16 18:07:35.053,695.25,0.0,90.0,42.0,21.0,99.0,-0.78,25.88,1.56,-3.91,2.44,0.73,0.45,5.0,12.9,21.18,"Closed loop, using oxygen sensor feedback to determine fuel mix/",40.0,61
2026-08-16 18:07:36.743,693.0,0.0,90.0,42.0,22.0,99.0,-0.77,25.88,0.78,-3.91,2.41,0.76,0.59,5.5,13.0,21.57,"Closed loop, using oxygen sensor feedback to determine fuel mix/",40.0,61
2026-08-16 18:07:38.439,687.0,0.0,90.0,42.0,22.0,99.0,-0.77,25.88,0.78,-3.91,2.39,0.76,0.6,5.0,13.0,21.57,"Closed loop, using oxygen sensor feedback to determine fuel mix/",40.0,61
2026-08-16 18:07:40.133,685.0,0.0,90.0,42.0,20.0,99.0,-0.79,25.88,0.0,-3.91,2.47,0.78,0.65,4.5,13.0,21.57,"Closed loop, using oxygen sensor feedback to determine fuel mix/",40.0,61
2026-08-16 18:07:41.824,686.5,0.0,90.0,42.0,21.0,99.0,-0.78,25.88,0.0,-3.91,2.45,0.74,0.65,5.5,13.0,21.57,"Closed loop, using oxygen sensor feedback to determine fuel mix/",40.0,61
2026-08-16 18:07:43.530,693.0,0.0,90.0,42.0,20.0,99.0,-0.79,25.88,-0.78,-3.91,2.42,0.75,0.67,4.5,12.9,21.57,"Closed loop, using oxygen sensor feedback to determine fuel mix/",40.0,61
2026-08-16 18:07:45.226,681.75,0.0,90.0,42.0,21.0,99.0,-0.78,25.88,2.34,-3.91,2.43,0.3,0.67,5.0,13.0,21.96,"Closed loop, using oxygen sensor feedback to determine fuel mix/",40.0,61
2026-08-16 18:07:46.920,691.5,0.0,90.0,42.0,20.0,99.0,-0.79,25.88,2.34,-3.91,2.42,0.74,0.68,4.5,13.0,21.57,"Closed loop, using oxygen sensor feedback to determine fuel mix/",40.0,61
2026-08-16 18:07:48.630,685.5,0.0,90.0,42.0,20.0,99.0,-0.79,25.88,1.56,-3.91,2.39,0.48,0.7,4.0,13.0,21.57,"Closed loop, using oxygen sensor feedback to determine fuel mix/",40.0,61
2026-08-16 18:07:50.337,677.25,0.0,90.0,42.0,20.0,99.0,-0.79,25.88,1.56,-3.91,2.39,0.12,0.73,3.5,13.0,21.57,"Closed loop, using oxygen sensor feedback to determine fuel mix/",40.0,61
2026-08-16 18:07:52.039,708.0,0.0,90.0,42.0,21.0,99.0,-0.78,25.49,1.56,-3.91,2.37,0.1,0.77,11.5,12.8,20.78,"Closed loop, using oxygen sensor feedback to determine fuel mix/",40.0,61
2026-08-16 18:07:53.733,672.0,0.0,90.0,42.0,21.0,99.0,-0.78,26.27,2.34,-3.91,2.47,0.1,0.71,6.0,13.0,22.75,"Closed loop, using oxygen sensor feedback to determine fuel mix/",40.0,61
2026-08-16 18:07:55.429,682.0,0.0,90.0,42.0,22.0,99.0,-0.77,26.67,4.69,-3.91,2.65,0.17,0.31,3.0,13.0,23.53,"Closed loop, using oxygen sensor feedback to determine fuel mix/",40.0,61
2026-08-16 18:07:57.128,690.25,0.0,90.0,42.0,22.0,99.0,-0.77,26.67,4.69,-3.91,2.64,0.74,0.41,3.0,13.0,23.92,"Closed loop, using oxygen sensor feedback to determine fuel mix/",40.0,61
2026-08-16 18:07:58.827,683.5,0.0,90.0,42.0,22.0,99.0,-0.77,26.67,0.78,-3.91,2.71,0.73,0.46,1.5,13.0,24.31,"Closed loop, using oxygen sensor feedback to determine fuel mix/",40.0,61
2026-08-16 18:08:00.525,689.5,0.0,90.0,42.0,23.0,99.0,-0.76,26.67,0.78,-3.91,2.73,0.77,0.48,2.5,13.0,24.31,"Closed loop, using oxygen sensor feedback to determine fuel mix/",40.0,61
2026-08-16 18:08:02.217,689.0,0.0,90.0,42.0,23.0,99.0,-0.76,26.27,0.0,-3.91,2.7,0.71,0.63,1.0,13.0,23.92,"Closed loop, using oxygen sensor feedback to determine fuel mix/",40.0,62
2026-08-16 18:08:03.911,685.0,0.0,90.0,42.0,22.0,99.0,-0.77,26.27,-0.78,-3.91,2.62,0.2,0.71,1.5,13.0,23.92,"Closed loop, using oxygen sensor feedback to determine fuel mix/",40.0,62
2026-08-16 18:08:05.604,679.25,0.0,90.0,42.0,22.0,99.0,-0.77,26.27,-0.78,-3.91,2.64,0.15,0.58,3.5,13.0,23.92,"Closed loop, using oxygen sensor feedback to determine fuel mix/",40.0,62
2026-08-16 18:08:07.294,678.5,0.0,90.0,42.0,22.0,99.0,-0.77,26.27,2.34,-3.91,2.59,0.1,0.68,-1.0,13.0,23.14,"Closed loop, using oxygen sensor feedback to determine fuel mix/",40.0,62
2026-08-16 18:08:08.989,685.75,0.0,90.0,42.0,21.0,99.0,-0.78,26.27,3.12,-3.91,2.57,0.1,0.55,1.0,12.9,23.14,"Closed loop, using oxygen sensor feedback to determine fuel mix/",40.0,62
2026-08-16 18:08:10.695,675.25,0.0,90.0,42.0,23.0,99.0,-0.76,26.27,3.12,-3.91,2.55,0.14,0.62,1.0,13.0,23.14,"Closed loop, using oxygen sensor feedback to determine fuel mix/",40.0,62
2026-08-16 18:08:12.391,686.0,0.0,90.0,42.0,21.0,99.0,-0.78,26.27,2.34,-3.91,2.55,0.18,0.67,1.5,13.0,23.53,"Closed loop, using oxygen sensor feedback to determine fuel mix/",40.0,62
2026-08-16 18:08:14.087,726.5,0.0,90.0,42.0,19.0,99.0,-0.8,25.49,2.34,-3.91,2.32,0.12,0.71,7.0,13.0,21.18,"Closed loop, using oxygen sensor feedback to determine fuel mix/",40.0,62
2026-08-16 18:08:15.776,676.0,0.0,91.0,42.0,21.0,99.0,-0.78,25.88,1.56,-3.91,2.37,0.14,0.79,3.5,13.0,21.57,"Closed loop, using oxygen sensor feedback to determine fuel mix/",40.0,62
2026-08-16 18:08:17.484,676.5,0.0,91.0,42.0,20.0,99.0,-0.79,25.88,1.56,-3.91,2.4,0.11,0.74,3.5,13.0,21.18,"Closed loop, using oxygen sensor feedback to determine fuel mix/",40.0,62
2026-08-16 18:08:19.177,677.0,0.0,91.0,42.0,21.0,99.0,-0.78,25.88,1.56,-3.91,2.41,0.12,0.71,5.5,13.0,21.57,"Closed loop, using oxygen sensor feedback to determine fuel mix/",40.0,62
2026-08-16 18:08:20.886,680.25,0.0,91.0,42.0,22.0,99.0,-0.77,26.27,3.91,-3.91,2.59,0.14,0.39,2.5,13.0,22.75,"Closed loop, using oxygen sensor feedback to determine fuel mix/",40.0,62
2026-08-16 18:08:22.593,698.75,0.0,91.0,42.0,21.0,99.0,-0.78,26.27,3.12,-3.91,2.6,0.27,0.39,0.5,13.0,22.75,"Closed loop, using oxygen sensor feedback to determine fuel mix/",40.0,62
2026-08-16 18:08:24.288,681.75,0.0,91.0,42.0,23.0,99.0,-0.76,26.67,3.12,-3.91,2.65,0.12,0.56,-1.5,13.0,22.75,"Closed loop, using oxygen sensor feedback to determine fuel mix/",40.0,62
2026-08-16 18:08:25.982,681.75,0.0,91.0,42.0,21.0,99.0,-0.78,26.27,2.34,-3.91,2.49,0.1,0.72,3.0,13.0,22.35,"Closed loop, using oxygen sensor feedback to determine fuel mix/",40.0,62
2026-08-16 18:08:27.689,686.5,0.0,91.0,42.0,21.0,99.0,-0.78,25.88,2.34,-3.91,2.46,0.14,0.74,2.0,13.0,21.57,"Closed loop, using oxygen sensor feedback to determine fuel mix/",40.0,62
2026-08-16 18:08:29.381,681.75,0.0,91.0,43.0,20.0,99.0,-0.79,25.88,1.56,-3.91,2.43,0.12,0.74,4.0,13.0,21.96,"Closed loop, using oxygen sensor feedback to determine fuel mix/",40.0,62
2026-08-16 18:08:31.092,682.5,0.0,91.0,43.0,22.0,99.0,-0.77,25.88,1.56,-3.91,2.43,0.11,0.77,3.5,13.0,21.96,"Closed loop, using oxygen sensor feedback to determine fuel mix/",40.0,62
2026-08-16 18:08:32.784,678.5,0.0,91.0,43.0,20.0,99.0,-0.79,25.88,1.56,-3.91,2.42,0.12,0.78,2.0,13.0,21.57,"Closed loop, using oxygen sensor feedback to determine fuel mix/",40.0,62
2026-08-16 18:08:34.492,677.75,0.0,91.0,43.0,21.0,99.0,-0.78,25.88,-1.56,-3.91,2.42,0.49,0.78,3.0,13.0,21.57,"Closed loop, using oxygen sensor feedback to determine fuel mix/",40.0,62
2026-08-16 18:08:36.185,676.75,0.0,91.0,43.0,20.0,99.0,-0.79,25.88,-0.78,-3.91,2.4,0.64,0.74,5.5,13.0,21.96,"Closed loop, using oxygen sensor feedback to determine fuel mix/",40.0,62
2026-08-16 18:08:37.879,672.5,0.0,91.0,43.0,22.0,99.0,-0.77,26.27,-0.78,-3.91,2.61,0.7,0.63,2.5,13.0,23.14,"Closed loop, using oxygen sensor feedback to determine fuel mix/",40.0,62
2026-08-16 18:08:39.570,677.25,0.0,91.0,43.0,23.0,99.0,-0.76,26.27,0.0,-3.91,2.63,0.7,0.56,2.5,13.0,24.31,"Closed loop, using oxygen sensor feedback to determine fuel mix/",40.0,62
2026-08-16 18:08:41.281,681.75,0.0,91.0,43.0,23.0,99.0,-0.76,26.67,0.0,-3.91,2.75,0.6,0.65,4.5,13.0,25.1,"Closed loop, using oxygen sensor feedback to determine fuel mix/",40.0,63
2026-08-16 18:08:42.973,687.75,1.0,91.0,43.0,23.0,99.0,-0.76,27.06,2.34,-3.91,2.93,0.09,0.69,-1.0,13.0,25.1,"Closed loop, using oxygen sensor feedback to determine fuel mix/",40.0,63
2026-08-16 18:08:44.666,695.0,1.0,91.0,43.0,24.0,99.0,-0.75,26.67,2.34,-3.91,2.79,0.12,0.68,-0.5,13.1,25.1,"Closed loop, using oxygen sensor feedback to determine fuel mix/",40.0,63
2026-08-16 18:08:46.359,713.0,2.0,91.0,43.0,22.0,99.0,-0.77,26.67,2.34,-3.91,2.81,0.12,0.72,1.5,13.0,24.71,"Closed loop, using oxygen sensor feedback to determine fuel mix/",40.0,63
2026-08-16 18:08:48.067,706.0,2.0,91.0,43.0,22.0,99.0,-0.77,26.67,1.56,-3.91,2.82,0.7,0.69,0.0,13.0,25.1,"Closed loop, using oxygen sensor feedback to determine fuel mix/",40.0,63
2026-08-16 18:08:49.760,718.75,1.0,91.0,43.0,22.0,99.0,-0.77,26.67,-0.78,-3.91,2.79,0.77,0.52,-0.5,13.0,24.71,"Closed loop, using oxygen sensor feedback to determine fuel mix/",40.0,63
2026-08-16 18:08:51.453,700.75,1.0,91.0,43.0,22.0,99.0,-0.77,26.67,-1.56,-3.91,2.71,0.75,0.62,1.0,13.0,24.31,"Closed loop, using oxygen sensor feedback to determine fuel mix/",40.0,63
2026-08-16 18:08:53.159,708.25,1.0,91.0,43.0,23.0,99.0,-0.76,26.67,-0.78,-3.91,2.74,0.71,0.55,2.5,13.0,24.71,"Closed loop, using oxygen sensor feedback to determine fuel mix/",40.0,63
2026-08-16 18:08:54.856,705.0,1.0,92.0,43.0,22.0,99.0,-0.77,26.67,-1.56,-3.91,2.78,0.27,0.58,2.0,12.9,25.1,"Closed loop, using oxygen sensor feedback to determine fuel mix/",40.0,63
2026-08-16 18:08:56.561,693.25,0.0,91.0,43.0,22.0,99.0,-0.77,26.67,1.56,-3.91,2.75,0.1,0.61,0.0,12.9,24.31,"Closed loop, using oxygen sensor feedback to determine fuel mix/",40.0,63
2026-08-16 18:08:58.256,696.25,2.0,91.0,43.0,24.0,99.0,-0.75,27.06,1.56,-3.91,2.88,0.1,0.64,0.0,13.0,25.1,"Closed loop, using oxygen sensor feedback to determine fuel mix/",40.0,63
2026-08-16 18:08:59.947,710.5,0.0,92.0,43.0,23.0,99.0,-0.76,26.67,2.34,-3.91,2.69,0.41,0.58,-2.0,13.0,23.53,"Closed loop, using oxygen sensor feedback to determine fuel mix/",40.0,63
2026-08-16 18:09:01.643,698.5,0.0,92.0,43.0,21.0,99.0,-0.78,26.27,1.56,-3.91,2.55,0.12,0.76,-0.5,13.0,22.75,"Closed loop, using oxygen sensor feedback to determine fuel mix/",40.0,63
2026-08-16 18:09:03.333,683.75,0.0,92.0,43.0,21.0,99.0,-0.78,25.88,0.78,-3.91,2.5,0.12,0.79,1.0,12.9,21.96,"Closed loop, using oxygen sensor feedback to determine fuel mix/",40.0,63
2026-08-16 18:09:05.027,666.25,0.0,92.0,43.0,21.0,99.0,-0.78,25.88,-2.34,-3.91,2.51,0.64,0.78,4.5,13.0,22.35,"Closed loop, using oxygen sensor feedback to determine fuel mix/",40.0,63
2026-08-16 18:09:06.736,680.25,0.0,92.0,43.0,21.0,99.0,-0.78,26.27,-1.56,-3.91,2.55,0.68,0.59,3.5,13.0,23.14,"Closed loop, using oxygen sensor feedback to determine fuel mix/",40.0,63
2026-08-16 18:09:08.443,672.75,0.0,92.0,43.0,23.0,99.0,-0.76,26.27,-0.78,-3.91,2.57,0.34,0.57,2.0,13.0,23.14,"Closed loop, using oxygen sensor feedback to determine fuel mix/",40.0,63
2026-08-16 18:09:10.137,677.25,0.0,92.0,43.0,22.0,99.0,-0.77,26.27,-0.78,-3.91,2.6,0.17,0.66,3.0,13.0,23.14,"Closed loop, using oxygen sensor feedback to determine fuel mix/",40.0,64
2026-08-16 18:09:11.845,680.5,0.0,92.0,42.0,23.0,99.0,-0.76,26.27,2.34,-3.91,2.61,0.09,0.73,1.5,13.0,23.53,"Closed loop, using oxygen sensor feedback to determine fuel mix/",40.0,64
2026-08-16 18:09:13.538,675.25,0.0,92.0,42.0,23.0,99.0,-0.76,26.27,2.34,-3.91,2.64,0.1,0.72,2.0,12.9,24.31,"Closed loop, using oxygen sensor feedback to determine fuel mix/",40.0,64
2026-08-16 18:09:15.245,687.5,0.0,92.0,42.0,24.0,99.0,-0.75,26.67,2.34,-3.91,2.71,0.14,0.69,0.0,13.0,24.71,"Closed loop, using oxygen sensor feedback to determine fuel mix/",40.0,64
2026-08-16 18:09:16.958,687.0,0.0,92.0,42.0,23.0,99.0,-0.76,26.67,0.0,-3.91,2.67,0.77,0.67,0.0,12.9,23.92,"Closed loop, using oxygen sensor feedback to determine fuel mix/",40.0,64
2026-08-16 18:09:18.649,682.0,0.0,92.0,42.0,22.0,99.0,-0.77,26.27,-0.78,-3.91,2.64,0.76,0.66,2.0,13.0,23.53,"Closed loop, using oxygen sensor feedback to determine fuel mix/",40.0,64
2026-08-16 18:09:20.341,683.25,0.0,92.0,42.0,21.0,99.0,-0.78,26.27,-0.78,-3.91,2.65,0.76,0.57,1.5,13.0,23.53,"Closed loop, using oxygen sensor feedback to determine fuel mix/",40.0,64
2026-08-16 18:09:22.050,682.0,0.0,92.0,42.0,23.0,99.0,-0.76,26.27,-0.78,-3.91,2.63,0.71,0.61,0.5,12.9,23.53,"Closed loop, using oxygen sensor feedback to determine fuel mix/",40.0,64
2026-08-16 18:09:23.748,674.5,0.0,92.0,42.0,22.0,99.0,-0.77,26.27,-0.78,-3.91,2.6,0.27,0.68,1.5,13.0,23.92,"Closed loop, using oxygen sensor feedback to determine fuel mix/",40.0,65
2026-08-16 18:09:25.453,678.5,0.0,92.0,42.0,23.0,99.0,-0.76,26.27,-0.78,-3.91,2.57,0.12,0.66,1.0,13.0,23.14,"Closed loop, using oxygen sensor feedback to determine fuel mix/",40.0,65
2026-08-16 18:09:27.161,677.75,0.0,92.0,42.0,22.0,99.0,-0.77,26.27,2.34,-3.91,2.57,0.1,0.7,0.5,13.0,23.14,"Closed loop, using oxygen sensor feedback to determine fuel mix/",40.0,65
2026-08-16 18:09:28.854,670.5,0.0,92.0,41.0,21.0,99.0,-0.78,26.27,1.56,-3.91,2.59,0.1,0.78,1.0,13.0,22.75,"Closed loop, using oxygen sensor feedback to determine fuel mix/",40.0,65
2026-08-16 18:09:30.579,675.25,0.0,92.0,41.0,22.0,99.0,-0.77,26.27,1.56,-3.91,2.59,0.1,0.76,0.5,13.0,23.53,"Closed loop, using oxygen sensor feedback to determine fuel mix/",40.0,65
2026-08-16 18:09:32.288,678.0,0.0,92.0,41.0,22.0,99.0,-0.77,26.27,1.56,-3.91,2.59,0.13,0.72,0.0,13.0,23.14,"Closed loop, using oxygen sensor feedback to determine fuel mix/",40.0,65
2026-08-16 18:09:33.994,678.75,0.0,92.0,41.0,22.0,99.0,-0.77,26.27,1.56,-3.91,2.62,0.15,0.72,0.5,13.0,23.14,"Closed loop, using oxygen sensor feedback to determine fuel mix/",40.0,65
2026-08-16 18:09:35.688,689.0,0.0,92.0,41.0,23.0,99.0,-0.76,26.27,1.56,-3.91,2.57,0.66,0.7,0.0,12.9,23.14,"Closed loop, using oxygen sensor feedback to determine fuel mix/",40.0,65
2026-08-16 18:09:37.380,684.25,0.0,92.0,41.0,21.0,99.0,-0.78,26.27,-0.78,-3.91,2.55,0.74,0.67,1.0,13.0,23.14,"Closed loop, using oxygen sensor feedback to determine fuel mix/",40.0,65
2026-08-16 18:09:39.085,682.25,0.0,92.0,41.0,22.0,99.0,-0.77,26.27,-1.56,-3.91,2.6,0.76,0.66,1.0,13.0,23.53,"Closed loop, using oxygen sensor feedback to determine fuel mix/",40.0,65
2026-08-16 18:09:40.783,684.25,0.0,93.0,41.0,21.0,99.0,-0.78,26.27,-0.78,-3.91,2.57,0.78,0.58,1.5,12.9,23.14,"Closed loop, using oxygen sensor feedback to determine fuel mix/",40.0,66
2026-08-16 18:09:42.477,678.0,0.0,93.0,41.0,23.0,99.0,-0.76,26.27,-0.78,-3.91,2.53,0.75,0.62,4.0,13.0,23.14,"Closed loop, using oxygen sensor feedback to determine fuel mix/",40.0,66
2026-08-16 18:09:44.169,685.0,0.0,93.0,41.0,21.0,99.0,-0.78,26.27,0.0,-3.91,2.52,0.77,0.6,2.5,12.9,23.14,"Closed loop, using oxygen sensor feedback to determine fuel mix/",40.0,66
2026-08-16 18:09:45.861,680.75,0.0,93.0,41.0,23.0,99.0,-0.76,26.27,-0.78,-3.91,2.54,0.74,0.68,3.0,13.0,23.14,"Closed loop, using oxygen sensor feedback to determine fuel mix/",40.0,66
2026-08-16 18:09:47.572,686.25,0.0,93.0,41.0,22.0,99.0,-0.77,26.27,-0.78,-3.91,2.54,0.73,0.67,3.0,13.0,23.14,"Closed loop, using oxygen sensor feedback to determine fuel mix/",40.0,66
2026-08-16 18:09:49.295,681.25,0.0,93.0,41.0,21.0,99.0,-0.78,26.27,-0.78,-3.91,2.57,0.72,0.66,1.5,13.0,23.14,"Closed loop, using oxygen sensor feedback to determine fuel mix/",40.0,66
2026-08-16 18:09:51.006,682.5,0.0,93.0,41.0,22.0,99.0,-0.77,26.27,-0.78,-3.91,2.52,0.68,0.68,3.0,13.0,22.75,"Closed loop, using oxygen sensor feedback to determine fuel mix/",40.0,66
2026-08-16 18:09:52.711,673.75,0.0,93.0,41.0,23.0,99.0,-0.76,26.27,-0.78,-3.91,2.54,0.59,0.7,4.0,13.0,22.75,"Closed loop, using oxygen sensor feedback to determine fuel mix/",40.0,66
2026-08-16 18:09:54.407,676.5,0.0,93.0,41.0,22.0,99.0,-0.77,26.27,-0.78,-3.91,2.54,0.29,0.7,0.5,13.0,23.14,"Closed loop, using oxygen sensor feedback to determine fuel mix/",40.0,66
2026-08-16 18:09:56.115,678.75,0.0,93.0,41.0,23.0,99.0,-0.76,26.27,1.56,-3.91,2.54,0.1,0.77,0.0,13.0,23.14,"Closed loop, using oxygen sensor feedback to determine fuel mix/",40.0,66
2026-08-16 18:09:57.823,679.5,0.0,93.0,41.0,22.0,99.0,-0.77,26.27,1.56,-3.91,2.56,0.11,0.76,2.0,13.0,22.75,"Closed loop, using oxygen sensor feedback to determine fuel mix/",40.0,66
2026-08-16 18:09:59.548,678.25,0.0,93.0,41.0,22.0,99.0,-0.77,26.27,1.56,-3.91,2.54,0.1,0.76,1.0,12.9,23.14,"Closed loop, using oxygen sensor feedback to determine fuel mix/",40.0,67
2026-08-16 18:10:01.274,679.5,0.0,93.0,42.0,22.0,99.0,-0.77,26.27,1.56,-3.91,2.52,0.1,0.77,1.5,13.0,22.75,"Closed loop, using oxygen sensor feedback to determine fuel mix/",40.0,67
2026-08-16 18:10:02.982,673.5,0.0,93.0,42.0,21.0,99.0,-0.78,26.27,1.56,-3.91,2.55,0.1,0.76,0.5,13.0,22.75,"Closed loop, using oxygen sensor feedback to determine fuel mix/",40.0,67
2026-08-16 18:10:04.673,676.5,0.0,93.0,42.0,22.0,99.0,-0.77,26.27,1.56,-3.91,2.57,0.12,0.75,1.5,13.0,23.14,"Closed loop, using oxygen sensor feedback to determine fuel mix/",40.0,67
2026-08-16 18:10:06.384,681.25,0.0,93.0,42.0,22.0,99.0,-0.77,26.27,1.56,-3.91,2.54,0.14,0.75,0.5,13.0,22.75,"Closed loop, using oxygen sensor feedback to determine fuel mix/",40.0,67
2026-08-16 18:10:08.091,685.0,0.0,93.0,42.0,21.0,99.0,-0.78,26.27,-0.78,-3.91,2.57,0.75,0.72,2.5,13.0,23.14,"Closed loop, using oxygen sensor feedback to determine fuel mix/",40.0,67
2026-08-16 18:10:09.787,679.25,0.0,93.0,42.0,22.0,99.0,-0.77,26.27,2.34,-3.91,2.57,0.74,0.69,1.0,13.0,23.14,"Closed loop, using oxygen sensor feedback to determine fuel mix/",40.0,67
2026-08-16 18:10:11.490,679.75,0.0,93.0,42.0,21.0,99.0,-0.78,26.27,-0.78,-3.91,2.53,0.75,0.69,1.0,13.0,23.53,"Closed loop, using oxygen sensor feedback to determine fuel mix/",40.0,67
2026-08-16 18:10:13.189,675.75,0.0,93.0,42.0,22.0,99.0,-0.77,26.27,-1.56,-3.91,2.55,0.77,0.69,2.5,12.9,23.53,"Closed loop, using oxygen sensor feedback to determine fuel mix/",40.0,67
2026-08-16 18:10:14.894,680.0,0.0,93.0,42.0,21.0,99.0,-0.78,26.27,-1.56,-3.91,2.54,0.74,0.65,2.0,13.0,23.53,"Closed loop, using oxygen sensor feedback to determine fuel mix/",40.0,67
2026-08-16 18:10:16.586,680.25,0.0,93.0,42.0,23.0,99.0,-0.76,26.27,-0.78,-3.91,2.58,0.73,0.69,3.0,13.0,23.53,"Closed loop, using oxygen sensor feedback to determine fuel mix/",40.0,67
2026-08-16 18:10:18.278,683.5,0.0,93.0,42.0,23.0,99.0,-0.76,26.27,-1.56,-3.91,2.63,0.65,0.69,0.5,12.9,23.92,"Closed loop, using oxygen sensor feedback to determine fuel mix/",40.0,67
2026-08-16 18:10:19.970,677.0,0.0,93.0,42.0,22.0,99.0,-0.77,26.27,-1.56,-3.91,2.6,0.12,0.76,-0.5,13.0,23.53,"Closed loop, using oxygen sensor feedback to determine fuel mix/",40.0,67
2026-08-16 18:10:21.667,675.5,0.0,93.0,42.0,23.0,99.0,-0.76,26.27,0.78,-3.91,2.65,0.1,0.78,0.5,13.0,23.53,"Closed loop, using oxygen sensor feedback to determine fuel mix/",40.0,67
2026-08-16 18:10:23.358,676.25,0.0,93.0,42.0,21.0,99.0,-0.78,26.27,1.56,-3.91,2.61,0.1,0.77,0.0,12.9,23.14,"Closed loop, using oxygen sensor feedback to determine fuel mix/",40.0,68
2026-08-16 18:10:25.050,681.0,0.0,93.0,42.0,23.0,99.0,-0.76,26.27,0.78,-3.91,2.61,0.11,0.76,0.5,13.0,23.14,"Closed loop, using oxygen sensor feedback to determine fuel mix/",40.0,68
2026-08-16 18:10:26.760,675.25,0.0,93.0,42.0,21.0,99.0,-0.78,26.27,1.56,-3.91,2.56,0.12,0.75,1.0,13.0,23.14,"Closed loop, using oxygen sensor feedback to determine fuel mix/",40.0,68
2026-08-16 18:10:28.470,681.0,0.0,93.0,42.0,23.0,99.0,-0.76,26.27,1.56,-3.91,2.56,0.14,0.75,0.5,13.0,22.75,N/A,40.0,68
2026-08-16 18:10:30.132,678.75,0.0,94.0,42.0,23.0,99.0,-0.76,26.27,,-3.91,2.61,0.12,0.74,2.0,13.0,23.14,"Closed loop, using oxygen sensor feedback to determine fuel mix/",40.0,68
2026-08-16 18:10:31.820,684.5,0.0,94.0,42.0,23.0,99.0,-0.76,26.27,1.56,-3.91,2.56,0.48,,-1.0,12.9,23.14,"Closed loop, using oxygen sensor feedback to determine fuel mix/",40.0,68
2026-08-16 18:10:33.533,678.75,0.0,94.0,42.0,22.0,99.0,-0.77,26.27,0.78,-3.91,2.63,0.21,0.7,0.0,13.0,23.53,"Closed loop, using oxygen sensor feedback to determine fuel mix/",40.0,68
2026-08-16 18:10:35.224,682.0,0.0,93.0,42.0,22.0,99.0,-0.77,26.27,0.78,-3.91,2.62,0.14,0.68,1.5,12.9,23.92,"Closed loop, using oxygen sensor feedback to determine fuel mix/",40.0,68
2026-08-16 18:10:36.920,684.25,0.0,93.0,42.0,23.0,99.0,-0.76,26.67,1.56,-3.91,2.78,0.11,0.68,0.5,13.0,25.1,"Closed loop, using oxygen sensor feedback to determine fuel mix/",40.0,68
2026-08-16 18:10:38.628,681.0,0.0,94.0,42.0,24.0,99.0,-0.75,26.67,2.34,-3.91,2.73,0.14,0.68,-0.5,13.0,24.31,"Closed loop, using oxygen sensor feedback to determine fuel mix/",40.0,68
2026-08-16 18:10:40.335,694.75,0.0,94.0,42.0,23.0,99.0,-0.76,26.67,2.34,-3.91,2.76,0.46,0.65,0.0,13.0,24.71,"Closed loop, using oxygen sensor feedback to determine fuel mix/",40.0,68
2026-08-16 18:10:42.026,690.25,0.0,94.0,42.0,23.0,99.0,-0.76,26.67,0.0,-3.91,2.68,0.8,0.69,-0.5,12.9,24.31,"Closed loop, using oxygen sensor feedback to determine fuel mix/",40.0,68
2026-08-16 18:10:43.753,687.0,0.0,94.0,42.0,22.0,99.0,-0.77,26.27,-0.78,-3.91,2.61,0.77,0.71,3.5,12.9,23.92,"Closed loop, using oxygen sensor feedback to determine fuel mix/",40.0,68
2026-08-16 18:10:45.444,678.5,0.0,94.0,42.0,24.0,99.0,-0.75,26.67,3.12,-3.91,2.74,0.73,0.56,-1.0,12.9,24.71,"Closed loop, using oxygen sensor feedback to determine fuel mix/",40.0,68
2026-08-16 18:10:47.160,685.0,0.0,94.0,42.0,23.0,99.0,-0.76,26.67,-0.78,-3.91,2.73,0.76,0.67,1.5,12.9,24.71,"Closed loop, using oxygen sensor feedback to determine fuel mix/",40.0,68
2026-08-16 18:10:48.878,679.5,0.0,94.0,42.0,23.0,99.0,-0.76,27.06,0.0,-3.91,2.83,0.72,0.56,-0.5,13.0,25.88,"Closed loop, using oxygen sensor feedback to determine fuel mix/",40.0,68
2026-08-16 18:10:50.572,683.0,0.0,94.0,42.0,23.0,99.0,-0.76,27.06,0.78,-3.91,2.82,0.73,0.59,-1.0,13.1,25.1,"Closed loop, using oxygen sensor feedback to determine fuel mix/",40.0,68
2026-08-16 18:10:52.280,681.25,0.0,94.0,41.0,24.0,99.0,-0.75,26.67,0.78,-3.91,2.78,0.71,0.77,0.0,13.0,25.1,"Closed loop, using oxygen sensor feedback to determine fuel mix/",40.0,68
2026-08-16 18:10:53.974,677.0,0.0,94.0,42.0,23.0,99.0,-0.76,26.67,0.0,-3.91,2.75,0.69,0.76,-2.0,13.0,24.71,"Closed loop, using oxygen sensor feedback to determine fuel mix/",40.0,68
2026-08-16 18:10:55.665,674.75,0.0,94.0,41.0,24.0,99.0,-0.75,27.06,2.34,-3.91,2.81,0.1,0.78,-1.0,13.1,25.49,"Closed loop, using oxygen sensor feedback to determine fuel mix/",40.0,68
2026-08-16 18:10:57.404,683.25,0.0,94.0,41.0,24.0,99.0,-0.75,27.06,3.12,-3.91,2.83,0.1,0.74,0.0,13.0,25.1,"Closed loop, using oxygen sensor feedback to determine fuel mix/",40.0,69
2026-08-16 18:10:59.100,681.75,0.0,94.0,41.0,24.0,99.0,-0.75,26.67,3.12,-3.91,2.77,0.14,0.75,-1.0,13.0,25.1,"Closed loop, using oxygen sensor feedback to determine fuel mix/",40.0,69
2026-08-16 18:11:00.791,681.25,0.0,94.0,41.0,24.0,99.0,-0.75,26.67,2.34,-3.91,2.78,0.26,0.73,-0.5,13.0,25.1,"Closed loop, using oxygen sensor feedback to determine fuel mix/",40.0,69
2026-08-16 18:11:02.484,684.75,0.0,94.0,41.0,23.0,99.0,-0.76,27.06,3.12,-3.91,2.82,0.7,0.62,-1.0,13.0,25.1,"Closed loop, using oxygen sensor feedback to determine fuel mix/",40.0,69
2026-08-16 18:11:04.185,686.75,0.0,94.0,41.0,23.0,99.0,-0.76,26.67,-0.78,-3.91,2.71,0.76,0.69,-1.0,13.1,24.31,"Closed loop, using oxygen sensor feedback to determine fuel mix/",40.0,69
2026-08-16 18:11:05.887,688.0,0.0,94.0,41.0,23.0,99.0,-0.76,26.27,-1.56,-3.91,2.58,0.77,0.67,4.0,13.0,23.92,"Closed loop, using oxygen sensor feedback to determine fuel mix/",40.0,69
2026-08-16 18:11:07.579,687.75,0.0,94.0,41.0,21.0,99.0,-0.78,26.27,-1.56,-3.91,2.51,0.75,0.58,3.5,13.0,22.75,"Closed loop, using oxygen sensor feedback to determine fuel mix/",40.0,69
2026-08-16 18:11:09.269,683.25,0.0,94.0,41.0,22.0,99.0,-0.77,25.88,-1.56,-3.91,2.47,0.75,0.66,2.0,13.0,21.96,"Closed loop, using oxygen sensor feedback to determine fuel mix/",40.0,69
2026-08-16 18:11:10.964,682.25,0.0,94.0,41.0,22.0,99.0,-0.77,25.88,-1.56,-3.91,2.46,0.76,0.69,3.5,13.0,21.96,"Closed loop, using oxygen sensor feedback to determine fuel mix/",40.0,69
2026-08-16 18:11:12.677,677.75,0.0,94.0,41.0,21.0,99.0,-0.78,25.88,-1.56,-3.91,2.43,0.77,0.69,3.5,13.0,21.96,"Closed loop, using oxygen sensor feedback to determine fuel mix/",40.0,69
2026-08-16 18:11:14.381,687.25,0.0,94.0,41.0,22.0,99.0,-0.77,25.88,-1.56,-3.91,2.44,0.73,0.67,3.5,13.0,22.35,"Closed loop, using oxygen sensor feedback to determine fuel mix/",40.0,69
2026-08-16 18:11:16.075,685.75,0.0,95.0,41.0,22.0,99.0,-0.77,26.27,1.56,-3.91,2.55,0.51,0.7,2.0,12.9,22.75,"Closed loop, using oxygen sensor feedback to determine fuel mix/",40.0,69
2026-08-16 18:11:17.768,685.75,0.0,94.0,41.0,21.0,99.0,-0.78,25.88,-0.78,-3.91,2.47,0.74,0.65,4.0,12.8,22.35,"Closed loop, using oxygen sensor feedback to determine fuel mix/",40.0,69
2026-08-16 18:11:19.462,689.0,0.0,95.0,41.0,23.0,99.0,-0.76,25.88,-0.78,-3.91,2.47,0.76,0.66,2.5,13.0,22.35,"Closed loop, using oxygen sensor feedback to determine fuel mix/",40.0,69
2026-08-16 18:11:21.152,686.25,0.0,95.0,41.0,22.0,99.0,-0.77,25.88,-0.78,-3.91,2.49,0.74,0.68,3.5,13.0,22.35,"Closed loop, using oxygen sensor feedback to determine fuel mix/",40.0,69
2026-08-16 18:11:22.847,684.0,0.0,95.0,41.0,21.0,99.0,-0.78,25.88,-0.78,-3.91,2.46,0.75,0.67,2.5,13.0,22.35,"Closed loop, using oxygen sensor feedback to determine fuel mix/",40.0,69
2026-08-16 18:11:24.553,685.25,0.0,94.0,41.0,21.0,99.0,-0.78,26.27,2.34,-3.91,2.53,0.73,0.68,2.5,13.1,22.75,"Closed loop, using oxygen sensor feedback to determine fuel mix/",40.0,69
2026-08-16 18:11:26.280,683.75,0.0,95.0,41.0,22.0,99.0,-0.77,25.88,-0.78,-3.91,2.46,0.77,0.7,6.0,13.0,22.75,"Closed loop, using oxygen sensor feedback to determine fuel mix/",40.0,69
2026-08-16 18:11:27.987,684.0,0.0,94.0,41.0,21.0,99.0,-0.78,26.27,-0.78,-3.91,2.58,0.71,0.66,2.5,13.0,23.14,"Closed loop, using oxygen sensor feedback to determine fuel mix/",40.0,69
2026-08-16 18:11:29.698,687.0,0.0,95.0,41.0,22.0,99.0,-0.77,25.88,-0.78,-3.91,2.9,0.78,0.69,-0.5,13.0,28.63,"Closed loop, using oxygen sensor feedback to determine fuel mix/",40.0,69
2026-08-16 18:11:31.388,723.75,0.0,95.0,41.0,23.0,99.0,-0.76,27.06,-1.56,-3.91,2.96,0.35,0.82,-2.0,13.0,25.49,"Closed loop, using oxygen sensor feedback to determine fuel mix/",40.0,69
2026-08-16 18:11:33.084,705.25,0.0,95.0,41.0,22.0,99.0,-0.77,26.67,-0.78,-3.91,2.68,0.66,0.73,-1.0,13.0,23.92,"Closed loop, using oxygen sensor feedback to determine fuel mix/",40.0,70
2026-08-16 18:11:34.792,689.25,0.0,95.0,41.0,22.0,99.0,-0.77,26.27,-0.78,-3.91,2.54,0.63,0.74,3.5,13.1,22.75,"Closed loop, using oxygen sensor feedback to determine fuel mix/",40.0,70
2026-08-16 18:11:36.485,687.0,0.0,95.0,41.0,21.0,99.0,-0.78,27.06,-2.34,-4.69,3.1,0.6,0.77,-7.0,13.0,24.71,"Closed loop, using oxygen sensor feedback to determine fuel mix/",40.0,70
2026-08-16 18:11:38.194,781.5,0.0,95.0,41.0,24.0,99.0,-0.75,28.63,2.34,-3.91,3.55,0.1,0.47,-5.5,13.0,29.02,"Closed loop, using oxygen sensor feedback to determine fuel mix/",40.0,70
2026-08-16 18:11:39.886,739.0,0.0,95.0,41.0,23.0,99.0,-0.76,27.45,3.91,-3.91,3.11,0.1,0.62,-6.5,13.0,26.27,"Closed loop, using oxygen sensor feedback to determine fuel mix/",40.0,70
2026-08-16 18:11:41.595,740.0,0.0,95.0,40.0,23.0,99.0,-0.76,27.45,-0.78,-4.69,3.12,0.38,0.78,2.0,13.1,28.24,"Closed loop, using oxygen sensor feedback to determine fuel mix/",40.0,70
2026-08-16 18:11:43.287,862.0,0.0,95.0,40.0,30.0,99.0,-0.69,29.8,3.91,-3.91,3.47,0.41,0.51,6.0,13.0,25.1,"Closed loop, using oxygen sensor feedback to determine fuel mix/",40.0,70
2026-08-16 18:11:44.980,829.75,0.0,95.0,40.0,23.0,99.0,-0.76,27.84,3.12,-3.91,3.44,0.1,0.82,-3.0,12.9,28.24,"Closed loop, using oxygen sensor feedback to determine fuel mix/",40.0,70
2026-08-16 18:11:46.672,735.5,0.0,95.0,40.0,23.0,99.0,-0.76,27.45,3.12,-3.91,3.06,0.17,0.75,-2.5,13.0,26.27,"Closed loop, using oxygen sensor feedback to determine fuel mix/",40.0,70
2026-08-16 18:11:48.382,713.0,0.0,95.0,40.0,23.0,99.0,-0.76,26.67,2.34,-3.91,2.77,0.1,0.77,0.0,13.0,23.92,"Closed loop, using oxygen sensor feedback to determine fuel mix/",40.0,70
2026-08-16 18:11:50.076,695.25,0.0,95.0,40.0,23.0,99.0,-0.76,26.67,1.56,-3.91,2.64,0.1,0.79,1.5,13.1,23.14,"Closed loop, using oxygen sensor feedback to determine fuel mix/",40.0,71
2026-08-16 18:11:51.768,689.5,0.0,95.0,40.0,22.0,99.0,-0.77,25.88,-2.34,-3.91,2.51,0.56,0.78,6.5,13.0,21.96,"Closed loop, using oxygen sensor feedback to determine fuel mix/",40.0,71
2026-08-16 18:11:53.457,688.75,0.0,95.0,40.0,23.0,99.0,-0.76,26.27,-1.56,-3.91,2.55,0.49,0.76,8.0,13.0,23.14,"Closed loop, using oxygen sensor feedback to determine fuel mix/",40.0,71
2026-08-16 18:11:55.152,694.0,0.0,95.0,40.0,21.0,99.0,-0.78,25.88,-0.78,-3.91,2.47,0.72,0.72,5.5,13.0,21.96,"Closed loop, using oxygen sensor feedback to determine fuel mix/",40.0,71
2026-08-16 18:11:56.847,689.75,0.0,95.0,40.0,22.0,99.0,-0.77,25.88,-1.56,-3.91,2.5,0.76,0.74,6.0,13.0,21.96,"Closed loop, using oxygen sensor feedback to determine fuel mix/",40.0,71
2026-08-16 18:11:58.537,689.75,0.0,96.0,41.0,21.0,99.0,-0.78,25.88,-1.56,-3.91,2.41,0.74,0.69,6.5,13.1,21.57,"Closed loop, using oxygen sensor feedback to determine fuel mix/",40.0,71
2026-08-16 18:12:00.231,688.75,0.0,95.0,41.0,22.0,99.0,-0.77,26.27,-1.56,-3.91,2.43,0.73,0.7,6.0,13.0,21.96,"Closed loop, using oxygen sensor feedback to determine fuel mix/",40.0,71
2026-08-16 18:12:01.937,684.5,0.0,96.0,41.0,22.0,99.0,-0.77,25.88,-0.78,-3.91,2.44,0.73,0.69,5.0,13.0,21.96,"Closed loop, using oxygen sensor feedback to determine fuel mix/",40.0,71
2026-08-16 18:12:03.632,679.0,0.0,95.0,41.0,20.0,99.0,-0.79,25.88,-1.56,-3.91,2.42,0.72,0.72,8.0,13.1,21.57,"Closed loop, using oxygen sensor feedback to determine fuel mix/",40.0,71
2026-08-16 18:12:05.327,693.75,0.0,96.0,41.0,20.0,99.0,-0.79,25.88,-1.56,-3.91,2.45,0.73,0.67,6.5,13.0,21.96,"Closed loop, using oxygen sensor feedback to determine fuel mix/",40.0,71
2026-08-16 18:12:07.018,686.0,0.0,96.0,41.0,21.0,99.0,-0.78,25.88,-0.78,-3.91,2.42,0.76,0.67,5.5,13.0,21.96,"Closed loop, using oxygen sensor feedback to determine fuel mix/",40.0,71
2026-08-16 18:12:08.729,680.5,0.0,96.0,41.0,21.0,99.0,-0.78,25.88,-1.56,-3.91,2.39,0.77,0.73,8.5,13.0,21.57,"Closed loop, using oxygen sensor feedback to determine fuel mix/",40.0,71
2026-08-16 18:12:10.421,686.75,0.0,96.0,41.0,21.0,99.0,-0.78,26.27,2.34,-3.91,2.51,0.12,0.66,2.0,13.0,21.96,"Closed loop, using oxygen sensor feedback to determine fuel mix/",40.0,71
2026-08-16 18:12:12.119,688.25,0.0,96.0,41.0,21.0,99.0,-0.78,25.88,2.34,-3.91,2.45,0.19,0.73,2.5,13.0,21.96,"Closed loop, using oxygen sensor feedback to determine fuel mix/",40.0,71
2026-08-16 18:12:13.823,678.0,0.0,96.0,41.0,22.0,99.0,-0.77,25.88,2.34,-3.91,2.44,0.14,0.76,5.5,12.8,21.57,"Closed loop, using oxygen sensor feedback to determine fuel mix/",40.0,71
2026-08-16 18:12:15.515,684.25,0.0,96.0,41.0,22.0,99.0,-0.77,25.88,2.34,-3.91,2.41,0.14,0.77,5.5,13.0,21.96,"Closed loop, using oxygen sensor feedback to determine fuel mix/",40.0,71
2026-08-16 18:12:17.221,688.75,0.0,96.0,42.0,20.0,99.0,-0.79,25.88,1.56,-3.91,2.39,0.12,0.74,4.5,13.1,21.57,"Closed loop, using oxygen sensor feedback to determine fuel mix/",40.0,71
2026-08-16 18:12:18.916,679.5,0.0,96.0,42.0,22.0,99.0,-0.77,25.88,2.34,-3.91,2.46,0.12,0.76,3.0,13.0,21.96,"Closed loop, using oxygen sensor feedback to determine fuel mix/",40.0,71
2026-08-16 18:12:20.616,678.25,0.0,96.0,42.0,22.0,99.0,-0.77,25.88,2.34,-3.91,2.49,0.12,0.77,3.5,13.0,21.96,"Closed loop, using oxygen sensor feedback to determine fuel mix/",40.0,71
2026-08-16 18:12:22.318,683.5,0.0,96.0,42.0,21.0,99.0,-0.78,25.88,3.12,-3.91,2.44,0.2,0.76,3.5,13.0,22.35,"Closed loop, using oxygen sensor feedback to determine fuel mix/",40.0,71
2026-08-16 18:12:24.010,680.5,0.0,96.0,42.0,22.0,99.0,-0.77,25.88,2.34,-3.91,2.46,0.15,0.75,5.0,13.0,22.35,"Closed loop, using oxygen sensor feedback to determine fuel mix/",40.0,71
2026-08-16 18:12:25.703,688.5,0.0,96.0,42.0,19.0,99.0,-0.8,24.71,2.34,-3.91,2.07,0.12,0.77,8.5,13.0,18.82,"Closed loop, using oxygen sensor feedback to determine fuel mix/",40.0,72
2026-08-16 18:12:27.413,694.0,0.0,96.0,42.0,19.0,99.0,-0.8,23.92,-2.34,-3.91,1.94,0.14,0.81,0.5,13.0,17.25,"Closed loop, using oxygen sensor feedback to determine fuel mix/",40.0,71
2026-08-16 18:12:29.122,681.25,0.0,96.0,42.0,18.0,99.0,-0.81,23.92,-1.56,-3.91,1.93,0.78,0.77,3.0,13.0,17.25,"Closed loop, using oxygen sensor feedback to determine fuel mix/",40.0,71
2026-08-16 18:12:30.813,686.0,0.0,96.0,42.0,18.0,99.0,-0.81,23.92,0.78,-3.91,1.93,0.3,0.77,1.5,13.0,17.25,"Closed loop, using oxygen sensor feedback to determine fuel mix/",40.0,71
2026-08-16 18:12:32.505,677.25,0.0,96.0,43.0,18.0,99.0,-0.81,23.92,0.78,-3.91,1.95,0.13,0.79,0.5,13.0,17.25,"Closed loop, using oxygen sensor feedback to determine fuel mix/",40.0,71
2026-08-16 18:12:34.199,677.75,0.0,96.0,43.0,19.0,99.0,-0.8,23.92,-3.12,-3.91,1.95,0.74,0.79,4.0,13.0,17.65,"Closed loop, using oxygen sensor feedback to determine fuel mix/",40.0,71
2026-08-16 18:12:35.889,685.25,0.0,96.0,43.0,17.0,99.0,-0.82,23.53,-3.12,-3.91,1.93,0.77,0.75,0.5,13.0,17.25,"Closed loop, using oxygen sensor feedback to determine fuel mix/",40.0,71
2026-08-16 18:12:37.601,678.25,0.0,96.0,43.0,19.0,99.0,-0.8,23.92,0.0,-3.91,1.93,0.12,0.78,2.0,13.0,17.25,"Closed loop, using oxygen sensor feedback to determine fuel mix/",40.0,71
2026-08-16 18:12:39.294,674.75,0.0,96.0,43.0,19.0,99.0,-0.8,23.92,-3.91,-3.91,1.95,0.61,0.8,4.5,13.1,17.65,"Closed loop, using oxygen sensor feedback to determine fuel mix/",40.0,71
2026-08-16 18:12:41.003,686.25,0.0,96.0,43.0,17.0,99.0,-0.82,23.92,-3.12,-3.91,1.94,0.78,0.75,2.0,13.0,17.25,"Closed loop, using oxygen sensor feedback to determine fuel mix/",40.0,71
2026-08-16 18:12:42.696,679.75,0.0,96.0,43.0,17.0,99.0,-0.82,23.92,-3.12,-3.91,1.95,0.76,0.76,3.0,13.0,17.65,"Closed loop, using oxygen sensor feedback to determine fuel mix/",40.0,71
2026-08-16 18:12:44.387,677.75,0.0,96.0,43.0,19.0,99.0,-0.8,23.92,0.0,-3.91,1.95,0.11,0.79,1.5,13.1,17.65,"Closed loop, using oxygen sensor feedback to determine fuel mix/",40.0,71
2026-08-16 18:12:46.083,674.5,0.0,96.0,43.0,18.0,99.0,-0.81,23.92,-3.91,-3.91,1.97,0.7,0.8,2.5,13.0,17.65,"Closed loop, using oxygen sensor feedback to determine fuel mix/",40.0,71
2026-08-16 18:12:47.787,689.25,0.0,96.0,43.0,17.0,99.0,-0.82,23.92,-3.91,-3.91,1.96,0.79,0.74,2.5,13.0,17.65,"Closed loop, using oxygen sensor feedback to determine fuel mix/",40.0,71
2026-08-16 18:12:49.499,681.25,0.0,96.0,43.0,18.0,99.0,-0.81,23.92,-0.78,-3.91,1.95,0.24,0.77,0.5,13.0,17.65,"Closed loop, using oxygen sensor feedback to determine fuel mix/",40.0,71
2026-08-16 18:12:51.193,676.25,0.0,96.0,43.0,17.0,99.0,-0.82,23.92,-0.78,-3.91,1.97,0.1,0.79,0.5,13.0,17.65,"Closed loop, using oxygen sensor feedback to determine fuel mix/",40.0,71
2026-08-16 18:12:52.918,682.25,0.0,96.0,43.0,17.0,99.0,-0.82,23.92,-4.69,-3.91,1.98,0.73,0.79,4.0,13.0,18.04,"Closed loop, using oxygen sensor feedback to determine fuel mix/",40.0,71
2026-08-16 18:12:54.612,684.25,0.0,96.0,43.0,17.0,99.0,-0.82,23.92,-3.91,-3.91,1.97,0.79,0.73,1.0,12.9,17.65,"Closed loop, using oxygen sensor feedback to determine fuel mix/",40.0,71
2026-08-16 18:12:56.301,682.5,0.0,96.0,43.0,17.0,99.0,-0.82,23.92,-0.78,-3.91,1.98,0.14,0.78,0.5,13.0,17.65,"Closed loop, using oxygen sensor feedback to determine fuel mix/",40.0,71
2026-08-16 18:12:58.011,675.0,0.0,96.0,43.0,18.0,99.0,-0.81,23.92,-0.78,-3.91,1.96,0.11,0.8,0.5,13.0,17.65,"Closed loop, using oxygen sensor feedback to determine fuel mix/",40.0,71
2026-08-16 18:12:59.703,676.0,0.0,96.0,43.0,19.0,99.0,-0.8,23.92,-4.69,-3.91,1.97,0.71,0.79,1.0,13.0,17.65,"Closed loop, using oxygen sensor feedback to determine fuel mix/",40.0,71
2026-08-16 18:13:01.412,684.25,0.0,96.0,43.0,19.0,99.0,-0.8,23.92,-3.91,-3.91,1.97,0.78,0.75,4.5,13.0,18.04,"Closed loop, using oxygen sensor feedback to determine fuel mix/",40.0,71
2026-08-16 18:13:03.104,676.75,0.0,97.0,43.0,18.0,99.0,-0.81,23.92,0.0,-3.91,1.97,0.18,0.76,0.0,13.0,17.65,"Closed loop, using oxygen sensor feedback to determine fuel mix/",40.0,71
2026-08-16 18:13:04.798,688.0,0.0,97.0,43.0,21.0,99.0,-0.78,26.67,-0.78,-3.91,2.73,0.09,0.74,-7.5,13.0,24.31,"Closed loop, using oxygen sensor feedback to determine fuel mix/",40.0,71
2026-08-16 18:13:06.489,678.75,0.0,96.0,43.0,22.0,99.0,-0.77,26.27,0.78,-3.91,2.61,0.12,0.58,1.5,12.5,23.92,"Closed loop, using oxygen sensor feedback to determine fuel mix/",40.0,71
2026-08-16 18:13:08.184,672.75,0.0,97.0,43.0,25.0,99.0,-0.74,27.84,0.78,-3.91,3.13,0.08,0.72,1.5,13.0,28.63,"Closed loop, using oxygen sensor feedback to determine fuel mix/",40.0,71
2026-08-16 18:13:09.892,703.25,2.0,96.0,43.0,24.0,99.0,-0.75,27.06,3.12,-3.91,2.9,0.2,0.27,3.5,13.0,25.49,"Closed loop, using oxygen sensor feedback to determine fuel mix/",40.0,71
2026-08-16 18:13:11.586,719.75,3.0,97.0,43.0,24.0,99.0,-0.75,27.06,3.12,-3.91,2.92,0.12,0.4,2.0,13.0,25.88,"Closed loop, using oxygen sensor feedback to determine fuel mix/",40.0,72
2026-08-16 18:13:13.294,712.25,2.0,96.0,43.0,23.0,99.0,-0.76,27.06,3.91,-3.91,2.93,0.62,0.47,1.0,13.0,26.27,"Closed loop, using oxygen sensor feedback to determine fuel mix/",40.0,72
2026-08-16 18:13:15.053,714.75,2.0,97.0,43.0,23.0,99.0,-0.76,27.06,0.0,-3.91,2.99,0.75,0.59,2.0,13.1,26.67,"Closed loop, using oxygen sensor feedback to determine fuel mix/",40.0,72
2026-08-16 18:13:16.775,708.5,0.0,97.0,43.0,23.0,99.0,-0.76,26.67,0.0,-3.91,2.78,0.72,0.76,4.0,13.0,24.31,"Closed loop, using oxygen sensor feedback to determine fuel mix/",40.0,72
2026-08-16 18:13:18.482,700.0,0.0,97.0,43.0,24.0,99.0,-0.75,27.06,0.0,-3.91,2.86,0.73,0.62,1.5,13.0,25.49,"Closed loop, using oxygen sensor feedback to determine fuel mix/",40.0,72
2026-08-16 18:13:20.176,709.25,1.0,97.0,43.0,23.0,99.0,-0.76,26.67,0.0,-3.91,2.79,0.35,0.78,2.0,13.0,24.71,"Closed loop, using oxygen sensor feedback to determine fuel mix/",40.0,72
2026-08-16 18:13:21.869,687.5,0.0,97.0,43.0,27.0,99.0,-0.72,27.84,3.12,-3.91,3.24,0.12,0.69,-6.0,13.1,29.02,"Closed loop, using oxygen sensor feedback to determine fuel mix/",40.0,72
2026-08-16 18:13:23.562,682.25,0.0,97.0,43.0,25.0,99.0,-0.74,27.45,3.91,-3.91,3.03,0.1,0.68,-5.5,13.0,27.06,"Closed loop, using oxygen sensor feedback to determine fuel mix/",40.0,72
2026-08-16 18:13:25.270,683.25,0.0,97.0,43.0,23.0,99.0,-0.76,27.06,3.91,-3.91,2.8,0.17,0.74,-1.0,13.0,25.1,"Closed loop, using oxygen sensor feedback to determine fuel mix/",40.0,72
2026-08-16 18:13:26.964,688.0,0.0,97.0,43.0,24.0,99.0,-0.75,26.67,3.12,-3.91,2.75,0.1,0.77,-1.5,12.9,24.31,"Closed loop, using oxygen sensor feedback to determine fuel mix/",40.0,72
2026-08-16 18:13:28.657,680.25,0.0,96.0,43.0,24.0,99.0,-0.75,26.67,2.34,-3.91,2.75,0.1,0.78,0.0,13.0,25.1,"Closed loop, using oxygen sensor feedback to determine fuel mix/",40.0,72
2026-08-16 18:13:30.362,680.75,0.0,96.0,43.0,23.0,99.0,-0.76,26.67,2.34,-3.91,2.77,0.1,0.77,-0.5,13.0,24.71,"Closed loop, using oxygen sensor feedback to determine fuel mix/",40.0,72
2026-08-16 18:13:32.061,681.0,0.0,96.0,43.0,23.0,99.0,-0.76,26.67,2.34,-3.91,2.76,0.12,0.77,0.5,13.0,24.71,"Closed loop, using oxygen sensor feedback to determine fuel mix/",40.0,72
2026-08-16 18:13:33.767,689.0,0.0,96.0,43.0,22.0,99.0,-0.77,26.67,3.12,-3.91,2.71,0.34,0.76,-0.5,13.0,24.71,"Closed loop, using oxygen sensor feedback to determine fuel mix/",40.0,72
2026-08-16 18:13:35.459,673.25,0.0,95.0,42.0,22.0,99.0,-0.77,26.27,-1.56,-3.91,2.58,0.75,0.73,2.5,12.9,23.14,"Closed loop, using oxygen sensor feedback to determine fuel mix/",40.0,72
2026-08-16 18:13:37.167,677.25,0.0,95.0,42.0,23.0,99.0,-0.76,26.67,-2.34,-3.91,2.75,0.78,0.71,3.5,13.0,25.49,"Closed loop, using oxygen sensor feedback to determine fuel mix/",40.0,72
2026-08-16 18:13:38.861,675.75,0.0,95.0,42.0,24.0,99.0,-0.75,26.67,1.56,-3.91,2.78,0.1,0.61,2.0,13.1,25.1,"Closed loop, using oxygen sensor feedback to determine fuel mix/",40.0,72
2026-08-16 18:13:40.554,690.0,0.0,94.0,42.0,23.0,99.0,-0.76,27.06,-0.78,-3.91,2.83,0.73,0.52,2.5,13.0,25.49,"Closed loop, using oxygen sensor feedback to determine fuel mix/",40.0,72
2026-08-16 18:13:42.255,690.0,0.0,94.0,42.0,23.0,99.0,-0.76,27.06,3.91,-3.91,2.83,0.69,0.6,0.0,13.0,25.88,"Closed loop, using oxygen sensor feedback to determine fuel mix/",40.0,72
2026-08-16 18:13:43.956,686.25,0.0,93.0,42.0,25.0,99.0,-0.74,27.84,4.69,-3.91,3.21,0.61,0.67,0.0,12.8,29.02,"Closed loop, using oxygen sensor feedback to determine fuel mix/",40.0,72
2026-08-16 18:13:45.648,706.25,0.0,93.0,42.0,23.0,99.0,-0.76,26.67,1.56,-3.91,2.69,0.81,0.56,1.0,13.1,23.92,"Closed loop, using oxygen sensor feedback to determine fuel mix/",40.0,73
2026-08-16 18:13:47.344,689.5,0.0,93.0,42.0,22.0,99.0,-0.77,26.27,0.0,-3.91,2.54,0.73,0.8,6.0,13.1,22.75,"Closed loop, using oxygen sensor feedback to determine fuel mix/",40.0,73
2026-08-16 18:13:49.049,686.0,0.0,93.0,42.0,21.0,99.0,-0.78,25.88,-0.78,-3.91,2.47,0.8,0.72,7.0,13.1,21.96,"Closed loop, using oxygen sensor feedback to determine fuel mix/",40.0,73
2026-08-16 18:13:50.759,694.5,0.0,92.0,42.0,20.0,99.0,-0.79,25.88,2.34,-3.91,2.48,0.71,0.74,5.5,13.0,22.75,"Closed loop, using oxygen sensor feedback to determine fuel mix/",40.0,73
2026-08-16 18:13:52.470,689.5,0.0,92.0,42.0,22.0,99.0,-0.77,25.88,1.56,-3.91,2.45,0.68,0.73,5.0,13.0,22.35,"Closed loop, using oxygen sensor feedback to determine fuel mix/",40.0,73
2026-08-16 18:13:54.160,685.0,0.0,92.0,42.0,22.0,99.0,-0.77,25.88,1.56,-3.91,2.44,0.56,0.75,5.5,13.1,21.96,"Closed loop, using oxygen sensor feedback to determine fuel mix/",40.0,73
2026-08-16 18:13:55.850,870.75,0.0,91.0,42.0,29.0,99.0,-0.7,28.24,1.56,-3.91,3.43,0.72,0.54,-4.5,13.1,27.06,"Closed loop, using oxygen sensor feedback to determine fuel mix/",40.0,73
2026-08-16 18:13:57.563,799.5,0.0,91.0,42.0,23.0,99.0,-0.76,27.84,0.78,-3.91,3.27,0.09,0.78,0.0,13.0,27.84,"Closed loop, using oxygen sensor feedback to determine fuel mix/",40.0,73
2026-08-16 18:13:59.273,735.25,0.0,91.0,42.0,24.0,99.0,-0.75,27.45,-1.56,-3.91,3.06,0.72,0.6,1.5,13.0,27.06,"Closed loop, using oxygen sensor feedback to determine fuel mix/",40.0,73
2026-08-16 18:14:00.978,712.0,0.0,90.0,42.0,23.0,99.0,-0.76,27.06,3.12,-3.91,2.96,0.7,0.61,2.0,13.0,27.06,"Closed loop, using oxygen sensor feedback to determine fuel mix/",40.0,73
2026-08-16 18:14:02.689,700.5,0.0,90.0,42.0,23.0,99.0,-0.76,27.06,0.0,-3.91,2.89,0.74,0.64,5.5,12.9,25.88,"Closed loop, using oxygen sensor feedback to determine fuel mix/",40.0,73
2026-08-16 18:14:04.380,697.75,0.0,89.0,42.0,24.0,99.0,-0.75,27.06,0.0,-3.91,2.84,0.3,0.7,3.5,13.0,25.49,"Closed loop, using oxygen sensor feedback to determine fuel mix/",40.0,73
2026-08-16 18:14:06.090,691.5,0.0,89.0,42.0,23.0,99.0,-0.76,26.67,-0.78,-3.91,2.65,0.67,0.8,3.5,13.1,23.53,"Closed loop, using oxygen sensor feedback to determine fuel mix/",40.0,73
2026-08-16 18:14:07.783,692.0,0.0,89.0,42.0,22.0,99.0,-0.77,26.27,-0.78,-3.91,2.53,0.73,0.79,6.5,13.0,22.35,"Closed loop, using oxygen sensor feedback to determine fuel mix/",40.0,73
2026-08-16 18:14:09.475,692.0,0.0,89.0,42.0,20.0,99.0,-0.79,25.88,-1.56,-3.91,2.41,0.77,0.75,7.5,12.9,21.57,"Closed loop, using oxygen sensor feedback to determine fuel mix/",40.0,73
2026-08-16 18:14:11.168,694.75,0.0,89.0,42.0,20.0,99.0,-0.79,25.88,2.34,-3.91,2.46,0.72,0.71,6.0,13.0,21.96,"Closed loop, using oxygen sensor feedback to determine fuel mix/",40.0,73
2026-08-16 18:14:12.860,690.0,0.0,89.0,42.0,22.0,99.0,-0.77,25.88,1.56,-3.91,2.46,0.54,0.74,5.5,13.1,21.57,"Closed loop, using oxygen sensor feedback to determine fuel mix/",40.0,73
2026-08-16 18:14:14.586,687.75,0.0,89.0,42.0,22.0,99.0,-0.77,25.88,1.56,-3.91,2.48,0.21,0.76,6.0,13.0,22.35,"Closed loop, using oxygen sensor feedback to determine fuel mix/",40.0,73
2026-08-16 18:14:16.279,694.0,0.0,89.0,42.0,21.0,99.0,-0.78,25.88,2.34,-3.91,2.47,0.56,0.73,8.5,12.9,22.75,"Closed loop, using oxygen sensor feedback to determine fuel mix/",40.0,73
2026-08-16 18:14:17.972,692.75,0.0,89.0,42.0,22.0,99.0,-0.77,25.88,3.12,-3.91,2.45,0.73,0.72,6.5,13.0,21.57,"Closed loop, using oxygen sensor feedback to determine fuel mix/",40.0,73
2026-08-16 18:14:19.662,688.25,0.0,89.0,42.0,20.0,99.0,-0.79,25.88,2.34,-3.91,2.45,0.21,0.77,5.0,13.0,21.96,"Closed loop, using oxygen sensor feedback to determine fuel mix/",40.0,73
2026-08-16 18:14:21.361,685.5,0.0,89.0,42.0,21.0,99.0,-0.78,25.88,1.56,-3.91,2.44,0.14,0.74,5.0,13.0,21.96,"Closed loop, using oxygen sensor feedback to determine fuel mix/",40.0,73
2026-08-16 18:14:23.065,679.5,0.0,89.0,42.0,22.0,99.0,-0.77,26.27,1.56,-3.91,2.61,0.1,0.74,0.5,13.0,23.53,"Closed loop, using oxygen sensor feedback to determine fuel mix/",40.0,73
2026-08-16 18:14:24.759,680.75,0.0,89.0,42.0,23.0,99.0,-0.76,26.27,2.34,-3.91,2.51,0.1,0.77,2.5,13.0,21.96,"Closed loop, using oxygen sensor feedback to determine fuel mix/",40.0,73
2026-08-16 18:14:26.450,683.25,0.0,89.0,42.0,21.0,99.0,-0.78,26.27,2.34,-3.91,2.51,0.1,0.78,3.5,13.0,22.35,"Closed loop, using oxygen sensor feedback to determine fuel mix/",40.0,73
2026-08-16 18:14:28.160,679.0,0.0,90.0,42.0,21.0,99.0,-0.78,25.88,-1.56,-3.91,2.46,0.16,0.79,4.0,13.0,22.35,"Closed loop, using oxygen sensor feedback to determine fuel mix/",40.0,73
2026-08-16 18:14:29.869,677.5,0.0,90.0,42.0,22.0,99.0,-0.77,25.88,-1.56,-3.91,2.42,0.35,0.79,5.5,13.0,21.96,"Closed loop, using oxygen sensor feedback to determine fuel mix/",40.0,73
2026-08-16 18:14:31.562,677.5,0.0,90.0,42.0,21.0,99.0,-0.78,25.88,-2.34,-3.91,2.47,0.16,0.79,5.5,13.1,21.96,"Closed loop, using oxygen sensor feedback to determine fuel mix/",40.0,73
2026-08-16 18:14:33.272,676.0,0.0,90.0,42.0,21.0,99.0,-0.78,25.88,-2.34,-3.91,2.44,0.25,0.78,4.5,13.0,22.35,"Closed loop, using oxygen sensor feedback to determine fuel mix/",40.0,73
2026-08-16 18:14:34.961,679.0,0.0,90.0,42.0,21.0,99.0,-0.78,25.88,-1.56,-3.91,2.48,0.63,0.78,5.5,13.0,22.35,"Closed loop, using oxygen sensor feedback to determine fuel mix/",40.0,73
2026-08-16 18:14:36.660,681.5,0.0,90.0,42.0,20.0,99.0,-0.79,25.88,-1.56,-3.91,2.41,0.25,0.77,6.0,13.0,21.96,"Closed loop, using oxygen sensor feedback to determine fuel mix/",40.0,74
2026-08-16 18:14:38.379,678.25,0.0,90.0,42.0,22.0,99.0,-0.77,25.88,-1.56,-3.91,2.43,0.7,0.76,5.5,13.0,21.57,"Closed loop, using oxygen sensor feedback to determine fuel mix/",40.0,74
2026-08-16 18:14:40.089,682.0,0.0,90.0,42.0,21.0,99.0,-0.78,25.88,-1.56,-3.91,2.41,0.73,0.73,7.0,13.0,21.96,"Closed loop, using oxygen sensor feedback to determine fuel mix/",40.0,74
2026-08-16 18:14:41.782,682.25,0.0,90.0,42.0,20.0,99.0,-0.79,25.88,-1.56,-3.91,2.4,0.75,0.72,6.0,13.0,21.96,"Closed loop, using oxygen sensor feedback to determine fuel mix/",40.0,74
2026-08-16 18:14:43.508,683.0,0.0,90.0,42.0,21.0,99.0,-0.78,25.88,-1.56,-3.91,2.41,0.75,0.73,6.0,13.0,21.96,"Closed loop, using oxygen sensor feedback to determine fuel mix/",40.0,74
2026-08-16 18:14:45.213,681.0,0.0,90.0,42.0,22.0,99.0,-0.77,25.88,-1.56,-3.91,2.39,0.76,0.73,6.0,13.0,21.57,"Closed loop, using oxygen sensor feedback to determine fuel mix/",40.0,74
2026-08-16 18:14:46.908,699.0,0.0,91.0,42.0,21.0,99.0,-0.78,25.49,-2.34,-3.91,2.28,0.77,0.74,0.0,12.9,20.0,"Closed loop, using oxygen sensor feedback to determine fuel mix/",40.0,74
2026-08-16 18:14:48.602,686.75,0.0,91.0,42.0,20.0,99.0,-0.79,25.88,-2.34,-3.91,2.34,0.72,0.67,10.5,13.0,21.96,"Closed loop, using oxygen sensor feedback to determine fuel mix/",40.0,74
2026-08-16 18:14:50.292,685.25,0.0,91.0,42.0,21.0,99.0,-0.78,25.88,2.34,-3.91,2.46,0.19,0.64,4.5,13.0,21.96,"Closed loop, using oxygen sensor feedback to determine fuel mix/",40.0,74
2026-08-16 18:14:51.988,698.75,1.0,91.0,42.0,21.0,99.0,-0.78,25.88,2.34,-3.91,2.42,0.71,0.74,6.5,13.0,22.75,"Closed loop, using oxygen sensor feedback to determine fuel mix/",40.0,74
2026-08-16 18:14:53.694,698.5,1.0,91.0,42.0,21.0,99.0,-0.78,26.27,3.12,-3.91,2.58,0.66,0.67,3.5,13.0,23.92,"Closed loop, using oxygen sensor feedback to determine fuel mix/",40.0,74
2026-08-16 18:14:55.420,693.0,0.0,91.0,42.0,23.0,99.0,-0.76,26.27,-0.78,-3.91,2.54,0.77,0.71,5.5,13.0,23.92,"Closed loop, using oxygen sensor feedback to determine fuel mix/",40.0,74
2026-08-16 18:14:57.129,701.75,1.0,91.0,41.0,21.0,99.0,-0.78,26.27,-0.78,-3.91,2.59,0.77,0.71,0.0,13.0,23.14,"Closed loop, using oxygen sensor feedback to determine fuel mix/",40.0,74
2026-08-16 18:14:58.822,696.75,0.0,92.0,42.0,21.0,99.0,-0.78,26.27,-1.56,-3.91,2.54,0.74,0.73,2.0,13.0,22.35,"Closed loop, using oxygen sensor feedback to determine fuel mix/",40.0,74
2026-08-16 18:15:00.514,689.0,0.0,92.0,42.0,21.0,99.0,-0.78,25.88,-1.56,-3.91,2.38,0.74,0.77,4.0,13.0,21.57,"Closed loop, using oxygen sensor feedback to determine fuel mix/",40.0,73
2026-08-16 18:15:02.224,688.25,0.0,92.0,42.0,22.0,99.0,-0.77,26.27,-1.56,-3.91,2.53,0.74,0.72,4.0,13.0,22.75,"Closed loop, using oxygen sensor feedback to determine fuel mix/",40.0,73
2026-08-16 18:15:03.915,693.25,0.0,92.0,42.0,21.0,99.0,-0.78,25.88,-0.78,-3.91,2.45,0.76,0.72,2.0,13.0,21.96,"Closed loop, using oxygen sensor feedback to determine fuel mix/",40.0,73
2026-08-16 18:15:05.608,681.25,0.0,92.0,42.0,22.0,99.0,-0.77,25.88,-1.56,-3.91,2.4,0.76,0.73,5.0,13.1,21.96,"Closed loop, using oxygen sensor feedback to determine fuel mix/",40.0,73
2026-08-16 18:15:07.317,680.5,0.0,92.0,42.0,21.0,99.0,-0.78,25.88,2.34,-3.91,2.4,0.71,0.74,3.5,13.0,21.57,"Closed loop, using oxygen sensor feedback to determine fuel mix/",40.0,73
2026-08-16 18:15:09.009,685.75,0.0,92.0,42.0,21.0,99.0,-0.78,25.88,1.56,-3.91,2.4,0.69,0.75,2.5,13.1,21.96,"Closed loop, using oxygen sensor feedback to determine fuel mix/",40.0,73
2026-08-16 18:15:10.719,685.25,0.0,92.0,42.0,20.0,99.0,-0.79,25.88,1.56,-3.91,2.4,0.74,0.76,3.5,13.0,21.57,"Closed loop, using oxygen sensor feedback to determine fuel mix/",40.0,73
2026-08-16 18:15:12.409,685.25,0.0,92.0,42.0,21.0,99.0,-0.78,25.88,1.56,-3.91,2.38,0.34,0.75,3.5,13.0,21.96,"Closed loop, using oxygen sensor feedback to determine fuel mix/",40.0,74
2026-08-16 18:15:14.104,688.25,0.0,92.0,42.0,21.0,99.0,-0.78,25.88,0.78,-3.91,2.37,0.2,0.75,3.0,13.0,21.18,"Closed loop, using oxygen sensor feedback to determine fuel mix/",40.0,74
2026-08-16 18:15:15.796,682.5,0.0,92.0,42.0,21.0,99.0,-0.78,25.88,0.78,-3.91,2.39,0.14,0.76,3.5,13.0,21.57,"Closed loop, using oxygen sensor feedback to determine fuel mix/",40.0,74
2026-08-16 18:15:17.505,680.25,0.0,93.0,42.0,20.0,99.0,-0.79,25.49,0.78,-3.91,2.38,0.11,0.78,4.0,13.0,21.18,"Closed loop, using oxygen sensor feedback to determine fuel mix/",40.0,74
2026-08-16 18:15:19.196,678.0,0.0,93.0,42.0,21.0,99.0,-0.78,25.88,0.78,-3.91,2.37,0.1,0.78,2.5,13.0,21.18,"Closed loop, using oxygen sensor feedback to determine fuel mix/",40.0,74
2026-08-16 18:15:20.890,679.0,0.0,93.0,43.0,21.0,99.0,-0.78,25.88,-3.12,-3.91,2.38,0.12,0.79,3.0,13.0,21.57,"Closed loop, using oxygen sensor feedback to determine fuel mix/",40.0,74
2026-08-16 18:15:22.583,675.75,0.0,93.0,43.0,22.0,99.0,-0.77,25.88,-3.12,-3.91,2.36,0.62,0.78,3.0,13.0,21.57,"Closed loop, using oxygen sensor feedback to determine fuel mix/",40.0,74
2026-08-16 18:15:24.291,677.0,0.0,93.0,43.0,21.0,99.0,-0.78,25.49,-2.34,-3.91,2.34,0.73,0.76,3.0,12.9,21.18,"Closed loop, using oxygen sensor feedback to determine fuel mix/",40.0,74
2026-08-16 18:15:26.001,679.25,0.0,93.0,43.0,20.0,99.0,-0.79,25.88,-2.34,-3.91,2.4,0.76,0.74,5.0,12.9,21.96,"Closed loop, using oxygen sensor feedback to determine fuel mix/",40.0,74
2026-08-16 18:15:27.723,682.5,0.0,93.0,43.0,22.0,99.0,-0.77,25.88,-2.34,-3.91,2.41,0.76,0.71,5.0,13.0,21.57,"Closed loop, using oxygen sensor feedback to determine fuel mix/",40.0,74
2026-08-16 18:15:29.418,684.75,0.0,93.0,43.0,21.0,99.0,-0.78,25.88,1.56,-3.91,2.4,0.23,0.73,2.5,13.0,21.57,"Closed loop, using oxygen sensor feedback to determine fuel mix/",40.0,74
2026-08-16 18:15:31.109,676.25,0.0,93.0,43.0,21.0,99.0,-0.78,25.88,0.78,-3.91,2.4,0.12,0.78,4.5,13.0,21.96,"Closed loop, using oxygen sensor feedback to determine fuel mix/",40.0,74
2026-08-16 18:15:32.804,680.75,0.0,93.0,43.0,22.0,99.0,-0.77,25.88,0.78,-3.91,2.41,0.1,0.78,2.5,13.0,21.57,"Closed loop, using oxygen sensor feedback to determine fuel mix/",40.0,74
2026-08-16 18:15:34.497,678.0,0.0,93.0,43.0,21.0,99.0,-0.78,25.88,0.78,-3.91,2.44,0.12,0.79,3.0,12.9,21.96,"Closed loop, using oxygen sensor feedback to determine fuel mix/",40.0,74
2026-08-16 18:15:36.192,680.5,0.0,94.0,43.0,21.0,99.0,-0.78,25.88,-3.12,-3.91,2.42,0.28,0.79,3.0,13.0,21.96,"Closed loop, using oxygen sensor feedback to determine fuel mix/",40.0,74
2026-08-16 18:15:37.898,675.75,0.0,93.0,43.0,20.0,99.0,-0.79,25.88,-3.12,-3.91,2.39,0.7,0.78,2.5,13.0,21.57,"Closed loop, using oxygen sensor feedback to determine fuel mix/",40.0,74
2026-08-16 18:15:39.588,678.5,0.0,94.0,43.0,22.0,99.0,-0.77,25.88,-2.34,-3.91,2.39,0.76,0.75,5.5,13.0,21.96,"Closed loop, using oxygen sensor feedback to determine fuel mix/",40.0,74
2026-08-16 18:15:41.282,684.5,0.0,94.0,43.0,21.0,99.0,-0.78,25.88,-2.34,-3.91,2.38,0.77,0.74,3.5,13.0,21.57,"Closed loop, using oxygen sensor feedback to determine fuel mix/",40.0,74
2026-08-16 18:15:42.991,680.0,0.0,94.0,43.0,22.0,99.0,-0.77,25.88,-2.34,-3.91,2.37,0.76,0.74,3.5,13.0,21.57,"Closed loop, using oxygen sensor feedback to determine fuel mix/",40.0,74
2026-08-16 18:15:44.684,681.0,0.0,94.0,43.0,21.0,99.0,-0.78,25.49,1.56,-3.91,2.36,0.72,0.74,3.0,13.0,21.57,"Closed loop, using oxygen sensor feedback to determine fuel mix/",40.0,74
2026-08-16 18:15:46.391,682.0,0.0,94.0,43.0,21.0,99.0,-0.78,25.49,0.78,-3.91,2.36,0.18,0.77,3.0,13.0,21.18,"Closed loop, using oxygen sensor feedback to determine fuel mix/",40.0,74
2026-08-16 18:15:48.086,687.0,0.0,94.0,43.0,20.0,99.0,-0.79,25.49,0.0,-3.91,2.38,0.13,0.77,2.5,13.0,21.57,"Closed loop, using oxygen sensor feedback to determine fuel mix/",40.0,74
2026-08-16 18:15:49.777,711.25,0.0,94.0,43.0,21.0,99.0,-0.78,25.49,0.0,-3.91,2.3,0.1,0.77,9.0,12.8,21.18,"Closed loop, using oxygen sensor feedback to determine fuel mix/",40.0,74
2026-08-16 18:15:51.470,668.25,0.0,94.0,43.0,22.0,99.0,-0.77,25.88,-3.91,-3.91,2.44,0.14,0.79,4.5,13.0,21.57,"Closed loop, using oxygen sensor feedback to determine fuel mix/",40.0,75
2026-08-16 18:15:53.163,674.25,0.0,94.0,43.0,23.0,99.0,-0.76,25.88,1.56,-3.91,2.45,0.19,0.66,2.5,13.0,22.35,"Closed loop, using oxygen sensor feedback to determine fuel mix/",40.0,75
2026-08-16 18:15:54.857,682.5,0.0,94.0,43.0,21.0,99.0,-0.78,25.88,1.56,-3.91,2.39,0.2,0.71,-2.5,13.0,20.0,"Closed loop, using oxygen sensor feedback to determine fuel mix/",40.0,75
2026-08-16 18:15:56.549,679.5,0.0,94.0,43.0,24.0,99.0,-0.75,27.06,1.56,-3.91,2.83,0.17,0.7,-4.5,13.0,25.88,"Closed loop, using oxygen sensor feedback to determine fuel mix/",40.0,75
2026-08-16 18:15:58.240,684.0,0.0,94.0,43.0,24.0,99.0,-0.75,26.67,4.69,-3.91,2.72,0.64,0.68,-4.5,13.0,24.31,"Closed loop, using oxygen sensor feedback to determine fuel mix/",40.0,75
2026-08-16 18:15:59.935,694.5,0.0,94.0,43.0,22.0,99.0,-0.77,25.88,3.12,-3.91,2.38,0.73,0.71,2.5,13.0,21.18,"Closed loop, using oxygen sensor feedback to determine fuel mix/",40.0,75
2026-08-16 18:16:01.642,684.0,0.0,94.0,43.0,20.0,99.0,-0.79,25.88,2.34,-3.91,2.36,0.14,0.77,3.0,13.0,21.18,"Closed loop, using oxygen sensor feedback to determine fuel mix/",40.0,75
2026-08-16 18:16:03.331,673.75,0.0,94.0,43.0,21.0,99.0,-0.78,25.88,1.56,-3.91,2.38,0.12,0.78,2.5,13.0,21.57,"Closed loop, using oxygen sensor feedback to determine fuel mix/",40.0,75
2026-08-16 18:16:05.029,675.75,0.0,95.0,43.0,20.0,99.0,-0.79,25.88,1.56,-3.91,2.36,0.1,0.79,5.0,13.0,21.18,"Closed loop, using oxygen sensor feedback to determine fuel mix/",40.0,75
2026-08-16 18:16:06.725,679.75,0.0,95.0,43.0,21.0,99.0,-0.78,25.88,-2.34,-3.91,2.36,0.34,0.79,5.0,13.0,21.18,"Closed loop, using oxygen sensor feedback to determine fuel mix/",40.0,75
2026-08-16 18:16:08.415,676.75,0.0,95.0,43.0,20.0,99.0,-0.79,25.88,-3.12,-3.91,2.35,0.28,0.79,5.0,13.1,21.18,"Closed loop, using oxygen sensor feedback to determine fuel mix/",40.0,75
2026-08-16 18:16:10.127,677.5,0.0,95.0,43.0,20.0,99.0,-0.79,25.88,-2.34,-3.91,2.35,0.68,0.77,4.0,13.0,21.57,"Closed loop, using oxygen sensor feedback to determine fuel mix/",40.0,75
2026-08-16 18:16:11.852,681.5,0.0,95.0,43.0,20.0,99.0,-0.79,25.49,-2.34,-3.91,2.37,0.74,0.76,2.5,12.9,21.57,"Closed loop, using oxygen sensor feedback to determine fuel mix/",40.0,75
2026-08-16 18:16:13.543,680.5,0.0,95.0,44.0,20.0,99.0,-0.79,25.88,-2.34,-3.91,2.36,0.77,0.73,4.0,13.0,21.57,"Closed loop, using oxygen sensor feedback to determine fuel mix/",40.0,75
2026-08-16 18:16:15.238,678.0,0.0,95.0,44.0,21.0,99.0,-0.78,25.49,-2.34,-3.91,2.37,0.78,0.74,4.0,13.0,21.57,"Closed loop, using oxygen sensor feedback to determine fuel mix/",40.0,75
2026-08-16 18:16:16.931,683.75,0.0,95.0,44.0,20.0,99.0,-0.79,25.49,-2.34,-3.91,2.37,0.78,0.74,4.5,13.1,21.57,"Closed loop, using oxygen sensor feedback to determine fuel mix/",40.0,75
2026-08-16 18:16:18.638,678.25,0.0,95.0,44.0,20.0,99.0,-0.79,25.49,1.56,-3.91,2.35,0.74,0.74,3.5,13.0,21.57,"Closed loop, using oxygen sensor feedback to determine fuel mix/",40.0,75
2026-08-16 18:16:20.346,680.25,0.0,95.0,44.0,20.0,99.0,-0.79,25.88,0.78,-3.91,2.4,0.29,0.76,3.0,13.0,21.57,"Closed loop, using oxygen sensor feedback to determine fuel mix/",40.0,75
2026-08-16 18:16:22.040,681.0,0.0,95.0,44.0,21.0,99.0,-0.78,25.88,0.78,-3.91,2.39,0.1,0.78,1.5,13.0,21.57,"Closed loop, using oxygen sensor feedback to determine fuel mix/",40.0,75
2026-08-16 18:16:23.733,675.75,0.0,95.0,44.0,20.0,99.0,-0.79,25.88,-3.12,-3.91,2.36,0.2,0.79,2.5,13.0,21.57,"Closed loop, using oxygen sensor feedback to determine fuel mix/",40.0,75
2026-08-16 18:16:25.440,678.25,0.0,96.0,44.0,20.0,99.0,-0.79,25.88,-3.12,-3.91,2.39,0.61,0.79,4.0,13.0,21.57,"Closed loop, using oxygen sensor feedback to determine fuel mix/",40.0,75
2026-08-16 18:16:27.136,683.75,0.0,96.0,44.0,22.0,99.0,-0.77,25.49,-2.34,-3.91,2.37,0.73,0.78,3.0,13.0,21.57,"Closed loop, using oxygen sensor feedback to determine fuel mix/",40.0,75
2026-08-16 18:16:28.840,685.0,0.0,96.0,44.0,20.0,99.0,-0.79,25.49,-2.34,-3.91,2.37,0.78,0.77,3.5,13.0,21.18,"Closed loop, using oxygen sensor feedback to determine fuel mix/",40.0,75
2026-08-16 18:16:30.535,681.5,0.0,96.0,44.0,22.0,99.0,-0.77,25.49,-3.12,-3.91,2.4,0.77,0.74,6.5,13.0,21.57,"Closed loop, using oxygen sensor feedback to determine fuel mix/",40.0,75
2026-08-16 18:16:32.242,680.5,0.0,95.0,44.0,20.0,99.0,-0.79,25.49,-3.12,-3.91,2.36,0.75,0.74,3.5,13.0,21.57,"Closed loop, using oxygen sensor feedback to determine fuel mix/",40.0,75
2026-08-16 18:16:33.935,671.25,0.0,96.0,44.0,20.0,99.0,-0.79,25.49,0.78,-3.91,2.39,0.35,0.74,1.5,13.0,21.18,"Closed loop, using oxygen sensor feedback to determine fuel mix/",40.0,75
2026-08-16 18:16:35.629,665.75,0.0,96.0,44.0,19.0,99.0,-0.8,24.31,0.0,-3.91,2.1,0.74,0.77,-1.0,12.9,21.57,"Closed loop, using oxygen sensor feedback to determine fuel mix/",40.0,76
2026-08-16 18:16:37.334,677.75,0.0,96.0,44.0,21.0,99.0,-0.78,25.88,0.0,-3.91,2.45,0.1,0.7,5.0,12.9,21.96,"Closed loop, using oxygen sensor feedback to determine fuel mix/",40.0,76
2026-08-16 18:16:39.029,673.0,0.0,96.0,44.0,22.0,99.0,-0.77,26.27,0.78,-3.91,2.48,0.09,0.76,4.0,13.0,22.75,"Closed loop, using oxygen sensor feedback to determine fuel mix/",40.0,76
2026-08-16 18:16:40.738,676.25,0.0,96.0,44.0,22.0,99.0,-0.77,26.27,-2.34,-3.91,2.51,0.1,0.76,2.5,13.0,22.35,"Closed loop, using oxygen sensor feedback to determine fuel mix/",40.0,76
2026-08-16 18:16:42.430,674.75,0.0,96.0,44.0,22.0,99.0,-0.77,26.27,-1.56,-3.91,2.52,0.63,0.73,3.0,13.0,22.75,"Closed loop, using oxygen sensor feedback to determine fuel mix/",40.0,76
2026-08-16 18:16:44.137,678.5,0.0,96.0,44.0,22.0,99.0,-0.77,26.27,-0.78,-3.91,2.55,0.51,0.77,2.5,13.0,23.14,"Closed loop, using oxygen sensor feedback to determine fuel mix/",40.0,77
2026-08-16 18:16:45.835,679.0,0.0,96.0,44.0,21.0,99.0,-0.78,26.27,-2.34,-3.91,2.5,0.25,0.78,3.5,13.0,22.75,"Closed loop, using oxygen sensor feedback to determine fuel mix/",40.0,77
2026-08-16 18:16:47.524,678.0,0.0,96.0,44.0,21.0,99.0,-0.78,26.27,-1.56,-3.91,2.54,0.61,0.77,4.0,13.0,23.14,"Closed loop, using oxygen sensor feedback to determine fuel mix/",40.0,77
2026-08-16 18:16:49.235,677.25,0.0,96.0,44.0,21.0,99.0,-0.78,26.27,-1.56,-3.91,2.54,0.54,0.76,3.5,13.0,23.14,"Closed loop, using oxygen sensor feedback to determine fuel mix/",40.0,77
2026-08-16 18:16:50.925,674.75,0.0,96.0,44.0,23.0,99.0,-0.76,26.27,-0.78,-3.91,2.57,0.65,0.78,2.0,13.0,23.53,"Closed loop, using oxygen sensor feedback to determine fuel mix/",40.0,77
2026-08-16 18:16:52.626,679.75,0.0,96.0,44.0,22.0,99.0,-0.77,26.27,-1.56,-3.91,2.64,0.15,0.79,1.0,13.0,23.53,"Closed loop, using oxygen sensor feedback to determine fuel mix/",40.0,77
2026-08-16 18:16:54.327,676.0,0.0,96.0,44.0,22.0,99.0,-0.77,26.27,-1.56,-3.91,2.62,0.12,0.77,2.0,13.0,23.53,"Closed loop, using oxygen sensor feedback to determine fuel mix/",40.0,77
2026-08-16 18:16:56.020,675.75,0.0,97.0,44.0,21.0,99.0,-0.78,25.88,1.56,-3.91,2.51,0.12,0.78,3.0,13.0,22.35,"Closed loop, using oxygen sensor feedback to determine fuel mix/",40.0,77
2026-08-16 18:16:57.712,676.75,0.0,97.0,44.0,21.0,99.0,-0.78,26.27,1.56,-3.91,2.54,0.11,0.79,2.5,13.1,22.75,"Closed loop, using oxygen sensor feedback to determine fuel mix/",40.0,77
2026-08-16 18:16:59.421,675.25,0.0,97.0,44.0,21.0,99.0,-0.78,26.27,1.56,-3.91,2.49,0.1,0.79,2.5,13.0,22.75,"Closed loop, using oxygen sensor feedback to determine fuel mix/",40.0,77
2026-08-16 18:17:01.119,662.5,0.0,97.0,44.0,25.0,99.0,-0.74,27.06,2.34,-3.91,2.98,0.09,0.77,4.0,13.0,27.84,"Closed loop, using oxygen sensor feedback to determine fuel mix/",40.0,77
2026-08-16 18:17:02.821,674.5,0.0,97.0,44.0,26.0,99.0,-0.73,27.06,-0.78,-3.91,2.92,0.41,0.75,-0.5,13.0,26.27,"Closed loop, using oxygen sensor feedback to determine fuel mix/",40.0,77
2026-08-16 18:17:04.517,679.75,0.0,97.0,44.0,24.0,99.0,-0.75,27.06,-0.78,-3.91,2.94,0.29,0.78,-2.5,13.0,25.88,"Closed loop, using oxygen sensor feedback to determine fuel mix/",40.0,78
2026-08-16 18:17:06.208,674.75,0.0,97.0,44.0,23.0,99.0,-0.76,27.06,2.34,-3.91,2.85,0.11,0.79,-2.0,13.1,25.88,"Closed loop, using oxygen sensor feedback to determine fuel mix/",40.0,78
2026-08-16 18:17:07.902,671.5,0.0,97.0,44.0,25.0,99.0,-0.74,27.84,3.12,-3.91,3.14,0.09,0.76,-3.5,13.0,27.45,"Closed loop, using oxygen sensor feedback to determine fuel mix/",40.0,78
2026-08-16 18:17:09.593,683.5,0.0,97.0,44.0,25.0,99.0,-0.74,27.84,0.0,-3.91,3.22,0.1,0.73,-2.0,13.0,29.02,"Closed loop, using oxygen sensor feedback to determine fuel mix/",40.0,78
2026-08-16 18:17:11.286,695.25,1.0,97.0,44.0,26.0,99.0,-0.73,27.84,4.69,-3.91,3.18,0.1,0.73,-2.5,13.1,27.45,"Closed loop, using oxygen sensor feedback to determine fuel mix/",40.0,78
2026-08-16 18:17:12.980,696.75,0.0,97.0,44.0,25.0,99.0,-0.74,27.45,0.0,-3.91,2.99,0.21,0.78,-1.5,13.1,27.06,"Closed loop, using oxygen sensor feedback to determine fuel mix/",40.0,78
2026-08-16 18:17:14.703,691.0,0.0,97.0,44.0,24.0,99.0,-0.75,27.06,3.12,-3.91,2.94,0.1,0.78,-1.5,13.0,26.67,"Closed loop, using oxygen sensor feedback to determine fuel mix/",40.0,78
2026-08-16 18:17:16.399,687.5,0.0,97.0,44.0,27.0,99.0,-0.72,27.84,3.91,-3.91,3.25,0.23,0.71,-7.5,13.0,29.02,"Closed loop, using oxygen sensor feedback to determine fuel mix/",40.0,78
2026-08-16 18:17:18.089,690.0,0.0,97.0,44.0,26.0,99.0,-0.73,27.84,0.0,-3.91,3.23,0.74,0.65,-5.5,12.9,29.02,"Closed loop, using oxygen sensor feedback to determine fuel mix/",40.0,78
2026-08-16 18:17:19.783,685.0,0.0,97.0,44.0,25.0,99.0,-0.74,27.06,0.0,-3.91,2.93,0.77,0.7,-2.0,13.0,26.27,"Closed loop, using oxygen sensor feedback to determine fuel mix/",40.0,78
2026-08-16 18:17:21.493,683.5,0.0,97.0,44.0,25.0,99.0,-0.74,27.06,3.91,-3.91,2.84,0.74,0.67,0.5,13.0,25.88,"Closed loop, using oxygen sensor feedback to determine fuel mix/",40.0,78
2026-08-16 18:17:23.199,686.75,0.0,97.0,44.0,25.0,99.0,-0.74,27.06,3.12,-3.91,2.87,0.26,0.74,-3.0,13.0,25.88,"Closed loop, using oxygen sensor feedback to determine fuel mix/",40.0,78
2026-08-16 18:17:24.892,681.5,0.0,97.0,44.0,23.0,99.0,-0.76,27.06,2.34,-3.91,2.85,0.12,0.73,-1.5,13.0,25.88,"Closed loop, using oxygen sensor feedback to determine fuel mix/",40.0,78
2026-08-16 18:17:26.584,681.75,0.0,96.0,44.0,24.0,99.0,-0.75,27.06,2.34,-3.91,2.83,0.15,0.76,-0.5,13.0,25.1,"Closed loop, using oxygen sensor feedback to determine fuel mix/",40.0,78
2026-08-16 18:17:28.280,673.5,0.0,96.0,43.0,23.0,99.0,-0.76,27.06,2.34,-3.91,2.84,0.61,0.71,0.5,13.0,25.49,"Closed loop, using oxygen sensor feedback to determine fuel mix/",40.0,78
2026-08-16 18:17:29.985,687.75,0.0,96.0,43.0,25.0,99.0,-0.74,26.67,2.34,-3.91,2.79,0.73,0.71,-0.5,13.0,25.49,"Closed loop, using oxygen sensor feedback to determine fuel mix/",40.0,78
2026-08-16 18:17:31.696,688.25,0.0,96.0,43.0,24.0,99.0,-0.75,26.67,-1.56,-3.91,2.81,0.76,0.72,0.5,13.0,25.88,"Closed loop, using oxygen sensor feedback to determine fuel mix/",40.0,78
2026-08-16 18:17:33.387,673.75,0.0,95.0,43.0,25.0,99.0,-0.74,27.06,2.34,-3.91,2.82,0.68,0.68,0.0,13.0,25.49,"Closed loop, using oxygen sensor feedback to determine fuel mix/",40.0,78
2026-08-16 18:17:35.081,712.5,0.0,95.0,43.0,22.0,99.0,-0.77,26.27,-1.56,-3.91,2.51,0.78,0.69,2.0,13.0,22.35,"Closed loop, using oxygen sensor feedback to determine fuel mix/",40.0,78
2026-08-16 18:17:36.773,683.5,0.0,95.0,43.0,23.0,99.0,-0.76,27.06,2.34,-3.91,2.77,0.15,0.65,0.0,13.0,25.1,"Closed loop, using oxygen sensor feedback to determine fuel mix/",40.0,77
2026-08-16 18:17:38.464,695.25,1.0,94.0,43.0,23.0,99.0,-0.76,27.06,2.34,-3.91,2.85,0.12,0.7,0.5,13.1,24.71,"Closed loop, using oxygen sensor feedback to determine fuel mix/",40.0,77
2026-08-16 18:17:40.158,695.75,1.0,94.0,43.0,24.0,99.0,-0.75,27.06,3.12,-3.91,2.82,0.68,0.72,-1.5,13.0,25.1,"Closed loop, using oxygen sensor feedback to determine fuel mix/",40.0,77
2026-08-16 18:17:41.851,698.75,0.0,94.0,43.0,22.0,99.0,-0.77,27.06,-1.56,-3.91,2.85,0.76,0.72,3.5,12.9,26.67,"Closed loop, using oxygen sensor feedback to determine fuel mix/",40.0,77
2026-08-16 18:17:43.558,685.75,0.0,93.0,43.0,23.0,99.0,-0.76,27.06,-0.78,-3.91,2.89,0.73,0.64,-1.5,13.0,25.88,"Closed loop, using oxygen sensor feedback to determine fuel mix/",40.0,77
2026-08-16 18:17:45.270,697.0,0.0,93.0,43.0,23.0,99.0,-0.76,26.67,-0.78,-3.91,2.72,0.81,0.72,1.0,13.0,24.71,"Closed loop, using oxygen sensor feedback to determine fuel mix/",40.0,77
2026-08-16 18:17:46.979,687.75,0.0,93.0,43.0,21.0,99.0,-0.78,25.88,-1.56,-3.91,2.52,0.79,0.74,3.5,13.1,22.75,"Closed loop, using oxygen sensor feedback to determine fuel mix/",40.0,77
2026-08-16 18:17:48.669,702.5,0.0,92.0,43.0,21.0,99.0,-0.78,25.88,-2.34,-3.91,2.44,0.77,0.72,4.5,13.0,21.57,"Closed loop, using oxygen sensor feedback to determine fuel mix/",40.0,77
2026-08-16 18:17:50.365,693.25,0.0,92.0,43.0,20.0,99.0,-0.79,25.88,0.78,-3.91,2.41,0.67,0.75,6.5,12.9,22.35,"Closed loop, using oxygen sensor feedback to determine fuel mix/",40.0,77
2026-08-16 18:17:52.071,683.75,0.0,92.0,43.0,21.0,99.0,-0.78,25.88,1.56,-3.91,2.47,0.61,0.73,4.5,13.0,22.75,"Closed loop, using oxygen sensor feedback to determine fuel mix/",40.0,77
2026-08-16 18:17:53.796,696.0,0.0,91.0,43.0,22.0,99.0,-0.77,25.88,-2.34,-3.91,2.39,0.77,0.72,5.5,13.0,21.57,"Closed loop, using oxygen sensor feedback to determine fuel mix/",40.0,77
2026-08-16 18:17:55.506,685.75,0.0,91.0,43.0,22.0,99.0,-0.77,25.88,0.78,-3.91,2.43,0.51,0.73,3.0,13.0,21.18,"Closed loop, using oxygen sensor feedback to determine fuel mix/",40.0,77
2026-08-16 18:17:57.198,684.25,0.0,91.0,43.0,20.0,99.0,-0.79,25.88,0.78,-3.91,2.37,0.2,0.76,2.0,13.0,21.18,"Closed loop, using oxygen sensor feedback to determine fuel mix/",40.0,77
2026-08-16 18:17:58.889,681.0,0.0,90.0,43.0,20.0,99.0,-0.79,25.88,0.78,-3.91,2.35,0.12,0.77,3.5,13.0,21.57,"Closed loop, using oxygen sensor feedback to determine fuel mix/",40.0,77
2026-08-16 18:18:00.584,677.75,0.0,90.0,43.0,20.0,99.0,-0.79,25.49,0.78,-3.91,2.35,0.12,0.78,4.0,13.0,21.18,"Closed loop, using oxygen sensor feedback to determine fuel mix/",40.0,77
2026-08-16 18:18:02.301,679.75,0.0,90.0,44.0,20.0,99.0,-0.79,25.49,0.78,-3.91,2.36,0.11,0.79,2.0,13.0,21.18,"Closed loop, using oxygen sensor feedback to determine fuel mix/",40.0,77
2026-08-16 18:18:03.999,678.5,0.0,90.0,44.0,20.0,99.0,-0.79,25.88,-3.12,-3.91,2.35,0.27,0.8,4.0,13.0,21.57,"Closed loop, using oxygen sensor feedback to determine fuel mix/",40.0,77
2026-08-16 18:18:05.694,675.5,0.0,89.0,44.0,21.0,99.0,-0.78,25.49,-3.12,-3.91,2.36,0.71,0.79,4.0,13.0,21.18,"Closed loop, using oxygen sensor feedback to determine fuel mix/",40.0,77
2026-08-16 18:18:07.385,679.75,0.0,89.0,44.0,20.0,99.0,-0.79,25.49,-2.34,-3.91,2.33,0.78,0.74,4.0,12.9,21.18,"Closed loop, using oxygen sensor feedback to determine fuel mix/",40.0,77
2026-08-16 18:18:09.093,684.0,0.0,89.0,44.0,20.0,99.0,-0.79,25.49,-3.12,-3.91,2.33,0.78,0.74,4.0,12.9,21.18,"Closed loop, using oxygen sensor feedback to determine fuel mix/",40.0,77
2026-08-16 18:18:10.787,677.25,0.0,89.0,44.0,20.0,99.0,-0.79,25.88,0.78,-3.91,2.39,0.6,0.74,5.5,13.0,21.57,"Closed loop, using oxygen sensor feedback to determine fuel mix/",40.0,77
2026-08-16 18:18:12.496,682.25,0.0,89.0,44.0,20.0,99.0,-0.79,25.88,0.0,-3.91,2.37,0.14,0.73,3.5,13.0,21.57,"Closed loop, using oxygen sensor feedback to determine fuel mix/",40.0,77
2026-08-16 18:18:14.220,682.25,0.0,89.0,44.0,20.0,99.0,-0.79,25.88,0.0,-3.91,2.34,0.1,0.77,4.0,13.0,21.18,"Closed loop, using oxygen sensor feedback to determine fuel mix/",40.0,77
2026-08-16 18:18:15.914,679.0,0.0,89.0,44.0,20.0,99.0,-0.79,25.49,0.0,-3.91,2.36,0.1,0.78,3.5,13.0,21.57,"Closed loop, using oxygen sensor feedback to determine fuel mix/",40.0,77
2026-08-16 18:18:17.608,675.75,0.0,89.0,44.0,22.0,99.0,-0.77,25.88,0.0,-3.91,2.38,0.1,0.78,1.5,13.0,21.18,"Closed loop, using oxygen sensor feedback to determine fuel mix/",40.0,77
2026-08-16 18:18:19.301,676.5,0.0,89.0,44.0,20.0,99.0,-0.79,25.88,0.0,-3.91,2.39,0.1,0.78,5.0,13.0,21.57,"Closed loop, using oxygen sensor feedback to determine fuel mix/",40.0,77
2026-08-16 18:18:20.993,683.25,0.0,90.0,44.0,20.0,99.0,-0.79,25.88,-3.12,-3.91,2.36,0.73,0.74,4.0,13.1,21.57,"Closed loop, using oxygen sensor feedback to determine fuel mix/",40.0,77
2026-08-16 18:18:22.684,682.5,0.0,90.0,44.0,21.0,99.0,-0.78,25.49,-3.12,-3.91,2.31,0.76,0.71,7.0,13.0,21.18,"Closed loop, using oxygen sensor feedback to determine fuel mix/",40.0,77
2026-08-16 18:18:24.409,684.0,0.0,90.0,44.0,20.0,99.0,-0.79,25.49,-3.12,-3.91,2.35,0.75,0.7,3.5,13.0,21.18,"Closed loop, using oxygen sensor feedback to determine fuel mix/",40.0,77
2026-08-16 18:18:26.100,683.5,0.0,90.0,44.0,21.0,99.0,-0.78,25.49,-3.12,-3.91,2.33,0.76,0.71,4.0,13.0,21.18,"Closed loop, using oxygen sensor feedback to determine fuel mix/",40.0,77
2026-08-16 18:18:27.796,681.75,0.0,90.0,44.0,20.0,99.0,-0.79,25.49,-3.12,-3.91,2.32,0.74,0.71,4.5,13.0,21.18,"Closed loop, using oxygen sensor feedback to determine fuel mix/",40.0,77
2026-08-16 18:18:29.501,677.0,0.0,90.0,44.0,21.0,99.0,-0.78,25.49,0.78,-3.91,2.33,0.73,0.74,4.0,13.0,21.18,"Closed loop, using oxygen sensor feedback to determine fuel mix/",40.0,77
2026-08-16 18:18:31.196,683.0,0.0,90.0,44.0,21.0,99.0,-0.78,25.49,0.78,-3.91,2.33,0.23,0.73,3.0,13.1,20.78,"Closed loop, using oxygen sensor feedback to determine fuel mix/",40.0,77
2026-08-16 18:18:32.902,680.0,0.0,90.0,44.0,22.0,99.0,-0.77,25.49,0.0,-3.91,2.33,0.13,0.76,5.5,12.9,21.18,"Closed loop, using oxygen sensor feedback to determine fuel mix/",40.0,77
2026-08-16 18:18:34.596,680.25,0.0,91.0,44.0,21.0,99.0,-0.78,25.49,0.0,-3.91,2.35,0.12,0.77,5.0,13.0,21.18,"Closed loop, using oxygen sensor feedback to determine fuel mix/",40.0,77
2026-08-16 18:18:36.322,674.0,0.0,91.0,44.0,20.0,99.0,-0.79,25.49,0.0,-3.91,2.36,0.1,0.78,3.5,13.0,21.18,"Closed loop, using oxygen sensor feedback to determine fuel mix/",40.0,77
2026-08-16 18:18:38.016,679.5,0.0,91.0,44.0,21.0,99.0,-0.78,25.49,0.0,-3.91,2.35,0.1,0.79,3.5,13.0,21.18,"Closed loop, using oxygen sensor feedback to determine fuel mix/",40.0,77
2026-08-16 18:18:39.706,677.75,0.0,91.0,44.0,20.0,99.0,-0.79,25.49,-3.91,-3.91,2.38,0.3,0.78,4.5,12.9,21.57,"Closed loop, using oxygen sensor feedback to determine fuel mix/",40.0,77
2026-08-16 18:18:41.398,676.25,0.0,91.0,45.0,20.0,99.0,-0.79,25.88,-3.12,-3.91,2.35,0.53,0.77,5.5,13.0,21.57,"Closed loop, using oxygen sensor feedback to determine fuel mix/",40.0,77
2026-08-16 18:18:43.110,692.25,0.0,91.0,45.0,20.0,99.0,-0.79,25.88,-3.12,-3.91,2.35,0.74,0.72,6.5,13.0,21.18,"Closed loop, using oxygen sensor feedback to determine fuel mix/",40.0,77
2026-08-16 18:18:44.848,687.25,0.0,91.0,45.0,21.0,99.0,-0.78,25.88,-2.34,-3.91,2.46,,0.7,6.0,13.1,22.35,"Closed loop, using oxygen sensor feedback to determine fuel mix/",40.0,77
2026-08-16 18:18:46.528,696.75,0.0,92.0,45.0,22.0,99.0,-0.77,25.88,-1.56,-3.91,2.38,0.77,0.69,4.5,13.0,21.18,"Closed loop, using oxygen sensor feedback to determine fuel mix/",40.0,77
2026-08-16 18:18:48.218,689.0,0.0,92.0,45.0,22.0,99.0,-0.77,25.88,-1.56,-3.91,2.39,0.74,0.7,3.5,13.0,21.18,"Closed loop, using oxygen sensor feedback to determine fuel mix/",40.0,78
2026-08-16 18:18:49.911,688.5,0.0,92.0,45.0,21.0,99.0,-0.78,25.88,2.34,-3.91,2.32,0.72,0.72,5.0,13.0,20.78,"Closed loop, using oxygen sensor feedback to determine fuel mix/",40.0,78
2026-08-16 18:18:51.626,682.0,0.0,92.0,45.0,21.0,99.0,-0.78,25.88,1.56,-3.91,2.35,0.29,0.76,5.0,13.0,21.18,"Closed loop, using oxygen sensor feedback to determine fuel mix/",40.0,77
2026-08-16 18:18:53.331,679.25,0.0,92.0,45.0,20.0,99.0,-0.79,25.88,1.56,-3.91,2.36,0.1,0.78,6.5,12.9,21.57,"Closed loop, using oxygen sensor feedback to determine fuel mix/",40.0,77
2026-08-16 18:18:55.055,672.5,0.0,92.0,45.0,24.0,99.0,-0.75,27.06,2.34,-3.91,2.88,0.1,0.75,-6.0,13.1,25.88,"Closed loop, using oxygen sensor feedback to determine fuel mix/",40.0,77
2026-08-16 18:18:56.778,679.0,0.0,92.0,45.0,25.0,99.0,-0.74,27.06,3.12,-3.91,2.83,0.14,0.74,-6.0,13.0,25.88,"Closed loop, using oxygen sensor feedback to determine fuel mix/",40.0,77
2026-08-16 18:18:58.489,674.5,0.0,92.0,45.0,22.0,99.0,-0.77,26.27,-0.78,-3.91,2.51,0.15,0.77,-2.0,13.0,21.96,"Closed loop, using oxygen sensor feedback to determine fuel mix/",40.0,78
2026-08-16 18:19:00.179,683.25,0.0,92.0,45.0,20.0,99.0,-0.79,25.49,-0.78,-3.91,2.27,0.75,0.8,6.0,12.9,20.39,"Closed loop, using oxygen sensor feedback to determine fuel mix/",40.0,78
2026-08-16 18:19:01.891,682.75,0.0,92.0,45.0,20.0,99.0,-0.79,25.49,3.91,-3.91,2.28,0.72,0.72,6.5,13.0,20.39,"Closed loop, using oxygen sensor feedback to determine fuel mix/",40.0,78
2026-08-16 18:19:03.581,682.0,0.0,93.0,45.0,20.0,99.0,-0.79,25.49,3.12,-3.91,2.27,0.32,0.75,5.0,13.0,20.78,"Closed loop, using oxygen sensor feedback to determine fuel mix/",40.0,78
2026-08-16 18:19:05.275,678.0,0.0,93.0,45.0,20.0,99.0,-0.79,25.88,3.12,-3.91,2.31,0.13,0.77,5.0,13.0,21.18,"Closed loop, using oxygen sensor feedback to determine fuel mix/",40.0,78
2026-08-16 18:19:06.985,677.75,0.0,93.0,45.0,21.0,99.0,-0.78,25.88,-0.78,-3.91,2.37,0.54,0.79,6.0,13.0,21.57,"Closed loop, using oxygen sensor feedback to determine fuel mix/",40.0,78
2026-08-16 18:19:08.678,681.5,0.0,93.0,45.0,20.0,99.0,-0.79,25.88,-1.56,-3.91,2.36,0.68,0.8,4.5,12.9,21.57,"Closed loop, using oxygen sensor feedback to determine fuel mix/",40.0,78
2026-08-16 18:19:10.387,677.75,0.0,93.0,45.0,20.0,99.0,-0.79,25.88,-1.56,-3.91,2.36,0.71,0.78,6.0,13.0,21.57,"Closed loop, using oxygen sensor feedback to determine fuel mix/",40.0,78
2026-08-16 18:19:12.110,682.0,0.0,93.0,45.0,21.0,99.0,-0.78,25.88,-1.56,-3.91,2.37,0.74,0.75,4.5,13.0,21.18,"Closed loop, using oxygen sensor feedback to determine fuel mix/",40.0,78
2026-08-16 18:19:13.803,683.5,0.0,93.0,45.0,20.0,99.0,-0.79,25.88,-1.56,-3.91,2.36,0.77,0.73,4.0,13.0,21.18,"Closed loop, using oxygen sensor feedback to determine fuel mix/",40.0,78
2026-08-16 18:19:15.494,680.25,0.0,93.0,45.0,24.0,99.0,-0.75,27.06,2.34,-3.91,2.74,0.11,0.72,-5.5,13.0,24.71,"Closed loop, using oxygen sensor feedback to determine fuel mix/",40.0,78
2026-08-16 18:19:17.188,680.5,0.0,93.0,45.0,25.0,99.0,-0.74,30.59,-0.78,-4.69,5.07,0.07,0.75,3.5,13.1,38.04,"Closed loop, using oxygen sensor feedback to determine fuel mix/",40.0,78
2026-08-16 18:19:18.879,902.25,2.0,94.0,45.0,23.0,99.0,-0.76,28.63,-2.34,-3.91,3.48,0.78,0.8,1.5,13.1,28.24,"Closed loop, using oxygen sensor feedback to determine fuel mix/",40.0,78
2026-08-16 18:19:20.576,777.0,0.0,94.0,45.0,24.0,99.0,-0.75,27.45,1.56,-3.91,3.0,0.65,0.63,-1.5,13.0,25.1,"Closed loop, using oxygen sensor feedback to determine fuel mix/",40.0,78
2026-08-16 18:19:22.283,727.0,0.0,94.0,45.0,22.0,99.0,-0.77,26.27,0.78,-3.91,2.56,0.48,0.68,0.5,13.0,22.35,"Closed loop, using oxygen sensor feedback to determine fuel mix/",40.0,78
2026-08-16 18:19:23.992,701.0,0.0,94.0,45.0,21.0,99.0,-0.78,25.88,0.78,-3.91,2.39,0.11,0.78,5.0,13.0,21.18,"Closed loop, using oxygen sensor feedback to determine fuel mix/",40.0,78
2026-08-16 18:19:25.700,692.0,0.0,94.0,45.0,21.0,99.0,-0.78,25.49,-3.12,-3.91,2.33,0.58,0.79,6.5,13.0,20.78,"Closed loop, using oxygen sensor feedback to determine fuel mix/",40.0,78
2026-08-16 18:19:27.391,682.5,0.0,94.0,45.0,20.0,99.0,-0.79,25.49,-3.91,-3.91,2.3,0.62,0.79,8.5,13.0,20.78,"Closed loop, using oxygen sensor feedback to determine fuel mix/",40.0,78
2026-08-16 18:19:29.085,684.0,0.0,94.0,45.0,20.0,99.0,-0.79,25.49,-3.12,-3.91,2.32,0.72,0.76,7.5,13.0,21.18,"Closed loop, using oxygen sensor feedback to determine fuel mix/",40.0,78
2026-08-16 18:19:30.778,684.0,0.0,94.0,45.0,20.0,99.0,-0.79,25.49,-3.12,-3.91,2.26,0.75,0.73,9.5,12.9,20.39,"Closed loop, using oxygen sensor feedback to determine fuel mix/",40.0,78
2026-08-16 18:19:32.469,697.75,1.0,94.0,45.0,22.0,99.0,-0.77,26.27,0.78,-3.91,2.48,0.62,0.63,3.0,13.0,21.96,"Closed loop, using oxygen sensor feedback to determine fuel mix/",40.0,78
2026-08-16 18:19:34.165,690.25,0.0,95.0,45.0,21.0,99.0,-0.78,25.88,1.56,-3.91,2.53,0.73,0.71,4.5,13.0,23.53,"Closed loop, using oxygen sensor feedback to determine fuel mix/",40.0,78
2026-08-16 18:19:35.858,685.75,0.0,95.0,45.0,20.0,99.0,-0.79,25.88,-2.34,-3.91,2.43,0.78,0.71,3.5,13.0,21.96,"Closed loop, using oxygen sensor feedback to determine fuel mix/",40.0,78
2026-08-16 18:19:37.565,683.25,0.0,95.0,45.0,21.0,99.0,-0.78,25.88,-3.12,-3.91,2.41,0.78,0.73,5.5,13.0,21.18,"Closed loop, using oxygen sensor feedback to determine fuel mix/",40.0,78
2026-08-16 18:19:39.257,703.25,0.0,95.0,45.0,20.0,99.0,-0.79,25.88,0.0,-3.91,2.39,0.12,0.77,11.0,13.0,21.96,"Closed loop, using oxygen sensor feedback to determine fuel mix/",40.0,79
2026-08-16 18:19:40.953,672.25,0.0,95.0,45.0,21.0,99.0,-0.78,26.27,0.0,-3.91,2.48,0.1,0.78,7.0,13.0,22.75,"Closed loop, using oxygen sensor feedback to determine fuel mix/",40.0,79
2026-08-16 18:19:42.674,684.0,0.0,95.0,45.0,24.0,99.0,-0.75,26.67,2.34,-3.91,2.67,0.56,0.73,1.0,13.0,23.92,"Closed loop, using oxygen sensor feedback to determine fuel mix/",40.0,79
2026-08-16 18:19:44.373,685.75,0.0,95.0,45.0,21.0,99.0,-0.78,26.27,-1.56,-3.91,2.54,0.74,0.68,4.5,12.9,23.53,"Closed loop, using oxygen sensor feedback to determine fuel mix/",40.0,79
2026-08-16 18:19:46.077,682.0,0.0,95.0,45.0,22.0,99.0,-0.77,26.27,-1.56,-3.91,2.61,0.75,0.68,2.5,12.8,23.14,"Closed loop, using oxygen sensor feedback to determine fuel mix/",40.0,79
2026-08-16 18:19:47.771,827.25,0.0,95.0,45.0,29.0,99.0,-0.7,28.63,2.34,-3.91,3.53,0.83,0.68,-0.5,13.1,27.45,"Closed loop, using oxygen sensor feedback to determine fuel mix/",40.0,79
2026-08-16 18:19:49.461,770.5,0.0,95.0,45.0,25.0,99.0,-0.74,27.84,1.56,-3.91,3.31,0.12,0.76,-4.5,13.1,28.63,"Closed loop, using oxygen sensor feedback to determine fuel mix/",40.0,79
2026-08-16 18:19:51.157,730.5,0.0,95.0,45.0,23.0,99.0,-0.76,27.45,2.34,-3.91,3.01,0.2,0.69,-4.5,13.1,26.27,"Closed loop, using oxygen sensor feedback to determine fuel mix/",40.0,79
2026-08-16 18:19:52.863,703.25,0.0,96.0,45.0,22.0,99.0,-0.77,27.06,-2.34,-4.69,3.21,0.26,0.78,7.5,13.1,35.29,"Closed loop, using oxygen sensor feedback to determine fuel mix/",40.0,79
2026-08-16 18:19:54.574,900.75,0.0,96.0,45.0,22.0,99.0,-0.77,28.24,-3.12,-3.91,3.34,0.76,0.84,4.0,13.0,27.45,"Closed loop, using oxygen sensor feedback to determine fuel mix/",40.0,79
2026-08-16 18:19:56.268,774.0,0.0,96.0,45.0,23.0,99.0,-0.76,27.45,-2.34,-3.91,3.11,0.77,0.66,0.5,13.0,26.27,"Closed loop, using oxygen sensor feedback to determine fuel mix/",40.0,79
2026-08-16 18:19:57.960,722.25,0.0,96.0,45.0,22.0,99.0,-0.77,27.06,-2.34,-3.91,2.79,0.76,0.71,1.5,13.0,24.71,"Closed loop, using oxygen sensor feedback to determine fuel mix/",40.0,80
2026-08-16 18:19:59.670,703.25,0.0,96.0,45.0,21.0,99.0,-0.78,26.27,-2.34,-3.91,2.53,0.78,0.69,3.5,12.9,22.35,"Closed loop, using oxygen sensor feedback to determine fuel mix/",40.0,80
2026-08-16 18:20:01.392,690.0,0.0,96.0,45.0,22.0,99.0,-0.77,25.88,-3.12,-3.91,2.43,0.76,0.74,10.0,13.0,22.35,"Closed loop, using oxygen sensor feedback to determine fuel mix/",40.0,80
2026-08-16 18:20:03.086,677.75,0.0,96.0,45.0,22.0,99.0,-0.77,25.49,-3.91,-3.91,2.33,0.78,0.74,-4.0,13.0,20.78,"Closed loop, using oxygen sensor feedback to determine fuel mix/",40.0,80
2026-08-16 18:20:04.777,702.5,0.0,96.0,45.0,19.0,99.0,-0.8,25.1,-0.78,-3.91,2.17,0.19,0.76,-2.0,13.1,19.61,"Closed loop, using oxygen sensor feedback to determine fuel mix/",40.0,79
2026-08-16 18:20:06.487,686.0,0.0,96.0,45.0,18.0,99.0,-0.81,24.31,-0.78,-3.91,2.05,0.11,0.78,1.0,13.0,18.04,"Closed loop, using oxygen sensor feedback to determine fuel mix/",40.0,79
2026-08-16 18:20:08.179,676.0,0.0,96.0,45.0,18.0,99.0,-0.81,23.92,-5.47,-3.91,1.98,0.69,0.8,1.5,12.9,18.04,"Closed loop, using oxygen sensor feedback to determine fuel mix/",40.0,79
2026-08-16 18:20:09.887,686.25,0.0,96.0,46.0,18.0,99.0,-0.81,23.92,-4.69,-3.91,1.94,0.77,0.76,1.5,13.0,17.65,"Closed loop, using oxygen sensor feedback to determine fuel mix/",40.0,79
2026-08-16 18:20:11.583,686.75,0.0,96.0,46.0,17.0,99.0,-0.82,23.92,-1.56,-3.91,1.96,0.18,0.77,4.5,13.0,17.65,"Closed loop, using oxygen sensor feedback to determine fuel mix/",40.0,79
2026-08-16 18:20:13.289,679.0,0.0,97.0,46.0,17.0,99.0,-0.82,23.92,-1.56,-3.91,1.97,0.11,0.79,3.0,13.0,17.65,"Closed loop, using oxygen sensor feedback to determine fuel mix/",40.0,79
2026-08-16 18:20:15.016,673.75,0.0,97.0,46.0,18.0,99.0,-0.81,23.92,-5.47,-3.91,1.97,0.72,0.79,2.5,13.0,17.65,"Closed loop, using oxygen sensor feedback to determine fuel mix/",40.0,79
2026-08-16 18:20:16.721,681.75,0.0,97.0,46.0,18.0,99.0,-0.81,23.92,-4.69,-3.91,1.95,0.78,0.75,3.0,13.0,17.65,"Closed loop, using oxygen sensor feedback to determine fuel mix/",40.0,79
2026-08-16 18:20:18.422,672.25,0.0,97.0,46.0,20.0,99.0,-0.79,25.1,-1.56,-3.91,2.15,0.11,0.78,6.5,13.0,19.22,"Closed loop, using oxygen sensor feedback to determine fuel mix/",40.0,79
2026-08-16 18:20:20.129,679.75,0.0,97.0,46.0,19.0,99.0,-0.8,24.31,-1.56,-3.91,2.08,0.1,0.79,4.5,13.0,18.82,"Closed loop, using oxygen sensor feedback to determine fuel mix/",40.0,79
2026-08-16 18:20:21.835,681.25,0.0,97.0,46.0,18.0,99.0,-0.81,24.31,-5.47,-3.91,2.1,0.66,0.79,3.0,13.0,19.22,"Closed loop, using oxygen sensor feedback to determine fuel mix/",40.0,79
2026-08-16 18:20:23.542,678.75,0.0,97.0,46.0,19.0,99.0,-0.8,24.31,-4.69,-3.91,2.09,0.76,0.76,7.0,13.0,19.22,"Closed loop, using oxygen sensor feedback to determine fuel mix/",40.0,79
2026-08-16 18:20:25.251,680.75,0.0,97.0,46.0,18.0,99.0,-0.81,24.31,-0.78,-3.91,2.07,0.73,0.73,5.0,13.0,18.82,"Closed loop, using oxygen sensor feedback to determine fuel mix/",40.0,79
2026-08-16 18:20:26.943,682.5,0.0,97.0,46.0,19.0,99.0,-0.8,24.31,-1.56,-3.91,2.08,0.11,0.78,4.5,13.1,18.82,"Closed loop, using oxygen sensor feedback to determine fuel mix/",40.0,79
2026-08-16 18:20:28.635,677.5,0.0,97.0,46.0,18.0,99.0,-0.81,24.31,-1.56,-3.91,2.08,0.11,0.79,3.5,13.0,18.82,"Closed loop, using oxygen sensor feedback to determine fuel mix/",40.0,79
2026-08-16 18:20:30.332,682.0,0.0,97.0,46.0,19.0,99.0,-0.8,24.31,-4.69,-3.91,2.09,0.74,0.77,4.5,13.0,18.82,"Closed loop, using oxygen sensor feedback to determine fuel mix/",40.0,79
2026-08-16 18:20:32.037,683.5,0.0,97.0,46.0,18.0,99.0,-0.81,24.31,-4.69,-3.91,2.07,0.73,0.71,4.5,13.0,18.82,"Closed loop, using oxygen sensor feedback to determine fuel mix/",40.0,79
2026-08-16 18:20:33.748,688.25,0.0,97.0,46.0,19.0,99.0,-0.8,24.31,-1.56,-3.91,2.09,0.12,0.76,3.5,13.0,18.82,"Closed loop, using oxygen sensor feedback to determine fuel mix/",40.0,79
2026-08-16 18:20:35.440,676.25,0.0,97.0,46.0,19.0,99.0,-0.8,24.31,-1.56,-3.91,2.09,0.1,0.79,5.0,13.0,18.82,"Closed loop, using oxygen sensor feedback to determine fuel mix/",40.0,79
2026-08-16 18:20:37.149,678.75,0.0,97.0,46.0,19.0,99.0,-0.8,24.31,-4.69,-3.91,2.09,0.59,0.78,6.0,13.0,18.82,"Closed loop, using oxygen sensor feedback to determine fuel mix/",40.0,79
2026-08-16 18:20:38.840,677.0,0.0,97.0,46.0,18.0,99.0,-0.81,24.31,-4.69,-3.91,2.07,0.76,0.74,3.5,13.0,18.82,"Closed loop, using oxygen sensor feedback to determine fuel mix/",40.0,79
2026-08-16 18:20:40.536,680.25,0.0,97.0,46.0,18.0,99.0,-0.81,24.31,-0.78,-3.91,2.08,0.47,0.73,3.0,13.0,18.82,"Closed loop, using oxygen sensor feedback to determine fuel mix/",40.0,79
2026-08-16 18:20:42.244,685.75,0.0,97.0,46.0,18.0,99.0,-0.81,24.71,-1.56,-3.91,2.13,0.1,0.78,2.5,13.0,19.22,"Closed loop, using oxygen sensor feedback to determine fuel mix/",40.0,79
2026-08-16 18:20:43.935,678.75,0.0,97.0,46.0,18.0,99.0,-0.81,24.71,-5.47,-3.91,2.11,0.18,0.78,4.0,13.0,19.22,"Closed loop, using oxygen sensor feedback to determine fuel mix/",40.0,79
2026-08-16 18:20:45.646,677.0,0.0,96.0,46.0,19.0,99.0,-0.8,24.31,-4.69,-3.91,2.07,0.74,0.74,4.5,13.0,18.82,"Closed loop, using oxygen sensor feedback to determine fuel mix/",40.0,79
2026-08-16 18:20:47.338,673.25,0.0,96.0,46.0,19.0,99.0,-0.8,24.31,-0.78,-3.91,2.07,0.32,0.71,3.5,13.0,18.82,"Closed loop, using oxygen sensor feedback to determine fuel mix/",40.0,80
2026-08-16 18:20:49.047,676.0,0.0,96.0,46.0,18.0,99.0,-0.81,24.71,-1.56,-3.91,2.03,0.11,0.77,6.0,13.1,18.43,"Closed loop, using oxygen sensor feedback to determine fuel mix/",40.0,80
2026-08-16 18:20:50.741,673.5,0.0,95.0,46.0,18.0,99.0,-0.81,24.31,-4.69,-3.91,2.04,0.18,0.77,4.5,13.1,18.43,"Closed loop, using oxygen sensor feedback to determine fuel mix/",40.0,80
2026-08-16 18:20:52.448,683.75,0.0,95.0,46.0,19.0,99.0,-0.8,24.71,-3.91,-3.91,2.08,0.74,0.73,5.0,13.0,18.82,"Closed loop, using oxygen sensor feedback to determine fuel mix/",40.0,80
2026-08-16 18:20:54.158,678.5,0.0,94.0,46.0,18.0,99.0,-0.81,24.31,0.0,-3.91,2.03,0.15,0.68,6.5,13.0,18.82,"Closed loop, using oxygen sensor feedback to determine fuel mix/",40.0,80
2026-08-16 18:20:55.849,680.25,0.0,94.0,46.0,19.0,99.0,-0.8,24.71,0.0,-3.91,2.05,0.1,0.77,3.5,13.0,18.43,"Closed loop, using oxygen sensor feedback to determine fuel mix/",40.0,80
2026-08-16 18:20:57.540,675.5,0.0,94.0,46.0,18.0,99.0,-0.81,24.31,-3.91,-3.91,2.02,0.24,0.77,6.0,13.0,18.43,"Closed loop, using oxygen sensor feedback to determine fuel mix/",40.0,80
2026-08-16 18:20:59.253,677.5,0.0,93.0,46.0,18.0,99.0,-0.81,24.31,-3.12,-3.91,2.04,0.77,0.73,5.0,13.0,18.82,"Closed loop, using oxygen sensor feedback to determine fuel mix/",40.0,80
2026-08-16 18:21:00.944,686.0,0.0,93.0,46.0,17.0,99.0,-0.82,23.92,0.78,-3.91,1.96,0.75,0.74,4.5,13.1,18.04,"Closed loop, using oxygen sensor feedback to determine fuel mix/",40.0,80
2026-08-16 18:21:02.636,675.5,0.0,93.0,46.0,19.0,99.0,-0.8,23.92,-4.69,-3.91,1.98,0.19,0.8,1.0,13.0,17.65,"Closed loop, using oxygen sensor feedback to determine fuel mix/",40.0,80
2026-08-16 18:21:04.331,676.75,0.0,92.0,46.0,19.0,99.0,-0.8,23.92,-3.91,-3.91,1.97,0.75,0.78,4.5,13.0,18.04,"Closed loop, using oxygen sensor feedback to determine fuel mix/",40.0,80
2026-08-16 18:21:06.039,683.0,0.0,92.0,46.0,17.0,99.0,-0.82,23.92,-3.91,-3.91,1.96,0.75,0.74,4.0,13.0,17.65,"Closed loop, using oxygen sensor feedback to determine fuel mix/",40.0,80
2026-08-16 18:21:07.734,677.0,0.0,92.0,46.0,17.0,99.0,-0.82,23.92,-0.78,-3.91,1.95,0.1,0.79,0.5,12.9,17.65,"Closed loop, using oxygen sensor feedback to determine fuel mix/",40.0,80
2026-08-16 18:21:09.423,677.75,0.0,92.0,46.0,18.0,99.0,-0.81,23.92,-4.69,-3.91,1.96,0.69,0.8,4.0,13.0,17.65,"Closed loop, using oxygen sensor feedback to determine fuel mix/",40.0,80
2026-08-16 18:21:11.120,682.75,0.0,91.0,46.0,20.0,99.0,-0.79,25.49,-3.91,-3.91,2.3,0.72,0.77,12.0,13.0,21.18,"Closed loop, using oxygen sensor feedback to determine fuel mix/",40.0,80
2026-08-16 18:21:12.825,671.25,0.0,91.0,46.0,21.0,99.0,-0.78,25.88,0.0,-3.91,2.4,0.25,0.71,6.0,13.0,21.57,"Closed loop, using oxygen sensor feedback to determine fuel mix/",40.0,80
2026-08-16 18:21:14.517,677.5,0.0,90.0,46.0,21.0,99.0,-0.78,25.88,0.78,-3.91,2.4,0.15,0.74,5.0,13.0,21.96,"Closed loop, using oxygen sensor feedback to determine fuel mix/",40.0,80
2026-08-16 18:21:16.214,675.25,0.0,90.0,46.0,21.0,99.0,-0.78,25.88,0.78,-3.91,2.4,0.12,0.77,6.5,12.9,21.96,"Closed loop, using oxygen sensor feedback to determine fuel mix/",40.0,80
2026-08-16 18:21:17.919,679.0,0.0,90.0,45.0,20.0,99.0,-0.79,25.88,0.78,-3.91,2.46,0.11,0.79,4.5,13.0,21.96,"Closed loop, using oxygen sensor feedback to determine fuel mix/",40.0,80
2026-08-16 18:21:19.628,677.25,0.0,90.0,45.0,21.0,99.0,-0.78,25.88,0.0,-3.91,2.41,0.1,0.77,6.0,12.9,21.96,"Closed loop, using oxygen sensor feedback to determine fuel mix/",40.0,80
2026-08-16 18:21:21.320,671.25,0.0,89.0,45.0,21.0,99.0,-0.78,26.27,0.78,-3.91,2.53,0.08,0.77,4.5,12.8,22.35,"Closed loop, using oxygen sensor feedback to determine fuel mix/",40.0,80
2026-08-16 18:21:23.031,681.5,0.0,89.0,45.0,24.0,99.0,-0.75,26.67,-2.34,-3.91,2.74,0.12,0.73,-1.5,13.0,24.71,"Closed loop, using oxygen sensor feedback to determine fuel mix/",40.0,80
2026-08-16 18:21:24.723,685.25,0.0,89.0,45.0,22.0,99.0,-0.77,26.67,-1.56,-3.91,2.67,0.1,0.76,2.5,13.1,23.92,"Closed loop, using oxygen sensor feedback to determine fuel mix/",40.0,80
2026-08-16 18:21:26.416,678.25,0.0,89.0,45.0,24.0,99.0,-0.75,27.06,2.34,-3.91,2.85,0.1,0.78,3.0,13.1,26.27,"Closed loop, using oxygen sensor feedback to determine fuel mix/",40.0,80
2026-08-16 18:21:28.106,679.75,0.0,89.0,45.0,22.0,99.0,-0.77,26.67,-0.78,-3.91,2.74,0.37,0.78,2.5,13.1,25.1,"Closed loop, using oxygen sensor feedback to determine fuel mix/",40.0,80
2026-08-16 18:21:29.801,676.0,0.0,89.0,45.0,24.0,99.0,-0.75,26.67,-0.78,-3.91,2.73,0.2,0.77,-1.5,13.0,24.71,"Closed loop, using oxygen sensor feedback to determine fuel mix/",40.0,80
2026-08-16 18:21:31.493,681.75,0.0,89.0,45.0,24.0,99.0,-0.75,27.45,2.34,-3.91,3.08,0.1,0.78,-7.5,13.0,27.84,"Closed loop, using oxygen sensor feedback to determine fuel mix/",40.0,80
2026-08-16 18:21:33.201,777.25,0.0,89.0,44.0,30.0,99.0,-0.69,30.2,2.34,-3.91,3.84,0.48,0.69,9.5,13.1,27.06,"Closed loop, using oxygen sensor feedback to determine fuel mix/",40.0,80
2026-08-16 18:21:34.897,793.25,0.0,89.0,44.0,25.0,99.0,-0.74,28.24,1.56,-3.91,3.5,0.11,0.78,-4.5,13.0,29.8,"Closed loop, using oxygen sensor feedback to determine fuel mix/",40.0,80
2026-08-16 18:21:36.590,742.25,0.0,89.0,44.0,25.0,99.0,-0.74,27.45,1.56,-3.91,3.11,0.1,0.69,-2.0,13.0,27.06,"Closed loop, using oxygen sensor feedback to determine fuel mix/",40.0,80
2026-08-16 18:21:38.282,706.5,0.0,90.0,44.0,24.0,99.0,-0.75,27.06,1.56,-3.91,2.89,0.1,0.76,-2.0,13.0,25.49,"Closed loop, using oxygen sensor feedback to determine fuel mix/",40.0,80
2026-08-16 18:21:39.989,702.25,0.0,90.0,44.0,22.0,99.0,-0.77,26.67,-2.34,-3.91,2.75,0.4,0.78,0.5,13.0,25.1,"Closed loop, using oxygen sensor feedback to determine fuel mix/",40.0,80
2026-08-16 18:21:41.684,688.25,0.0,90.0,44.0,21.0,99.0,-0.78,26.27,-1.56,-3.91,2.6,0.73,0.76,2.0,13.0,23.53,"Closed loop, using oxygen sensor feedback to determine fuel mix/",40.0,80
2026-08-16 18:21:43.375,692.5,0.0,90.0,44.0,21.0,99.0,-0.78,26.27,-2.34,-3.91,2.58,0.75,0.75,4.0,13.0,23.14,"Closed loop, using oxygen sensor feedback to determine fuel mix/",40.0,80
2026-08-16 18:21:45.067,693.5,0.0,90.0,44.0,21.0,99.0,-0.78,26.27,-1.56,-3.91,2.56,0.73,0.76,4.0,13.0,22.75,"Closed loop, using oxygen sensor feedback to determine fuel mix/",40.0,80
2026-08-16 18:21:46.761,689.5,0.0,90.0,44.0,22.0,99.0,-0.77,25.88,-1.56,-3.91,2.44,0.74,0.75,4.5,13.0,21.96,"Closed loop, using oxygen sensor feedback to determine fuel mix/",40.0,80
2026-08-16 18:21:48.459,825.0,0.0,91.0,44.0,26.0,99.0,-0.73,27.84,-1.56,-3.91,3.6,0.85,0.76,-1.0,13.0,27.45,"Closed loop, using oxygen sensor feedback to determine fuel mix/",40.0,80
2026-08-16 18:21:50.165,772.5,0.0,90.0,44.0,24.0,99.0,-0.75,27.45,-2.34,-3.91,3.02,0.11,0.77,0.0,13.0,25.49,"Closed loop, using oxygen sensor feedback to determine fuel mix/",40.0,80
2026-08-16 18:21:51.856,716.25,0.0,91.0,44.0,23.0,99.0,-0.76,26.67,-1.56,-3.91,2.69,0.55,0.76,3.5,13.0,23.92,"Closed loop, using oxygen sensor feedback to determine fuel mix/",40.0,80
2026-08-16 18:21:53.565,699.75,0.0,91.0,44.0,22.0,99.0,-0.77,26.27,-0.78,-3.91,2.52,0.73,0.79,6.5,13.0,22.75,"Closed loop, using oxygen sensor feedback to determine fuel mix/",40.0,80
2026-08-16 18:21:55.260,691.25,0.0,91.0,44.0,22.0,99.0,-0.77,25.88,-1.56,-3.91,2.43,0.77,0.73,6.5,13.0,21.96,"Closed loop, using oxygen sensor feedback to determine fuel mix/",40.0,80
2026-08-16 18:21:56.951,688.75,0.0,91.0,44.0,21.0,99.0,-0.78,26.27,-1.56,-3.91,2.5,0.72,0.73,7.0,13.0,22.35,"Closed loop, using oxygen sensor feedback to determine fuel mix/",40.0,80
2026-08-16 18:21:58.657,689.75,0.0,91.0,44.0,22.0,99.0,-0.77,25.88,-1.56,-3.91,2.47,0.77,0.71,6.0,13.0,22.35,"Closed loop, using oxygen sensor feedback to determine fuel mix/",40.0,80
2026-08-16 18:22:00.353,687.5,0.0,91.0,44.0,22.0,99.0,-0.77,25.88,2.34,-3.91,2.43,0.69,0.71,5.0,13.0,21.57,"Closed loop, using oxygen sensor feedback to determine fuel mix/",40.0,81
2026-08-16 18:22:02.059,690.0,0.0,92.0,44.0,20.0,99.0,-0.79,25.88,1.56,-3.91,2.4,0.21,0.77,10.5,13.0,22.35,"Closed loop, using oxygen sensor feedback to determine fuel mix/",40.0,81
2026-08-16 18:22:03.752,689.0,0.0,92.0,44.0,21.0,99.0,-0.78,25.88,1.56,-3.91,2.46,0.14,0.73,5.0,13.0,21.96,"Closed loop, using oxygen sensor feedback to determine fuel mix/",40.0,81
2026-08-16 18:22:05.447,678.75,0.0,92.0,44.0,23.0,99.0,-0.76,25.88,1.56,-3.91,2.44,0.14,0.77,5.5,13.0,22.35,"Closed loop, using oxygen sensor feedback to determine fuel mix/",40.0,81
2026-08-16 18:22:07.139,682.75,0.0,92.0,44.0,22.0,99.0,-0.77,25.88,1.56,-3.91,2.47,0.12,0.77,6.0,13.1,22.35,"Closed loop, using oxygen sensor feedback to determine fuel mix/",40.0,81
2026-08-16 18:22:08.846,681.5,0.0,92.0,45.0,22.0,99.0,-0.77,25.88,1.56,-3.91,2.43,0.1,0.78,5.0,13.0,21.96,"Closed loop, using oxygen sensor feedback to determine fuel mix/",40.0,81
2026-08-16 18:22:10.554,678.25,0.0,92.0,45.0,22.0,99.0,-0.77,25.88,1.56,-3.91,2.44,0.12,0.78,5.5,13.0,21.96,"Closed loop, using oxygen sensor feedback to determine fuel mix/",40.0,81
2026-08-16 18:22:12.248,678.75,0.0,93.0,45.0,21.0,99.0,-0.78,25.88,-2.34,-3.91,2.44,0.2,0.79,5.0,13.0,21.96,"Closed loop, using oxygen sensor feedback to determine fuel mix/",40.0,81
2026-08-16 18:22:13.943,681.5,0.0,93.0,45.0,22.0,99.0,-0.77,25.88,0.78,-3.91,2.43,0.14,0.79,5.0,13.0,21.96,"Closed loop, using oxygen sensor feedback to determine fuel mix/",40.0,81
2026-08-16 18:22:15.635,677.75,0.0,93.0,45.0,22.0,99.0,-0.77,25.88,-3.12,-3.91,2.47,0.12,0.78,5.5,13.0,22.35,"Closed loop, using oxygen sensor feedback to determine fuel mix/",40.0,81
2026-08-16 18:22:17.325,679.0,0.0,93.0,45.0,21.0,99.0,-0.78,25.88,-3.12,-3.91,2.44,0.23,0.78,4.0,13.0,21.96,"Closed loop, using oxygen sensor feedback to determine fuel mix/",40.0,81
2026-08-16 18:22:19.020,677.25,0.0,93.0,45.0,22.0,99.0,-0.77,25.88,-2.34,-3.91,2.46,0.59,0.78,6.0,13.0,22.35,"Closed loop, using oxygen sensor feedback to determine fuel mix/",40.0,81
2026-08-16 18:22:20.714,679.25,0.0,93.0,45.0,22.0,99.0,-0.77,25.88,-2.34,-3.91,2.47,0.72,0.77,6.0,13.0,22.35,"Closed loop, using oxygen sensor feedback to determine fuel mix/",40.0,81
2026-08-16 18:22:22.406,686.0,0.0,93.0,45.0,21.0,99.0,-0.78,25.88,-2.34,-3.91,2.47,0.75,0.74,6.5,13.0,22.35,"Closed loop, using oxygen sensor feedback to determine fuel mix/",40.0,81
2026-08-16 18:22:24.118,680.75,,93.0,45.0,20.0,99.0,-0.79,25.88,-2.34,-3.91,2.44,0.77,0.73,7.5,13.0,22.35,"Closed loop, using oxygen sensor feedback to determine fuel mix/",40.0,81
2026-08-16 18:22:25.777,681.25,,93.0,45.0,20.0,99.0,-0.79,25.88,1.56,-3.91,2.4,,0.73,5.0,13.0,21.96,N/A,40.0,81
2026-08-16 18:22:27.407,682.5,0.0,93.0,45.0,22.0,99.0,-0.77,25.88,,-3.91,2.39,0.13,0.76,4.5,13.0,21.57,"Closed loop, using oxygen sensor feedback to determine fuel mix/",40.0,81
2026-08-16 18:22:29.063,683.25,,94.0,45.0,22.0,99.0,-0.77,25.88,0.78,-3.91,2.47,0.1,0.78,5.5,13.0,21.96,"Closed loop, using oxygen sensor feedback to determine fuel mix/",40.0,81
2026-08-16 18:22:30.726,684.75,0.0,94.0,45.0,22.0,99.0,-0.77,25.88,1.56,-3.91,2.44,0.1,0.77,4.5,13.0,21.96,"Closed loop, using oxygen sensor feedback to determine fuel mix/",40.0,81
2026-08-16 18:22:32.436,680.0,0.0,94.0,45.0,21.0,99.0,-0.78,25.88,1.56,-3.91,2.43,0.11,0.78,5.5,12.9,21.96,"Closed loop, using oxygen sensor feedback to determine fuel mix/",40.0,81
2026-08-16 18:22:34.161,679.25,0.0,94.0,45.0,22.0,99.0,-0.77,25.88,1.56,-3.91,2.44,0.11,0.78,5.5,13.0,21.96,"Closed loop, using oxygen sensor feedback to determine fuel mix/",40.0,81
2026-08-16 18:22:35.883,680.5,0.0,94.0,45.0,22.0,99.0,-0.77,25.88,1.56,-3.91,2.48,0.13,0.79,5.5,12.9,,"Closed loop, using oxygen sensor feedback to determine fuel mix/",40.0,81
2026-08-16 18:22:37.561,679.25,0.0,94.0,45.0,22.0,99.0,-0.77,25.88,-2.34,-3.91,2.45,0.45,0.79,6.5,12.9,22.35,"Closed loop, using oxygen sensor feedback to determine fuel mix/",40.0,81
2026-08-16 18:22:39.286,677.25,0.0,94.0,45.0,21.0,99.0,-0.78,25.88,-1.56,-3.91,2.43,0.63,0.78,9.0,13.0,21.96,"Closed loop, using oxygen sensor feedback to determine fuel mix/",40.0,81
2026-08-16 18:22:41.011,681.75,0.0,94.0,45.0,21.0,99.0,-0.78,25.88,-1.56,-3.91,2.46,0.68,0.77,6.5,13.0,22.35,"Closed loop, using oxygen sensor feedback to determine fuel mix/",40.0,81
2026-08-16 18:22:42.704,680.25,0.0,94.0,45.0,21.0,99.0,-0.78,25.88,-1.56,-3.91,2.48,0.73,0.76,5.0,13.0,22.35,"Closed loop, using oxygen sensor feedback to determine fuel mix/",40.0,81
2026-08-16 18:22:44.411,684.75,0.0,94.0,45.0,20.0,99.0,-0.79,25.88,-1.56,-3.91,2.41,0.77,0.74,5.5,13.1,21.57,"Closed loop, using oxygen sensor feedback to determine fuel mix/",40.0,81
2026-08-16 18:22:46.107,685.25,0.0,94.0,45.0,21.0,99.0,-0.78,25.88,-2.34,-3.91,2.46,0.76,0.73,8.0,13.1,22.35,"Closed loop, using oxygen sensor feedback to determine fuel mix/",40.0,81
2026-08-16 18:22:47.799,686.0,0.0,95.0,45.0,22.0,99.0,-0.77,25.88,1.56,-3.91,2.46,0.44,0.7,5.0,13.0,22.35,"Closed loop, using oxygen sensor feedback to determine fuel mix/",40.0,81
2026-08-16 18:22:49.491,681.75,0.0,95.0,45.0,22.0,99.0,-0.77,25.88,2.34,-3.91,2.38,0.47,0.73,6.5,13.0,21.96,"Closed loop, using oxygen sensor feedback to determine fuel mix/",40.0,81
2026-08-16 18:22:51.202,679.5,0.0,95.0,45.0,21.0,99.0,-0.78,26.67,2.34,-3.91,2.63,0.18,0.73,2.5,13.0,23.14,"Closed loop, using oxygen sensor feedback to determine fuel mix/",40.0,81
2026-08-16 18:22:52.895,686.25,0.0,95.0,45.0,21.0,99.0,-0.78,25.88,2.34,-3.91,2.44,0.15,0.76,4.5,12.9,21.96,"Closed loop, using oxygen sensor feedback to determine fuel mix/",40.0,81
2026-08-16 18:22:54.587,675.0,0.0,95.0,45.0,25.0,99.0,-0.74,27.45,1.56,-3.91,2.98,0.09,0.76,-6.5,13.1,27.06,"Closed loop, using oxygen sensor feedback to determine fuel mix/",40.0,82
2026-08-16 18:22:56.294,669.75,0.0,95.0,45.0,25.0,99.0,-0.74,26.27,2.34,-3.91,2.48,0.1,0.74,-3.0,13.0,21.57,"Closed loop, using oxygen sensor feedback to determine fuel mix/",40.0,82
2026-08-16 18:22:57.987,693.5,0.0,95.0,45.0,20.0,99.0,-0.79,25.1,-1.56,-3.91,2.23,0.79,0.81,-4.5,12.9,20.0,"Closed loop, using oxygen sensor feedback to determine fuel mix/",40.0,81
2026-08-16 18:22:59.680,684.75,0.0,95.0,45.0,20.0,99.0,-0.79,24.31,1.56,-3.91,2.09,0.13,0.77,-1.0,13.0,18.43,"Closed loop, using oxygen sensor feedback to determine fuel mix/",40.0,81
2026-08-16 18:23:01.389,678.25,0.0,95.0,45.0,18.0,99.0,-0.81,23.92,-3.12,-3.91,1.98,0.72,0.81,3.0,13.0,17.65,"Closed loop, using oxygen sensor feedback to determine fuel mix/",40.0,81
2026-08-16 18:23:03.081,688.0,0.0,95.0,46.0,17.0,99.0,-0.82,23.92,-3.12,-3.91,1.96,0.77,0.75,3.5,13.0,17.65,"Closed loop, using oxygen sensor feedback to determine fuel mix/",40.0,81
2026-08-16 18:23:04.774,679.0,0.0,95.0,46.0,19.0,99.0,-0.8,23.92,0.0,-3.91,1.96,0.11,0.78,1.5,13.0,17.65,"Closed loop, using oxygen sensor feedback to determine fuel mix/",40.0,81
2026-08-16 18:23:06.484,682.0,0.0,96.0,46.0,17.0,99.0,-0.82,23.92,-3.91,-3.91,1.96,0.39,0.8,6.0,13.0,17.65,"Closed loop, using oxygen sensor feedback to determine fuel mix/",40.0,81
2026-08-16 18:23:08.175,677.25,0.0,96.0,46.0,18.0,99.0,-0.81,23.92,-3.12,-3.91,1.95,0.74,0.77,1.0,13.0,17.65,"Closed loop, using oxygen sensor feedback to determine fuel mix/",40.0,81
2026-08-16 18:23:09.885,683.25,0.0,96.0,46.0,19.0,99.0,-0.8,23.92,-3.12,-3.91,1.96,0.77,0.74,3.5,13.0,17.65,"Closed loop, using oxygen sensor feedback to determine fuel mix/",40.0,81
2026-08-16 18:23:11.594,680.0,0.0,96.0,47.0,24.0,99.0,-0.75,27.06,0.0,-3.91,2.82,0.1,0.76,-5.5,13.1,26.27,"Closed loop, using oxygen sensor feedback to determine fuel mix/",40.0,81
2026-08-16 18:23:13.286,680.75,0.0,96.0,46.0,25.0,99.0,-0.74,27.06,1.56,-3.91,2.84,0.69,0.71,-5.0,13.1,25.49,"Closed loop, using oxygen sensor feedback to determine fuel mix/",40.0,81
2026-08-16 18:23:14.996,674.5,0.0,96.0,46.0,23.0,99.0,-0.76,25.88,-1.56,-3.91,2.44,0.79,0.71,3.5,13.1,21.57,"Closed loop, using oxygen sensor feedback to determine fuel mix/",40.0,81
2026-08-16 18:23:16.705,682.25,0.0,96.0,46.0,22.0,99.0,-0.77,25.88,1.56,-3.91,2.32,0.66,0.76,10.5,13.0,21.57,"Closed loop, using oxygen sensor feedback to determine fuel mix/",40.0,81
2026-08-16 18:23:18.411,694.25,1.0,96.0,46.0,22.0,99.0,-0.77,26.67,1.56,-3.91,2.72,0.1,0.68,0.0,13.0,24.31,"Closed loop, using oxygen sensor feedback to determine fuel mix/",40.0,81
2026-08-16 18:23:20.106,699.0,0.0,96.0,46.0,21.0,99.0,-0.78,26.27,-1.56,-3.91,2.6,0.73,0.71,2.0,13.0,23.14,"Closed loop, using oxygen sensor feedback to determine fuel mix/",40.0,81
2026-08-16 18:23:21.811,704.75,1.0,96.0,46.0,21.0,99.0,-0.78,26.27,-1.56,-3.91,2.54,0.74,0.7,4.0,13.0,22.75,"Closed loop, using oxygen sensor feedback to determine fuel mix/",40.0,81
2026-08-16 18:23:23.509,702.5,1.0,97.0,46.0,21.0,99.0,-0.78,26.27,-1.56,-3.91,2.63,0.71,0.73,3.0,13.1,23.53,"Closed loop, using oxygen sensor feedback to determine fuel mix/",40.0,81
2026-08-16 18:23:25.200,697.75,0.0,96.0,46.0,22.0,99.0,-0.77,25.88,-1.56,-3.91,2.49,0.76,0.77,5.0,13.0,22.75,"Closed loop, using oxygen sensor feedback to determine fuel mix/",40.0,81
2026-08-16 18:23:26.894,694.0,0.0,97.0,46.0,22.0,99.0,-0.77,26.27,-1.56,-3.91,2.54,0.75,0.73,4.0,13.0,23.14,"Closed loop, using oxygen sensor feedback to determine fuel mix/",40.0,81
2026-08-16 18:23:28.603,698.0,0.0,97.0,46.0,22.0,99.0,-0.77,25.88,-1.56,-3.91,2.56,0.77,0.76,8.0,12.5,23.92,"Closed loop, using oxygen sensor feedback to determine fuel mix/",40.0,81
2026-08-16 18:23:30.294,690.5,0.0,97.0,46.0,25.0,99.0,-0.74,27.06,2.34,-3.91,2.81,0.22,0.64,-1.0,12.9,25.49,"Closed loop, using oxygen sensor feedback to determine fuel mix/",40.0,81
2026-08-16 18:23:31.989,691.25,0.0,97.0,46.0,23.0,99.0,-0.76,27.06,2.34,-3.91,2.8,0.73,0.71,2.0,13.0,25.88,"Closed loop, using oxygen sensor feedback to determine fuel mix/",40.0,81
2026-08-16 18:23:33.678,692.0,0.0,97.0,46.0,24.0,99.0,-0.75,26.67,-1.56,-3.91,2.81,0.76,0.7,3.0,13.1,25.49,"Closed loop, using oxygen sensor feedback to determine fuel mix/",40.0,81
2026-08-16 18:23:35.386,690.75,0.0,97.0,46.0,23.0,99.0,-0.76,27.06,-0.78,-3.91,2.83,0.77,0.69,1.5,13.1,25.1,"Closed loop, using oxygen sensor feedback to determine fuel mix/",40.0,81
2026-08-16 18:23:37.081,693.0,0.0,97.0,46.0,23.0,99.0,-0.76,27.06,-1.56,-3.91,2.82,0.76,0.7,0.0,13.0,25.88,"Closed loop, using oxygen sensor feedback to determine fuel mix/",40.0,81
2026-08-16 18:23:38.773,702.0,0.0,97.0,46.0,25.0,99.0,-0.74,27.06,-0.78,-3.91,2.8,0.76,0.66,0.0,13.0,25.49,"Closed loop, using oxygen sensor feedback to determine fuel mix/",40.0,81
2026-08-16 18:23:40.465,685.75,0.0,97.0,46.0,24.0,99.0,-0.75,26.67,-1.56,-3.91,2.8,0.76,0.72,0.5,13.0,25.1,"Closed loop, using oxygen sensor feedback to determine fuel mix/",40.0,81
2026-08-16 18:23:42.173,683.25,0.0,97.0,46.0,24.0,99.0,-0.75,26.67,2.34,-3.91,2.77,0.72,0.68,0.5,13.0,25.1,"Closed loop, using oxygen sensor feedback to determine fuel mix/",40.0,81
2026-08-16 18:23:43.871,677.5,0.0,97.0,46.0,24.0,99.0,-0.75,26.67,2.34,-3.91,2.74,0.54,0.67,0.0,13.0,24.71,"Closed loop, using oxygen sensor feedback to determine fuel mix/",40.0,81
2026-08-16 18:23:45.559,686.25,0.0,97.0,46.0,25.0,99.0,-0.74,26.67,1.56,-3.91,2.77,0.14,0.68,-1.0,13.0,25.1,"Closed loop, using oxygen sensor feedback to determine fuel mix/",40.0,81
2026-08-16 18:23:47.256,686.25,0.0,97.0,46.0,23.0,99.0,-0.76,26.67,2.34,-3.91,2.77,0.13,0.71,-2.5,13.0,24.31,"Closed loop, using oxygen sensor feedback to determine fuel mix/",40.0,81
2026-08-16 18:23:48.962,677.25,0.0,97.0,46.0,24.0,99.0,-0.75,26.67,2.34,-3.91,2.71,0.1,0.77,0.0,13.0,24.31,"Closed loop, using oxygen sensor feedback to determine fuel mix/",40.0,81
2026-08-16 18:23:50.673,668.5,0.0,97.0,46.0,24.0,99.0,-0.75,26.67,2.34,-3.91,2.71,0.12,0.78,2.5,13.1,24.71,"Closed loop, using oxygen sensor feedback to determine fuel mix/",40.0,82
2026-08-16 18:23:52.363,680.25,0.0,97.0,46.0,24.0,99.0,-0.75,26.67,2.34,-3.91,2.72,0.12,0.77,0.0,13.1,24.71,"Closed loop, using oxygen sensor feedback to determine fuel mix/",40.0,82
2026-08-16 18:23:54.056,682.5,0.0,97.0,46.0,24.0,99.0,-0.75,26.67,2.34,-3.91,2.73,0.12,0.77,0.0,13.0,24.71,"Closed loop, using oxygen sensor feedback to determine fuel mix/",40.0,82
2026-08-16 18:23:55.767,678.75,0.0,96.0,46.0,24.0,99.0,-0.75,26.67,1.56,-3.91,2.76,0.13,0.74,-1.0,13.0,24.71,"Closed loop, using oxygen sensor feedback to determine fuel mix/",40.0,82
2026-08-16 18:23:57.462,685.0,0.0,96.0,46.0,24.0,99.0,-0.75,26.67,2.34,-3.91,2.71,0.3,0.72,0.0,13.0,24.71,"Closed loop, using oxygen sensor feedback to determine fuel mix/",40.0,82
2026-08-16 18:23:59.166,684.25,0.0,96.0,46.0,24.0,99.0,-0.75,26.67,2.34,-3.91,2.71,0.64,0.73,0.5,13.0,24.71,"Closed loop, using oxygen sensor feedback to determine fuel mix/",40.0,82
2026-08-16 18:24:00.859,682.25,0.0,96.0,46.0,23.0,99.0,-0.76,26.67,2.34,-3.91,2.73,0.21,0.69,1.0,13.1,24.71,"Closed loop, using oxygen sensor feedback to determine fuel mix/",40.0,82
2026-08-16 18:24:02.553,684.5,0.0,96.0,46.0,24.0,99.0,-0.75,26.67,2.34,-3.91,2.73,0.71,0.71,-1.0,13.0,24.71,"Closed loop, using oxygen sensor feedback to determine fuel mix/",40.0,82
2026-08-16 18:24:04.246,677.25,0.0,95.0,46.0,22.0,99.0,-0.77,26.67,2.34,-3.91,2.74,0.7,0.73,-0.5,13.0,25.1,"Closed loop, using oxygen sensor feedback to determine fuel mix/",40.0,82
2026-08-16 18:24:05.955,684.25,0.0,95.0,45.0,24.0,99.0,-0.75,26.67,1.56,-3.91,2.73,0.36,0.69,-2.5,13.0,25.1,"Closed loop, using oxygen sensor feedback to determine fuel mix/",40.0,82
2026-08-16 18:24:07.647,687.25,0.0,94.0,46.0,22.0,99.0,-0.77,26.67,-1.56,-3.91,2.7,0.76,0.71,0.0,13.0,24.71,"Closed loop, using oxygen sensor feedback to determine fuel mix/",40.0,82
2026-08-16 18:24:09.341,678.75,0.0,94.0,46.0,24.0,99.0,-0.75,26.67,-1.56,-3.91,2.71,0.75,0.7,1.5,13.0,24.71,"Closed loop, using oxygen sensor feedback to determine fuel mix/",40.0,82
2026-08-16 18:24:11.048,679.75,0.0,94.0,45.0,23.0,99.0,-0.76,26.67,-1.56,-3.91,2.71,0.76,0.69,-0.5,12.9,25.1,"Closed loop, using oxygen sensor feedback to determine fuel mix/",40.0,82
2026-08-16 18:24:12.745,684.0,0.0,94.0,45.0,22.0,99.0,-0.77,26.67,-1.56,-3.91,2.76,0.78,0.72,-1.0,13.0,24.71,"Closed loop, using oxygen sensor feedback to determine fuel mix/",40.0,82
2026-08-16 18:24:14.452,680.0,0.0,93.0,45.0,24.0,99.0,-0.75,26.27,-1.56,-3.91,2.47,0.76,0.74,0.5,13.0,22.75,"Closed loop, using oxygen sensor feedback to determine fuel mix/",40.0,82
2026-08-16 18:24:16.158,678.5,0.0,93.0,46.0,21.0,99.0,-0.78,25.88,1.56,-3.91,2.47,0.17,0.76,3.0,13.1,22.75,"Closed loop, using oxygen sensor feedback to determine fuel mix/",40.0,82
2026-08-16 18:24:17.854,678.0,0.0,93.0,46.0,21.0,99.0,-0.78,26.27,0.78,-3.91,2.51,0.12,0.74,3.0,13.1,22.75,"Closed loop, using oxygen sensor feedback to determine fuel mix/",40.0,82
2026-08-16 18:24:19.546,680.25,0.0,93.0,46.0,21.0,99.0,-0.78,26.27,1.56,-3.91,2.52,0.12,0.76,2.5,13.0,23.14,"Closed loop, using oxygen sensor feedback to determine fuel mix/",40.0,82
2026-08-16 18:24:21.271,682.0,0.0,92.0,46.0,21.0,99.0,-0.78,26.27,2.34,-3.91,2.55,0.19,0.75,1.5,13.0,23.14,"Closed loop, using oxygen sensor feedback to determine fuel mix/",40.0,82
2026-08-16 18:24:22.978,676.75,0.0,92.0,46.0,21.0,99.0,-0.78,26.27,2.34,-3.91,2.59,0.2,0.77,4.5,13.1,23.53,"Closed loop, using oxygen sensor feedback to determine fuel mix/",40.0,82
2026-08-16 18:24:24.674,687.0,0.0,92.0,46.0,21.0,99.0,-0.78,26.27,1.56,-3.91,2.59,0.47,0.74,2.0,13.0,23.92,"Closed loop, using oxygen sensor feedback to determine fuel mix/",40.0,82
2026-08-16 18:24:26.379,682.5,0.0,91.0,46.0,22.0,99.0,-0.77,26.27,1.56,-3.91,2.58,0.7,0.73,2.0,13.0,23.53,"Closed loop, using oxygen sensor feedback to determine fuel mix/",40.0,82
2026-08-16 18:24:28.074,682.25,0.0,91.0,46.0,22.0,99.0,-0.77,26.27,2.34,-3.91,2.62,0.74,0.72,2.5,13.0,23.53,"Closed loop, using oxygen sensor feedback to determine fuel mix/",40.0,82
2026-08-16 18:24:29.767,681.5,0.0,91.0,46.0,21.0,99.0,-0.78,26.27,2.34,-3.91,2.55,0.74,0.73,2.5,13.0,23.53,"Closed loop, using oxygen sensor feedback to determine fuel mix/",40.0,82
2026-08-16 18:24:31.459,677.25,0.0,90.0,46.0,22.0,99.0,-0.77,26.27,-2.34,-3.91,2.56,0.76,0.73,3.0,13.0,23.14,"Closed loop, using oxygen sensor feedback to determine fuel mix/",40.0,82
2026-08-16 18:24:33.184,685.25,0.0,90.0,46.0,21.0,99.0,-0.78,26.27,-1.56,-3.91,2.62,0.76,0.71,2.5,13.0,23.53,"Closed loop, using oxygen sensor feedback to determine fuel mix/",40.0,82
2026-08-16 18:24:34.907,685.0,0.0,90.0,46.0,23.0,99.0,-0.76,26.27,-2.34,-3.91,2.6,0.76,0.73,0.5,13.0,23.53,"Closed loop, using oxygen sensor feedback to determine fuel mix/",40.0,82
2026-08-16 18:24:36.601,676.0,0.0,90.0,46.0,22.0,99.0,-0.77,26.27,-2.34,-3.91,2.57,0.74,0.69,4.0,13.1,23.53,"Closed loop, using oxygen sensor feedback to determine fuel mix/",40.0,82
2026-08-16 18:24:38.309,681.75,0.0,90.0,46.0,22.0,99.0,-0.77,26.27,-1.56,-3.91,2.92,0.75,0.68,0.0,12.9,28.63,"Closed loop, using oxygen sensor feedback to determine fuel mix/",40.0,82
2026-08-16 18:24:40.019,668.5,0.0,90.0,46.0,25.0,99.0,-0.74,27.84,1.56,-4.69,4.06,0.09,0.76,1.5,13.1,40.0,"Closed loop, using oxygen sensor feedback to determine fuel mix/",40.0,82
2026-08-16 18:24:41.710,910.0,0.0,90.0,46.0,25.0,99.0,-0.74,29.02,-2.34,-3.91,3.78,0.81,0.82,-0.5,12.9,30.59,"Closed loop, using oxygen sensor feedback to determine fuel mix/",40.0,82
2026-08-16 18:24:43.402,771.5,0.0,90.0,46.0,25.0,99.0,-0.74,28.24,1.56,-3.91,3.29,0.1,0.59,-2.0,13.0,28.63,"Closed loop, using oxygen sensor feedback to determine fuel mix/",40.0,82
2026-08-16 18:24:45.097,720.5,0.0,90.0,46.0,26.0,99.0,-0.73,27.45,-0.78,-3.91,2.97,0.76,0.58,1.5,13.0,27.06,"Closed loop, using oxygen sensor feedback to determine fuel mix/",40.0,82
2026-08-16 18:24:46.795,715.5,0.0,90.0,46.0,23.0,99.0,-0.76,27.06,-0.78,-3.91,2.8,0.74,0.62,0.0,13.0,25.1,"Closed loop, using oxygen sensor feedback to determine fuel mix/",40.0,82
2026-08-16 18:24:48.501,715.0,0.0,90.0,46.0,23.0,99.0,-0.76,26.67,-0.78,-3.91,2.72,0.75,0.67,1.5,13.0,24.31,"Closed loop, using oxygen sensor feedback to determine fuel mix/",40.0,82
2026-08-16 18:24:50.222,690.25,0.0,90.0,46.0,21.0,99.0,-0.78,26.27,2.34,-3.91,2.6,0.72,0.71,3.0,13.0,23.14,"Closed loop, using oxygen sensor feedback to determine fuel mix/",40.0,82
2026-08-16 18:24:51.917,686.25,0.0,90.0,46.0,22.0,99.0,-0.77,26.27,2.34,-3.91,2.55,0.11,0.77,4.0,12.9,22.35,"Closed loop, using oxygen sensor feedback to determine fuel mix/",40.0,82
2026-08-16 18:24:53.609,678.5,0.0,91.0,46.0,21.0,99.0,-0.78,26.27,1.56,-3.91,2.56,0.12,0.78,5.5,13.0,23.14,"Closed loop, using oxygen sensor feedback to determine fuel mix/",40.0,82
2026-08-16 18:24:55.333,683.25,0.0,91.0,46.0,29.0,99.0,-0.7,28.24,2.34,-3.91,3.44,0.11,0.68,-3.5,12.6,31.37,"Closed loop, using oxygen sensor feedback to determine fuel mix/",40.0,82
2026-08-16 18:24:57.042,680.75,0.0,91.0,46.0,26.0,99.0,-0.73,27.45,0.0,-3.91,3.06,0.41,0.73,-5.0,13.0,27.45,"Closed loop, using oxygen sensor feedback to determine fuel mix/",40.0,82
2026-08-16 18:24:58.736,684.0,0.0,91.0,46.0,25.0,99.0,-0.74,26.67,-0.78,-3.91,2.79,0.74,0.8,2.5,13.0,25.1,"Closed loop, using oxygen sensor feedback to determine fuel mix/",40.0,82
2026-08-16 18:25:00.430,696.0,0.0,91.0,46.0,23.0,99.0,-0.76,26.67,-1.56,-3.91,2.74,0.77,0.74,2.5,13.1,24.31,"Closed loop, using oxygen sensor feedback to determine fuel mix/",40.0,82
2026-08-16 18:25:02.136,691.75,0.0,91.0,46.0,24.0,99.0,-0.75,26.67,-1.56,-3.91,2.73,0.76,0.69,1.5,13.0,24.71,"Closed loop, using oxygen sensor feedback to determine fuel mix/",40.0,82
2026-08-16 18:25:03.830,702.0,0.0,92.0,46.0,23.0,99.0,-0.76,26.67,-1.56,-3.91,2.73,0.75,0.76,1.5,12.9,24.71,"Closed loop, using oxygen sensor feedback to determine fuel mix/",40.0,82
2026-08-16 18:25:05.538,685.0,0.0,92.0,46.0,23.0,99.0,-0.76,26.67,-2.34,-3.91,2.7,0.7,0.76,2.0,12.9,24.31,"Closed loop, using oxygen sensor feedback to determine fuel mix/",40.0,82
2026-08-16 18:25:07.232,681.5,0.0,92.0,46.0,24.0,99.0,-0.75,26.67,-1.56,-3.91,2.64,0.72,0.77,1.5,13.0,23.92,"Closed loop, using oxygen sensor feedback to determine fuel mix/",40.0,82
2026-08-16 18:25:08.924,692.25,0.0,92.0,46.0,23.0,99.0,-0.76,26.67,-2.34,-3.91,2.7,0.17,0.78,3.5,13.0,24.31,"Closed loop, using oxygen sensor feedback to determine fuel mix/",40.0,82
2026-08-16 18:25:10.620,684.25,0.0,92.0,46.0,23.0,99.0,-0.76,26.27,-1.56,-3.91,2.57,0.56,0.78,3.0,13.0,23.53,"Closed loop, using oxygen sensor feedback to determine fuel mix/",40.0,83
2026-08-16 18:25:12.324,685.75,0.0,92.0,46.0,23.0,99.0,-0.76,26.67,1.56,-3.91,2.65,0.1,0.79,1.0,13.0,23.92,"Closed loop, using oxygen sensor feedback to determine fuel mix/",40.0,83
2026-08-16 18:25:14.034,678.0,0.0,93.0,46.0,22.0,99.0,-0.77,26.27,1.56,-3.91,2.62,0.11,0.78,4.5,13.0,23.92,"Closed loop, using oxygen sensor feedback to determine fuel mix/",40.0,83
2026-08-16 18:25:15.726,685.25,0.0,93.0,46.0,22.0,99.0,-0.77,26.27,1.56,-3.91,2.64,0.11,0.79,0.5,12.9,23.14,"Closed loop, using oxygen sensor feedback to determine fuel mix/",40.0,83
2026-08-16 18:25:17.421,677.5,0.0,93.0,46.0,22.0,99.0,-0.77,26.27,0.78,-3.91,2.58,0.1,0.78,1.5,13.0,22.75,"Closed loop, using oxygen sensor feedback to determine fuel mix/",40.0,83
2026-08-16 18:25:19.123,677.25,0.0,93.0,46.0,21.0,99.0,-0.78,26.27,0.78,-3.91,2.55,0.1,0.78,4.0,13.0,22.75,"Closed loop, using oxygen sensor feedback to determine fuel mix/",40.0,83
2026-08-16 18:25:20.838,675.75,0.0,93.0,46.0,21.0,99.0,-0.78,26.27,1.56,-3.91,2.54,0.11,0.78,1.5,13.0,23.14,"Closed loop, using oxygen sensor feedback to determine fuel mix/",40.0,83
2026-08-16 18:25:22.532,676.25,0.0,93.0,46.0,21.0,99.0,-0.78,26.27,-2.34,-3.91,2.54,0.2,0.78,4.0,13.0,23.14,"Closed loop, using oxygen sensor feedback to determine fuel mix/",40.0,83
2026-08-16 18:25:24.224,674.5,0.0,93.0,46.0,22.0,99.0,-0.77,26.27,1.56,-3.91,2.66,0.1,0.78,1.5,13.0,23.92,"Closed loop, using oxygen sensor feedback to determine fuel mix/",40.0,83
2026-08-16 18:25:25.933,681.5,0.0,93.0,46.0,22.0,99.0,-0.77,26.67,2.34,-3.91,2.65,0.1,0.78,0.0,13.0,23.92,"Closed loop, using oxygen sensor feedback to determine fuel mix/",40.0,83
2026-08-16 18:25:27.626,683.25,0.0,93.0,46.0,23.0,99.0,-0.76,26.67,2.34,-3.91,2.63,0.12,0.77,1.5,13.0,23.53,"Closed loop, using oxygen sensor feedback to determine fuel mix/",40.0,83
2026-08-16 18:25:29.317,684.75,0.0,94.0,46.0,22.0,99.0,-0.77,26.27,2.34,-3.91,2.58,0.12,0.77,2.5,13.0,23.53,"Closed loop, using oxygen sensor feedback to determine fuel mix/",40.0,83
2026-08-16 18:25:31.009,674.75,0.0,94.0,46.0,26.0,99.0,-0.73,27.45,2.34,-3.91,3.08,0.12,0.76,-6.5,13.0,27.84,"Closed loop, using oxygen sensor feedback to determine fuel mix/",40.0,83
2026-08-16 18:25:32.719,681.5,0.0,94.0,46.0,25.0,99.0,-0.74,27.45,3.12,-3.91,3.02,0.41,0.7,-6.5,13.0,27.06,"Closed loop, using oxygen sensor feedback to determine fuel mix/",40.0,83
2026-08-16 18:25:34.413,684.25,0.0,94.0,46.0,24.0,99.0,-0.75,26.67,-0.78,-3.91,2.77,0.77,0.71,-1.0,12.9,25.1,"Closed loop, using oxygen sensor feedback to determine fuel mix/",40.0,83
2026-08-16 18:25:36.105,683.25,0.0,94.0,46.0,23.0,99.0,-0.76,26.27,2.34,-3.91,2.59,0.12,0.74,2.0,13.0,23.53,"Closed loop, using oxygen sensor feedback to determine fuel mix/",40.0,83
2026-08-16 18:25:37.814,935.25,0.0,94.0,46.0,23.0,99.0,-0.76,28.24,-1.56,-3.91,3.5,0.83,0.83,4.0,13.0,26.67,"Closed loop, using oxygen sensor feedback to determine fuel mix/",40.0,83
2026-08-16 18:25:39.505,778.25,0.0,94.0,46.0,24.0,99.0,-0.75,27.84,2.34,-3.91,3.2,0.16,0.67,-2.0,13.0,27.45,"Closed loop, using oxygen sensor feedback to determine fuel mix/",40.0,83
2026-08-16 18:25:41.216,739.0,0.0,94.0,46.0,22.0,99.0,-0.77,26.67,-2.34,-3.91,2.71,0.29,0.77,-8.0,12.9,23.53,"Closed loop, using oxygen sensor feedback to determine fuel mix/",40.0,83
2026-08-16 18:25:42.908,717.0,0.0,95.0,46.0,19.0,99.0,-0.8,25.1,-3.12,-3.91,2.14,0.48,0.81,-0.5,13.0,19.22,"Closed loop, using oxygen sensor feedback to determine fuel mix/",40.0,83
2026-08-16 18:25:44.602,700.75,0.0,95.0,46.0,18.0,99.0,-0.81,23.92,-2.34,-3.91,1.93,0.78,0.76,3.5,13.0,17.25,"Closed loop, using oxygen sensor feedback to determine fuel mix/",40.0,83
2026-08-16 18:25:46.292,700.0,0.0,95.0,47.0,18.0,99.0,-0.81,23.92,0.0,-3.91,1.9,0.2,0.77,9.0,13.0,17.25,"Closed loop, using oxygen sensor feedback to determine fuel mix/",40.0,83
2026-08-16 18:25:48.000,681.25,0.0,95.0,47.0,18.0,99.0,-0.81,23.92,0.0,-3.91,1.92,0.12,0.79,4.0,13.0,16.86,"Closed loop, using oxygen sensor feedback to determine fuel mix/",40.0,83
2026-08-16 18:25:49.696,680.0,0.0,95.0,47.0,17.0,99.0,-0.82,23.53,-3.91,-3.91,1.89,0.73,0.8,4.0,13.0,17.25,"Closed loop, using oxygen sensor feedback to determine fuel mix/",40.0,83
2026-08-16 18:25:51.388,678.5,0.0,95.0,47.0,17.0,99.0,-0.82,23.53,-3.91,-3.91,1.89,0.76,0.76,6.0,13.1,17.65,"Closed loop, using oxygen sensor feedback to determine fuel mix/",40.0,83
2026-08-16 18:25:53.098,670.5,0.0,95.0,47.0,17.0,99.0,-0.82,23.92,-1.56,-3.91,1.91,0.12,0.79,5.0,13.1,17.25,"Closed loop, using oxygen sensor feedback to determine fuel mix/",40.0,83
2026-08-16 18:25:54.791,683.0,0.0,96.0,47.0,18.0,99.0,-0.81,23.53,-5.47,-3.91,1.9,0.71,0.79,3.5,13.0,17.25,"Closed loop, using oxygen sensor feedback to determine fuel mix/",40.0,83
2026-08-16 18:25:56.482,677.75,0.0,96.0,47.0,17.0,99.0,-0.82,23.53,-4.69,-3.91,1.89,0.77,0.74,5.5,13.0,17.25,"Closed loop, using oxygen sensor feedback to determine fuel mix/",40.0,83
2026-08-16 18:25:58.176,681.5,0.0,96.0,47.0,17.0,99.0,-0.82,23.53,-1.56,-3.91,1.92,0.12,0.78,5.0,13.0,17.25,"Closed loop, using oxygen sensor feedback to determine fuel mix/",40.0,83
2026-08-16 18:25:59.884,683.25,0.0,96.0,47.0,17.0,99.0,-0.82,23.53,-5.47,-3.91,1.91,0.15,0.79,3.0,12.9,17.25,"Closed loop, using oxygen sensor feedback to determine fuel mix/",40.0,83
2026-08-16 18:26:01.579,682.25,0.0,96.0,47.0,18.0,99.0,-0.81,23.53,-4.69,-3.91,1.9,0.78,0.77,3.0,13.0,17.25,"Closed loop, using oxygen sensor feedback to determine fuel mix/",40.0,83
2026-08-16 18:26:03.270,684.75,0.0,96.0,47.0,17.0,99.0,-0.82,23.53,-0.78,-3.91,1.91,0.32,0.76,5.0,13.0,16.86,"Closed loop, using oxygen sensor feedback to determine fuel mix/",40.0,83
2026-08-16 18:26:04.964,674.25,0.0,96.0,47.0,18.0,99.0,-0.81,23.53,-1.56,-3.91,1.91,0.11,0.79,4.5,13.0,17.25,"Closed loop, using oxygen sensor feedback to determine fuel mix/",40.0,83
2026-08-16 18:26:06.670,670.0,0.0,96.0,48.0,17.0,99.0,-0.82,23.53,-5.47,-3.91,1.91,0.74,0.79,7.0,13.0,17.25,"Closed loop, using oxygen sensor feedback to determine fuel mix/",40.0,83
2026-08-16 18:26:08.364,688.0,0.0,96.0,48.0,18.0,99.0,-0.81,23.53,-4.69,-3.91,1.9,0.77,0.76,3.0,13.0,17.25,"Closed loop, using oxygen sensor feedback to determine fuel mix/",40.0,83
2026-08-16 18:26:10.054,676.75,0.0,96.0,48.0,18.0,99.0,-0.81,23.92,-1.56,-3.91,1.9,0.1,0.79,3.5,13.0,17.25,"Closed loop, using oxygen sensor feedback to determine fuel mix/",40.0,83
2026-08-16 18:26:11.759,680.75,0.0,97.0,48.0,18.0,99.0,-0.81,23.53,-5.47,-3.91,1.9,0.72,0.79,5.5,13.0,17.25,"Closed loop, using oxygen sensor feedback to determine fuel mix/",40.0,83
2026-08-16 18:26:13.456,682.0,0.0,97.0,48.0,17.0,99.0,-0.82,23.53,-4.69,-3.91,1.94,0.79,0.76,8.0,12.6,18.04,"Closed loop, using oxygen sensor feedback to determine fuel mix/",40.0,83
2026-08-16 18:26:15.200,683.5,0.0,97.0,48.0,19.0,99.0,-0.8,24.31,-1.56,-3.91,2.03,0.13,0.77,5.5,13.0,18.43,"Closed loop, using oxygen sensor feedback to determine fuel mix/",,83
2026-08-16 18:26:16.875,679.0,0.0,96.0,48.0,18.0,99.0,-0.81,24.31,-1.56,-3.91,2.03,0.1,0.79,6.5,13.0,18.43,"Closed loop, using oxygen sensor feedback to determine fuel mix/",40.0,83
2026-08-16 18:26:18.568,677.25,0.0,97.0,48.0,19.0,99.0,-0.8,24.31,-5.47,-3.91,2.04,0.68,0.79,7.0,13.0,18.43,"Closed loop, using oxygen sensor feedback to determine fuel mix/",40.0,83
2026-08-16 18:26:20.277,684.0,0.0,97.0,48.0,18.0,99.0,-0.81,24.31,-4.69,-3.91,2.04,0.77,0.76,6.0,13.0,18.43,"Closed loop, using oxygen sensor feedback to determine fuel mix/",40.0,83
2026-08-16 18:26:21.969,688.75,0.0,97.0,48.0,19.0,99.0,-0.8,24.31,-0.78,-3.91,2.03,,0.76,4.5,13.0,18.43,"Closed loop, using oxygen sensor feedback to determine fuel mix/",40.0,83
2026-08-16 18:26:23.631,674.0,0.0,97.0,48.0,18.0,99.0,-0.81,24.31,-1.56,-3.91,2.02,0.1,0.79,7.0,12.9,18.43,"Closed loop, using oxygen sensor feedback to determine fuel mix/",40.0,83
2026-08-16 18:26:25.371,673.0,0.0,97.0,48.0,19.0,99.0,-0.8,24.31,-1.56,-3.91,2.08,0.11,0.79,5.5,13.0,18.82,"Closed loop, using oxygen sensor feedback to determine fuel mix/",40.0,83
2026-08-16 18:26:27.099,690.0,0.0,97.0,48.0,25.0,99.0,-0.74,27.06,-0.78,-3.91,2.96,0.09,0.77,-3.0,12.9,28.63,"Closed loop, using oxygen sensor feedback to determine fuel mix/",40.0,83
2026-08-16 18:26:28.789,658.5,0.0,97.0,48.0,27.0,99.0,-0.72,27.84,0.78,-3.91,3.17,0.1,0.62,-4.0,13.0,28.63,"Closed loop, using oxygen sensor feedback to determine fuel mix/",40.0,83
2026-08-16 18:26:30.498,677.75,0.0,97.0,48.0,25.0,99.0,-0.74,27.06,1.56,-3.91,2.82,0.09,0.7,0.5,13.1,25.88,"Closed loop, using oxygen sensor feedback to determine fuel mix/",40.0,84
2026-08-16 18:26:32.191,683.75,0.0,97.0,47.0,23.0,99.0,-0.76,27.06,-0.78,-3.91,2.78,0.71,0.58,3.0,13.0,25.1,"Closed loop, using oxygen sensor feedback to determine fuel mix/",40.0,84
2026-08-16 18:26:33.884,681.75,0.0,97.0,47.0,25.0,99.0,-0.74,27.06,0.0,-3.91,2.83,0.76,0.64,5.0,13.0,25.88,"Closed loop, using oxygen sensor feedback to determine fuel mix/",40.0,84
2026-08-16 18:26:35.576,687.75,0.0,97.0,47.0,25.0,99.0,-0.74,26.67,-0.78,-3.91,2.77,0.75,0.72,4.5,13.1,25.49,"Closed loop, using oxygen sensor feedback to determine fuel mix/",40.0,84
2026-08-16 18:26:37.286,680.5,0.0,97.0,47.0,24.0,99.0,-0.75,27.06,-0.78,-3.91,2.79,0.74,0.71,5.0,13.0,25.88,"Closed loop, using oxygen sensor feedback to determine fuel mix/",40.0,84
2026-08-16 18:26:38.980,679.5,0.0,97.0,47.0,25.0,99.0,-0.74,27.06,-0.78,-3.91,2.84,0.7,0.77,3.5,13.1,25.88,"Closed loop, using oxygen sensor feedback to determine fuel mix/",40.0,84
2026-08-16 18:26:40.671,689.25,0.0,97.0,47.0,24.0,99.0,-0.75,27.06,-0.78,-3.91,2.86,0.67,0.77,1.0,13.0,25.88,"Closed loop, using oxygen sensor feedback to determine fuel mix/",40.0,84
2026-08-16 18:26:42.380,689.0,0.0,96.0,47.0,24.0,99.0,-0.75,27.06,2.34,-3.91,2.85,0.1,0.78,1.5,13.0,26.27,"Closed loop, using oxygen sensor feedback to determine fuel mix/",40.0,84
2026-08-16 18:26:44.070,683.0,0.0,96.0,47.0,23.0,99.0,-0.76,27.06,2.34,-3.91,2.85,0.1,0.78,2.5,13.1,25.49,"Closed loop, using oxygen sensor feedback to determine fuel mix/",40.0,84
2026-08-16 18:26:45.782,679.25,0.0,95.0,47.0,24.0,99.0,-0.75,27.06,2.34,-3.91,2.84,0.1,0.78,4.5,13.1,26.27,"Closed loop, using oxygen sensor feedback to determine fuel mix/",40.0,84
2026-08-16 18:26:47.505,687.25,0.0,95.0,47.0,25.0,99.0,-0.74,27.06,2.34,-3.91,2.91,0.11,0.79,-1.0,13.0,26.67,"Closed loop, using oxygen sensor feedback to determine fuel mix/",40.0,84
2026-08-16 18:26:49.199,687.5,0.0,95.0,47.0,24.0,99.0,-0.75,27.06,2.34,-3.91,2.83,0.1,0.78,2.0,13.0,25.88,"Closed loop, using oxygen sensor feedback to determine fuel mix/",40.0,84
2026-08-16 18:26:50.890,688.0,0.0,94.0,47.0,23.0,99.0,-0.76,26.67,2.34,-3.91,2.76,0.11,0.77,2.0,13.1,25.1,"Closed loop, using oxygen sensor feedback to determine fuel mix/",40.0,84
2026-08-16 18:26:52.599,684.75,0.0,94.0,47.0,23.0,99.0,-0.76,27.06,1.56,-3.91,2.81,0.11,0.77,3.5,13.0,25.49,"Closed loop, using oxygen sensor feedback to determine fuel mix/",40.0,84
2026-08-16 18:26:54.295,681.25,0.0,94.0,47.0,23.0,99.0,-0.76,26.67,2.34,-3.91,2.76,0.2,0.75,2.5,13.0,25.49,"Closed loop, using oxygen sensor feedback to determine fuel mix/",40.0,84
2026-08-16 18:26:56.018,687.0,0.0,94.0,47.0,23.0,99.0,-0.76,26.67,-1.56,-3.91,2.76,0.75,0.72,3.5,13.0,25.1,"Closed loop, using oxygen sensor feedback to determine fuel mix/",40.0,84
2026-08-16 18:26:57.727,701.25,0.0,93.0,47.0,23.0,99.0,-0.76,26.27,-1.56,-3.91,2.58,0.75,0.71,5.0,13.0,23.53,"Closed loop, using oxygen sensor feedback to determine fuel mix/",40.0,84
2026-08-16 18:26:59.449,689.75,0.0,93.0,47.0,23.0,99.0,-0.76,26.27,1.56,-3.91,2.6,0.38,0.74,5.5,13.0,23.92,"Closed loop, using oxygen sensor feedback to determine fuel mix/",40.0,84
2026-08-16 18:27:01.144,689.25,0.0,93.0,47.0,23.0,99.0,-0.76,26.27,1.56,-3.91,2.5,0.73,0.74,2.5,13.0,22.75,"Closed loop, using oxygen sensor feedback to determine fuel mix/",40.0,84
2026-08-16 18:27:02.851,688.0,0.0,92.0,47.0,21.0,99.0,-0.78,25.88,0.78,-3.91,2.44,0.59,0.73,5.0,12.9,21.96,"Closed loop, using oxygen sensor feedback to determine fuel mix/",40.0,84
2026-08-16 18:27:04.560,686.25,0.0,92.0,47.0,22.0,99.0,-0.77,25.88,0.78,-3.91,2.48,0.16,0.77,5.5,13.0,22.35,"Closed loop, using oxygen sensor feedback to determine fuel mix/",40.0,84
2026-08-16 18:27:06.268,680.75,0.0,92.0,47.0,21.0,99.0,-0.78,25.88,0.78,-3.91,2.44,0.19,0.77,7.5,13.1,22.35,"Closed loop, using oxygen sensor feedback to determine fuel mix/",40.0,84
2026-08-16 18:27:07.975,688.5,0.0,92.0,47.0,20.0,99.0,-0.79,25.88,0.78,-3.91,2.39,0.12,0.77,5.5,13.0,21.96,"Closed loop, using oxygen sensor feedback to determine fuel mix/",40.0,84
2026-08-16 18:27:09.670,676.75,0.0,92.0,47.0,22.0,99.0,-0.77,26.27,0.78,-3.91,2.51,0.1,0.79,5.5,13.0,22.75,"Closed loop, using oxygen sensor feedback to determine fuel mix/",40.0,84
2026-08-16 18:27:11.362,680.25,0.0,91.0,47.0,21.0,99.0,-0.78,26.27,1.56,-3.91,2.61,0.1,0.78,7.0,13.0,24.31,"Closed loop, using oxygen sensor feedback to determine fuel mix/",40.0,84
2026-08-16 18:27:13.057,680.25,0.0,91.0,47.0,24.0,99.0,-0.75,26.67,1.56,-3.91,2.7,0.1,0.78,4.5,13.0,25.49,"Closed loop, using oxygen sensor feedback to determine fuel mix/",40.0,84
2026-08-16 18:27:14.747,688.5,0.0,91.0,47.0,23.0,99.0,-0.76,26.67,1.56,-3.91,2.76,0.11,0.77,1.0,13.0,24.71,"Closed loop, using oxygen sensor feedback to determine fuel mix/",40.0,84
2026-08-16 18:27:16.442,693.75,0.0,90.0,47.0,22.0,99.0,-0.77,26.67,0.78,-3.91,2.71,0.1,0.75,0.5,13.1,24.31,"Closed loop, using oxygen sensor feedback to determine fuel mix/",40.0,84
2026-08-16 18:27:18.152,684.25,0.0,90.0,47.0,22.0,99.0,-0.77,26.27,0.78,-3.91,2.61,0.1,0.77,1.5,13.0,23.53,"Closed loop, using oxygen sensor feedback to determine fuel mix/",40.0,84
2026-08-16 18:27:19.859,682.75,0.0,90.0,47.0,23.0,99.0,-0.76,26.27,0.78,-3.91,2.56,0.1,0.77,3.0,13.0,23.14,"Closed loop, using oxygen sensor feedback to determine fuel mix/",40.0,84
2026-08-16 18:27:21.567,674.25,0.0,90.0,47.0,21.0,99.0,-0.78,26.27,0.78,-3.91,2.57,0.1,0.78,4.5,13.0,23.14,"Closed loop, using oxygen sensor feedback to determine fuel mix/",40.0,84
2026-08-16 18:27:23.260,683.0,0.0,90.0,47.0,23.0,99.0,-0.76,26.27,0.78,-3.91,2.51,0.1,0.79,3.0,13.0,23.14,"Closed loop, using oxygen sensor feedback to determine fuel mix/",40.0,84
2026-08-16 18:27:24.953,676.25,0.0,90.0,47.0,22.0,99.0,-0.77,26.27,0.78,-3.91,2.53,0.1,0.79,3.5,13.0,22.75,"Closed loop, using oxygen sensor feedback to determine fuel mix/",40.0,84
2026-08-16 18:27:26.679,677.0,0.0,90.0,47.0,23.0,99.0,-0.76,26.27,0.78,-3.91,2.54,0.1,0.79,3.0,13.1,22.75,"Closed loop, using oxygen sensor feedback to determine fuel mix/",40.0,84
2026-08-16 18:27:28.386,678.25,0.0,90.0,47.0,21.0,99.0,-0.78,25.88,0.78,-3.91,2.37,0.23,0.79,-7.0,12.9,21.18,"Closed loop, using oxygen sensor feedback to determine fuel mix/",40.0,84
2026-08-16 18:27:30.080,681.5,0.0,90.0,47.0,21.0,99.0,-0.78,25.49,-3.91,-3.91,2.26,0.69,0.8,-0.5,13.0,19.61,"Closed loop, using oxygen sensor feedback to determine fuel mix/",40.0,83
2026-08-16 18:27:31.771,689.75,0.0,90.0,48.0,19.0,99.0,-0.8,24.31,0.0,-3.91,1.97,0.13,0.72,2.0,13.0,17.65,"Closed loop, using oxygen sensor feedback to determine fuel mix/",40.0,83
2026-08-16 18:27:33.510,681.25,0.0,91.0,48.0,17.0,99.0,-0.82,23.92,0.0,-3.91,1.92,0.1,0.79,4.5,13.1,17.25,"Closed loop, using oxygen sensor feedback to determine fuel mix/",40.0,83
2026-08-16 18:27:35.206,679.75,0.0,91.0,48.0,18.0,99.0,-0.81,23.92,-3.12,-3.91,1.89,0.74,0.77,2.0,12.9,17.25,"Closed loop, using oxygen sensor feedback to determine fuel mix/",40.0,83
2026-08-16 18:27:36.895,675.25,0.0,91.0,48.0,17.0,99.0,-0.82,23.92,-3.12,-3.91,1.91,0.75,0.75,6.0,13.1,17.65,"Closed loop, using oxygen sensor feedback to determine fuel mix/",40.0,83
2026-08-16 18:27:38.607,674.5,0.0,91.0,49.0,17.0,99.0,-0.82,23.92,0.0,-3.91,1.92,0.12,0.78,2.0,13.0,17.25,"Closed loop, using oxygen sensor feedback to determine fuel mix/",40.0,83
2026-08-16 18:27:40.297,677.5,0.0,91.0,49.0,18.0,99.0,-0.81,23.92,-3.91,-3.91,1.94,0.73,0.8,1.5,13.0,17.65,"Closed loop, using oxygen sensor feedback to determine fuel mix/",40.0,83
2026-08-16 18:27:42.007,685.5,0.0,92.0,49.0,17.0,99.0,-0.82,23.92,-3.91,-3.91,1.94,0.77,0.76,6.0,12.9,17.65,"Closed loop, using oxygen sensor feedback to determine fuel mix/",40.0,83
2026-08-16 18:27:43.702,677.0,0.0,91.0,49.0,17.0,99.0,-0.82,23.92,-0.78,-3.91,1.94,0.12,0.79,1.5,13.0,18.04,"Closed loop, using oxygen sensor feedback to determine fuel mix/",40.0,83
2026-08-16 18:27:45.390,675.5,0.0,92.0,49.0,18.0,99.0,-0.81,23.92,-4.69,-3.91,1.96,0.67,0.81,6.0,13.0,18.04,"Closed loop, using oxygen sensor feedback to determine fuel mix/",40.0,83
2026-08-16 18:27:47.084,683.75,0.0,92.0,49.0,17.0,99.0,-0.82,23.92,-4.69,-3.91,1.96,0.77,0.77,2.5,13.0,18.04,"Closed loop, using oxygen sensor feedback to determine fuel mix/",40.0,83
2026-08-16 18:27:48.777,684.75,0.0,92.0,49.0,17.0,99.0,-0.82,23.92,-0.78,-3.91,1.95,0.29,0.77,1.0,13.0,18.04,"Closed loop, using oxygen sensor feedback to determine fuel mix/",40.0,83
2026-08-16 18:27:50.473,672.5,0.0,92.0,49.0,17.0,99.0,-0.82,23.92,-1.56,-3.91,1.97,0.1,0.79,0.5,13.0,17.65,"Closed loop, using oxygen sensor feedback to determine fuel mix/",40.0,83
2026-08-16 18:27:52.179,678.25,0.0,92.0,49.0,17.0,99.0,-0.82,23.92,-5.47,-3.91,1.97,0.69,0.79,3.5,13.0,18.04,"Closed loop, using oxygen sensor feedback to determine fuel mix/",40.0,83
2026-08-16 18:27:53.890,690.75,0.0,92.0,49.0,17.0,99.0,-0.82,23.92,-4.69,-3.91,1.96,0.78,0.77,2.5,13.1,18.04,"Closed loop, using oxygen sensor feedback to determine fuel mix/",40.0,83
2026-08-16 18:27:55.580,685.25,0.0,92.0,49.0,19.0,99.0,-0.8,23.92,-1.56,-3.91,1.97,0.24,0.77,3.5,13.0,17.65,"Closed loop, using oxygen sensor feedback to determine fuel mix/",40.0,83
2026-08-16 18:27:57.274,682.25,0.0,92.0,49.0,18.0,99.0,-0.81,23.92,-1.56,-3.91,1.98,0.12,0.79,2.0,13.1,18.04,"Closed loop, using oxygen sensor feedback to determine fuel mix/",40.0,83
2026-08-16 18:27:58.968,677.0,0.0,93.0,49.0,18.0,99.0,-0.81,23.92,-5.47,-3.91,1.98,0.72,0.8,3.5,13.1,18.04,"Closed loop, using oxygen sensor feedback to determine fuel mix/",40.0,83
2026-08-16 18:28:00.675,683.0,0.0,93.0,49.0,17.0,99.0,-0.82,23.92,-4.69,-3.91,1.97,0.79,0.77,4.0,13.0,18.04,"Closed loop, using oxygen sensor feedback to determine fuel mix/",40.0,83
2026-08-16 18:28:02.369,684.75,0.0,93.0,49.0,17.0,99.0,-0.82,23.92,-1.56,-3.91,1.96,0.12,0.78,1.0,13.0,18.04,"Closed loop, using oxygen sensor feedback to determine fuel mix/",40.0,83
2026-08-16 18:28:04.060,673.5,0.0,93.0,49.0,17.0,99.0,-0.82,23.92,-5.47,-3.91,2.0,0.33,0.8,5.0,13.1,18.43,"Closed loop, using oxygen sensor feedback to determine fuel mix/",40.0,83
2026-08-16 18:28:05.769,676.25,0.0,93.0,49.0,17.0,99.0,-0.82,23.92,-4.69,-3.91,1.98,0.76,0.78,2.0,13.0,18.04,"Closed loop, using oxygen sensor feedback to determine fuel mix/",40.0,83
2026-08-16 18:28:07.461,686.5,0.0,93.0,49.0,17.0,99.0,-0.82,23.92,-4.69,-3.91,1.97,0.76,0.76,1.5,13.0,18.04,"Closed loop, using oxygen sensor feedback to determine fuel mix/",40.0,83
2026-08-16 18:28:09.172,675.0,0.0,93.0,49.0,19.0,99.0,-0.8,23.92,-1.56,-3.91,1.97,0.1,0.78,1.5,13.0,17.65,"Closed loop, using oxygen sensor feedback to determine fuel mix/",40.0,83
2026-08-16 18:28:10.862,687.5,0.0,93.0,49.0,17.0,99.0,-0.82,23.92,-5.47,-3.91,1.97,0.73,0.8,4.5,13.0,18.04,"Closed loop, using oxygen sensor feedback to determine fuel mix/",40.0,83
2026-08-16 18:28:12.557,672.0,0.0,94.0,49.0,17.0,99.0,-0.82,23.92,-1.56,-3.91,1.95,0.65,0.76,1.5,13.0,17.65,"Closed loop, using oxygen sensor feedback to determine fuel mix/",40.0,83
2026-08-16 18:28:14.250,679.0,0.0,93.0,50.0,18.0,99.0,-0.81,23.92,-2.34,-3.91,1.98,0.1,0.78,2.0,12.8,18.04,"Closed loop, using oxygen sensor feedback to determine fuel mix/",40.0,83
2026-08-16 18:28:15.955,675.25,0.0,94.0,50.0,18.0,99.0,-0.81,24.31,-6.25,-3.91,2.03,0.24,0.79,6.5,13.0,21.57,"Closed loop, using oxygen sensor feedback to determine fuel mix/",40.0,84
2026-08-16 18:28:17.650,684.5,0.0,94.0,50.0,20.0,99.0,-0.79,25.49,-0.78,-3.91,2.29,0.56,0.76,10.0,13.1,21.18,"Closed loop, using oxygen sensor feedback to determine fuel mix/",40.0,84
2026-08-16 18:28:19.341,666.5,0.0,94.0,49.0,23.0,99.0,-0.76,27.06,-1.56,-3.91,2.77,0.09,0.76,5.0,13.0,25.49,"Closed loop, using oxygen sensor feedback to determine fuel mix/",40.0,84
2026-08-16 18:28:21.037,704.25,1.0,94.0,49.0,24.0,99.0,-0.75,26.67,1.56,-3.91,2.63,0.1,0.52,0.5,12.7,23.14,"Closed loop, using oxygen sensor feedback to determine fuel mix/",40.0,84
2026-08-16 18:28:22.743,686.25,1.0,94.0,49.0,25.0,99.0,-0.74,27.84,-2.34,-3.91,3.13,0.23,0.6,-7.0,13.1,28.24,"Closed loop, using oxygen sensor feedback to determine fuel mix/",40.0,84
2026-08-16 18:28:24.471,688.25,0.0,94.0,49.0,24.0,99.0,-0.75,27.06,3.12,-3.91,2.8,0.2,0.51,-3.5,13.1,25.49,"Closed loop, using oxygen sensor feedback to determine fuel mix/",40.0,84
2026-08-16 18:28:26.176,690.25,0.0,94.0,49.0,22.0,99.0,-0.77,26.27,2.34,-3.91,2.54,0.14,0.72,2.0,13.1,22.35,"Closed loop, using oxygen sensor feedback to determine fuel mix/",40.0,84
2026-08-16 18:28:27.871,682.0,0.0,94.0,49.0,21.0,99.0,-0.78,25.88,1.56,-3.91,2.44,0.12,0.78,1.5,13.0,22.35,"Closed loop, using oxygen sensor feedback to determine fuel mix/",40.0,84
2026-08-16 18:28:29.562,674.0,0.0,94.0,49.0,20.0,99.0,-0.79,25.88,0.78,-3.91,2.4,0.11,0.8,3.5,13.0,21.96,"Closed loop, using oxygen sensor feedback to determine fuel mix/",40.0,84
2026-08-16 18:28:31.255,681.75,0.0,94.0,49.0,22.0,99.0,-0.77,25.88,-2.34,-3.91,2.37,0.59,0.78,6.5,13.0,21.57,"Closed loop, using oxygen sensor feedback to determine fuel mix/",40.0,84
2026-08-16 18:28:32.948,674.5,0.0,95.0,49.0,20.0,99.0,-0.79,25.88,-2.34,-3.91,2.37,0.66,0.78,4.5,13.0,21.57,"Closed loop, using oxygen sensor feedback to determine fuel mix/",40.0,84
2026-08-16 18:28:34.640,673.25,0.0,95.0,49.0,22.0,99.0,-0.77,25.88,-2.34,-3.91,2.42,0.73,0.78,5.5,13.0,21.57,"Closed loop, using oxygen sensor feedback to determine fuel mix/",40.0,84
2026-08-16 18:28:36.339,693.5,0.0,95.0,49.0,21.0,99.0,-0.78,25.88,-2.34,-3.91,2.43,0.77,0.75,7.0,13.0,22.35,"Closed loop, using oxygen sensor feedback to determine fuel mix/",40.0,84
2026-08-16 18:28:38.041,703.5,1.0,95.0,49.0,22.0,99.0,-0.77,26.27,1.56,-3.91,2.52,0.73,0.75,2.5,12.9,22.35,"Closed loop, using oxygen sensor feedback to determine fuel mix/",40.0,84
2026-08-16 18:28:39.738,690.75,0.0,95.0,49.0,20.0,99.0,-0.79,25.88,0.78,-3.91,2.45,0.72,0.77,2.5,12.9,22.35,"Closed loop, using oxygen sensor feedback to determine fuel mix/",40.0,84
2026-08-16 18:28:41.458,671.5,0.0,95.0,49.0,23.0,99.0,-0.76,26.67,0.78,-3.91,2.76,0.1,0.74,4.5,12.8,25.49,"Closed loop, using oxygen sensor feedback to determine fuel mix/",40.0,84
2026-08-16 18:28:43.154,688.25,1.0,95.0,49.0,26.0,99.0,-0.73,27.45,3.12,-3.91,3.1,0.12,0.72,-5.5,13.1,25.88,"Closed loop, using oxygen sensor feedback to determine fuel mix/",40.0,84
2026-08-16 18:28:44.861,701.75,0.0,95.0,49.0,24.0,99.0,-0.75,26.67,1.56,-3.91,2.76,0.11,0.78,0.0,13.0,24.71,"Closed loop, using oxygen sensor feedback to determine fuel mix/",40.0,84
2026-08-16 18:28:46.552,695.5,0.0,95.0,49.0,23.0,99.0,-0.76,26.67,0.78,-3.91,2.72,0.1,0.76,0.5,13.0,24.71,"Closed loop, using oxygen sensor feedback to determine fuel mix/",40.0,84
2026-08-16 18:28:48.247,694.5,0.0,96.0,49.0,22.0,99.0,-0.77,26.67,1.56,-3.91,2.64,0.14,0.77,0.0,13.1,23.92,"Closed loop, using oxygen sensor feedback to determine fuel mix/",40.0,84
2026-08-16 18:28:49.938,679.75,0.0,96.0,49.0,21.0,99.0,-0.78,26.27,0.78,-3.91,2.53,0.1,0.78,3.0,13.0,23.14,"Closed loop, using oxygen sensor feedback to determine fuel mix/",40.0,84
2026-08-16 18:28:51.632,691.25,0.0,96.0,49.0,19.0,99.0,-0.8,24.71,-3.91,-3.91,2.06,0.69,0.8,5.0,13.0,18.43,"Closed loop, using oxygen sensor feedback to determine fuel mix/",40.0,84
2026-08-16 18:28:53.323,693.0,0.0,96.0,49.0,19.0,99.0,-0.8,24.31,0.0,-3.91,1.96,0.14,0.74,3.5,13.0,17.65,"Closed loop, using oxygen sensor feedback to determine fuel mix/",40.0,84
2026-08-16 18:28:55.021,682.75,0.0,96.0,49.0,19.0,99.0,-0.8,23.92,0.0,-3.91,1.97,0.1,0.78,4.0,13.0,17.65,"Closed loop, using oxygen sensor feedback to determine fuel mix/",40.0,84
2026-08-16 18:28:56.725,682.75,0.0,96.0,50.0,17.0,99.0,-0.82,23.92,-3.91,-3.91,1.92,0.72,0.79,7.0,13.0,17.65,"Closed loop, using oxygen sensor feedback to determine fuel mix/",40.0,84
2026-08-16 18:28:58.420,685.0,0.0,96.0,50.0,17.0,99.0,-0.82,23.92,-3.12,-3.91,1.94,0.78,0.76,3.5,13.0,17.65,"Closed loop, using oxygen sensor feedback to determine fuel mix/",40.0,84
2026-08-16 18:29:00.130,681.25,0.0,97.0,50.0,18.0,99.0,-0.81,23.92,-0.78,-3.91,1.96,0.12,0.78,3.5,12.9,17.65,"Closed loop, using oxygen sensor feedback to determine fuel mix/",40.0,84
2026-08-16 18:29:01.822,670.5,0.0,96.0,50.0,18.0,99.0,-0.81,24.71,-4.69,-3.91,2.11,0.17,0.8,11.0,12.9,19.61,"Closed loop, using oxygen sensor feedback to determine fuel mix/",40.0,84
2026-08-16 18:29:03.529,676.25,0.0,97.0,50.0,18.0,99.0,-0.81,24.71,-3.91,-3.91,2.13,0.76,0.77,6.0,13.0,19.22,"Closed loop, using oxygen sensor feedback to determine fuel mix/",40.0,84
2026-08-16 18:29:05.220,681.25,0.0,97.0,50.0,19.0,99.0,-0.8,24.71,0.0,-3.91,2.12,0.6,0.76,4.5,13.1,18.82,"Closed loop, using oxygen sensor feedback to determine fuel mix/",40.0,84
2026-08-16 18:29:06.915,677.0,0.0,97.0,50.0,20.0,99.0,-0.79,24.71,-0.78,-3.91,2.11,0.1,0.78,2.5,13.0,19.22,"Closed loop, using oxygen sensor feedback to determine fuel mix/",40.0,84
2026-08-16 18:29:08.605,676.5,0.0,97.0,50.0,19.0,99.0,-0.8,24.71,-4.69,-3.91,2.12,0.33,0.79,5.0,13.0,19.22,"Closed loop, using oxygen sensor feedback to determine fuel mix/",40.0,84
2026-08-16 18:29:10.301,679.25,0.0,97.0,50.0,19.0,99.0,-0.8,24.71,-3.91,-3.91,2.1,0.74,0.78,4.5,13.1,19.22,"Closed loop, using oxygen sensor feedback to determine fuel mix/",40.0,84
2026-08-16 18:29:12.007,685.75,0.0,97.0,50.0,18.0,99.0,-0.81,24.31,-3.91,-3.91,2.09,0.76,0.75,3.5,13.1,19.22,"Closed loop, using oxygen sensor feedback to determine fuel mix/",40.0,84
2026-08-16 18:29:13.701,681.5,0.0,97.0,50.0,20.0,99.0,-0.79,24.71,-0.78,-3.91,2.09,0.12,0.78,3.5,13.0,19.22,"Closed loop, using oxygen sensor feedback to determine fuel mix/",40.0,84
2026-08-16 18:29:15.393,679.5,0.0,97.0,50.0,19.0,99.0,-0.8,24.71,-0.78,-3.91,2.11,0.14,0.8,2.0,12.9,19.22,"Closed loop, using oxygen sensor feedback to determine fuel mix/",40.0,84
2026-08-16 18:29:17.085,688.25,0.0,97.0,50.0,19.0,99.0,-0.8,24.31,-4.69,-3.91,2.13,0.71,0.79,5.0,13.0,19.22,"Closed loop, using oxygen sensor feedback to determine fuel mix/",40.0,84
2026-08-16 18:29:18.783,682.5,0.0,97.0,50.0,19.0,99.0,-0.8,24.71,-3.91,-3.91,2.1,0.78,0.77,3.5,13.1,19.22,"Closed loop, using oxygen sensor feedback to determine fuel mix/",40.0,84
2026-08-16 18:29:20.470,676.0,0.0,97.0,50.0,18.0,99.0,-0.81,24.31,-0.78,-3.91,2.08,0.22,0.77,2.0,13.0,18.82,"Closed loop, using oxygen sensor feedback to determine fuel mix/",40.0,84
2026-08-16 18:29:22.171,673.25,0.0,97.0,50.0,20.0,99.0,-0.79,24.71,-0.78,-3.91,2.1,0.11,0.79,5.5,13.0,19.22,"Closed loop, using oxygen sensor feedback to determine fuel mix/",40.0,84
2026-08-16 18:29:23.871,674.5,0.0,97.0,50.0,18.0,99.0,-0.81,24.71,-4.69,-3.91,2.13,0.2,0.79,5.0,13.0,19.61,"Closed loop, using oxygen sensor feedback to determine fuel mix/",40.0,84
2026-08-16 18:29:25.566,681.5,0.0,97.0,50.0,19.0,99.0,-0.8,24.71,-3.91,-3.91,2.13,0.74,0.77,7.5,13.0,19.61,"Closed loop, using oxygen sensor feedback to determine fuel mix/",40.0,84
2026-08-16 18:29:27.273,680.25,0.0,97.0,50.0,19.0,99.0,-0.8,24.71,0.0,-3.91,2.16,0.2,0.73,3.0,13.0,19.61,"Closed loop, using oxygen sensor feedback to determine fuel mix/",40.0,84
2026-08-16 18:29:28.968,689.25,0.0,96.0,50.0,26.0,99.0,-0.73,27.45,0.0,-3.91,3.02,0.13,0.69,-3.5,12.8,27.84,"Closed loop, using oxygen sensor feedback to determine fuel mix/",40.0,84
2026-08-16 18:29:30.659,668.5,0.0,96.0,49.0,25.0,99.0,-0.74,27.45,-2.34,-3.91,3.12,0.62,0.76,-4.5,13.0,28.24,"Closed loop, using oxygen sensor feedback to determine fuel mix/",40.0,84
2026-08-16 18:29:32.352,697.25,1.0,96.0,49.0,25.0,99.0,-0.74,27.45,2.34,-3.91,3.02,0.12,0.61,-3.0,13.1,27.06,"Closed loop, using oxygen sensor feedback to determine fuel mix/",40.0,84
2026-08-16 18:29:34.061,705.0,2.0,96.0,49.0,24.0,99.0,-0.75,27.45,-0.78,-3.91,2.96,0.13,0.77,2.5,13.0,26.67,"Closed loop, using oxygen sensor feedback to determine fuel mix/",40.0,84
2026-08-16 18:29:35.792,729.75,3.0,95.0,49.0,24.0,99.0,-0.75,27.45,-0.78,-3.91,3.04,0.25,0.78,2.5,13.0,27.45,"Closed loop, using oxygen sensor feedback to determine fuel mix/",40.0,84
2026-08-16 18:29:37.511,724.0,2.0,95.0,49.0,24.0,99.0,-0.75,27.45,3.12,-3.91,3.05,0.1,0.77,-1.5,13.0,26.67,"Closed loop, using oxygen sensor feedback to determine fuel mix/",40.0,84
2026-08-16 18:29:39.218,704.5,1.0,95.0,49.0,25.0,99.0,-0.74,27.45,3.12,-3.91,2.96,0.12,0.79,0.0,12.9,26.27,"Closed loop, using oxygen sensor feedback to determine fuel mix/",40.0,84
2026-08-16 18:29:40.928,693.25,1.0,94.0,49.0,26.0,99.0,-0.73,27.84,3.12,-3.91,3.21,0.1,0.77,-2.0,13.0,28.63,"Closed loop, using oxygen sensor feedback to determine fuel mix/",40.0,84
2026-08-16 18:29:42.636,710.75,1.0,94.0,49.0,26.0,99.0,-0.73,27.06,3.12,-3.91,2.95,0.12,0.79,-3.5,13.0,26.67,"Closed loop, using oxygen sensor feedback to determine fuel mix/",40.0,84
2026-08-16 18:29:44.330,700.0,0.0,94.0,49.0,23.0,99.0,-0.76,27.06,2.34,-3.91,2.84,0.12,0.78,-1.5,13.0,25.88,"Closed loop, using oxygen sensor feedback to determine fuel mix/",40.0,84
2026-08-16 18:29:46.035,693.0,0.0,94.0,49.0,24.0,99.0,-0.75,27.06,1.56,-3.91,2.86,0.1,0.79,-0.5,13.1,25.49,"Closed loop, using oxygen sensor feedback to determine fuel mix/",40.0,84
2026-08-16 18:29:47.730,699.25,0.0,93.0,49.0,22.0,99.0,-0.77,26.27,-2.34,-3.91,2.64,0.51,0.79,5.0,13.1,23.53,"Closed loop, using oxygen sensor feedback to determine fuel mix/",40.0,84
2026-08-16 18:29:49.421,691.25,0.0,93.0,49.0,21.0,99.0,-0.78,25.88,-3.12,-3.91,2.49,0.72,0.81,3.5,13.0,22.75,"Closed loop, using oxygen sensor feedback to determine fuel mix/",40.0,84
2026-08-16 18:29:51.118,690.0,0.0,93.0,49.0,21.0,99.0,-0.78,25.88,-3.12,-3.91,2.49,0.75,0.78,3.0,13.0,22.75,"Closed loop, using oxygen sensor feedback to determine fuel mix/",40.0,84
2026-08-16 18:29:52.826,682.25,0.0,92.0,49.0,21.0,99.0,-0.78,25.88,-3.12,-3.91,2.42,0.75,0.76,6.5,13.0,21.57,"Closed loop, using oxygen sensor feedback to determine fuel mix/",40.0,84
2026-08-16 18:29:54.527,680.0,0.0,92.0,49.0,21.0,99.0,-0.78,25.49,-3.12,-3.91,2.38,0.78,0.77,5.5,13.0,21.96,"Closed loop, using oxygen sensor feedback to determine fuel mix/",40.0,84
2026-08-16 18:29:56.228,683.75,0.0,92.0,49.0,20.0,99.0,-0.79,25.49,-3.12,-3.91,2.36,0.76,0.75,6.0,13.0,21.57,"Closed loop, using oxygen sensor feedback to determine fuel mix/",40.0,84
2026-08-16 18:29:57.933,677.25,0.0,92.0,49.0,21.0,99.0,-0.78,25.49,-3.12,-3.91,2.34,0.77,0.76,10.0,13.0,21.57,"Closed loop, using oxygen sensor feedback to determine fuel mix/",40.0,84
2026-08-16 18:29:59.629,681.75,0.0,91.0,49.0,20.0,99.0,-0.79,25.49,0.0,-3.91,2.38,0.69,0.77,4.0,13.0,21.57,"Closed loop, using oxygen sensor feedback to determine fuel mix/",40.0,84
2026-08-16 18:30:01.337,676.75,0.0,91.0,49.0,20.0,99.0,-0.79,25.88,0.0,-3.91,2.37,0.17,0.77,5.5,13.0,21.57,"Closed loop, using oxygen sensor feedback to determine fuel mix/",40.0,84
2026-08-16 18:30:03.044,678.5,0.0,91.0,49.0,20.0,99.0,-0.79,25.49,0.0,-3.91,2.37,0.11,0.78,6.0,13.0,21.57,"Closed loop, using oxygen sensor feedback to determine fuel mix/",40.0,84
2026-08-16 18:30:04.736,683.75,0.0,90.0,49.0,21.0,99.0,-0.78,25.88,0.0,-3.91,2.37,0.11,0.79,2.5,13.0,21.57,"Closed loop, using oxygen sensor feedback to determine fuel mix/",40.0,84
2026-08-16 18:30:06.430,666.0,0.0,90.0,49.0,20.0,99.0,-0.79,25.49,-0.78,-3.91,2.34,0.1,0.79,4.5,12.9,21.18,"Closed loop, using oxygen sensor feedback to determine fuel mix/",40.0,84
2026-08-16 18:30:08.125,671.75,0.0,90.0,49.0,22.0,99.0,-0.77,25.88,-0.78,-3.91,2.48,0.1,0.8,4.0,13.1,23.14,"Closed loop, using oxygen sensor feedback to determine fuel mix/",40.0,84
2026-08-16 18:30:09.831,675.5,0.0,90.0,49.0,23.0,99.0,-0.76,26.27,-3.91,-3.91,2.57,0.67,0.76,5.0,13.0,23.92,"Closed loop, using oxygen sensor feedback to determine fuel mix/",40.0,84
2026-08-16 18:30:11.524,680.75,0.0,90.0,49.0,23.0,99.0,-0.76,26.27,-3.12,-3.91,2.64,0.74,0.75,1.0,12.9,24.31,"Closed loop, using oxygen sensor feedback to determine fuel mix/",40.0,84
2026-08-16 18:30:13.215,684.75,0.0,90.0,49.0,21.0,99.0,-0.78,26.27,-2.34,-3.91,2.64,0.76,0.76,0.5,13.0,24.31,"Closed loop, using oxygen sensor feedback to determine fuel mix/",40.0,84
2026-08-16 18:30:14.911,671.5,0.0,90.0,49.0,24.0,99.0,-0.75,26.67,-2.34,-3.91,2.78,0.72,0.75,0.5,13.0,25.49,"Closed loop, using oxygen sensor feedback to determine fuel mix/",40.0,84
2026-08-16 18:30:16.621,681.5,0.0,90.0,49.0,23.0,99.0,-0.76,26.67,0.78,-3.91,2.76,0.1,0.8,-2.5,12.9,25.1,"Closed loop, using oxygen sensor feedback to determine fuel mix/",40.0,84
2026-08-16 18:30:18.325,674.75,0.0,90.0,49.0,25.0,99.0,-0.74,27.06,1.56,-3.91,2.88,0.09,0.78,-0.5,13.0,26.27,"Closed loop, using oxygen sensor feedback to determine fuel mix/",40.0,84
2026-08-16 18:30:20.019,691.75,0.0,90.0,49.0,24.0,99.0,-0.75,27.06,2.34,-3.91,2.85,0.1,0.79,-1.5,13.0,25.49,"Closed loop, using oxygen sensor feedback to determine fuel mix/",40.0,84
2026-08-16 18:30:21.712,682.5,0.0,91.0,49.0,24.0,99.0,-0.75,27.06,1.56,-3.91,2.88,0.1,0.79,0.0,12.8,26.27,"Closed loop, using oxygen sensor feedback to determine fuel mix/",40.0,84
2026-08-16 18:30:23.407,676.5,0.0,90.0,49.0,23.0,99.0,-0.76,26.67,2.34,-3.91,2.73,0.12,0.77,-1.5,13.0,24.71,"Closed loop, using oxygen sensor feedback to determine fuel mix/",40.0,84
2026-08-16 18:30:25.115,677.0,0.0,90.0,49.0,24.0,99.0,-0.75,26.67,1.56,-3.91,2.74,0.12,0.78,1.5,13.1,24.31,"Closed loop, using oxygen sensor feedback to determine fuel mix/",40.0,84
2026-08-16 18:30:26.807,669.5,0.0,91.0,49.0,22.0,99.0,-0.77,26.27,-3.12,-3.91,2.5,0.35,0.79,2.0,13.0,22.75,"Closed loop, using oxygen sensor feedback to determine fuel mix/",40.0,84
2026-08-16 18:30:28.516,682.25,0.0,91.0,49.0,22.0,99.0,-0.77,25.88,-2.34,-3.91,2.43,0.67,0.79,2.0,12.9,22.75,"Closed loop, using oxygen sensor feedback to determine fuel mix/",40.0,84
2026-08-16 18:30:30.211,672.5,0.0,91.0,49.0,21.0,99.0,-0.78,25.88,-2.34,-3.91,2.44,0.69,0.78,4.0,13.0,21.96,"Closed loop, using oxygen sensor feedback to determine fuel mix/",40.0,84
2026-08-16 18:30:31.915,677.25,0.0,91.0,49.0,21.0,99.0,-0.78,25.88,-2.34,-3.91,2.44,0.74,0.78,4.5,13.0,22.35,"Closed loop, using oxygen sensor feedback to determine fuel mix/",40.0,84
2026-08-16 18:30:33.607,682.5,0.0,92.0,49.0,21.0,99.0,-0.78,25.88,-2.34,-3.91,2.47,0.74,0.77,2.0,13.0,22.35,"Closed loop, using oxygen sensor feedback to determine fuel mix/",40.0,84
2026-08-16 18:30:35.300,692.75,1.0,92.0,49.0,22.0,99.0,-0.77,26.67,-2.34,-3.91,2.63,0.12,0.78,6.0,13.0,23.92,"Closed loop, using oxygen sensor feedback to determine fuel mix/",40.0,84
2026-08-16 18:30:37.011,687.75,1.0,92.0,49.0,23.0,99.0,-0.76,26.67,2.34,-3.91,2.7,0.1,0.78,0.5,13.0,23.92,"Closed loop, using oxygen sensor feedback to determine fuel mix/",40.0,84
2026-08-16 18:30:38.723,687.0,1.0,92.0,49.0,23.0,99.0,-0.76,26.67,1.56,-3.91,2.71,0.1,0.78,1.5,13.0,23.92,"Closed loop, using oxygen sensor feedback to determine fuel mix/",40.0,84
2026-08-16 18:30:40.411,702.5,1.0,92.0,50.0,23.0,99.0,-0.76,26.67,1.56,-3.91,2.72,0.12,0.77,6.0,13.0,25.1,"Closed loop, using oxygen sensor feedback to determine fuel mix/",40.0,84
2026-08-16 18:30:42.128,716.25,2.0,92.0,49.0,22.0,99.0,-0.77,27.06,1.56,-3.91,2.82,0.64,0.73,1.5,13.0,25.49,"Closed loop, using oxygen sensor feedback to determine fuel mix/",40.0,84
2026-08-16 18:30:43.843,711.5,2.0,93.0,49.0,22.0,99.0,-0.77,27.06,-1.56,-3.91,2.84,0.78,0.74,1.5,13.0,25.1,"Closed loop, using oxygen sensor feedback to determine fuel mix/",40.0,84
2026-08-16 18:30:45.538,708.0,2.0,93.0,49.0,23.0,99.0,-0.76,27.06,-2.34,-3.91,2.94,0.77,0.74,-1.5,12.9,25.49,"Closed loop, using oxygen sensor feedback to determine fuel mix/",40.0,84
2026-08-16 18:30:47.237,710.75,1.0,93.0,49.0,22.0,99.0,-0.77,26.67,-2.34,-3.91,2.75,0.72,0.78,0.0,12.9,24.71,"Closed loop, using oxygen sensor feedback to determine fuel mix/",40.0,84
2026-08-16 18:30:48.942,702.25,1.0,93.0,49.0,22.0,99.0,-0.77,26.67,-2.34,-3.91,2.67,0.76,0.76,0.5,13.0,23.53,"Closed loop, using oxygen sensor feedback to determine fuel mix/",40.0,84
2026-08-16 18:30:50.631,703.0,1.0,93.0,49.0,23.0,99.0,-0.76,26.67,-2.34,-3.91,2.73,0.73,0.76,2.0,13.0,24.31,"Closed loop, using oxygen sensor feedback to determine fuel mix/",40.0,84
2026-08-16 18:30:52.339,698.5,2.0,93.0,49.0,22.0,99.0,-0.77,27.06,-2.34,-3.91,2.86,0.68,0.77,-2.0,13.0,25.1,"Closed loop, using oxygen sensor feedback to determine fuel mix/",40.0,84
2026-08-16 18:30:54.033,702.75,0.0,93.0,49.0,22.0,99.0,-0.77,26.27,-2.34,-3.91,2.62,0.65,0.79,1.0,13.0,23.53,"Closed loop, using oxygen sensor feedback to determine fuel mix/",40.0,84
2026-08-16 18:30:55.741,690.75,0.0,93.0,49.0,22.0,99.0,-0.77,26.27,-2.34,-3.91,2.58,0.69,0.79,3.0,13.0,23.53,"Closed loop, using oxygen sensor feedback to determine fuel mix/",40.0,84
2026-08-16 18:30:57.437,690.25,0.0,94.0,49.0,23.0,99.0,-0.76,26.27,-3.12,-3.91,2.55,0.64,0.78,2.5,13.0,22.75,"Closed loop, using oxygen sensor feedback to determine fuel mix/",40.0,84
2026-08-16 18:30:59.142,694.5,1.0,94.0,49.0,23.0,99.0,-0.76,26.27,-3.12,-3.91,2.66,0.17,0.77,3.0,13.0,24.31,"Closed loop, using oxygen sensor feedback to determine fuel mix/",40.0,84
2026-08-16 18:31:00.838,706.75,1.0,94.0,49.0,23.0,99.0,-0.76,26.67,1.56,-3.91,2.75,0.1,0.78,0.5,12.9,24.31,"Closed loop, using oxygen sensor feedback to determine fuel mix/",40.0,84
2026-08-16 18:31:02.560,704.25,1.0,94.0,49.0,23.0,99.0,-0.76,26.27,0.78,-3.91,2.64,0.11,0.78,1.5,13.0,23.53,"Closed loop, using oxygen sensor feedback to determine fuel mix/",40.0,84
2026-08-16 18:31:04.342,683.5,0.0,94.0,49.0,21.0,99.0,-0.78,25.88,-3.12,-3.91,2.49,0.23,0.78,3.0,13.0,22.35,"Closed loop, using oxygen sensor feedback to determine fuel mix/",40.0,84
2026-08-16 18:31:06.042,688.5,0.0,94.0,49.0,21.0,99.0,-0.78,25.88,-3.91,-3.91,2.45,0.56,0.8,4.0,13.0,22.35,"Closed loop, using oxygen sensor feedback to determine fuel mix/",40.0,84
2026-08-16 18:31:07.735,676.5,0.0,94.0,49.0,20.0,99.0,-0.79,25.88,-3.12,-3.91,2.39,0.71,0.78,4.0,13.0,21.96,"Closed loop, using oxygen sensor feedback to determine fuel mix/",40.0,84
2026-08-16 18:31:09.429,679.0,0.0,94.0,50.0,21.0,99.0,-0.78,25.88,-3.12,-3.91,2.39,0.75,0.77,8.0,13.0,21.96,"Closed loop, using oxygen sensor feedback to determine fuel mix/",40.0,84
2026-08-16 18:31:11.126,689.25,0.0,94.0,50.0,22.0,99.0,-0.77,25.88,-3.12,-3.91,2.38,0.76,0.76,4.0,13.0,21.96,"Closed loop, using oxygen sensor feedback to determine fuel mix/",40.0,84
2026-08-16 18:31:12.831,681.5,0.0,95.0,50.0,21.0,99.0,-0.78,25.49,-3.12,-3.91,2.34,0.77,0.76,4.5,13.0,21.96,"Closed loop, using oxygen sensor feedback to determine fuel mix/",40.0,84
2026-08-16 18:31:14.538,679.5,0.0,95.0,50.0,22.0,99.0,-0.77,25.88,-3.12,-3.91,2.38,0.77,0.76,5.0,13.0,21.57,"Closed loop, using oxygen sensor feedback to determine fuel mix/",40.0,84
2026-08-16 18:31:16.235,682.5,0.0,95.0,50.0,21.0,99.0,-0.78,25.88,-3.91,-3.91,2.38,0.77,0.76,3.5,13.0,21.96,"Closed loop, using oxygen sensor feedback to determine fuel mix/",40.0,84
2026-08-16 18:31:17.940,685.25,0.0,95.0,50.0,20.0,99.0,-0.79,25.88,-3.91,-3.91,2.38,0.74,0.74,3.5,13.0,21.96,"Closed loop, using oxygen sensor feedback to determine fuel mix/",40.0,84
2026-08-16 18:31:19.664,679.25,0.0,95.0,50.0,20.0,99.0,-0.79,25.88,0.0,-3.91,2.38,0.73,0.74,7.0,13.0,21.96,"Closed loop, using oxygen sensor feedback to determine fuel mix/",40.0,84
2026-08-16 18:31:21.373,688.25,0.0,95.0,50.0,22.0,99.0,-0.77,25.88,0.0,-3.91,2.39,0.35,0.76,3.5,13.0,21.57,"Closed loop, using oxygen sensor feedback to determine fuel mix/",40.0,84
2026-08-16 18:31:23.068,682.5,0.0,95.0,50.0,20.0,99.0,-0.79,25.88,-0.78,-3.91,2.38,0.17,0.77,4.5,12.9,21.57,"Closed loop, using oxygen sensor feedback to determine fuel mix/",40.0,84
2026-08-16 18:31:24.757,683.25,0.0,96.0,50.0,20.0,99.0,-0.79,25.49,-0.78,-3.91,2.41,0.15,0.77,2.5,13.0,21.57,"Closed loop, using oxygen sensor feedback to determine fuel mix/",40.0,84
2026-08-16 18:31:26.468,683.75,0.0,96.0,50.0,20.0,99.0,-0.79,25.88,-0.78,-3.91,2.39,0.13,0.76,3.5,13.0,21.96,"Closed loop, using oxygen sensor feedback to determine fuel mix/",40.0,84
2026-08-16 18:31:28.161,675.75,0.0,96.0,50.0,21.0,99.0,-0.78,25.88,-0.78,-3.91,2.38,0.11,0.77,3.5,13.1,21.96,"Closed loop, using oxygen sensor feedback to determine fuel mix/",40.0,84
2026-08-16 18:31:29.852,676.75,0.0,96.0,50.0,21.0,99.0,-0.78,25.88,-0.78,-3.91,2.43,0.1,0.78,3.5,13.0,21.96,"Closed loop, using oxygen sensor feedback to determine fuel mix/",40.0,85
2026-08-16 18:31:31.547,680.0,0.0,96.0,50.0,21.0,99.0,-0.78,25.88,-0.78,-3.91,2.39,0.11,0.79,3.0,13.0,21.96,"Closed loop, using oxygen sensor feedback to determine fuel mix/",40.0,85
2026-08-16 18:31:33.254,677.75,0.0,96.0,50.0,20.0,99.0,-0.79,25.88,-4.69,-3.91,2.42,0.17,0.79,6.0,12.9,21.96,"Closed loop, using oxygen sensor feedback to determine fuel mix/",40.0,85
2026-08-16 18:31:34.950,679.25,0.0,96.0,50.0,20.0,99.0,-0.79,25.88,-3.91,-3.91,2.38,0.32,0.78,6.0,12.9,21.96,"Closed loop, using oxygen sensor feedback to determine fuel mix/",40.0,85
2026-08-16 18:31:36.655,655.25,0.0,96.0,50.0,21.0,99.0,-0.78,26.27,-5.47,-3.91,2.47,0.15,0.78,6.5,13.0,22.75,"Closed loop, using oxygen sensor feedback to determine fuel mix/",40.0,85
2026-08-16 18:31:38.351,671.5,0.0,97.0,50.0,23.0,99.0,-0.76,26.27,0.0,-3.91,2.56,0.15,0.71,4.0,13.0,23.92,"Closed loop, using oxygen sensor feedback to determine fuel mix/",40.0,85
2026-08-16 18:31:40.040,669.5,0.0,97.0,50.0,25.0,99.0,-0.74,27.06,0.78,-3.91,2.87,0.09,0.71,3.0,13.0,27.06,"Closed loop, using oxygen sensor feedback to determine fuel mix/",40.0,85
2026-08-16 18:31:41.737,678.0,0.0,97.0,50.0,25.0,99.0,-0.74,27.45,2.34,-3.91,3.04,0.34,0.7,-2.5,13.1,26.67,"Closed loop, using oxygen sensor feedback to determine fuel mix/",40.0,85
2026-08-16 18:31:43.426,686.25,0.0,97.0,50.0,26.0,99.0,-0.73,27.84,1.56,-3.91,3.17,0.1,0.76,2.5,12.6,29.41,"Closed loop, using oxygen sensor feedback to determine fuel mix/",40.0,85
2026-08-16 18:31:45.124,678.75,0.0,97.0,50.0,27.0,99.0,-0.72,27.84,3.91,-3.91,3.12,0.66,0.64,-1.0,13.0,28.24,"Closed loop, using oxygen sensor feedback to determine fuel mix/",40.0,85
2026-08-16 18:31:46.831,691.75,0.0,97.0,50.0,25.0,99.0,-0.74,27.45,2.34,-3.91,3.05,0.23,0.68,-2.5,13.1,27.84,"Closed loop, using oxygen sensor feedback to determine fuel mix/",40.0,85
2026-08-16 18:31:48.539,693.0,0.0,97.0,50.0,24.0,99.0,-0.75,27.45,2.34,-3.91,3.04,0.23,0.73,1.0,13.1,27.45,"Closed loop, using oxygen sensor feedback to determine fuel mix/",40.0,85
2026-08-16 18:31:50.231,694.5,1.0,97.0,50.0,25.0,99.0,-0.74,27.45,2.34,-3.91,3.04,0.71,0.7,0.0,13.1,27.45,"Closed loop, using oxygen sensor feedback to determine fuel mix/",40.0,85
2026-08-16 18:31:51.939,690.5,0.0,97.0,50.0,26.0,99.0,-0.73,27.45,2.34,-3.91,3.0,0.73,0.72,-1.5,12.9,27.45,"Closed loop, using oxygen sensor feedback to determine fuel mix/",40.0,85
2026-08-16 18:31:53.634,693.5,0.0,97.0,50.0,24.0,99.0,-0.75,27.45,-0.78,-3.91,2.98,0.76,0.72,-0.5,13.0,27.45,"Closed loop, using oxygen sensor feedback to determine fuel mix/",40.0,85
2026-08-16 18:31:55.341,693.75,0.0,97.0,50.0,25.0,99.0,-0.74,27.06,-1.56,-3.91,2.92,0.76,0.75,0.5,12.9,27.06,"Closed loop, using oxygen sensor feedback to determine fuel mix/",40.0,86
2026-08-16 18:31:57.052,692.0,0.0,98.0,50.0,24.0,99.0,-0.75,27.06,-1.56,-3.91,2.94,0.75,0.72,2.5,12.9,27.06,"Closed loop, using oxygen sensor feedback to determine fuel mix/",40.0,86
2026-08-16 18:31:58.743,683.75,0.0,98.0,50.0,25.0,99.0,-0.74,27.06,-1.56,-3.91,2.97,0.72,0.71,-0.5,12.8,27.06,"Closed loop, using oxygen sensor feedback to determine fuel mix/",40.0,86
2026-08-16 18:32:00.434,692.75,0.0,98.0,50.0,26.0,99.0,-0.73,27.06,-0.78,-3.91,2.96,0.77,0.72,-1.5,13.0,27.06,"Closed loop, using oxygen sensor feedback to determine fuel mix/",40.0,86
2026-08-16 18:32:02.130,681.0,0.0,98.0,50.0,26.0,99.0,-0.73,27.06,-1.56,-3.91,2.95,0.76,0.74,1.5,13.0,27.06,"Closed loop, using oxygen sensor feedback to determine fuel mix/",40.0,86
2026-08-16 18:32:03.843,691.75,0.0,97.0,50.0,25.0,99.0,-0.74,27.06,-1.56,-3.91,2.9,0.74,0.74,1.0,13.1,26.67,"Closed loop, using oxygen sensor feedback to determine fuel mix/",40.0,86
2026-08-16 18:32:05.550,683.0,0.0,98.0,50.0,25.0,99.0,-0.74,27.06,-1.56,-3.91,2.91,0.76,0.73,0.0,13.0,26.67,"Closed loop, using oxygen sensor feedback to determine fuel mix/",40.0,86
2026-08-16 18:32:07.240,678.5,0.0,98.0,50.0,25.0,99.0,-0.74,27.06,-1.56,-3.91,2.94,0.75,0.73,1.5,13.1,26.67,"Closed loop, using oxygen sensor feedback to determine fuel mix/",40.0,86
2026-08-16 18:32:08.937,691.25,0.0,97.0,50.0,24.0,99.0,-0.75,27.06,-1.56,-3.91,2.9,0.76,0.76,1.0,13.0,27.06,"Closed loop, using oxygen sensor feedback to determine fuel mix/",40.0,86
2026-08-16 18:32:10.643,677.0,0.0,97.0,50.0,25.0,99.0,-0.74,27.06,-1.56,-3.91,2.88,0.75,0.74,1.0,13.0,26.27,"Closed loop, using oxygen sensor feedback to determine fuel mix/",40.0,86
2026-08-16 18:32:12.338,685.75,0.0,97.0,50.0,25.0,99.0,-0.74,27.06,2.34,-3.91,2.97,0.58,0.7,1.0,13.0,26.67,"Closed loop, using oxygen sensor feedback to determine fuel mix/",40.0,86
2026-08-16 18:32:14.027,683.75,0.0,97.0,50.0,26.0,99.0,-0.73,28.24,3.12,-3.91,3.29,0.12,0.68,-7.5,13.0,29.41,"Closed loop, using oxygen sensor feedback to determine fuel mix/",40.0,86
2026-08-16 18:32:15.721,679.0,0.0,96.0,50.0,27.0,99.0,-0.72,27.84,3.12,-3.91,3.25,0.15,0.72,-7.5,13.0,29.02,"Closed loop, using oxygen sensor feedback to determine fuel mix/",40.0,86
2026-08-16 18:32:17.416,686.75,0.0,96.0,50.0,25.0,99.0,-0.74,27.45,3.12,-3.91,2.98,0.72,0.73,-4.0,13.0,27.45,"Closed loop, using oxygen sensor feedback to determine fuel mix/",40.0,86
2026-08-16 18:32:19.106,687.0,0.0,96.0,50.0,24.0,99.0,-0.75,27.06,2.34,-3.91,2.89,0.15,0.74,-0.5,13.0,25.49,"Closed loop, using oxygen sensor feedback to determine fuel mix/",40.0,86
2026-08-16 18:32:20.801,674.75,0.0,96.0,50.0,23.0,99.0,-0.76,27.06,2.34,-3.91,2.87,0.1,0.77,0.5,13.0,25.88,"Closed loop, using oxygen sensor feedback to determine fuel mix/",40.0,86
2026-08-16 18:32:22.492,743.25,0.0,95.0,50.0,27.0,99.0,-0.72,29.8,2.34,-4.69,4.57,0.09,0.76,5.0,13.1,42.35,"Closed loop, using oxygen sensor feedback to determine fuel mix/",40.0,86
2026-08-16 18:32:24.188,871.75,0.0,95.0,50.0,26.0,99.0,-0.73,29.41,2.34,-3.91,4.14,0.1,0.8,-7.0,13.0,32.94,"Closed loop, using oxygen sensor feedback to determine fuel mix/",40.0,86
2026-08-16 18:32:25.878,751.0,0.0,95.0,50.0,28.0,99.0,-0.71,28.24,-0.78,-3.91,3.51,0.36,0.75,-4.5,13.0,30.59,"Closed loop, using oxygen sensor feedback to determine fuel mix/",40.0,86
2026-08-16 18:32:27.571,707.25,0.0,94.0,49.0,26.0,99.0,-0.73,27.45,2.34,-3.91,3.14,0.1,0.78,0.0,13.0,28.24,"Closed loop, using oxygen sensor feedback to determine fuel mix/",40.0,86
2026-08-16 18:32:29.263,696.5,0.0,94.0,49.0,25.0,99.0,-0.74,27.45,-1.56,-3.91,2.98,0.17,0.78,1.0,13.0,26.27,"Closed loop, using oxygen sensor feedback to determine fuel mix/",40.0,86
2026-08-16 18:32:30.957,704.75,0.0,94.0,50.0,20.0,99.0,-0.79,25.49,-1.56,-3.91,2.22,0.74,0.79,18.0,13.0,20.78,"Closed loop, using oxygen sensor feedback to determine fuel mix/",40.0,86
2026-08-16 18:32:32.664,706.25,0.0,93.0,50.0,20.0,99.0,-0.79,24.71,1.56,-3.91,2.13,0.76,0.76,5.5,12.9,18.82,"Closed loop, using oxygen sensor feedback to determine fuel mix/",40.0,86
2026-08-16 18:32:34.358,692.25,0.0,93.0,50.0,19.0,99.0,-0.8,24.71,0.78,-3.91,1.96,0.1,0.78,4.0,13.1,17.25,"Closed loop, using oxygen sensor feedback to determine fuel mix/",40.0,86
2026-08-16 18:32:36.052,691.25,0.0,93.0,50.0,18.0,99.0,-0.81,23.92,-3.12,-3.91,1.91,0.75,0.78,4.5,13.1,17.25,"Closed loop, using oxygen sensor feedback to determine fuel mix/",40.0,86
2026-08-16 18:32:37.744,689.75,0.0,93.0,51.0,18.0,99.0,-0.81,23.92,-2.34,-3.91,1.91,0.77,0.75,6.5,13.1,17.25,"Closed loop, using oxygen sensor feedback to determine fuel mix/",40.0,85
2026-08-16 18:32:39.439,684.0,0.0,93.0,51.0,17.0,99.0,-0.82,23.92,-3.91,-3.91,1.91,0.38,0.79,4.5,13.0,17.25,"Closed loop, using oxygen sensor feedback to determine fuel mix/",40.0,85
2026-08-16 18:32:41.131,681.25,0.0,93.0,51.0,18.0,99.0,-0.81,23.92,-3.91,-3.91,1.91,0.74,0.78,4.5,13.0,17.65,"Closed loop, using oxygen sensor feedback to determine fuel mix/",40.0,85
2026-08-16 18:32:42.840,687.5,0.0,92.0,51.0,17.0,99.0,-0.82,23.92,-0.78,-3.91,1.91,0.23,0.77,4.5,13.0,17.25,"Closed loop, using oxygen sensor feedback to determine fuel mix/",40.0,85
2026-08-16 18:32:44.530,681.75,0.0,92.0,51.0,19.0,99.0,-0.8,23.92,-0.78,-3.91,1.92,0.14,0.79,4.5,13.1,17.25,"Closed loop, using oxygen sensor feedback to determine fuel mix/",40.0,85
2026-08-16 18:32:46.223,679.25,0.0,92.0,51.0,18.0,99.0,-0.81,23.92,-3.91,-3.91,1.92,0.76,0.78,7.0,13.1,17.65,"Closed loop, using oxygen sensor feedback to determine fuel mix/",40.0,85
2026-08-16 18:32:47.917,685.0,0.0,92.0,51.0,18.0,99.0,-0.81,23.92,0.0,-3.91,1.92,0.71,0.76,2.5,13.1,17.65,"Closed loop, using oxygen sensor feedback to determine fuel mix/",40.0,85
2026-08-16 18:32:49.627,678.0,0.0,91.0,51.0,18.0,99.0,-0.81,23.92,-1.56,-3.91,1.92,0.13,0.79,1.5,13.0,17.65,"Closed loop, using oxygen sensor feedback to determine fuel mix/",40.0,85
2026-08-16 18:32:51.337,678.25,0.0,92.0,52.0,17.0,99.0,-0.82,23.92,-5.47,-3.91,1.92,0.71,0.78,4.0,13.0,17.65,"Closed loop, using oxygen sensor feedback to determine fuel mix/",40.0,85
2026-08-16 18:32:53.045,689.75,0.0,91.0,52.0,18.0,99.0,-0.81,23.92,-4.69,-3.91,1.93,0.74,0.76,5.0,13.1,17.65,"Closed loop, using oxygen sensor feedback to determine fuel mix/",40.0,85
2026-08-16 18:32:54.738,688.25,0.0,91.0,52.0,17.0,99.0,-0.82,23.92,-1.56,-3.91,1.96,0.1,0.78,2.5,13.1,18.04,"Closed loop, using oxygen sensor feedback to determine fuel mix/",40.0,85
2026-08-16 18:32:56.461,680.75,0.0,91.0,52.0,19.0,99.0,-0.8,23.92,-5.47,-3.91,1.95,0.69,0.79,2.0,13.0,17.65,"Closed loop, using oxygen sensor feedback to determine fuel mix/",40.0,85
2026-08-16 18:32:58.186,681.0,0.0,91.0,52.0,17.0,99.0,-0.82,23.92,-4.69,-3.91,1.93,0.77,0.77,5.5,13.0,18.04,"Closed loop, using oxygen sensor feedback to determine fuel mix/",40.0,85
2026-08-16 18:32:59.877,685.25,0.0,91.0,52.0,17.0,99.0,-0.82,23.92,-0.78,-3.91,1.95,0.72,0.77,3.0,13.0,17.65,"Closed loop, using oxygen sensor feedback to determine fuel mix/",40.0,85
2026-08-16 18:33:01.575,676.0,0.0,91.0,52.0,17.0,99.0,-0.82,23.53,-1.56,-3.91,1.92,0.11,0.79,1.5,13.0,17.65,"Closed loop, using oxygen sensor feedback to determine fuel mix/",40.0,85
2026-08-16 18:33:03.279,679.25,0.0,91.0,52.0,17.0,99.0,-0.82,23.92,-5.47,-3.91,1.96,0.55,0.79,5.0,13.0,18.04,"Closed loop, using oxygen sensor feedback to determine fuel mix/",40.0,85
2026-08-16 18:33:04.975,684.75,0.0,91.0,52.0,17.0,99.0,-0.82,23.92,-4.69,-3.91,1.96,0.78,0.77,3.5,13.0,18.04,"Closed loop, using oxygen sensor feedback to determine fuel mix/",40.0,85
2026-08-16 18:33:06.684,675.5,0.0,91.0,52.0,18.0,99.0,-0.81,23.92,-0.78,-3.91,1.94,0.71,0.77,2.5,12.8,17.65,"Closed loop, using oxygen sensor feedback to determine fuel mix/",40.0,85
2026-08-16 18:33:08.373,675.25,0.0,91.0,52.0,18.0,99.0,-0.81,23.92,-1.56,-3.91,1.97,0.1,0.78,2.5,12.9,18.04,"Closed loop, using oxygen sensor feedback to determine fuel mix/",40.0,85
2026-08-16 18:33:10.069,675.5,0.0,91.0,52.0,19.0,99.0,-0.8,24.31,-5.47,-3.91,2.01,0.52,0.79,5.0,13.0,21.18,"Closed loop, using oxygen sensor feedback to determine fuel mix/",40.0,85
2026-08-16 18:33:11.776,662.0,0.0,91.0,52.0,21.0,99.0,-0.78,26.27,-0.78,-3.91,2.61,0.43,0.73,2.5,12.9,22.75,"Closed loop, using oxygen sensor feedback to determine fuel mix/",40.0,85
2026-08-16 18:33:13.469,676.5,0.0,91.0,52.0,22.0,99.0,-0.77,26.27,0.78,-3.91,2.52,0.12,0.72,3.0,12.9,23.14,"Closed loop, using oxygen sensor feedback to determine fuel mix/",40.0,86
2026-08-16 18:33:15.162,674.0,0.0,92.0,52.0,22.0,99.0,-0.77,26.27,-1.56,-3.91,2.51,0.74,0.73,7.5,13.0,23.14,"Closed loop, using oxygen sensor feedback to determine fuel mix/",40.0,86
2026-08-16 18:33:16.856,684.5,0.0,92.0,51.0,22.0,99.0,-0.77,26.27,-1.56,-3.91,2.54,0.72,0.71,5.0,13.0,23.14,"Closed loop, using oxygen sensor feedback to determine fuel mix/",40.0,86
2026-08-16 18:33:18.561,689.75,0.0,92.0,51.0,22.0,99.0,-0.77,26.27,-1.56,-3.91,2.57,0.74,0.71,3.5,13.0,23.14,"Closed loop, using oxygen sensor feedback to determine fuel mix/",40.0,86
2026-08-16 18:33:20.255,680.5,0.0,92.0,51.0,23.0,99.0,-0.76,26.27,2.34,-3.91,2.55,0.71,0.73,4.5,13.0,23.14,"Closed loop, using oxygen sensor feedback to determine fuel mix/",40.0,86
2026-08-16 18:33:21.950,685.25,0.0,92.0,51.0,23.0,99.0,-0.76,26.27,-1.56,-3.91,2.53,0.76,0.74,5.0,13.0,23.14,"Closed loop, using oxygen sensor feedback to determine fuel mix/",40.0,86
2026-08-16 18:33:23.676,687.0,0.0,92.0,51.0,22.0,99.0,-0.77,26.27,-1.56,-3.91,2.51,0.76,0.74,4.0,13.0,23.14,"Closed loop, using oxygen sensor feedback to determine fuel mix/",40.0,86
2026-08-16 18:33:25.384,683.0,0.0,92.0,51.0,22.0,99.0,-0.77,27.06,-2.34,-4.69,3.06,0.76,0.75,-1.0,13.0,28.63,"Closed loop, using oxygen sensor feedback to determine fuel mix/",40.0,86
2026-08-16 18:33:27.091,822.75,0.0,92.0,51.0,27.0,99.0,-0.72,28.24,-2.34,-3.91,3.44,0.8,0.84,-5.0,13.0,29.41,"Closed loop, using oxygen sensor feedback to determine fuel mix/",40.0,86
2026-08-16 18:33:28.790,730.75,0.0,93.0,51.0,25.0,99.0,-0.74,27.45,-3.12,-3.91,3.08,0.1,0.78,-3.5,12.8,26.67,"Closed loop, using oxygen sensor feedback to determine fuel mix/",40.0,86
2026-08-16 18:33:30.493,706.0,0.0,93.0,51.0,23.0,99.0,-0.76,27.06,-2.34,-3.91,2.88,0.7,0.78,0.0,13.0,25.49,"Closed loop, using oxygen sensor feedback to determine fuel mix/",40.0,86
2026-08-16 18:33:32.187,703.25,0.0,93.0,51.0,22.0,99.0,-0.77,26.67,-2.34,-3.91,2.75,0.73,0.77,3.5,13.0,24.71,"Closed loop, using oxygen sensor feedback to determine fuel mix/",40.0,86
2026-08-16 18:33:33.894,698.5,0.0,93.0,51.0,23.0,99.0,-0.76,26.27,-2.34,-3.91,2.58,0.76,0.75,2.5,13.0,23.53,"Closed loop, using oxygen sensor feedback to determine fuel mix/",40.0,86
2026-08-16 18:33:35.604,690.75,0.0,93.0,51.0,23.0,99.0,-0.76,26.27,-3.12,-3.91,2.56,0.75,0.76,3.0,13.0,23.14,"Closed loop, using oxygen sensor feedback to determine fuel mix/",40.0,86
2026-08-16 18:33:37.296,687.5,0.0,93.0,51.0,21.0,99.0,-0.78,25.88,-2.34,-3.91,2.48,0.77,0.76,7.5,13.0,23.14,"Closed loop, using oxygen sensor feedback to determine fuel mix/",40.0,86
2026-08-16 18:33:38.987,687.5,0.0,93.0,51.0,22.0,99.0,-0.77,26.27,-2.34,-3.91,2.54,0.75,0.73,6.0,13.0,23.14,"Closed loop, using oxygen sensor feedback to determine fuel mix/",40.0,86
2026-08-16 18:33:40.682,688.5,0.0,94.0,51.0,21.0,99.0,-0.78,25.49,-3.12,-3.91,2.28,0.79,0.75,-2.5,13.0,20.78,"Closed loop, using oxygen sensor feedback to determine fuel mix/",40.0,86
2026-08-16 18:33:42.389,696.5,0.0,93.0,51.0,19.0,99.0,-0.8,25.1,0.78,-3.91,2.11,0.12,0.7,-1.5,13.0,18.82,"Closed loop, using oxygen sensor feedback to determine fuel mix/",40.0,86
2026-08-16 18:33:44.100,688.75,0.0,94.0,52.0,18.0,99.0,-0.81,23.92,-3.12,-3.91,1.94,0.2,0.78,6.5,13.0,17.25,"Closed loop, using oxygen sensor feedback to determine fuel mix/",40.0,86
2026-08-16 18:33:45.791,683.0,0.0,94.0,52.0,18.0,99.0,-0.81,23.92,-2.34,-3.91,1.89,0.76,0.77,3.0,13.1,17.25,"Closed loop, using oxygen sensor feedback to determine fuel mix/",40.0,86
2026-08-16 18:33:47.486,688.25,0.0,94.0,52.0,17.0,99.0,-0.82,23.92,-2.34,-3.91,1.88,0.76,0.76,4.5,13.0,17.25,"Closed loop, using oxygen sensor feedback to determine fuel mix/",40.0,86
2026-08-16 18:33:49.193,673.75,0.0,94.0,52.0,19.0,99.0,-0.8,23.92,0.0,-3.91,1.91,0.16,0.79,5.5,13.0,17.65,"Closed loop, using oxygen sensor feedback to determine fuel mix/",40.0,86
2026-08-16 18:33:50.887,679.0,0.0,94.0,52.0,17.0,99.0,-0.82,23.92,-3.91,-3.91,1.93,0.73,0.78,5.5,13.0,17.65,"Closed loop, using oxygen sensor feedback to determine fuel mix/",40.0,86
2026-08-16 18:33:52.594,674.5,0.0,94.0,52.0,19.0,99.0,-0.8,23.92,-3.12,-3.91,1.91,0.78,0.76,4.5,13.0,17.25,"Closed loop, using oxygen sensor feedback to determine fuel mix/",40.0,86
2026-08-16 18:33:54.288,678.0,0.0,94.0,53.0,17.0,99.0,-0.82,23.92,-0.78,-3.91,1.94,0.12,0.78,1.5,13.0,17.65,"Closed loop, using oxygen sensor feedback to determine fuel mix/",40.0,86
2026-08-16 18:33:55.997,676.75,0.0,95.0,53.0,18.0,99.0,-0.81,23.92,-4.69,-3.91,1.95,0.38,0.79,5.0,13.1,18.04,"Closed loop, using oxygen sensor feedback to determine fuel mix/",40.0,86
2026-08-16 18:33:57.689,677.25,0.0,95.0,53.0,17.0,99.0,-0.82,23.92,-3.91,-3.91,1.93,0.77,0.77,6.0,13.0,17.65,"Closed loop, using oxygen sensor feedback to determine fuel mix/",40.0,86
2026-08-16 18:33:59.383,685.25,0.0,95.0,53.0,17.0,99.0,-0.82,23.92,0.0,-3.91,1.94,0.72,0.76,2.5,12.9,17.65,"Closed loop, using oxygen sensor feedback to determine fuel mix/",40.0,86
2026-08-16 18:34:01.106,680.75,0.0,95.0,53.0,19.0,99.0,-0.8,23.92,-0.78,-3.91,1.95,0.11,0.79,1.5,12.9,17.65,"Closed loop, using oxygen sensor feedback to determine fuel mix/",40.0,86
2026-08-16 18:34:02.802,678.5,0.0,95.0,53.0,18.0,99.0,-0.81,23.92,-4.69,-3.91,1.94,0.72,0.8,5.0,13.0,17.65,"Closed loop, using oxygen sensor feedback to determine fuel mix/",40.0,86
2026-08-16 18:34:04.507,682.5,0.0,95.0,53.0,18.0,99.0,-0.81,23.92,-4.69,-3.91,1.94,0.76,0.76,3.0,13.0,17.65,"Closed loop, using oxygen sensor feedback to determine fuel mix/",40.0,86
2026-08-16 18:34:06.205,685.75,0.0,95.0,53.0,18.0,99.0,-0.81,23.92,-1.56,-3.91,1.94,0.11,0.78,3.0,13.0,17.65,"Closed loop, using oxygen sensor feedback to determine fuel mix/",40.0,86
2026-08-16 18:34:07.913,676.0,0.0,96.0,53.0,17.0,99.0,-0.82,23.92,-5.47,-3.91,1.95,0.51,0.79,6.0,13.0,18.04,"Closed loop, using oxygen sensor feedback to determine fuel mix/",40.0,86
2026-08-16 18:34:09.605,684.0,0.0,96.0,53.0,17.0,99.0,-0.82,23.92,-4.69,-3.91,1.95,0.78,0.76,3.0,13.0,18.04,"Closed loop, using oxygen sensor feedback to determine fuel mix/",40.0,86
2026-08-16 18:34:11.296,681.5,0.0,96.0,53.0,17.0,99.0,-0.82,23.92,-0.78,-3.91,1.95,0.4,0.77,2.5,13.0,17.65,"Closed loop, using oxygen sensor feedback to determine fuel mix/",40.0,86
2026-08-16 18:34:13.003,675.75,0.0,96.0,53.0,17.0,99.0,-0.82,23.92,-1.56,-3.91,1.96,0.1,0.78,4.5,13.0,18.04,"Closed loop, using oxygen sensor feedback to determine fuel mix/",40.0,86
2026-08-16 18:34:14.697,675.0,0.0,96.0,53.0,18.0,99.0,-0.81,23.92,-5.47,-3.91,1.98,0.28,0.79,4.0,13.0,18.04,"Closed loop, using oxygen sensor feedback to determine fuel mix/",40.0,86
2026-08-16 18:34:16.389,677.25,0.0,96.0,53.0,18.0,99.0,-0.81,23.92,-4.69,-3.91,1.95,0.77,0.76,3.0,13.0,17.65,"Closed loop, using oxygen sensor feedback to determine fuel mix/",40.0,86
2026-08-16 18:34:18.083,679.25,0.0,96.0,53.0,17.0,99.0,-0.82,23.92,-0.78,-3.91,1.95,0.1,0.73,3.5,13.0,17.65,"Closed loop, using oxygen sensor feedback to determine fuel mix/",40.0,86
2026-08-16 18:34:19.776,677.25,0.0,96.0,53.0,19.0,99.0,-0.8,23.92,-3.91,-3.91,1.96,0.73,0.76,6.5,12.9,18.04,"Closed loop, using oxygen sensor feedback to determine fuel mix/",40.0,86
2026-08-16 18:34:21.469,680.5,0.0,96.0,53.0,18.0,99.0,-0.81,23.92,0.0,-3.91,1.96,0.69,0.73,2.0,12.9,18.04,"Closed loop, using oxygen sensor feedback to determine fuel mix/",40.0,86
2026-08-16 18:34:23.161,686.75,0.0,96.0,53.0,18.0,99.0,-0.81,23.92,-0.78,-3.91,1.97,0.1,0.78,4.0,13.0,18.04,"Closed loop, using oxygen sensor feedback to determine fuel mix/",40.0,86
2026-08-16 18:34:24.854,675.75,0.0,96.0,53.0,18.0,99.0,-0.81,23.92,-4.69,-3.91,2.01,0.14,0.79,2.0,12.9,18.04,"Closed loop, using oxygen sensor feedback to determine fuel mix/",40.0,86
2026-08-16 18:34:26.564,689.25,0.0,97.0,53.0,18.0,99.0,-0.81,23.92,-3.91,-3.91,1.99,0.77,0.76,4.0,13.0,18.04,"Closed loop, using oxygen sensor feedback to determine fuel mix/",40.0,86
2026-08-16 18:34:28.270,677.0,0.0,97.0,53.0,20.0,99.0,-0.79,25.1,0.0,-3.91,2.2,0.15,0.75,3.5,12.9,20.0,"Closed loop, using oxygen sensor feedback to determine fuel mix/",40.0,86
2026-08-16 18:34:29.967,674.0,0.0,97.0,53.0,25.0,99.0,-0.74,27.45,0.0,-3.91,2.96,0.1,0.74,-8.5,13.0,26.27,"Closed loop, using oxygen sensor feedback to determine fuel mix/",40.0,86
2026-08-16 18:34:31.689,674.75,0.0,97.0,53.0,26.0,99.0,-0.73,27.84,0.78,-3.91,3.18,0.11,0.69,-5.0,13.1,29.02,"Closed loop, using oxygen sensor feedback to determine fuel mix/",40.0,86
2026-08-16 18:34:33.382,693.0,2.0,97.0,53.0,24.0,99.0,-0.75,27.06,1.56,-3.91,2.94,0.1,0.72,1.5,13.1,26.27,"Closed loop, using oxygen sensor feedback to determine fuel mix/",40.0,86
2026-08-16 18:34:35.089,710.5,2.0,97.0,53.0,25.0,99.0,-0.74,27.45,2.34,-3.91,2.98,0.1,0.77,1.5,13.1,27.06,"Closed loop, using oxygen sensor feedback to determine fuel mix/",40.0,86
2026-08-16 18:34:36.784,717.5,3.0,97.0,53.0,25.0,99.0,-0.74,27.45,2.34,-3.91,3.0,0.1,0.77,1.0,12.9,26.67,"Closed loop, using oxygen sensor feedback to determine fuel mix/",40.0,86
2026-08-16 18:34:38.492,715.25,2.0,97.0,52.0,24.0,99.0,-0.75,27.45,2.34,-3.91,3.01,0.11,0.77,0.5,13.0,27.06,"Closed loop, using oxygen sensor feedback to determine fuel mix/",40.0,86
2026-08-16 18:34:40.185,708.5,2.0,97.0,52.0,25.0,99.0,-0.74,27.45,1.56,-3.91,3.0,0.12,0.75,0.5,13.0,26.67,"Closed loop, using oxygen sensor feedback to determine fuel mix/",40.0,86
2026-08-16 18:34:41.896,704.75,0.0,97.0,52.0,25.0,99.0,-0.74,27.45,1.56,-3.91,3.2,0.1,0.77,-1.5,13.0,28.24,"Closed loop, using oxygen sensor feedback to determine fuel mix/",40.0,86
2026-08-16 18:34:43.602,690.25,0.0,97.0,52.0,25.0,99.0,-0.74,27.06,-1.56,-3.91,2.95,0.69,0.78,-1.0,13.0,27.06,"Closed loop, using oxygen sensor feedback to determine fuel mix/",40.0,86
2026-08-16 18:34:45.298,714.75,2.0,97.0,52.0,24.0,99.0,-0.75,27.45,-1.56,-3.91,3.0,0.74,0.74,2.0,13.0,27.45,"Closed loop, using oxygen sensor feedback to determine fuel mix/",40.0,86
2026-08-16 18:34:47.007,719.5,3.0,97.0,52.0,25.0,99.0,-0.74,27.45,2.34,-3.91,3.1,0.58,0.7,0.0,13.1,27.45,"Closed loop, using oxygen sensor feedback to determine fuel mix/",40.0,86
2026-08-16 18:34:48.715,726.0,3.0,97.0,52.0,23.0,99.0,-0.76,27.45,-1.56,-3.91,3.08,0.76,0.69,0.0,12.9,27.45,"Closed loop, using oxygen sensor feedback to determine fuel mix/",40.0,86
2026-08-16 18:34:50.422,719.75,1.0,97.0,52.0,23.0,99.0,-0.76,27.06,-1.56,-3.91,2.89,0.78,0.72,0.0,13.0,26.27,"Closed loop, using oxygen sensor feedback to determine fuel mix/",40.0,86
2026-08-16 18:34:52.121,703.75,0.0,97.0,52.0,23.0,99.0,-0.76,27.06,-2.34,-3.91,2.8,0.78,0.72,1.5,12.9,25.49,"Closed loop, using oxygen sensor feedback to determine fuel mix/",40.0,86
2026-08-16 18:34:53.824,684.5,0.0,97.0,52.0,23.0,99.0,-0.76,26.67,-2.34,-3.91,2.74,0.76,0.71,2.5,12.9,25.1,"Closed loop, using oxygen sensor feedback to determine fuel mix/",40.0,86
2026-08-16 18:34:55.515,681.5,0.0,97.0,52.0,22.0,99.0,-0.77,26.67,-2.34,-3.91,2.69,0.74,0.72,2.0,13.0,24.31,"Closed loop, using oxygen sensor feedback to determine fuel mix/",40.0,86
2026-08-16 18:34:57.209,682.75,0.0,97.0,52.0,24.0,99.0,-0.75,26.67,1.56,-3.91,2.71,0.7,0.72,3.0,13.0,25.49,"Closed loop, using oxygen sensor feedback to determine fuel mix/",40.0,86
2026-08-16 18:34:58.902,693.0,1.0,96.0,51.0,24.0,99.0,-0.75,26.67,-2.34,-3.91,2.76,0.77,0.7,4.5,12.9,25.1,"Closed loop, using oxygen sensor feedback to determine fuel mix/",40.0,86
2026-08-16 18:35:00.596,695.75,0.0,96.0,51.0,24.0,99.0,-0.75,26.67,-2.34,-3.91,2.73,0.74,0.74,2.5,13.0,24.71,"Closed loop, using oxygen sensor feedback to determine fuel mix/",40.0,86
2026-08-16 18:35:02.287,691.25,0.0,96.0,51.0,22.0,99.0,-0.77,26.67,-2.34,-3.91,2.73,0.71,0.77,0.0,13.0,24.71,"Closed loop, using oxygen sensor feedback to determine fuel mix/",40.0,86
2026-08-16 18:35:03.981,690.75,0.0,96.0,51.0,23.0,99.0,-0.76,26.67,-2.34,-3.91,2.7,0.68,0.76,0.5,13.0,24.71,"Closed loop, using oxygen sensor feedback to determine fuel mix/",40.0,86
2026-08-16 18:35:05.688,682.25,0.0,95.0,51.0,23.0,99.0,-0.76,26.67,-2.34,-3.91,2.7,0.38,0.78,0.5,13.0,24.31,"Closed loop, using oxygen sensor feedback to determine fuel mix/",40.0,86
2026-08-16 18:35:07.380,674.25,0.0,95.0,51.0,22.0,99.0,-0.77,26.67,-2.34,-3.91,2.68,0.12,0.77,3.5,13.0,24.71,"Closed loop, using oxygen sensor feedback to determine fuel mix/",40.0,86
2026-08-16 18:35:09.075,675.0,0.0,95.0,51.0,27.0,99.0,-0.72,28.24,2.34,-3.91,3.39,0.09,0.73,-4.5,12.7,30.98,"Closed loop, using oxygen sensor feedback to determine fuel mix/",40.0,86
2026-08-16 18:35:10.801,695.25,1.0,94.0,51.0,27.0,99.0,-0.72,28.24,0.0,-3.91,3.42,0.73,0.67,-0.5,13.1,30.98,"Closed loop, using oxygen sensor feedback to determine fuel mix/",40.0,86
2026-08-16 18:35:12.506,712.75,2.0,94.0,51.0,25.0,99.0,-0.74,27.45,0.0,-3.91,2.99,0.77,0.79,1.0,13.0,26.67,"Closed loop, using oxygen sensor feedback to determine fuel mix/",40.0,86
2026-08-16 18:35:14.201,711.5,0.0,94.0,51.0,23.0,99.0,-0.76,26.67,-1.56,-3.91,2.7,0.76,0.74,2.5,13.0,24.31,"Closed loop, using oxygen sensor feedback to determine fuel mix/",40.0,86
2026-08-16 18:35:15.895,698.75,0.0,93.0,51.0,22.0,99.0,-0.77,26.27,1.56,-3.91,2.6,0.68,0.73,3.0,13.0,23.92,"Closed loop, using oxygen sensor feedback to determine fuel mix/",40.0,86
2026-08-16 18:35:17.602,701.0,0.0,93.0,51.0,20.0,99.0,-0.79,25.1,0.78,-3.91,2.25,0.68,0.71,-5.0,13.1,20.0,"Closed loop, using oxygen sensor feedback to determine fuel mix/",40.0,86
2026-08-16 18:35:19.296,685.0,0.0,93.0,51.0,19.0,99.0,-0.8,24.71,0.78,-3.91,2.1,0.1,0.78,-1.5,13.0,18.04,"Closed loop, using oxygen sensor feedback to determine fuel mix/",40.0,86
2026-08-16 18:35:20.987,690.25,0.0,93.0,51.0,18.0,99.0,-0.81,23.92,-2.34,-3.91,1.89,0.73,0.77,6.0,13.1,16.86,"Closed loop, using oxygen sensor feedback to determine fuel mix/",40.0,86
2026-08-16 18:35:22.695,688.75,0.0,92.0,52.0,16.0,99.0,-0.83,23.53,-2.34,-3.91,1.83,0.77,0.76,4.5,13.0,16.86,"Closed loop, using oxygen sensor feedback to determine fuel mix/",40.0,86
2026-08-16 18:35:24.389,678.0,0.0,92.0,52.0,18.0,99.0,-0.81,23.53,0.78,-3.91,1.84,0.11,0.78,4.0,13.0,16.86,"Closed loop, using oxygen sensor feedback to determine fuel mix/",40.0,86
2026-08-16 18:35:26.084,680.75,0.0,92.0,52.0,17.0,99.0,-0.82,23.53,-3.12,-3.91,1.85,0.71,0.8,5.5,13.0,17.25,"Closed loop, using oxygen sensor feedback to determine fuel mix/",40.0,86
2026-08-16 18:35:27.775,680.75,0.0,92.0,53.0,18.0,99.0,-0.81,23.53,-3.12,-3.91,1.86,0.75,0.76,5.0,13.0,16.86,"Closed loop, using oxygen sensor feedback to determine fuel mix/",40.0,86
2026-08-16 18:35:29.466,682.5,0.0,91.0,53.0,18.0,99.0,-0.81,23.53,0.0,-3.91,1.88,0.1,0.79,3.0,13.0,17.25,"Closed loop, using oxygen sensor feedback to determine fuel mix/",40.0,86
2026-08-16 18:35:31.163,680.0,0.0,91.0,53.0,17.0,99.0,-0.82,23.53,-3.91,-3.91,1.88,0.74,0.79,4.5,13.0,17.25,"Closed loop, using oxygen sensor feedback to determine fuel mix/",40.0,86
2026-08-16 18:35:32.853,681.0,0.0,91.0,53.0,18.0,99.0,-0.81,23.53,-3.91,-3.91,1.88,0.73,0.77,5.5,13.0,17.25,"Closed loop, using oxygen sensor feedback to determine fuel mix/",40.0,86
2026-08-16 18:35:34.549,680.75,0.0,91.0,53.0,18.0,99.0,-0.81,23.53,-0.78,-3.91,1.89,0.12,0.78,4.0,13.0,17.25,"Closed loop, using oxygen sensor feedback to determine fuel mix/",40.0,86
2026-08-16 18:35:36.241,678.5,0.0,91.0,53.0,17.0,99.0,-0.82,23.53,-4.69,-3.91,1.89,0.32,0.79,7.0,13.1,17.25,"Closed loop, using oxygen sensor feedback to determine fuel mix/",40.0,86
2026-08-16 18:35:37.933,681.25,0.0,90.0,53.0,18.0,99.0,-0.81,23.53,-3.91,-3.91,1.91,0.78,0.77,3.0,13.0,17.65,"Closed loop, using oxygen sensor feedback to determine fuel mix/",40.0,86
2026-08-16 18:35:39.628,676.25,0.0,90.0,53.0,17.0,99.0,-0.82,23.53,0.0,-3.91,1.88,0.41,0.77,3.5,12.9,17.25,"Closed loop, using oxygen sensor feedback to determine fuel mix/",40.0,86
2026-08-16 18:35:41.335,675.75,0.0,90.0,53.0,18.0,99.0,-0.81,23.53,-5.47,-3.91,1.92,0.53,0.79,7.0,13.1,17.65,"Closed loop, using oxygen sensor feedback to determine fuel mix/",40.0,86
2026-08-16 18:35:43.026,682.75,0.0,90.0,53.0,17.0,99.0,-0.82,23.53,-4.69,-3.91,1.89,0.77,0.77,6.0,13.0,17.65,"Closed loop, using oxygen sensor feedback to determine fuel mix/",40.0,86
2026-08-16 18:35:44.718,675.75,0.0,90.0,53.0,18.0,99.0,-0.81,23.53,-0.78,-3.91,1.92,0.41,0.76,1.0,13.0,17.25,"Closed loop, using oxygen sensor feedback to determine fuel mix/",40.0,86
2026-08-16 18:35:46.429,673.5,0.0,90.0,53.0,17.0,99.0,-0.82,23.53,-1.56,-3.91,1.91,0.1,0.79,2.5,13.0,17.65,"Closed loop, using oxygen sensor feedback to determine fuel mix/",40.0,86
2026-08-16 18:35:48.125,678.5,0.0,90.0,53.0,18.0,99.0,-0.81,23.53,-5.47,-3.91,1.91,0.37,0.79,2.0,12.9,17.65,"Closed loop, using oxygen sensor feedback to determine fuel mix/",40.0,86
2026-08-16 18:35:49.833,676.0,0.0,90.0,53.0,18.0,99.0,-0.81,23.92,-4.69,-3.91,1.92,0.76,0.77,4.5,13.0,17.65,"Closed loop, using oxygen sensor feedback to determine fuel mix/",40.0,86
2026-08-16 18:35:51.540,685.75,0.0,90.0,53.0,22.0,99.0,-0.77,27.06,-0.78,-3.91,2.95,0.1,0.7,-7.0,13.0,29.02,"Closed loop, using oxygen sensor feedback to determine fuel mix/",40.0,86
2026-08-16 18:35:53.234,666.5,0.0,90.0,53.0,26.0,99.0,-0.73,27.45,2.34,-3.91,3.06,0.14,0.71,-3.5,12.9,27.84,"Closed loop, using oxygen sensor feedback to determine fuel mix/",40.0,86
2026-08-16 18:35:54.926,657.5,0.0,91.0,52.0,24.0,99.0,-0.75,27.84,0.78,-3.91,3.22,0.09,0.78,-4.0,13.0,29.8,"Closed loop, using oxygen sensor feedback to determine fuel mix/",40.0,86
2026-08-16 18:35:56.635,675.0,0.0,91.0,52.0,25.0,99.0,-0.74,27.84,2.34,-3.91,3.17,0.43,0.67,-6.0,13.0,29.41,"Closed loop, using oxygen sensor feedback to determine fuel mix/",40.0,86
2026-08-16 18:35:58.327,681.75,0.0,91.0,52.0,26.0,99.0,-0.73,27.45,-0.78,-3.91,2.99,0.77,0.67,-1.0,13.1,27.45,"Closed loop, using oxygen sensor feedback to determine fuel mix/",40.0,86
2026-08-16 18:36:00.035,685.75,0.0,91.0,52.0,24.0,99.0,-0.75,26.67,-0.78,-3.91,2.79,0.76,0.72,1.0,13.0,25.49,"Closed loop, using oxygen sensor feedback to determine fuel mix/",40.0,86
2026-08-16 18:36:01.745,681.5,0.0,91.0,52.0,23.0,99.0,-0.76,26.67,2.34,-3.91,2.68,0.13,0.75,1.5,13.0,24.31,"Closed loop, using oxygen sensor feedback to determine fuel mix/",40.0,86
2026-08-16 18:36:03.451,691.75,0.0,92.0,52.0,22.0,99.0,-0.77,26.67,3.12,-3.91,2.64,0.15,0.73,4.5,13.0,24.71,"Closed loop, using oxygen sensor feedback to determine fuel mix/",40.0,86
2026-08-16 18:36:05.146,687.0,0.0,92.0,52.0,22.0,99.0,-0.77,26.67,3.12,-3.91,2.68,0.3,0.75,2.0,13.0,24.31,"Closed loop, using oxygen sensor feedback to determine fuel mix/",40.0,86
2026-08-16 18:36:06.855,686.0,0.0,92.0,52.0,22.0,99.0,-0.77,26.67,2.34,-3.91,2.68,0.37,0.73,0.0,12.9,24.31,"Closed loop, using oxygen sensor feedback to determine fuel mix/",40.0,86
2026-08-16 18:36:08.548,684.5,0.0,92.0,52.0,22.0,99.0,-0.77,26.67,2.34,-3.91,2.69,0.69,0.75,0.0,13.0,24.71,"Closed loop, using oxygen sensor feedback to determine fuel mix/",40.0,86
2026-08-16 18:36:10.241,688.0,0.0,92.0,52.0,22.0,99.0,-0.77,26.27,2.34,-3.91,2.66,0.31,0.72,1.5,13.0,24.31,"Closed loop, using oxygen sensor feedback to determine fuel mix/",40.0,86
2026-08-16 18:36:11.934,696.5,0.0,92.0,52.0,23.0,99.0,-0.76,26.67,2.34,-3.91,2.65,0.76,0.71,4.5,13.0,24.31,"Closed loop, using oxygen sensor feedback to determine fuel mix/",40.0,86
2026-08-16 18:36:13.641,686.25,0.0,92.0,52.0,23.0,99.0,-0.76,26.67,-0.78,-3.91,2.62,0.77,0.72,4.0,13.0,23.92,"Closed loop, using oxygen sensor feedback to determine fuel mix/",40.0,86
2026-08-16 18:36:15.355,683.5,0.0,93.0,52.0,21.0,99.0,-0.78,26.27,-1.56,-3.91,2.59,0.77,0.74,6.0,12.8,23.92,"Closed loop, using oxygen sensor feedback to determine fuel mix/",40.0,86
2026-08-16 18:36:17.073,697.0,0.0,93.0,52.0,20.0,99.0,-0.79,25.88,-2.34,-3.91,2.38,0.8,0.73,-2.0,13.0,21.57,"Closed loop, using oxygen sensor feedback to determine fuel mix/",40.0,86
2026-08-16 18:36:18.769,689.0,0.0,93.0,52.0,19.0,99.0,-0.8,25.1,1.56,-3.91,2.12,0.14,0.74,-1.5,13.0,19.22,"Closed loop, using oxygen sensor feedback to determine fuel mix/",40.0,86
2026-08-16 18:36:20.461,683.75,0.0,93.0,52.0,19.0,99.0,-0.8,24.31,0.78,-3.91,1.96,0.1,0.78,5.5,13.1,18.04,"Closed loop, using oxygen sensor feedback to determine fuel mix/",40.0,86
2026-08-16 18:36:22.153,684.75,0.0,93.0,52.0,18.0,99.0,-0.81,24.31,-2.34,-3.91,1.97,0.72,0.76,7.0,13.1,18.04,"Closed loop, using oxygen sensor feedback to determine fuel mix/",40.0,86
2026-08-16 18:36:23.847,688.0,0.0,93.0,52.0,19.0,99.0,-0.8,23.92,1.56,-3.91,1.96,0.71,0.73,4.5,13.0,18.04,"Closed loop, using oxygen sensor feedback to determine fuel mix/",40.0,86
2026-08-16 18:36:25.538,675.75,0.0,93.0,53.0,19.0,99.0,-0.8,24.31,0.78,-3.91,1.99,0.12,0.77,4.0,13.1,18.04,"Closed loop, using oxygen sensor feedback to determine fuel mix/",40.0,86
2026-08-16 18:36:27.233,673.0,0.0,94.0,53.0,18.0,99.0,-0.81,24.31,0.78,-3.91,2.01,0.1,0.79,1.5,13.0,18.43,"Closed loop, using oxygen sensor feedback to determine fuel mix/",40.0,86
2026-08-16 18:36:28.941,679.75,0.0,94.0,53.0,18.0,99.0,-0.81,24.31,-3.12,-3.91,2.02,0.72,0.78,5.5,13.1,18.43,"Closed loop, using oxygen sensor feedback to determine fuel mix/",40.0,86
2026-08-16 18:36:30.634,678.75,0.0,94.0,53.0,19.0,99.0,-0.8,24.31,-2.34,-3.91,2.0,0.79,0.76,6.5,13.2,18.43,"Closed loop, using oxygen sensor feedback to determine fuel mix/",40.0,86
2026-08-16 18:36:32.340,676.5,0.0,94.0,53.0,17.0,99.0,-0.82,23.92,0.78,-3.91,1.99,0.23,0.77,3.5,13.1,18.43,"Closed loop, using oxygen sensor feedback to determine fuel mix/",40.0,86
2026-08-16 18:36:34.035,673.5,0.0,94.0,53.0,18.0,99.0,-0.81,24.31,0.78,-3.91,2.02,0.12,0.79,2.5,13.2,18.43,"Closed loop, using oxygen sensor feedback to determine fuel mix/",40.0,86
2026-08-16 18:36:35.728,682.25,0.0,94.0,53.0,19.0,99.0,-0.8,24.31,-3.12,-3.91,2.01,0.69,0.79,2.0,13.1,18.43,"Closed loop, using oxygen sensor feedback to determine fuel mix/",40.0,86
2026-08-16 18:36:37.422,685.5,0.0,94.0,53.0,19.0,99.0,-0.8,24.31,-2.34,-3.91,2.0,0.78,0.77,3.5,13.1,18.43,"Closed loop, using oxygen sensor feedback to determine fuel mix/",40.0,86
2026-08-16 18:36:39.131,681.5,0.0,94.0,53.0,17.0,99.0,-0.82,24.31,1.56,-3.91,2.01,0.72,0.77,4.0,13.2,18.43,"Closed loop, using oxygen sensor feedback to determine fuel mix/",40.0,86
2026-08-16 18:36:40.821,679.5,0.0,95.0,53.0,19.0,99.0,-0.8,24.31,0.78,-3.91,2.01,0.1,0.78,3.0,13.2,18.43,"Closed loop, using oxygen sensor feedback to determine fuel mix/",40.0,86
2026-08-16 18:36:42.548,684.0,0.0,94.0,53.0,19.0,99.0,-0.8,24.31,-3.12,-3.91,2.01,0.7,0.8,2.0,13.1,18.82,"Closed loop, using oxygen sensor feedback to determine fuel mix/",40.0,86
2026-08-16 18:36:44.238,679.25,0.0,95.0,53.0,19.0,99.0,-0.8,24.31,-2.34,-3.91,2.03,0.79,0.77,4.5,13.2,18.43,"Closed loop, using oxygen sensor feedback to determine fuel mix/",40.0,86
2026-08-16 18:36:45.933,688.25,0.0,95.0,53.0,17.0,99.0,-0.82,24.31,0.0,-3.91,2.03,0.16,0.77,2.0,13.3,18.43,"Closed loop, using oxygen sensor feedback to determine fuel mix/",40.0,86
2026-08-16 18:36:47.628,673.75,0.0,95.0,53.0,18.0,99.0,-0.81,24.31,0.0,-3.91,2.03,0.1,0.79,2.0,13.2,18.43,"Closed loop, using oxygen sensor feedback to determine fuel mix/",40.0,86
2026-08-16 18:36:49.336,680.5,0.0,95.0,53.0,18.0,99.0,-0.81,24.31,-3.91,-3.91,2.04,0.72,0.78,4.5,13.1,18.82,"Closed loop, using oxygen sensor feedback to determine fuel mix/",40.0,86
2026-08-16 18:36:51.030,682.25,0.0,96.0,53.0,18.0,99.0,-0.81,24.31,-3.12,-3.91,2.05,0.74,0.74,3.5,13.2,18.82,"Closed loop, using oxygen sensor feedback to determine fuel mix/",40.0,86
2026-08-16 18:36:52.735,684.75,0.0,95.0,53.0,18.0,99.0,-0.81,24.31,0.0,-3.91,2.06,0.12,0.77,3.0,13.3,18.82,"Closed loop, using oxygen sensor feedback to determine fuel mix/",40.0,86
2026-08-16 18:36:54.429,685.75,0.0,95.0,53.0,25.0,99.0,-0.74,27.45,0.78,-3.91,3.02,0.12,0.75,-6.0,13.3,28.63,"Closed loop, using oxygen sensor feedback to determine fuel mix/",40.0,86
2026-08-16 18:36:56.136,676.0,0.0,95.0,53.0,25.0,99.0,-0.74,27.45,-1.56,-3.91,2.99,0.14,0.74,-2.5,13.3,27.45,"Closed loop, using oxygen sensor feedback to determine fuel mix/",40.0,86
2026-08-16 18:36:57.830,679.0,0.0,96.0,53.0,23.0,99.0,-0.76,27.06,-0.78,-3.91,2.78,0.73,0.75,-1.5,13.2,25.88,"Closed loop, using oxygen sensor feedback to determine fuel mix/",40.0,86
2026-08-16 18:36:59.537,673.25,0.0,96.0,53.0,23.0,99.0,-0.76,26.67,-0.78,-3.91,2.79,0.74,0.76,0.0,13.2,25.49,"Closed loop, using oxygen sensor feedback to determine fuel mix/",40.0,86
2026-08-16 18:37:01.231,677.0,0.0,96.0,53.0,23.0,99.0,-0.76,27.06,-0.78,-3.91,2.77,0.74,0.76,3.0,13.2,25.88,"Closed loop, using oxygen sensor feedback to determine fuel mix/",40.0,86
2026-08-16 18:37:02.923,681.5,0.0,96.0,52.0,29.0,99.0,-0.7,28.24,3.12,-3.91,3.39,0.1,0.68,-7.5,13.3,30.98,"Closed loop, using oxygen sensor feedback to determine fuel mix/",40.0,87
2026-08-16 18:37:04.651,670.25,0.0,96.0,52.0,28.0,99.0,-0.71,27.84,3.91,-3.91,3.21,0.18,0.69,-4.5,13.3,29.8,"Closed loop, using oxygen sensor feedback to determine fuel mix/",40.0,87
2026-08-16 18:37:06.359,778.25,0.0,96.0,52.0,26.0,99.0,-0.73,28.24,0.78,-3.91,3.5,0.79,0.69,-5.0,13.3,31.37,"Closed loop, using oxygen sensor feedback to determine fuel mix/",40.0,87
2026-08-16 18:37:08.051,718.75,0.0,96.0,52.0,25.0,99.0,-0.74,27.84,0.78,-3.91,3.22,0.7,0.77,-2.5,13.4,29.02,"Closed loop, using oxygen sensor feedback to determine fuel mix/",40.0,87
2026-08-16 18:37:09.745,701.75,0.0,96.0,52.0,24.0,99.0,-0.75,27.45,0.78,-3.91,3.08,0.7,0.77,-1.5,13.3,27.84,"Closed loop, using oxygen sensor feedback to determine fuel mix/",40.0,87
2026-08-16 18:37:11.451,693.25,0.0,97.0,52.0,24.0,99.0,-0.75,27.06,0.0,-3.91,2.97,0.72,0.78,-1.0,13.3,27.06,"Closed loop, using oxygen sensor feedback to determine fuel mix/",40.0,87
2026-08-16 18:37:13.144,677.75,0.0,97.0,52.0,26.0,99.0,-0.73,27.84,0.0,-3.91,3.32,0.14,0.74,3.0,12.6,30.98,"Closed loop, using oxygen sensor feedback to determine fuel mix/",40.0,87
2026-08-16 18:37:14.852,709.0,0.0,97.0,52.0,29.0,99.0,-0.7,28.24,0.78,-3.91,3.44,0.67,0.72,1.5,12.9,31.37,"Closed loop, using oxygen sensor feedback to determine fuel mix/",40.0,87
2026-08-16 18:37:16.544,691.5,0.0,97.0,52.0,29.0,99.0,-0.7,28.24,1.56,-3.91,3.46,0.68,0.72,0.5,13.2,31.76,"Closed loop, using oxygen sensor feedback to determine fuel mix/",40.0,87
2026-08-16 18:37:18.237,690.5,1.0,97.0,52.0,27.0,99.0,-0.72,27.45,0.78,-3.91,3.1,0.76,0.8,1.5,13.3,,"Closed loop, using oxygen sensor feedback to determine fuel mix/",40.0,87
2026-08-16 18:37:19.899,691.5,0.0,97.0,52.0,26.0,99.0,-0.73,27.84,0.78,-3.91,3.13,,0.71,0.5,13.4,28.63,"Closed loop, using oxygen sensor feedback to determine fuel mix/",40.0,87
2026-08-16 18:37:21.560,685.25,0.0,97.0,52.0,25.0,99.0,-0.74,27.45,0.78,-3.91,3.01,0.76,0.72,1.0,13.4,27.84,"Closed loop, using oxygen sensor feedback to determine fuel mix/",40.0,87
2026-08-16 18:37:23.267,684.75,0.0,98.0,52.0,25.0,99.0,-0.74,28.24,0.78,-4.69,3.55,0.72,0.72,-0.5,13.3,34.51,"Closed loop, using oxygen sensor feedback to determine fuel mix/",40.0,87
2026-08-16 18:37:25.026,772.25,0.0,98.0,52.0,27.0,99.0,-0.72,28.24,0.0,-3.91,3.55,0.35,0.8,-0.5,13.3,30.98,"Closed loop, using oxygen sensor feedback to determine fuel mix/",40.0,87
2026-08-16 18:37:26.751,725.25,0.0,98.0,52.0,26.0,99.0,-0.73,28.24,3.91,-3.91,3.35,0.1,0.76,-3.0,13.2,30.2,"Closed loop, using oxygen sensor feedback to determine fuel mix/",40.0,87
2026-08-16 18:37:28.445,703.0,0.0,,52.0,27.0,99.0,-0.72,27.84,4.69,-3.91,3.23,0.11,0.74,-4.0,13.3,29.02,"Closed loop, using oxygen sensor feedback to determine fuel mix/",40.0,87
2026-08-16 18:37:30.150,703.25,0.0,98.0,52.0,27.0,99.0,-0.72,27.45,3.91,-3.91,3.08,0.14,0.73,-2.5,13.3,28.63,"Closed loop, using oxygen sensor feedback to determine fuel mix/",40.0,87
2026-08-16 18:37:31.877,693.25,0.0,98.0,52.0,26.0,99.0,-0.73,27.45,3.12,-3.91,3.0,0.12,0.71,0.5,13.3,27.45,"Closed loop, using oxygen sensor feedback to determine fuel mix/",40.0,87
2026-08-16 18:37:33.567,684.75,0.0,98.0,52.0,24.0,99.0,-0.75,27.45,3.91,-3.91,3.09,0.11,0.73,-0.5,13.3,28.24,"Closed loop, using oxygen sensor feedback to determine fuel mix/",40.0,87
2026-08-16 18:37:35.325,681.0,0.0,98.0,52.0,26.0,99.0,-0.73,27.45,4.69,-3.91,3.06,0.37,0.71,-0.5,13.3,28.24,"Closed loop, using oxygen sensor feedback to determine fuel mix/",40.0,87
2026-08-16 18:37:37.032,685.25,0.0,98.0,52.0,25.0,99.0,-0.74,27.45,3.91,-3.91,3.02,0.19,0.71,-0.5,13.3,27.45,"Closed loop, using oxygen sensor feedback to determine fuel mix/",40.0,87
2026-08-16 18:37:38.745,699.5,0.0,97.0,52.0,25.0,99.0,-0.74,27.45,3.91,-3.91,3.1,0.14,0.72,-0.5,13.3,27.45,"Closed loop, using oxygen sensor feedback to determine fuel mix/",40.0,87
2026-08-16 18:37:40.500,696.75,0.0,97.0,52.0,26.0,99.0,-0.73,27.45,4.69,-3.91,3.06,0.47,0.72,-0.5,13.2,27.84,"Closed loop, using oxygen sensor feedback to determine fuel mix/",40.0,87
2026-08-16 18:37:42.206,697.25,0.0,97.0,52.0,26.0,99.0,-0.73,27.45,3.91,-3.91,3.02,0.26,0.72,-0.5,13.3,27.84,"Closed loop, using oxygen sensor feedback to determine fuel mix/",40.0,87
2026-08-16 18:37:43.917,687.5,0.0,96.0,52.0,24.0,99.0,-0.75,27.06,3.91,-3.91,2.96,0.73,0.71,1.5,13.3,27.06,"Closed loop, using oxygen sensor feedback to determine fuel mix/",40.0,87
2026-08-16 18:37:45.627,679.25,0.0,96.0,52.0,26.0,99.0,-0.73,27.06,3.91,-3.91,2.9,0.69,0.69,2.0,13.3,27.06,"Closed loop, using oxygen sensor feedback to determine fuel mix/",40.0,87
2026-08-16 18:37:47.351,687.5,0.0,96.0,52.0,24.0,99.0,-0.75,27.45,3.91,-3.91,2.99,0.28,0.7,-1.0,13.3,27.06,"Closed loop, using oxygen sensor feedback to determine fuel mix/",40.0,87
2026-08-16 18:37:49.058,695.5,0.0,96.0,52.0,24.0,99.0,-0.75,27.45,3.12,-3.91,2.99,0.16,0.71,-1.5,13.2,26.67,"Closed loop, using oxygen sensor feedback to determine fuel mix/",40.0,87
2026-08-16 18:37:50.782,687.5,0.0,95.0,52.0,24.0,99.0,-0.75,27.06,3.91,-3.91,2.95,0.17,0.71,0.0,13.2,27.06,"Closed loop, using oxygen sensor feedback to determine fuel mix/",40.0,87
2026-08-16 18:37:52.474,683.0,0.0,95.0,52.0,26.0,99.0,-0.73,27.84,3.91,-3.91,3.16,0.11,0.73,-1.0,13.2,28.24,"Closed loop, using oxygen sensor feedback to determine fuel mix/",40.0,87
2026-08-16 18:37:54.182,682.25,0.0,95.0,52.0,25.0,99.0,-0.74,27.45,4.69,-3.91,2.99,0.15,0.73,2.0,13.2,27.45,"Closed loop, using oxygen sensor feedback to determine fuel mix/",40.0,87
2026-08-16 18:37:55.876,684.25,0.0,94.0,52.0,27.0,99.0,-0.72,27.45,3.91,-3.91,3.08,0.12,0.73,-0.5,13.3,28.24,"Closed loop, using oxygen sensor feedback to determine fuel mix/",40.0,87
2026-08-16 18:37:57.567,684.0,0.0,94.0,52.0,26.0,99.0,-0.73,27.45,4.69,-3.91,2.99,0.2,0.73,0.5,13.3,27.06,"Closed loop, using oxygen sensor feedback to determine fuel mix/",40.0,87
2026-08-16 18:37:59.282,689.5,0.0,94.0,52.0,26.0,99.0,-0.73,27.45,3.91,-3.91,3.05,0.14,0.7,0.0,13.1,27.06,"Closed loop, using oxygen sensor feedback to determine fuel mix/",40.0,87
2026-08-16 18:38:01.006,682.25,0.0,94.0,52.0,31.0,99.0,-0.68,28.63,5.47,-3.91,3.63,0.1,0.67,-4.0,12.8,33.33,"Closed loop, using oxygen sensor feedback to determine fuel mix/",40.0,87
2026-08-16 18:38:02.713,680.25,0.0,94.0,52.0,27.0,99.0,-0.72,28.24,0.78,-3.91,3.38,0.13,0.76,-6.5,13.2,29.8,"Closed loop, using oxygen sensor feedback to determine fuel mix/",40.0,87
2026-08-16 18:38:04.424,680.25,0.0,93.0,52.0,22.0,99.0,-0.77,26.67,0.78,-3.91,2.72,0.77,0.78,2.5,13.2,25.1,"Closed loop, using oxygen sensor feedback to determine fuel mix/",40.0,87
2026-08-16 18:38:06.132,683.5,0.0,93.0,52.0,29.0,99.0,-0.7,28.24,4.69,-3.91,3.52,0.11,0.66,-7.0,13.3,30.59,"Closed loop, using oxygen sensor feedback to determine fuel mix/",40.0,87
2026-08-16 18:38:07.855,686.25,0.0,93.0,52.0,26.0,99.0,-0.73,27.45,4.69,-3.91,2.96,0.25,0.71,-3.0,13.5,27.06,"Closed loop, using oxygen sensor feedback to determine fuel mix/",40.0,87
2026-08-16 18:38:09.548,683.5,0.0,93.0,52.0,25.0,99.0,-0.74,26.67,3.91,-3.91,2.78,0.12,0.76,0.5,13.4,25.1,"Closed loop, using oxygen sensor feedback to determine fuel mix/",40.0,87
2026-08-16 18:38:11.258,686.75,0.0,92.0,52.0,23.0,99.0,-0.76,27.06,3.12,-3.91,2.78,0.13,0.78,0.5,13.4,25.49,"Closed loop, using oxygen sensor feedback to determine fuel mix/",40.0,87
2026-08-16 18:38:12.968,684.0,0.0,92.0,52.0,22.0,99.0,-0.77,26.67,-0.78,-3.91,2.73,0.6,0.79,1.5,13.3,25.1,"Closed loop, using oxygen sensor feedback to determine fuel mix/",40.0,87
2026-08-16 18:38:14.658,679.25,0.0,92.0,52.0,23.0,99.0,-0.76,26.67,-1.56,-3.91,2.76,0.13,0.78,1.0,13.3,25.1,"Closed loop, using oxygen sensor feedback to determine fuel mix/",40.0,87
2026-08-16 18:38:16.383,679.0,0.0,92.0,52.0,23.0,99.0,-0.76,26.67,-1.56,-3.91,2.77,0.11,0.78,1.0,13.3,25.1,"Closed loop, using oxygen sensor feedback to determine fuel mix/",40.0,87
2026-08-16 18:38:18.094,669.75,0.0,91.0,52.0,24.0,99.0,-0.75,26.67,-1.56,-3.91,2.72,0.18,0.78,3.5,13.2,25.1,"Closed loop, using oxygen sensor feedback to determine fuel mix/",40.0,87
2026-08-16 18:38:19.800,673.25,0.0,91.0,52.0,25.0,99.0,-0.74,26.67,3.12,-3.91,2.72,0.1,0.77,2.0,13.2,24.71,"Closed loop, using oxygen sensor feedback to determine fuel mix/",40.0,87
2026-08-16 18:38:21.509,683.0,0.0,91.0,52.0,23.0,99.0,-0.76,26.67,2.34,-3.91,2.72,0.1,0.78,0.5,13.2,25.1,"Closed loop, using oxygen sensor feedback to determine fuel mix/",40.0,87
2026-08-16 18:38:23.201,681.25,0.0,91.0,52.0,24.0,99.0,-0.75,26.67,3.12,-3.91,2.69,0.1,0.77,2.5,13.2,24.71,"Closed loop, using oxygen sensor feedback to determine fuel mix/",40.0,87
2026-08-16 18:38:24.927,674.5,0.0,90.0,52.0,23.0,99.0,-0.76,26.67,3.91,-3.91,2.65,0.11,0.76,3.5,13.3,24.31,"Closed loop, using oxygen sensor feedback to determine fuel mix/",40.0,87
2026-08-16 18:38:26.637,688.5,0.0,90.0,52.0,24.0,99.0,-0.75,26.67,4.69,-3.91,2.65,0.28,0.75,2.5,13.2,24.31,"Closed loop, using oxygen sensor feedback to determine fuel mix/",40.0,87
2026-08-16 18:38:28.330,718.5,0.0,90.0,52.0,20.0,99.0,-0.79,25.49,3.91,-3.91,2.29,0.3,0.77,6.0,13.1,20.78,"Closed loop, using oxygen sensor feedback to determine fuel mix/",40.0,87
2026-08-16 18:38:30.037,672.75,0.0,90.0,52.0,26.0,99.0,-0.73,27.45,3.12,-3.91,2.91,0.34,0.75,-8.0,13.3,27.06,"Closed loop, using oxygen sensor feedback to determine fuel mix/",40.0,87
2026-08-16 18:38:31.730,676.25,0.0,91.0,52.0,25.0,99.0,-0.74,27.06,3.91,-3.91,2.8,0.12,0.67,-4.0,13.3,25.88,"Closed loop, using oxygen sensor feedback to determine fuel mix/",40.0,86
2026-08-16 18:38:33.427,679.25,0.0,90.0,52.0,24.0,99.0,-0.75,26.27,3.12,-3.91,2.55,0.1,0.76,1.5,13.3,23.53,"Closed loop, using oxygen sensor feedback to determine fuel mix/",40.0,86
2026-08-16 18:38:35.132,677.5,0.0,91.0,53.0,21.0,99.0,-0.78,26.27,3.12,-3.91,2.53,0.11,0.78,3.5,13.2,22.75,"Closed loop, using oxygen sensor feedback to determine fuel mix/",40.0,86
2026-08-16 18:38:36.840,683.5,0.0,91.0,53.0,21.0,99.0,-0.78,26.27,-0.78,-3.91,2.52,0.24,0.78,5.0,13.3,22.75,"Closed loop, using oxygen sensor feedback to determine fuel mix/",40.0,86
2026-08-16 18:38:38.551,685.25,0.0,91.0,53.0,21.0,99.0,-0.78,26.27,0.0,-3.91,2.57,0.67,0.77,3.0,13.3,23.53,"Closed loop, using oxygen sensor feedback to determine fuel mix/",40.0,86
2026-08-16 18:38:40.257,681.75,0.0,91.0,53.0,21.0,99.0,-0.78,26.27,-0.78,-3.91,2.56,0.31,0.78,3.5,13.2,23.53,"Closed loop, using oxygen sensor feedback to determine fuel mix/",40.0,86
2026-08-16 18:38:41.965,678.75,0.0,91.0,53.0,21.0,99.0,-0.78,26.27,-1.56,-3.91,2.58,0.38,0.77,4.5,13.2,23.53,"Closed loop, using oxygen sensor feedback to determine fuel mix/",40.0,86
2026-08-16 18:38:43.675,680.25,0.0,92.0,53.0,23.0,99.0,-0.76,26.27,-0.78,-3.91,2.61,0.61,0.78,2.0,13.3,23.53,"Closed loop, using oxygen sensor feedback to determine fuel mix/",40.0,86
2026-08-16 18:38:45.369,682.0,0.0,92.0,53.0,22.0,99.0,-0.77,26.67,-0.78,-3.91,2.62,0.15,0.78,3.0,13.2,23.92,"Closed loop, using oxygen sensor feedback to determine fuel mix/",40.0,86
2026-08-16 18:38:47.077,687.5,0.0,92.0,53.0,23.0,99.0,-0.76,26.27,2.34,-3.91,2.62,0.11,0.78,1.0,13.2,23.53,"Closed loop, using oxygen sensor feedback to determine fuel mix/",40.0,86
2026-08-16 18:38:48.785,679.75,0.0,92.0,53.0,22.0,99.0,-0.77,26.27,1.56,-3.91,2.6,0.1,0.78,1.5,13.3,23.14,"Closed loop, using oxygen sensor feedback to determine fuel mix/",40.0,86
2026-08-16 18:38:50.480,688.75,0.0,93.0,53.0,22.0,99.0,-0.77,26.67,2.34,-3.91,2.63,0.1,0.77,2.5,13.3,23.92,"Closed loop, using oxygen sensor feedback to determine fuel mix/",40.0,86
2026-08-16 18:38:52.202,689.5,0.0,92.0,53.0,23.0,99.0,-0.76,26.27,2.34,-3.91,2.58,0.12,0.76,1.0,13.2,23.92,"Closed loop, using oxygen sensor feedback to determine fuel mix/",40.0,86
2026-08-16 18:38:53.925,689.75,0.0,93.0,53.0,22.0,99.0,-0.77,26.67,2.34,-3.91,2.61,0.14,0.75,2.0,13.2,23.92,"Closed loop, using oxygen sensor feedback to determine fuel mix/",40.0,86
2026-08-16 18:38:55.625,679.0,0.0,93.0,53.0,23.0,99.0,-0.76,26.27,2.34,-3.91,2.58,0.19,0.76,6.0,13.3,23.92,"Closed loop, using oxygen sensor feedback to determine fuel mix/",40.0,86
2026-08-16 18:38:57.328,686.25,0.0,93.0,53.0,23.0,99.0,-0.76,26.27,3.12,-3.91,2.6,0.71,0.73,2.0,13.2,23.92,"Closed loop, using oxygen sensor feedback to determine fuel mix/",40.0,86
2026-08-16 18:38:59.038,691.5,0.0,93.0,53.0,23.0,99.0,-0.76,26.27,2.34,-3.91,2.63,0.69,0.74,0.5,13.1,23.92,"Closed loop, using oxygen sensor feedback to determine fuel mix/",40.0,86
2026-08-16 18:39:00.750,700.0,0.0,93.0,53.0,23.0,99.0,-0.76,26.67,-0.78,-3.91,2.67,0.74,0.72,1.5,13.3,24.71,"Closed loop, using oxygen sensor feedback to determine fuel mix/",40.0,86
2026-08-16 18:39:02.455,687.5,0.0,93.0,53.0,23.0,99.0,-0.76,26.67,-1.56,-3.91,2.62,0.76,0.72,4.0,13.1,24.31,"Closed loop, using oxygen sensor feedback to determine fuel mix/",40.0,86
2026-08-16 18:39:04.150,680.5,0.0,93.0,53.0,23.0,99.0,-0.76,26.27,-1.56,-3.91,2.55,0.74,0.72,3.5,13.3,23.53,"Closed loop, using oxygen sensor feedback to determine fuel mix/",40.0,86
2026-08-16 18:39:05.856,683.5,0.0,94.0,53.0,22.0,99.0,-0.77,26.27,-1.56,-3.91,2.53,0.73,0.72,2.0,13.2,23.53,"Closed loop, using oxygen sensor feedback to determine fuel mix/",40.0,86
2026-08-16 18:39:07.564,677.5,0.0,94.0,53.0,22.0,99.0,-0.77,26.27,-0.78,-3.91,2.58,0.75,0.73,5.0,13.2,23.53,"Closed loop, using oxygen sensor feedback to determine fuel mix/",40.0,87
2026-08-16 18:39:09.258,685.0,0.0,94.0,53.0,23.0,99.0,-0.76,26.27,-1.56,-3.91,2.61,0.77,0.74,2.0,13.3,23.92,"Closed loop, using oxygen sensor feedback to determine fuel mix/",40.0,87
2026-08-16 18:39:10.966,692.75,0.0,94.0,53.0,22.0,99.0,-0.77,26.27,-1.56,-3.91,2.6,0.73,0.72,2.5,13.2,23.53,"Closed loop, using oxygen sensor feedback to determine fuel mix/",40.0,87
2026-08-16 18:39:12.675,680.0,0.0,94.0,53.0,22.0,99.0,-0.77,26.27,-0.78,-3.91,2.59,0.75,0.71,3.0,13.2,23.53,"Closed loop, using oxygen sensor feedback to determine fuel mix/",40.0,87
2026-08-16 18:39:14.367,691.25,0.0,94.0,53.0,22.0,99.0,-0.77,26.27,-0.78,-3.91,2.63,0.74,0.72,3.5,13.2,23.92,"Closed loop, using oxygen sensor feedback to determine fuel mix/",40.0,87
2026-08-16 18:39:16.078,687.0,0.0,95.0,53.0,23.0,99.0,-0.76,26.27,-0.78,-3.91,2.59,0.78,0.74,2.0,13.3,23.92,"Closed loop, using oxygen sensor feedback to determine fuel mix/",40.0,87
2026-08-16 18:39:17.789,693.75,0.0,95.0,53.0,23.0,99.0,-0.76,26.67,-1.56,-3.91,2.66,0.75,0.73,2.0,13.2,24.31,"Closed loop, using oxygen sensor feedback to determine fuel mix/",40.0,87
2026-08-16 18:39:19.494,682.5,0.0,95.0,53.0,22.0,99.0,-0.77,26.67,-1.56,-3.91,2.68,0.71,0.76,5.0,13.2,23.92,"Closed loop, using oxygen sensor feedback to determine fuel mix/",40.0,87
2026-08-16 18:39:21.185,672.5,0.0,95.0,53.0,22.0,99.0,-0.77,26.67,-1.56,-3.91,2.75,0.33,0.77,-9.0,13.3,23.14,"Closed loop, using oxygen sensor feedback to determine fuel mix/",40.0,87
2026-08-16 18:39:22.895,687.75,0.0,95.0,54.0,21.0,99.0,-0.78,25.49,-3.12,-3.91,2.27,0.64,0.78,-1.0,13.3,21.18,"Closed loop, using oxygen sensor feedback to determine fuel mix/",40.0,87
2026-08-16 18:39:24.587,685.0,0.0,95.0,54.0,19.0,99.0,-0.8,24.31,-2.34,-3.91,2.06,0.74,0.71,3.5,13.3,18.82,"Closed loop, using oxygen sensor feedback to determine fuel mix/",40.0,87
2026-08-16 18:39:26.294,686.25,0.0,95.0,54.0,19.0,99.0,-0.8,24.31,1.56,-3.91,2.02,0.54,0.73,6.5,13.2,18.43,"Closed loop, using oxygen sensor feedback to determine fuel mix/",40.0,87
2026-08-16 18:39:27.990,685.25,0.0,96.0,54.0,18.0,99.0,-0.81,24.31,0.78,-3.91,1.99,0.1,0.76,4.0,13.3,18.04,"Closed loop, using oxygen sensor feedback to determine fuel mix/",40.0,87
2026-08-16 18:39:29.713,674.0,0.0,96.0,54.0,18.0,99.0,-0.81,24.31,0.78,-3.91,2.01,0.1,0.78,3.5,13.2,18.43,"Closed loop, using oxygen sensor feedback to determine fuel mix/",40.0,87
2026-08-16 18:39:31.405,679.75,0.0,96.0,54.0,19.0,99.0,-0.8,24.31,-3.12,-3.91,2.01,0.7,0.77,6.5,13.3,18.43,"Closed loop, using oxygen sensor feedback to determine fuel mix/",40.0,87
2026-08-16 18:39:33.116,688.5,0.0,96.0,54.0,19.0,99.0,-0.8,24.31,-2.34,-3.91,2.0,0.79,0.75,6.5,13.3,18.43,"Closed loop, using oxygen sensor feedback to determine fuel mix/",40.0,87
2026-08-16 18:39:34.825,685.25,0.0,96.0,54.0,18.0,99.0,-0.81,24.31,1.56,-3.91,2.01,0.72,0.75,2.5,13.3,18.43,"Closed loop, using oxygen sensor feedback to determine fuel mix/",40.0,87
2026-08-16 18:39:36.532,682.25,0.0,96.0,54.0,18.0,99.0,-0.81,24.31,0.78,-3.91,2.01,0.12,0.77,3.0,13.2,18.04,"Closed loop, using oxygen sensor feedback to determine fuel mix/",40.0,87
2026-08-16 18:39:38.240,678.25,0.0,96.0,55.0,18.0,99.0,-0.81,24.31,0.78,-3.91,2.02,0.14,0.79,2.0,13.3,18.43,"Closed loop, using oxygen sensor feedback to determine fuel mix/",40.0,87
2026-08-16 18:39:39.965,677.0,0.0,97.0,54.0,18.0,99.0,-0.81,24.31,-2.34,-3.91,2.02,0.73,0.78,4.0,13.3,18.82,"Closed loop, using oxygen sensor feedback to determine fuel mix/",40.0,87
2026-08-16 18:39:41.689,680.0,0.0,97.0,55.0,19.0,99.0,-0.8,23.92,-2.34,-3.91,2.01,0.8,0.76,4.5,13.3,18.43,"Closed loop, using oxygen sensor feedback to determine fuel mix/",40.0,87
2026-08-16 18:39:43.383,689.25,0.0,97.0,55.0,18.0,99.0,-0.81,24.31,0.78,-3.91,2.0,0.23,0.77,2.0,13.3,18.43,"Closed loop, using oxygen sensor feedback to determine fuel mix/",40.0,87
2026-08-16 18:39:45.077,671.0,0.0,97.0,55.0,20.0,99.0,-0.79,25.1,0.78,-3.91,2.23,0.14,0.79,9.0,13.2,21.18,"Closed loop, using oxygen sensor feedback to determine fuel mix/",40.0,87
2026-08-16 18:39:46.783,678.0,0.0,97.0,55.0,19.0,99.0,-0.8,25.1,-3.12,-3.91,2.21,0.72,0.79,7.0,13.2,20.39,"Closed loop, using oxygen sensor feedback to determine fuel mix/",40.0,87
2026-08-16 18:39:48.478,684.0,0.0,97.0,54.0,19.0,99.0,-0.8,25.1,-2.34,-3.91,2.21,0.77,0.76,3.5,13.3,20.39,"Closed loop, using oxygen sensor feedback to determine fuel mix/",40.0,87
2026-08-16 18:39:50.186,681.25,0.0,97.0,54.0,19.0,99.0,-0.8,24.71,-2.34,-3.91,2.16,0.77,0.74,5.0,13.3,20.0,"Closed loop, using oxygen sensor feedback to determine fuel mix/",40.0,87
2026-08-16 18:39:51.894,681.5,0.0,97.0,54.0,19.0,99.0,-0.8,24.71,1.56,-3.91,2.17,0.23,0.76,3.5,13.3,19.61,"Closed loop, using oxygen sensor feedback to determine fuel mix/",40.0,87
2026-08-16 18:39:53.603,675.25,0.0,97.0,54.0,20.0,99.0,-0.79,24.71,0.78,-3.91,2.14,0.11,0.78,2.5,13.2,20.0,"Closed loop, using oxygen sensor feedback to determine fuel mix/",40.0,87
2026-08-16 18:39:55.294,677.75,0.0,97.0,54.0,19.0,99.0,-0.8,24.71,0.78,-3.91,2.15,0.1,0.78,2.5,13.2,20.0,"Closed loop, using oxygen sensor feedback to determine fuel mix/",40.0,87
2026-08-16 18:39:57.003,678.0,0.0,97.0,54.0,20.0,99.0,-0.79,24.71,-3.12,-3.91,2.17,0.46,0.78,6.0,13.3,20.0,"Closed loop, using oxygen sensor feedback to determine fuel mix/",40.0,87
2026-08-16 18:39:58.697,681.75,0.0,97.0,54.0,19.0,99.0,-0.8,24.71,-2.34,-3.91,2.16,0.75,0.77,3.5,13.2,20.0,"Closed loop, using oxygen sensor feedback to determine fuel mix/",40.0,87
2026-08-16 18:40:00.390,677.75,0.0,98.0,55.0,18.0,99.0,-0.81,24.71,-2.34,-3.91,2.15,0.77,0.74,7.0,13.3,19.61,"Closed loop, using oxygen sensor feedback to determine fuel mix/",40.0,87
2026-08-16 18:40:02.081,680.25,0.0,98.0,54.0,19.0,99.0,-0.8,24.71,1.56,-3.91,2.15,0.51,0.74,3.0,13.2,19.61,"Closed loop, using oxygen sensor feedback to determine fuel mix/",40.0,87
2026-08-16 18:40:03.808,687.0,0.0,98.0,54.0,18.0,99.0,-0.81,24.71,0.78,-3.91,2.15,0.11,0.77,5.5,13.3,19.61,"Closed loop, using oxygen sensor feedback to determine fuel mix/",40.0,87
2026-08-16 18:40:05.530,675.75,0.0,98.0,54.0,19.0,99.0,-0.8,25.1,0.78,-3.91,2.16,0.1,0.78,1.0,13.2,20.0,"Closed loop, using oxygen sensor feedback to determine fuel mix/",40.0,87
2026-08-16 18:40:07.255,675.25,0.0,97.0,54.0,19.0,99.0,-0.8,24.71,-2.34,-3.91,2.17,0.69,0.77,5.5,13.3,19.61,"Closed loop, using oxygen sensor feedback to determine fuel mix/",40.0,87
2026-08-16 18:40:08.965,685.25,0.0,97.0,54.0,19.0,99.0,-0.8,24.71,-2.34,-3.91,2.16,0.77,0.75,4.0,13.3,20.0,"Closed loop, using oxygen sensor feedback to determine fuel mix/",40.0,87
2026-08-16 18:40:10.659,682.25,0.0,97.0,54.0,18.0,99.0,-0.81,24.71,1.56,-3.91,2.14,0.72,0.73,3.0,13.2,19.61,"Closed loop, using oxygen sensor feedback to determine fuel mix/",40.0,87
2026-08-16 18:40:12.349,679.0,0.0,97.0,54.0,19.0,99.0,-0.8,24.71,0.78,-3.91,2.16,0.12,0.76,4.0,13.2,19.61,"Closed loop, using oxygen sensor feedback to determine fuel mix/",40.0,87
2026-08-16 18:40:14.059,678.25,0.0,97.0,54.0,20.0,99.0,-0.79,24.71,0.78,-3.91,2.16,0.1,0.79,4.0,13.3,20.0,"Closed loop, using oxygen sensor feedback to determine fuel mix/",40.0,87
2026-08-16 18:40:15.787,677.5,0.0,96.0,54.0,20.0,99.0,-0.79,24.71,-3.12,-3.91,2.18,0.49,0.78,3.0,13.2,20.0,"Closed loop, using oxygen sensor feedback to determine fuel mix/",40.0,87
2026-08-16 18:40:17.509,683.25,0.0,96.0,54.0,20.0,99.0,-0.79,24.71,-2.34,-3.91,2.14,0.77,0.76,5.5,13.3,19.61,"Closed loop, using oxygen sensor feedback to determine fuel mix/",40.0,87
2026-08-16 18:40:19.216,678.25,0.0,96.0,54.0,20.0,99.0,-0.79,24.71,-2.34,-3.91,2.14,0.74,0.73,6.0,13.3,19.61,"Closed loop, using oxygen sensor feedback to determine fuel mix/",40.0,87
2026-08-16 18:40:20.927,687.5,0.0,95.0,54.0,19.0,99.0,-0.8,24.71,0.78,-3.91,2.15,0.12,0.76,3.0,13.3,19.61,"Closed loop, using oxygen sensor feedback to determine fuel mix/",40.0,87
2026-08-16 18:40:22.634,679.25,0.0,95.0,54.0,20.0,99.0,-0.79,24.71,0.78,-3.91,2.16,0.1,0.78,5.0,13.3,19.61,"Closed loop, using oxygen sensor feedback to determine fuel mix/",40.0,87
2026-08-16 18:40:24.330,680.0,0.0,95.0,54.0,19.0,99.0,-0.8,24.71,-3.12,-3.91,2.18,0.54,0.78,9.5,13.3,20.0,"Closed loop, using oxygen sensor feedback to determine fuel mix/",40.0,87
2026-08-16 18:40:26.035,689.5,0.0,94.0,54.0,20.0,99.0,-0.79,24.71,-2.34,-3.91,2.16,0.76,0.75,4.0,13.2,20.0,"Closed loop, using oxygen sensor feedback to determine fuel mix/",40.0,87
2026-08-16 18:40:27.731,681.0,0.0,94.0,54.0,20.0,99.0,-0.79,24.71,-2.34,-3.91,2.15,0.74,0.73,6.5,13.3,19.61,"Closed loop, using oxygen sensor feedback to determine fuel mix/",40.0,87
2026-08-16 18:40:29.437,679.5,0.0,93.0,54.0,18.0,99.0,-0.81,24.71,1.56,-3.91,2.17,0.36,0.74,4.0,13.3,20.0,"Closed loop, using oxygen sensor feedback to determine fuel mix/",40.0,87
2026-08-16 18:40:31.148,676.25,0.0,93.0,54.0,20.0,99.0,-0.79,24.71,0.78,-3.91,2.15,0.1,0.77,-1.0,13.3,19.22,"Closed loop, using oxygen sensor feedback to determine fuel mix/",40.0,87
2026-08-16 18:40:32.839,679.75,0.0,93.0,54.0,18.0,99.0,-0.81,24.31,-3.12,-3.91,2.03,0.71,0.79,5.5,13.4,18.82,"Closed loop, using oxygen sensor feedback to determine fuel mix/",40.0,87
2026-08-16 18:40:34.546,681.25,0.0,93.0,55.0,18.0,99.0,-0.81,24.31,-3.12,-3.91,2.01,0.77,0.74,4.5,13.3,18.43,"Closed loop, using oxygen sensor feedback to determine fuel mix/",40.0,87
2026-08-16 18:40:36.255,687.0,0.0,93.0,55.0,19.0,99.0,-0.8,24.31,0.0,-3.91,2.04,0.12,0.76,2.0,13.2,18.43,"Closed loop, using oxygen sensor feedback to determine fuel mix/",40.0,87
2026-08-16 18:40:37.964,677.75,0.0,92.0,55.0,18.0,99.0,-0.81,24.31,0.0,-3.91,2.04,0.1,0.79,2.5,13.3,18.43,"Closed loop, using oxygen sensor feedback to determine fuel mix/",40.0,87
2026-08-16 18:40:39.660,678.5,0.0,92.0,55.0,19.0,99.0,-0.8,24.31,-3.91,-3.91,2.04,0.67,0.78,5.5,13.2,18.82,"Closed loop, using oxygen sensor feedback to determine fuel mix/",40.0,87
2026-08-16 18:40:41.382,684.0,0.0,92.0,55.0,18.0,99.0,-0.81,24.31,-3.12,-3.91,2.04,0.77,0.76,3.0,13.1,18.82,"Closed loop, using oxygen sensor feedback to determine fuel mix/",40.0,87
2026-08-16 18:40:43.089,679.25,0.0,92.0,55.0,19.0,99.0,-0.8,24.31,0.78,-3.91,2.03,0.69,0.74,3.0,13.3,18.43,"Closed loop, using oxygen sensor feedback to determine fuel mix/",40.0,87
2026-08-16 18:40:44.798,684.75,0.0,92.0,55.0,18.0,99.0,-0.81,24.31,0.0,-3.91,2.02,0.1,0.78,0.5,13.2,18.43,"Closed loop, using oxygen sensor feedback to determine fuel mix/",40.0,87
2026-08-16 18:40:46.491,677.25,0.0,91.0,55.0,19.0,99.0,-0.8,24.31,-3.91,-3.91,2.02,0.18,0.79,3.0,13.3,18.82,"Closed loop, using oxygen sensor feedback to determine fuel mix/",40.0,87
2026-08-16 18:40:48.200,676.0,0.0,91.0,55.0,18.0,99.0,-0.81,24.31,-3.12,-3.91,2.02,0.77,0.76,5.0,13.3,18.82,"Closed loop, using oxygen sensor feedback to determine fuel mix/",40.0,87
2026-08-16 18:40:49.910,682.25,0.0,91.0,55.0,18.0,99.0,-0.81,24.31,-3.12,-3.91,2.02,0.74,0.75,4.0,13.3,18.43,"Closed loop, using oxygen sensor feedback to determine fuel mix/",40.0,87
2026-08-16 18:40:51.601,679.75,0.0,90.0,55.0,19.0,99.0,-0.8,24.31,0.0,-3.91,2.01,0.16,0.77,4.0,13.3,18.82,"Closed loop, using oxygen sensor feedback to determine fuel mix/",40.0,87
2026-08-16 18:40:53.310,670.75,0.0,90.0,55.0,19.0,99.0,-0.8,24.31,0.0,-3.91,2.03,0.1,0.78,3.5,13.3,18.82,"Closed loop, using oxygen sensor feedback to determine fuel mix/",40.0,87
2026-08-16 18:40:55.003,678.5,0.0,90.0,55.0,19.0,99.0,-0.8,24.31,-3.91,-3.91,2.02,0.63,0.79,3.5,13.3,18.82,"Closed loop, using oxygen sensor feedback to determine fuel mix/",40.0,87
2026-08-16 18:40:56.712,687.75,0.0,90.0,55.0,18.0,99.0,-0.81,24.31,-3.12,-3.91,2.02,0.77,0.76,4.5,13.2,18.43,"Closed loop, using oxygen sensor feedback to determine fuel mix/",40.0,87
2026-08-16 18:40:58.406,685.0,0.0,90.0,55.0,18.0,99.0,-0.81,24.31,0.78,-3.91,2.03,0.73,0.74,6.5,13.2,18.43,"Closed loop, using oxygen sensor feedback to determine fuel mix/",40.0,87
2026-08-16 18:41:00.118,687.0,0.0,90.0,55.0,17.0,99.0,-0.82,24.31,0.0,-3.91,2.03,0.12,0.77,3.5,13.3,18.82,"Closed loop, using oxygen sensor feedback to determine fuel mix/",40.0,87
2026-08-16 18:41:01.821,676.5,0.0,90.0,55.0,18.0,99.0,-0.81,24.31,0.0,-3.91,2.03,0.11,0.79,3.0,13.2,18.43,"Closed loop, using oxygen sensor feedback to determine fuel mix/",40.0,87
2026-08-16 18:41:03.532,679.5,0.0,91.0,55.0,18.0,99.0,-0.81,24.31,-3.12,-3.91,2.03,0.75,0.77,5.0,13.2,18.82,"Closed loop, using oxygen sensor feedback to determine fuel mix/",40.0,87
2026-08-16 18:41:05.240,675.75,0.0,90.0,55.0,19.0,99.0,-0.8,24.31,0.78,-3.91,2.03,0.74,0.73,4.0,13.3,18.43,"Closed loop, using oxygen sensor feedback to determine fuel mix/",40.0,87
2026-08-16 18:41:06.947,675.5,0.0,91.0,55.0,18.0,99.0,-0.81,24.31,0.0,-3.91,2.03,0.12,0.77,3.0,13.2,18.43,"Closed loop, using oxygen sensor feedback to determine fuel mix/",40.0,87
2026-08-16 18:41:08.639,677.0,0.0,91.0,55.0,17.0,99.0,-0.82,24.31,0.0,-3.91,2.03,0.1,0.79,2.5,13.2,18.43,"Closed loop, using oxygen sensor feedback to determine fuel mix/",40.0,87
2026-08-16 18:41:10.334,682.25,0.0,91.0,55.0,17.0,99.0,-0.82,24.31,-3.91,-3.91,2.03,0.66,0.78,4.0,13.2,18.43,"Closed loop, using oxygen sensor feedback to determine fuel mix/",40.0,87
2026-08-16 18:41:12.041,680.5,0.0,91.0,55.0,18.0,99.0,-0.81,24.31,-3.12,-3.91,2.03,0.78,0.75,2.0,13.2,18.82,"Closed loop, using oxygen sensor feedback to determine fuel mix/",40.0,87
2026-08-16 18:41:13.768,684.75,0.0,91.0,56.0,18.0,99.0,-0.81,24.31,0.78,-3.91,2.03,0.73,0.74,7.0,13.2,18.43,"Closed loop, using oxygen sensor feedback to determine fuel mix/",40.0,87
2026-08-16 18:41:15.491,688.25,0.0,92.0,55.0,18.0,99.0,-0.81,24.31,0.0,-3.91,2.03,0.11,0.77,4.5,13.2,18.43,"Closed loop, using oxygen sensor feedback to determine fuel mix/",40.0,87
2026-08-16 18:41:17.198,689.25,0.0,92.0,55.0,18.0,99.0,-0.81,24.31,0.0,-3.91,2.04,0.1,0.79,1.5,13.2,18.82,"Closed loop, using oxygen sensor feedback to determine fuel mix/",40.0,87
2026-08-16 18:41:18.895,668.5,0.0,92.0,56.0,18.0,99.0,-0.81,24.31,-3.91,-3.91,2.04,0.7,0.78,3.5,13.2,18.82,"Closed loop, using oxygen sensor feedback to determine fuel mix/",40.0,87
2026-08-16 18:41:20.621,682.25,0.0,92.0,56.0,17.0,99.0,-0.82,24.31,-3.12,-3.91,2.03,0.78,0.74,3.5,13.2,18.82,"Closed loop, using oxygen sensor feedback to determine fuel mix/",40.0,87
2026-08-16 18:41:22.343,687.0,0.0,92.0,56.0,18.0,99.0,-0.81,24.31,0.78,-3.91,2.03,0.58,0.75,0.5,13.1,18.43,"Closed loop, using oxygen sensor feedback to determine fuel mix/",40.0,87
2026-08-16 18:41:24.039,677.0,0.0,92.0,56.0,19.0,99.0,-0.8,24.31,0.0,-3.91,2.01,0.1,0.78,2.5,13.3,18.43,"Closed loop, using oxygen sensor feedback to determine fuel mix/",40.0,87
2026-08-16 18:41:25.744,678.75,0.0,92.0,56.0,18.0,99.0,-0.81,24.31,-3.91,-3.91,2.04,0.18,0.79,2.0,13.2,18.82,"Closed loop, using oxygen sensor feedback to determine fuel mix/",40.0,87
2026-08-16 18:41:27.437,679.25,0.0,92.0,56.0,18.0,99.0,-0.81,24.31,-3.12,-3.91,2.02,0.74,0.77,3.5,13.2,18.43,"Closed loop, using oxygen sensor feedback to determine fuel mix/",40.0,87
2026-08-16 18:41:29.145,676.25,0.0,93.0,56.0,19.0,99.0,-0.8,24.31,-3.12,-3.91,2.02,0.77,0.74,1.5,13.2,18.43,"Closed loop, using oxygen sensor feedback to determine fuel mix/",40.0,87
2026-08-16 18:41:30.902,687.25,0.0,93.0,56.0,18.0,99.0,-0.81,24.31,0.78,-3.91,2.03,0.28,0.75,2.5,13.2,18.43,"Closed loop, using oxygen sensor feedback to determine fuel mix/",40.0,87
2026-08-16 18:41:32.609,682.25,0.0,93.0,56.0,18.0,99.0,-0.81,24.31,0.0,-3.91,2.01,0.1,0.78,3.5,13.3,18.82,"Closed loop, using oxygen sensor feedback to determine fuel mix/",40.0,87
2026-08-16 18:41:34.320,674.75,0.0,93.0,56.0,19.0,99.0,-0.8,24.31,-3.91,-3.91,2.04,0.51,0.78,4.0,13.2,18.82,"Closed loop, using oxygen sensor feedback to determine fuel mix/",40.0,87
2026-08-16 18:41:36.043,681.75,0.0,93.0,56.0,17.0,99.0,-0.82,24.31,-3.12,-3.91,2.01,0.77,0.75,4.5,13.2,18.82,"Closed loop, using oxygen sensor feedback to determine fuel mix/",40.0,87
2026-08-16 18:41:37.736,687.75,0.0,93.0,56.0,18.0,99.0,-0.81,24.31,0.78,-3.91,2.02,0.73,0.74,3.5,13.3,18.82,"Closed loop, using oxygen sensor feedback to determine fuel mix/",40.0,87
2026-08-16 18:41:39.443,689.75,0.0,93.0,56.0,19.0,99.0,-0.8,24.31,0.0,-3.91,2.02,0.12,0.77,2.0,13.2,18.43,"Closed loop, using oxygen sensor feedback to determine fuel mix/",40.0,87
2026-08-16 18:41:41.136,676.75,0.0,93.0,56.0,19.0,99.0,-0.8,24.31,0.0,-3.91,2.04,0.1,0.78,5.0,13.3,18.82,"Closed loop, using oxygen sensor feedback to determine fuel mix/",40.0,87
2026-08-16 18:41:42.831,683.75,0.0,94.0,56.0,18.0,99.0,-0.81,24.31,-3.91,-3.91,2.04,0.7,0.78,6.5,13.3,18.82,"Closed loop, using oxygen sensor feedback to determine fuel mix/",40.0,87
2026-08-16 18:41:44.524,682.25,0.0,94.0,56.0,17.0,99.0,-0.82,24.31,-3.12,-3.91,2.02,0.77,0.75,4.0,13.3,18.43,"Closed loop, using oxygen sensor feedback to determine fuel mix/",40.0,87
2026-08-16 18:41:46.250,682.25,0.0,94.0,56.0,17.0,99.0,-0.82,24.31,0.78,-3.91,2.02,0.26,0.74,2.5,13.2,18.43,"Closed loop, using oxygen sensor feedback to determine fuel mix/",40.0,87
2026-08-16 18:41:47.954,668.25,0.0,94.0,56.0,19.0,99.0,-0.8,24.31,0.0,-3.91,2.04,0.1,0.78,3.0,13.3,18.43,"Closed loop, using oxygen sensor feedback to determine fuel mix/",40.0,87
2026-08-16 18:41:49.664,674.25,0.0,94.0,56.0,19.0,99.0,-0.8,24.31,-3.91,-3.91,2.04,0.14,0.78,1.0,13.2,18.82,"Closed loop, using oxygen sensor feedback to determine fuel mix/",40.0,87
2026-08-16 18:41:51.390,682.0,0.0,94.0,56.0,18.0,99.0,-0.81,24.31,-3.12,-3.91,2.04,0.72,0.77,5.0,13.3,18.82,"Closed loop, using oxygen sensor feedback to determine fuel mix/",40.0,87
2026-08-16 18:41:53.097,687.0,0.0,94.0,56.0,18.0,99.0,-0.81,24.31,-3.12,-3.91,2.07,0.77,0.74,5.0,13.0,19.22,"Closed loop, using oxygen sensor feedback to determine fuel mix/",40.0,87
2026-08-16 18:41:54.792,700.0,0.0,94.0,56.0,23.0,99.0,-0.76,27.06,0.78,-3.91,2.86,0.13,0.7,-2.5,13.3,27.45,"Closed loop, using oxygen sensor feedback to determine fuel mix/",40.0,87
2026-08-16 18:41:56.499,678.75,0.0,94.0,56.0,23.0,99.0,-0.76,27.06,-1.56,-3.91,2.84,0.74,0.73,-3.0,13.2,26.27,"Closed loop, using oxygen sensor feedback to determine fuel mix/",40.0,87
2026-08-16 18:41:58.255,681.5,0.0,95.0,56.0,22.0,99.0,-0.77,26.27,-2.34,-3.91,2.58,0.78,0.72,3.0,13.3,23.53,"Closed loop, using oxygen sensor feedback to determine fuel mix/",40.0,87
2026-08-16 18:41:59.949,678.75,0.0,94.0,55.0,23.0,99.0,-0.76,26.27,1.56,-3.91,2.55,0.1,0.68,3.5,13.3,23.53,"Closed loop, using oxygen sensor feedback to determine fuel mix/",40.0,87
2026-08-16 18:42:01.659,680.0,0.0,95.0,55.0,23.0,99.0,-0.76,26.27,-0.78,-3.91,2.47,0.71,0.74,6.0,13.3,23.14,"Closed loop, using oxygen sensor feedback to determine fuel mix/",40.0,87
2026-08-16 18:42:03.366,686.5,0.0,95.0,55.0,23.0,99.0,-0.76,26.27,0.0,-3.91,2.52,0.74,0.74,11.0,13.4,44.71,"Closed loop, using oxygen sensor feedback to determine fuel mix/",40.0,87
2026-08-16 18:42:05.073,849.25,0.0,95.0,55.0,25.0,99.0,-0.74,28.24,-1.56,-3.91,3.5,0.79,0.83,-0.5,13.3,29.8,"Closed loop, using oxygen sensor feedback to determine fuel mix/",40.0,87
2026-08-16 18:42:06.769,749.75,0.0,95.0,55.0,24.0,99.0,-0.75,27.45,-0.78,-3.91,3.04,0.76,0.76,0.5,13.3,26.67,"Closed loop, using oxygen sensor feedback to determine fuel mix/",40.0,87
2026-08-16 18:42:08.476,718.0,0.0,95.0,55.0,24.0,99.0,-0.75,26.67,-0.78,-3.91,2.71,0.71,0.73,2.5,13.2,24.71,"Closed loop, using oxygen sensor feedback to determine fuel mix/",40.0,87
2026-08-16 18:42:10.169,696.5,0.0,95.0,55.0,22.0,99.0,-0.77,26.27,0.0,-3.91,2.62,0.78,0.74,3.5,13.1,23.53,"Closed loop, using oxygen sensor feedback to determine fuel mix/",40.0,87
2026-08-16 18:42:11.878,702.25,0.0,96.0,55.0,21.0,99.0,-0.78,25.88,-0.78,-3.91,2.37,0.8,0.74,-2.5,13.1,21.96,"Closed loop, using oxygen sensor feedback to determine fuel mix/",40.0,87
2026-08-16 18:42:13.589,686.0,0.0,96.0,55.0,20.0,99.0,-0.79,25.1,1.56,-3.91,2.17,0.1,0.78,-2.5,13.3,19.61,"Closed loop, using oxygen sensor feedback to determine fuel mix/",40.0,87
2026-08-16 18:42:15.293,686.75,0.0,96.0,55.0,18.0,99.0,-0.81,24.31,-1.56,-3.91,1.99,0.7,0.77,5.5,13.3,18.04,"Closed loop, using oxygen sensor feedback to determine fuel mix/",40.0,87
2026-08-16 18:42:16.989,682.0,0.0,96.0,56.0,17.0,99.0,-0.82,23.92,-1.56,-3.91,1.95,0.76,0.75,6.0,13.2,18.04,"Closed loop, using oxygen sensor feedback to determine fuel mix/",40.0,87
2026-08-16 18:42:18.694,680.0,0.0,96.0,56.0,19.0,99.0,-0.8,23.92,2.34,-3.91,1.96,0.18,0.75,3.5,13.2,18.04,"Closed loop, using oxygen sensor feedback to determine fuel mix/",40.0,87
2026-08-16 18:42:20.388,679.0,0.0,96.0,56.0,18.0,99.0,-0.81,24.31,1.56,-3.91,1.97,0.1,0.78,4.5,13.3,18.04,"Closed loop, using oxygen sensor feedback to determine fuel mix/",40.0,87
2026-08-16 18:42:22.096,672.25,0.0,96.0,56.0,18.0,99.0,-0.81,23.92,-2.34,-3.91,1.98,0.72,0.78,7.0,13.2,18.43,"Closed loop, using oxygen sensor feedback to determine fuel mix/",40.0,87
2026-08-16 18:42:23.792,684.5,0.0,96.0,56.0,18.0,99.0,-0.81,23.92,-1.56,-3.91,1.98,0.79,0.76,5.0,13.3,18.43,"Closed loop, using oxygen sensor feedback to determine fuel mix/",40.0,87
2026-08-16 18:42:25.497,681.25,0.0,96.0,56.0,17.0,99.0,-0.82,23.92,1.56,-3.91,1.97,0.52,0.77,3.5,13.3,18.04,"Closed loop, using oxygen sensor feedback to determine fuel mix/",40.0,87
2026-08-16 18:42:27.207,672.5,0.0,97.0,56.0,18.0,99.0,-0.81,23.92,1.56,-3.91,1.98,0.12,0.79,3.0,13.3,18.04,"Closed loop, using oxygen sensor feedback to determine fuel mix/",40.0,87
2026-08-16 18:42:28.932,677.5,0.0,97.0,56.0,17.0,99.0,-0.82,23.92,-2.34,-3.91,1.99,0.75,0.78,5.0,13.3,18.04,"Closed loop, using oxygen sensor feedback to determine fuel mix/",40.0,87
2026-08-16 18:42:30.641,677.0,0.0,97.0,56.0,21.0,99.0,-0.78,25.49,1.56,-3.91,2.25,0.65,0.76,3.0,13.2,20.39,"Closed loop, using oxygen sensor feedback to determine fuel mix/",40.0,87
2026-08-16 18:42:32.352,677.5,0.0,97.0,56.0,20.0,99.0,-0.79,25.1,0.78,-3.91,2.18,0.1,0.77,4.5,13.3,20.0,"Closed loop, using oxygen sensor feedback to determine fuel mix/",40.0,87
2026-08-16 18:42:34.057,672.0,0.0,97.0,56.0,20.0,99.0,-0.79,25.1,0.78,-3.91,2.22,0.1,0.79,2.0,13.3,20.0,"Closed loop, using oxygen sensor feedback to determine fuel mix/",40.0,87
2026-08-16 18:42:35.749,679.75,0.0,97.0,56.0,19.0,99.0,-0.8,25.1,-3.12,-3.91,2.18,0.69,0.78,5.5,13.3,20.39,"Closed loop, using oxygen sensor feedback to determine fuel mix/",40.0,87
2026-08-16 18:42:37.444,680.0,0.0,97.0,56.0,19.0,99.0,-0.8,24.71,-2.34,-3.91,2.19,0.77,0.76,4.0,13.3,20.39,"Closed loop, using oxygen sensor feedback to determine fuel mix/",40.0,87
2026-08-16 18:42:39.150,682.75,0.0,97.0,56.0,20.0,99.0,-0.79,24.71,-2.34,-3.91,2.17,0.78,0.75,5.5,13.3,20.0,"Closed loop, using oxygen sensor feedback to determine fuel mix/",40.0,87
2026-08-16 18:42:40.861,678.5,0.0,97.0,56.0,19.0,99.0,-0.8,24.71,1.56,-3.91,2.16,0.47,0.76,5.0,13.3,20.0,"Closed loop, using oxygen sensor feedback to determine fuel mix/",40.0,87
2026-08-16 18:42:42.572,675.75,0.0,97.0,56.0,19.0,99.0,-0.8,24.71,0.78,-3.91,2.17,0.1,0.77,8.0,13.4,20.0,"Closed loop, using oxygen sensor feedback to determine fuel mix/",40.0,87
2026-08-16 18:42:44.295,679.0,0.0,98.0,56.0,20.0,99.0,-0.79,25.1,0.78,-3.91,2.2,0.1,0.78,2.0,13.2,20.39,"Closed loop, using oxygen sensor feedback to determine fuel mix/",40.0,87
2026-08-16 18:42:46.019,678.5,0.0,98.0,56.0,19.0,99.0,-0.8,25.1,-3.12,-3.91,2.19,0.2,0.79,4.5,13.3,20.39,"Closed loop, using oxygen sensor feedback to determine fuel mix/",40.0,87
2026-08-16 18:42:47.743,680.25,0.0,98.0,56.0,19.0,99.0,-0.8,25.1,-2.34,-3.91,2.19,0.72,0.77,4.5,13.3,20.0,"Closed loop, using oxygen sensor feedback to determine fuel mix/",40.0,87
2026-08-16 18:42:49.453,678.0,0.0,97.0,56.0,20.0,99.0,-0.79,25.1,-2.34,-3.91,2.19,0.78,0.75,7.0,13.4,20.0,"Closed loop, using oxygen sensor feedback to determine fuel mix/",40.0,87
2026-08-16 18:42:51.144,681.5,0.0,97.0,56.0,20.0,99.0,-0.79,25.1,1.56,-3.91,2.19,0.73,0.74,4.0,13.3,20.0,"Closed loop, using oxygen sensor feedback to determine fuel mix/",40.0,87
2026-08-16 18:42:52.855,683.25,0.0,97.0,56.0,19.0,99.0,-0.8,24.71,0.78,-3.91,2.17,0.11,0.77,3.5,13.3,20.0,"Closed loop, using oxygen sensor feedback to determine fuel mix/",40.0,87
2026-08-16 18:42:54.564,677.0,0.0,97.0,56.0,20.0,99.0,-0.79,25.1,0.78,-3.91,2.21,0.1,0.78,4.5,13.3,20.0,"Closed loop, using oxygen sensor feedback to determine fuel mix/",40.0,87
2026-08-16 18:42:56.259,679.5,0.0,97.0,56.0,19.0,99.0,-0.8,25.1,-3.12,-3.91,2.19,0.3,0.78,6.0,13.3,20.0,"Closed loop, using oxygen sensor feedback to determine fuel mix/",40.0,87
2026-08-16 18:42:57.963,673.0,0.0,97.0,56.0,19.0,99.0,-0.8,24.71,-2.34,-3.91,2.17,0.71,0.77,9.5,13.3,20.39,"Closed loop, using oxygen sensor feedback to determine fuel mix/",40.0,87
2026-08-16 18:42:59.675,679.0,0.0,97.0,56.0,20.0,99.0,-0.79,25.1,-2.34,-3.91,2.17,0.77,0.75,5.5,13.3,20.39,"Closed loop, using oxygen sensor feedback to determine fuel mix/",40.0,87
2026-08-16 18:43:01.382,683.75,0.0,96.0,56.0,20.0,99.0,-0.79,25.1,-2.34,-3.91,2.17,0.77,0.74,5.0,13.3,20.0,"Closed loop, using oxygen sensor feedback to determine fuel mix/",40.0,87
2026-08-16 18:43:03.091,681.25,0.0,96.0,56.0,20.0,99.0,-0.79,25.1,1.56,-3.91,2.19,0.39,0.76,4.5,13.2,20.0,"Closed loop, using oxygen sensor feedback to determine fuel mix/",40.0,87
2026-08-16 18:43:04.786,677.0,0.0,95.0,56.0,19.0,99.0,-0.8,24.71,0.78,-3.91,2.17,0.11,0.77,5.0,13.3,20.0,"Closed loop, using oxygen sensor feedback to determine fuel mix/",40.0,87
2026-08-16 18:43:06.477,677.5,0.0,95.0,56.0,20.0,99.0,-0.79,25.1,0.78,-3.91,2.2,0.1,0.78,3.0,13.3,20.39,"Closed loop, using oxygen sensor feedback to determine fuel mix/",40.0,87
2026-08-16 18:43:08.184,679.75,0.0,95.0,56.0,19.0,99.0,-0.8,25.1,-3.12,-3.91,2.19,0.35,0.78,7.0,13.3,20.39,"Closed loop, using oxygen sensor feedback to determine fuel mix/",40.0,87
2026-08-16 18:43:09.878,679.0,0.0,95.0,56.0,20.0,99.0,-0.79,25.1,-2.34,-3.91,2.2,0.76,0.77,6.5,13.3,20.0,"Closed loop, using oxygen sensor feedback to determine fuel mix/",40.0,87
2026-08-16 18:43:11.570,685.25,0.0,94.0,56.0,20.0,99.0,-0.79,24.71,-2.34,-3.91,2.17,0.77,0.74,6.0,13.3,20.0,"Closed loop, using oxygen sensor feedback to determine fuel mix/",40.0,87
2026-08-16 18:43:13.294,678.25,0.0,94.0,56.0,20.0,99.0,-0.79,25.1,1.56,-3.91,2.16,0.73,0.75,6.5,13.2,20.0,"Closed loop, using oxygen sensor feedback to determine fuel mix/",40.0,87
2026-08-16 18:43:15.002,683.5,0.0,94.0,56.0,19.0,99.0,-0.8,25.1,0.78,-3.91,2.19,0.15,0.77,2.5,13.2,20.0,"Closed loop, using oxygen sensor feedback to determine fuel mix/",40.0,87
2026-08-16 18:43:16.699,676.25,0.0,93.0,56.0,20.0,99.0,-0.79,24.71,0.78,-3.91,2.16,0.1,0.78,5.0,13.3,20.0,"Closed loop, using oxygen sensor feedback to determine fuel mix/",40.0,87
2026-08-16 18:43:18.406,673.0,0.0,93.0,56.0,19.0,99.0,-0.8,24.71,0.78,-3.91,2.06,0.1,0.79,4.0,13.3,19.22,"Closed loop, using oxygen sensor feedback to determine fuel mix/",40.0,87
2026-08-16 18:43:20.132,673.0,0.0,93.0,56.0,18.0,99.0,-0.81,24.31,-3.12,-3.91,2.06,0.73,0.78,5.0,13.4,18.82,"Closed loop, using oxygen sensor feedback to determine fuel mix/",40.0,87
2026-08-16 18:43:21.840,685.0,0.0,93.0,56.0,18.0,99.0,-0.81,24.31,-2.34,-3.91,2.2,0.77,0.76,1.0,13.1,27.06,"Closed loop, using oxygen sensor feedback to determine fuel mix/",40.0,87
2026-08-16 18:43:23.547,658.5,0.0,92.0,56.0,26.0,99.0,-0.73,27.45,1.56,-3.91,3.11,0.17,0.72,-6.0,13.1,28.63,"Closed loop, using oxygen sensor feedback to determine fuel mix/",40.0,87
2026-08-16 18:43:25.259,677.25,0.0,92.0,56.0,25.0,99.0,-0.74,27.06,3.12,-3.91,2.92,0.12,0.7,-3.0,13.4,26.67,"Closed loop, using oxygen sensor feedback to determine fuel mix/",40.0,87
2026-08-16 18:43:26.967,686.25,0.0,92.0,55.0,22.0,99.0,-0.77,26.67,-0.78,-3.91,2.76,0.29,0.78,0.0,13.2,25.1,"Closed loop, using oxygen sensor feedback to determine fuel mix/",40.0,87
2026-08-16 18:43:28.674,689.0,0.0,91.0,55.0,22.0,99.0,-0.77,26.67,3.12,-3.91,2.75,0.09,0.78,1.0,13.3,25.1,"Closed loop, using oxygen sensor feedback to determine fuel mix/",40.0,87
2026-08-16 18:43:30.367,684.5,0.0,91.0,55.0,24.0,99.0,-0.75,27.06,0.0,-3.91,2.77,0.19,0.78,2.5,13.3,25.49,"Closed loop, using oxygen sensor feedback to determine fuel mix/",40.0,87
2026-08-16 18:43:32.060,690.75,0.0,91.0,55.0,23.0,99.0,-0.76,27.06,3.91,-3.91,2.79,0.1,0.78,-0.5,13.2,25.49,"Closed loop, using oxygen sensor feedback to determine fuel mix/",40.0,87
2026-08-16 18:43:33.770,690.5,0.0,91.0,55.0,23.0,99.0,-0.76,27.06,3.91,-3.91,2.77,0.11,0.78,-2.0,13.3,25.49,"Closed loop, using oxygen sensor feedback to determine fuel mix/",40.0,87
2026-08-16 18:43:35.493,685.25,0.0,91.0,55.0,25.0,99.0,-0.74,27.06,3.12,-3.91,2.78,0.1,0.78,0.5,13.3,25.49,"Closed loop, using oxygen sensor feedback to determine fuel mix/",40.0,87
2026-08-16 18:43:37.185,675.5,0.0,90.0,55.0,25.0,99.0,-0.74,26.67,3.12,-3.91,2.81,0.1,0.78,1.5,13.3,25.88,"Closed loop, using oxygen sensor feedback to determine fuel mix/",40.0,87
2026-08-16 18:43:38.895,684.5,0.0,90.0,55.0,22.0,99.0,-0.77,26.67,-0.78,-3.91,2.77,0.14,0.78,2.0,13.3,25.1,"Closed loop, using oxygen sensor feedback to determine fuel mix/",40.0,87
2026-08-16 18:43:40.604,683.75,0.0,90.0,55.0,23.0,99.0,-0.76,27.06,3.12,-3.91,2.83,0.09,0.78,0.0,13.3,25.88,"Closed loop, using oxygen sensor feedback to determine fuel mix/",40.0,87
2026-08-16 18:43:42.296,686.25,0.0,90.0,55.0,25.0,99.0,-0.74,27.06,3.91,-3.91,2.84,0.11,0.78,1.0,13.3,25.88,"Closed loop, using oxygen sensor feedback to determine fuel mix/",40.0,87
2026-08-16 18:43:44.005,681.75,0.0,90.0,55.0,24.0,99.0,-0.75,27.06,3.12,-3.91,2.85,0.1,0.77,-2.0,13.3,25.49,"Closed loop, using oxygen sensor feedback to determine fuel mix/",40.0,87
2026-08-16 18:43:45.712,682.5,0.0,90.0,55.0,23.0,99.0,-0.76,27.06,3.12,-3.91,2.8,0.1,0.77,-1.5,13.1,25.88,"Closed loop, using oxygen sensor feedback to determine fuel mix/",40.0,87
2026-08-16 18:43:47.423,678.0,0.0,90.0,55.0,25.0,99.0,-0.74,27.06,2.34,-3.91,2.85,0.1,0.77,-0.5,13.2,25.88,"Closed loop, using oxygen sensor feedback to determine fuel mix/",40.0,87
2026-08-16 18:43:49.118,673.25,0.0,90.0,55.0,25.0,99.0,-0.74,27.06,3.12,-3.91,2.87,0.1,0.78,1.0,13.3,25.49,"Closed loop, using oxygen sensor feedback to determine fuel mix/",40.0,87
2026-08-16 18:43:50.826,681.0,0.0,90.0,55.0,24.0,99.0,-0.75,27.06,-0.78,-3.91,2.81,0.17,0.78,-0.5,13.3,25.49,"Closed loop, using oxygen sensor feedback to determine fuel mix/",40.0,87
2026-08-16 18:43:52.533,683.25,0.0,91.0,55.0,23.0,99.0,-0.76,27.06,2.34,-3.91,2.86,0.1,0.78,0.5,13.3,26.27,"Closed loop, using oxygen sensor feedback to determine fuel mix/",40.0,87
2026-08-16 18:43:54.241,676.5,0.0,91.0,55.0,23.0,99.0,-0.76,27.06,2.34,-3.91,2.85,0.1,0.77,0.0,13.3,25.88,"Closed loop, using oxygen sensor feedback to determine fuel mix/",40.0,87
2026-08-16 18:43:55.948,680.5,0.0,91.0,55.0,25.0,99.0,-0.74,27.06,3.12,-3.91,2.79,0.1,0.78,-1.0,13.3,25.88,"Closed loop, using oxygen sensor feedback to determine fuel mix/",40.0,87
2026-08-16 18:43:57.650,685.5,0.0,91.0,55.0,23.0,99.0,-0.76,27.06,3.12,-3.91,2.8,0.1,0.78,-0.5,13.3,25.49,"Closed loop, using oxygen sensor feedback to determine fuel mix/",40.0,87
2026-08-16 18:43:59.368,685.25,0.0,91.0,55.0,23.0,99.0,-0.76,27.06,3.12,-3.91,2.81,0.1,0.78,-1.0,13.2,25.49,"Closed loop, using oxygen sensor feedback to determine fuel mix/",40.0,87
2026-08-16 18:44:01.060,677.25,0.0,92.0,55.0,23.0,99.0,-0.76,27.06,3.12,-3.91,2.81,0.12,0.78,1.5,13.3,25.88,"Closed loop, using oxygen sensor feedback to determine fuel mix/",40.0,87
2026-08-16 18:44:02.784,682.5,0.0,92.0,55.0,23.0,99.0,-0.76,27.06,-0.78,-3.91,2.8,0.21,0.78,0.5,13.3,25.49,"Closed loop, using oxygen sensor feedback to determine fuel mix/",40.0,87
2026-08-16 18:44:04.495,677.25,0.0,92.0,55.0,25.0,99.0,-0.74,27.06,2.34,-3.91,2.81,0.1,0.78,-0.5,13.2,25.49,"Closed loop, using oxygen sensor feedback to determine fuel mix/",40.0,87
2026-08-16 18:44:06.217,667.5,0.0,92.0,55.0,24.0,99.0,-0.75,27.06,2.34,-3.91,2.8,0.1,0.77,1.0,13.3,25.49,"Closed loop, using oxygen sensor feedback to determine fuel mix/",40.0,87
2026-08-16 18:44:07.911,679.25,0.0,92.0,55.0,23.0,99.0,-0.76,27.06,2.34,-3.91,2.82,0.1,0.77,0.0,13.3,25.49,"Closed loop, using oxygen sensor feedback to determine fuel mix/",40.0,87
2026-08-16 18:44:09.623,680.25,0.0,92.0,55.0,24.0,99.0,-0.75,27.06,2.34,-3.91,2.82,0.1,0.77,-0.5,13.2,25.49,"Closed loop, using oxygen sensor feedback to determine fuel mix/",40.0,87
2026-08-16 18:44:11.328,671.25,0.0,93.0,55.0,25.0,99.0,-0.74,26.67,2.34,-3.91,2.77,0.1,0.78,-1.0,13.3,25.49,"Closed loop, using oxygen sensor feedback to determine fuel mix/",40.0,87
2026-08-16 18:44:13.037,676.25,0.0,93.0,55.0,25.0,99.0,-0.74,27.06,2.34,-3.91,2.81,0.1,0.78,-2.0,13.3,25.49,"Closed loop, using oxygen sensor feedback to determine fuel mix/",40.0,87
2026-08-16 18:44:14.744,680.75,0.0,93.0,55.0,25.0,99.0,-0.74,26.67,2.34,-3.91,2.8,0.1,0.77,-1.0,13.3,25.88,"Closed loop, using oxygen sensor feedback to determine fuel mix/",40.0,87
2026-08-16 18:44:16.439,672.25,0.0,93.0,55.0,25.0,99.0,-0.74,26.67,2.34,-3.91,2.75,0.1,0.77,-1.0,13.4,25.1,"Closed loop, using oxygen sensor feedback to determine fuel mix/",40.0,87
2026-08-16 18:44:18.147,677.25,0.0,93.0,55.0,24.0,99.0,-0.75,26.67,2.34,-3.91,2.76,0.1,0.76,-1.0,13.3,25.49,"Closed loop, using oxygen sensor feedback to determine fuel mix/",40.0,87
2026-08-16 18:44:19.855,684.0,0.0,93.0,55.0,23.0,99.0,-0.76,26.67,3.12,-3.91,2.77,0.11,0.76,1.5,13.2,25.1,"Closed loop, using oxygen sensor feedback to determine fuel mix/",40.0,87
2026-08-16 18:44:21.551,682.75,0.0,93.0,55.0,23.0,99.0,-0.76,27.06,2.34,-3.91,2.76,0.12,0.76,0.0,13.3,25.49,"Closed loop, using oxygen sensor feedback to determine fuel mix/",40.0,87
2026-08-16 18:44:23.257,690.0,0.0,94.0,55.0,23.0,99.0,-0.76,27.06,2.34,-3.91,2.79,0.1,0.76,1.0,13.4,25.88,"Closed loop, using oxygen sensor feedback to determine fuel mix/",40.0,87
2026-08-16 18:44:24.952,689.25,0.0,94.0,56.0,25.0,99.0,-0.74,27.06,3.12,-3.91,2.79,0.11,0.76,0.5,13.2,25.88,"Closed loop, using oxygen sensor feedback to determine fuel mix/",40.0,87
2026-08-16 18:44:26.659,687.25,0.0,94.0,56.0,25.0,99.0,-0.74,27.06,3.91,-3.91,2.82,0.28,0.75,0.5,13.2,25.88,"Closed loop, using oxygen sensor feedback to determine fuel mix/",40.0,88
2026-08-16 18:44:28.368,688.25,0.0,94.0,56.0,25.0,99.0,-0.74,27.06,3.12,-3.91,2.78,0.13,0.74,1.0,13.3,25.49,"Closed loop, using oxygen sensor feedback to determine fuel mix/",40.0,88
2026-08-16 18:44:30.089,684.75,0.0,94.0,56.0,25.0,99.0,-0.74,27.06,3.12,-3.91,2.81,0.49,0.75,-0.5,13.2,25.88,"Closed loop, using oxygen sensor feedback to determine fuel mix/",40.0,88
2026-08-16 18:44:31.787,688.25,0.0,95.0,56.0,24.0,99.0,-0.75,27.06,0.0,-3.91,2.79,0.76,0.74,-1.0,13.1,25.88,"Closed loop, using oxygen sensor feedback to determine fuel mix/",40.0,88
2026-08-16 18:44:33.493,680.5,0.0,94.0,56.0,23.0,99.0,-0.76,27.06,3.91,-3.91,2.83,0.73,0.73,1.5,13.2,25.49,"Closed loop, using oxygen sensor feedback to determine fuel mix/",40.0,88
2026-08-16 18:44:35.187,688.25,0.0,95.0,56.0,25.0,99.0,-0.74,26.67,3.12,-3.91,2.82,0.69,0.74,-0.5,13.2,25.88,"Closed loop, using oxygen sensor feedback to determine fuel mix/",40.0,88
2026-08-16 18:44:36.881,682.5,0.0,95.0,56.0,24.0,99.0,-0.75,27.06,3.12,-3.91,2.79,0.5,0.74,-1.5,13.2,25.88,"Closed loop, using oxygen sensor feedback to determine fuel mix/",40.0,88
2026-08-16 18:44:38.588,680.5,0.0,95.0,56.0,23.0,99.0,-0.76,27.06,2.34,-3.91,2.82,0.49,0.73,1.0,13.3,25.88,"Closed loop, using oxygen sensor feedback to determine fuel mix/",40.0,88
2026-08-16 18:44:40.297,682.25,0.0,95.0,56.0,23.0,99.0,-0.76,27.06,3.12,-3.91,2.67,0.61,0.73,0.0,13.2,25.1,"Closed loop, using oxygen sensor feedback to determine fuel mix/",40.0,88
2026-08-16 18:44:42.007,711.75,0.0,95.0,56.0,21.0,99.0,-0.78,25.88,-1.56,-3.91,2.53,0.78,0.76,10.5,13.3,24.71,"Closed loop, using oxygen sensor feedback to determine fuel mix/",40.0,88
2026-08-16 18:44:43.699,674.25,0.0,96.0,56.0,22.0,99.0,-0.77,26.67,2.34,-3.91,2.66,0.69,0.73,1.0,13.2,24.31,"Closed loop, using oxygen sensor feedback to determine fuel mix/",40.0,88
2026-08-16 18:44:45.409,679.0,0.0,95.0,56.0,24.0,99.0,-0.75,26.67,-0.78,-3.91,2.67,0.74,0.72,4.5,13.3,24.71,"Closed loop, using oxygen sensor feedback to determine fuel mix/",40.0,88
2026-08-16 18:44:47.122,691.75,0.0,96.0,56.0,23.0,99.0,-0.76,26.67,3.12,-3.91,2.71,0.64,0.72,0.5,13.2,24.71,"Closed loop, using oxygen sensor feedback to determine fuel mix/",40.0,88
2026-08-16 18:44:48.824,691.0,0.0,96.0,56.0,24.0,99.0,-0.75,26.67,-0.78,-3.91,2.65,0.77,0.73,0.0,13.2,24.71,"Closed loop, using oxygen sensor feedback to determine fuel mix/",40.0,88
2026-08-16 18:44:50.519,682.5,0.0,96.0,56.0,24.0,99.0,-0.75,26.67,-0.78,-3.91,2.73,0.74,0.73,2.5,13.3,25.1,"Closed loop, using oxygen sensor feedback to determine fuel mix/",40.0,88
2026-08-16 18:44:52.226,680.5,0.0,96.0,56.0,22.0,99.0,-0.77,26.67,-0.78,-3.91,2.7,0.76,0.76,1.0,13.3,24.71,"Closed loop, using oxygen sensor feedback to determine fuel mix/",40.0,88
2026-08-16 18:44:53.936,691.75,,96.0,56.0,22.0,99.0,-0.77,26.67,-0.78,-3.91,2.67,0.74,0.75,0.0,13.1,24.71,"Closed loop, using oxygen sensor feedback to determine fuel mix/",40.0,87
2026-08-16 18:44:55.617,677.0,0.0,96.0,56.0,23.0,99.0,-0.76,26.67,-1.56,-3.91,2.7,0.72,0.77,1.5,13.2,24.71,"Closed loop, using oxygen sensor feedback to determine fuel mix/",40.0,87
2026-08-16 18:44:57.323,682.75,0.0,97.0,56.0,23.0,99.0,-0.76,26.67,-1.56,-3.91,2.76,0.73,0.76,0.5,13.3,25.1,"Closed loop, using oxygen sensor feedback to determine fuel mix/",40.0,87
2026-08-16 18:44:59.030,692.0,0.0,97.0,56.0,24.0,99.0,-0.75,26.67,-1.56,-3.91,2.76,0.7,0.76,1.5,12.8,25.49,"Closed loop, using oxygen sensor feedback to determine fuel mix/",40.0,87
2026-08-16 18:45:00.739,688.5,0.0,97.0,56.0,25.0,99.0,-0.74,27.84,3.12,-3.91,3.11,0.09,0.74,-2.5,13.2,29.02,"Closed loop, using oxygen sensor feedback to determine fuel mix/",40.0,87
2026-08-16 18:45:02.431,679.5,0.0,97.0,56.0,27.0,99.0,-0.72,27.45,3.91,-3.91,3.08,0.1,0.76,-2.5,13.3,28.24,"Closed loop, using oxygen sensor feedback to determine fuel mix/",40.0,88
2026-08-16 18:45:04.140,680.75,0.0,97.0,56.0,27.0,99.0,-0.72,27.45,3.12,-3.91,3.08,0.11,0.76,-1.5,13.3,27.84,"Closed loop, using oxygen sensor feedback to determine fuel mix/",40.0,88
2026-08-16 18:45:05.851,686.75,0.0,97.0,56.0,26.0,99.0,-0.73,27.45,3.91,-3.91,3.05,0.24,0.75,0.0,13.4,28.63,"Closed loop, using oxygen sensor feedback to determine fuel mix/",40.0,88
2026-08-16 18:45:07.573,691.0,0.0,98.0,56.0,25.0,99.0,-0.74,27.45,3.12,-3.91,3.05,0.36,0.73,-2.5,13.3,28.63,"Closed loop, using oxygen sensor feedback to determine fuel mix/",40.0,88
2026-08-16 18:45:09.302,682.25,0.0,97.0,56.0,25.0,99.0,-0.74,27.45,3.12,-3.91,3.01,0.24,0.72,-2.5,13.3,27.45,"Closed loop, using oxygen sensor feedback to determine fuel mix/",40.0,88
2026-08-16 18:45:11.022,680.25,0.0,97.0,56.0,25.0,99.0,-0.74,27.45,2.34,-3.91,3.02,0.2,0.73,-1.0,13.3,28.24,"Closed loop, using oxygen sensor feedback to determine fuel mix/",40.0,88
2026-08-16 18:45:12.715,686.5,0.0,98.0,56.0,26.0,99.0,-0.73,27.45,2.34,-3.91,2.98,0.15,0.73,-2.0,13.3,27.84,"Closed loop, using oxygen sensor feedback to determine fuel mix/",40.0,88
2026-08-16 18:45:14.408,680.75,0.0,98.0,56.0,25.0,99.0,-0.74,27.45,2.34,-3.91,2.99,0.12,0.73,-2.0,13.2,27.45,"Closed loop, using oxygen sensor feedback to determine fuel mix/",40.0,88
2026-08-16 18:45:16.122,674.0,0.0,98.0,56.0,25.0,99.0,-0.74,27.45,3.12,-3.91,2.99,0.14,0.75,-1.0,13.1,27.84,"Closed loop, using oxygen sensor feedback to determine fuel mix/",40.0,88
2026-08-16 18:45:17.826,684.25,0.0,98.0,56.0,24.0,99.0,-0.75,27.45,2.34,-3.91,3.02,0.15,0.74,-2.0,13.4,27.84,"Closed loop, using oxygen sensor feedback to determine fuel mix/",40.0,88
2026-08-16 18:45:19.520,680.25,0.0,98.0,56.0,24.0,99.0,-0.75,27.06,2.34,-3.91,2.98,0.41,0.74,-1.5,13.2,27.84,"Closed loop, using oxygen sensor feedback to determine fuel mix/",40.0,88
2026-08-16 18:45:21.227,676.0,0.0,98.0,56.0,25.0,99.0,-0.74,27.45,3.12,-3.91,3.0,0.71,0.71,-0.5,13.3,27.45,"Closed loop, using oxygen sensor feedback to determine fuel mix/",40.0,88
2026-08-16 18:45:22.936,691.75,0.0,98.0,56.0,26.0,99.0,-0.73,27.45,2.34,-3.91,2.98,0.69,0.73,-2.5,13.3,27.84,"Closed loop, using oxygen sensor feedback to determine fuel mix/",40.0,88
2026-08-16 18:45:24.646,683.0,0.0,98.0,56.0,25.0,99.0,-0.74,27.45,3.12,-3.91,3.0,0.71,0.73,-1.0,13.3,27.45,"Closed loop, using oxygen sensor feedback to determine fuel mix/",40.0,88
2026-08-16 18:45:26.338,667.0,0.0,98.0,56.0,26.0,99.0,-0.73,27.45,-0.78,-3.91,2.97,0.76,0.72,-4.5,13.4,28.24,"Closed loop, using oxygen sensor feedback to determine fuel mix/",40.0,88
2026-08-16 18:45:28.047,690.0,0.0,97.0,56.0,23.0,99.0,-0.76,26.67,-0.78,-3.91,2.75,0.74,0.79,-5.5,13.3,25.88,"Closed loop, using oxygen sensor feedback to determine fuel mix/",40.0,88
2026-08-16 18:45:29.740,689.75,0.0,97.0,56.0,21.0,99.0,-0.78,25.88,-0.78,-3.91,2.41,0.77,0.76,-2.0,13.3,21.57,"Closed loop, using oxygen sensor feedback to determine fuel mix/",40.0,88
2026-08-16 18:45:31.450,676.75,0.0,97.0,56.0,20.0,99.0,-0.79,25.1,1.56,-3.91,2.18,0.12,0.76,6.5,13.3,20.0,"Closed loop, using oxygen sensor feedback to determine fuel mix/",40.0,88
2026-08-16 18:45:33.158,675.75,0.0,97.0,56.0,21.0,99.0,-0.78,25.49,1.56,-3.91,2.24,0.1,0.78,2.5,13.3,20.39,"Closed loop, using oxygen sensor feedback to determine fuel mix/",40.0,88
2026-08-16 18:45:34.850,683.75,0.0,97.0,56.0,21.0,99.0,-0.78,25.1,-2.34,-3.91,2.2,0.65,0.78,5.0,13.3,20.39,"Closed loop, using oxygen sensor feedback to determine fuel mix/",40.0,88
2026-08-16 18:45:36.558,675.75,0.0,96.0,56.0,19.0,99.0,-0.8,25.1,-1.56,-3.91,2.21,0.76,0.77,5.0,13.2,20.39,"Closed loop, using oxygen sensor feedback to determine fuel mix/",40.0,88
2026-08-16 18:45:38.267,681.25,0.0,96.0,56.0,20.0,99.0,-0.79,25.1,-1.56,-3.91,2.22,0.78,0.75,7.0,13.3,20.39,"Closed loop, using oxygen sensor feedback to determine fuel mix/",40.0,88
2026-08-16 18:45:39.977,687.0,0.0,96.0,56.0,20.0,99.0,-0.79,25.1,2.34,-3.91,2.18,0.76,0.76,5.5,13.3,20.39,"Closed loop, using oxygen sensor feedback to determine fuel mix/",40.0,88
2026-08-16 18:45:41.701,683.0,0.0,95.0,56.0,20.0,99.0,-0.79,25.1,1.56,-3.91,2.21,0.17,0.77,1.0,13.2,20.0,"Closed loop, using oxygen sensor feedback to determine fuel mix/",40.0,88
2026-08-16 18:45:43.408,676.5,0.0,95.0,56.0,19.0,99.0,-0.8,25.1,1.56,-3.91,2.23,0.1,0.78,2.0,13.2,20.39,"Closed loop, using oxygen sensor feedback to determine fuel mix/",40.0,88
2026-08-16 18:45:45.103,679.75,0.0,95.0,56.0,20.0,99.0,-0.79,25.1,0.78,-3.91,2.21,0.1,0.78,1.0,13.1,20.39,"Closed loop, using oxygen sensor feedback to determine fuel mix/",40.0,88
2026-08-16 18:45:46.811,675.75,0.0,94.0,56.0,19.0,99.0,-0.8,25.1,-3.12,-3.91,2.23,0.14,0.78,5.5,13.3,20.39,"Closed loop, using oxygen sensor feedback to determine fuel mix/",40.0,88
2026-08-16 18:45:48.504,680.5,0.0,94.0,56.0,20.0,99.0,-0.79,25.1,-2.34,-3.91,2.25,0.69,0.78,5.5,13.3,20.78,"Closed loop, using oxygen sensor feedback to determine fuel mix/",40.0,88
2026-08-16 18:45:50.211,686.0,0.0,94.0,56.0,19.0,99.0,-0.8,25.1,-2.34,-3.91,2.24,0.78,0.76,5.0,13.3,20.78,"Closed loop, using oxygen sensor feedback to determine fuel mix/",40.0,88
2026-08-16 18:45:51.911,681.75,0.0,94.0,56.0,19.0,99.0,-0.8,25.1,-2.34,-3.91,2.22,0.78,0.75,5.5,13.2,20.39,"Closed loop, using oxygen sensor feedback to determine fuel mix/",40.0,88
2026-08-16 18:45:53.631,682.75,0.0,93.0,56.0,19.0,99.0,-0.8,25.1,1.56,-3.91,2.21,0.74,0.76,6.0,13.2,20.39,"Closed loop, using oxygen sensor feedback to determine fuel mix/",40.0,88
2026-08-16 18:45:55.338,686.25,0.0,93.0,56.0,18.0,99.0,-0.81,24.31,0.78,-3.91,2.07,0.32,0.77,2.5,13.3,19.22,"Closed loop, using oxygen sensor feedback to determine fuel mix/",40.0,88
2026-08-16 18:45:57.048,676.75,0.0,93.0,57.0,19.0,99.0,-0.8,24.31,0.0,-3.91,2.06,0.1,0.77,2.5,13.3,19.22,"Closed loop, using oxygen sensor feedback to determine fuel mix/",40.0,88
2026-08-16 18:45:58.756,673.0,0.0,93.0,57.0,18.0,99.0,-0.81,24.71,-3.91,-3.91,2.1,0.2,0.78,4.5,13.2,19.22,"Closed loop, using oxygen sensor feedback to determine fuel mix/",40.0,88
