Timestamp,RPM(rpm),MAP(kPa),MAF(g/s),ThrottlePos(%),RelThrottlePos(%),EngineLoad(%),STFT(%),LTFT(%),O2_B1S1(V),O2_B1S2(V),CatTemp_B1S1(C),EQ_Ratio,BoostPressure(bar),Speed(km/h),CoolantTemp(C),IntakeTemp(C),BaroPressure(kPa),TimingAdvance(deg),Voltage(V),FuelStatus,AmbAirTemp(C),TFT(C)
2026-09-13 17:25:38.760,688.5,19.0,1.93,23.53,14.9,18.04,-0.78,3.12,0.09,0.4,444.0,1.0,-0.81,0.0,84.0,68.0,100.0,5.0,12.9,"Closed loop, using oxygen sensor feedback to determine fuel mix/",19.0,83
2026-09-13 17:25:40.057,691.0,21.0,2.43,25.88,15.69,22.35,0.78,3.12,0.69,0.2,445.0,1.0,-0.79,0.0,84.0,68.0,100.0,5.0,12.9,"Closed loop, using oxygen sensor feedback to determine fuel mix/",19.0,83
2026-09-13 17:25:40.433,688.0,22.0,2.43,25.88,15.29,22.35,0.78,3.12,0.72,0.21,445.0,1.0,-0.78,0.0,84.0,68.0,100.0,5.0,12.9,"Closed loop, using oxygen sensor feedback to determine fuel mix/",19.0,83
2026-09-13 17:25:40.794,690.5,22.0,2.38,25.88,15.69,21.96,0.78,3.12,0.74,0.25,446.0,1.0,-0.78,0.0,84.0,68.0,100.0,5.0,12.9,"Closed loop, using oxygen sensor feedback to determine fuel mix/",19.0,83
2026-09-13 17:25:41.155,664.75,23.0,2.45,26.27,16.08,22.75,0.78,3.12,0.75,0.3,446.0,1.0,-0.77,0.0,84.0,68.0,100.0,5.0,12.9,"Closed loop, using oxygen sensor feedback to determine fuel mix/",19.0,83
2026-09-13 17:25:41.506,681.5,23.0,2.54,25.88,15.69,23.53,0.78,3.12,0.74,0.36,446.0,1.0,-0.77,0.0,84.0,68.0,100.0,0.0,12.8,"Closed loop, using oxygen sensor feedback to determine fuel mix/",19.0,83
2026-09-13 17:25:42.094,669.25,22.0,2.54,26.27,16.08,23.92,-3.12,3.12,0.73,0.58,447.0,1.0,-0.78,0.0,84.0,68.0,100.0,0.0,12.8,"Closed loop, using oxygen sensor feedback to determine fuel mix/",19.0,83
2026-09-13 17:25:42.447,678.5,24.0,2.56,26.27,16.08,23.53,0.78,3.12,0.1,0.69,448.0,1.0,-0.76,0.0,84.0,68.0,100.0,0.0,12.8,"Closed loop, using oxygen sensor feedback to determine fuel mix/",19.0,83
2026-09-13 17:25:42.799,684.25,22.0,2.6,26.27,16.08,23.53,0.78,3.12,0.1,0.72,448.0,1.0,-0.78,0.0,84.0,68.0,100.0,0.0,12.8,"Closed loop, using oxygen sensor feedback to determine fuel mix/",19.0,83
2026-09-13 17:25:43.165,676.0,23.0,2.57,26.27,16.08,23.92,1.56,3.12,0.56,0.69,448.0,1.0,-0.77,0.0,84.0,68.0,100.0,0.0,12.8,"Closed loop, using oxygen sensor feedback to determine fuel mix/",19.0,83
2026-09-13 17:25:43.487,678.25,24.0,2.56,26.27,16.08,23.92,-2.34,3.12,0.77,0.64,449.0,1.0,-0.76,0.0,84.0,68.0,100.0,0.5,12.9,"Closed loop, using oxygen sensor feedback to determine fuel mix/",19.0,83
2026-09-13 17:25:44.106,675.75,22.0,2.59,26.27,16.08,23.92,-3.12,3.12,0.44,0.76,449.0,1.0,-0.78,0.0,84.0,68.0,100.0,0.5,12.9,"Closed loop, using oxygen sensor feedback to determine fuel mix/",19.0,83
2026-09-13 17:25:44.460,668.5,24.0,2.59,26.27,16.08,23.92,-3.12,3.12,0.1,0.77,449.0,1.0,-0.76,0.0,84.0,68.0,100.0,0.5,12.9,"Closed loop, using oxygen sensor feedback to determine fuel mix/",19.0,83
2026-09-13 17:25:44.810,680.25,23.0,2.61,26.27,16.08,24.31,-3.12,3.12,0.09,0.74,450.0,1.0,-0.77,0.0,84.0,68.0,100.0,0.5,12.9,"Closed loop, using oxygen sensor feedback to determine fuel mix/",19.0,83
2026-09-13 17:25:45.177,679.0,22.0,2.6,26.27,16.08,24.31,-3.12,3.12,0.09,0.7,450.0,1.0,-0.78,0.0,84.0,68.0,100.0,0.5,12.9,"Closed loop, using oxygen sensor feedback to determine fuel mix/",19.0,83
2026-09-13 17:25:45.497,676.5,23.0,2.61,26.27,16.08,24.31,0.78,3.12,0.09,0.63,450.0,1.0,-0.77,0.0,84.0,68.0,100.0,-2.0,12.9,"Closed loop, using oxygen sensor feedback to determine fuel mix/",19.0,83
2026-09-13 17:25:46.076,680.75,22.0,2.6,26.27,16.08,23.92,1.56,3.12,0.5,0.45,450.0,1.0,-0.78,0.0,84.0,68.0,100.0,-2.0,12.9,"Closed loop, using oxygen sensor feedback to determine fuel mix/",19.0,83
2026-09-13 17:25:46.456,682.75,24.0,2.6,26.27,16.08,23.92,1.56,3.12,0.76,0.4,451.0,1.0,-0.76,0.0,84.0,68.0,100.0,-2.0,12.9,"Closed loop, using oxygen sensor feedback to determine fuel mix/",19.0,83
2026-09-13 17:25:46.823,683.75,22.0,2.59,26.27,16.08,23.92,1.56,3.12,0.79,0.42,451.0,1.0,-0.78,0.0,84.0,68.0,100.0,-2.0,12.9,"Closed loop, using oxygen sensor feedback to determine fuel mix/",19.0,83
2026-09-13 17:25:47.189,680.25,22.0,2.55,26.27,16.08,23.53,1.56,3.12,0.8,0.61,451.0,1.0,-0.78,0.0,84.0,68.0,100.0,-2.0,12.9,"Closed loop, using oxygen sensor feedback to determine fuel mix/",19.0,83
2026-09-13 17:25:47.540,683.5,22.0,2.55,26.27,16.08,23.53,-2.34,3.12,0.8,0.77,451.0,1.0,-0.78,0.0,84.0,68.0,100.0,1.5,12.9,"Closed loop, using oxygen sensor feedback to determine fuel mix/",19.0,83
2026-09-13 17:25:48.200,678.75,22.0,2.59,26.27,16.08,23.92,-3.12,3.12,0.71,0.81,452.0,1.0,-0.78,0.0,84.0,68.0,100.0,1.5,12.9,"Closed loop, using oxygen sensor feedback to determine fuel mix/",19.0,83
2026-09-13 17:25:48.582,671.0,24.0,2.6,26.27,16.08,24.31,-3.12,3.12,0.58,0.8,452.0,1.0,-0.76,0.0,84.0,68.0,100.0,1.5,12.9,"Closed loop, using oxygen sensor feedback to determine fuel mix/",19.0,83
2026-09-13 17:25:48.934,680.75,24.0,2.61,26.27,16.08,24.31,-3.12,3.12,0.1,0.78,452.0,1.0,-0.76,0.0,84.0,68.0,100.0,1.5,12.9,"Closed loop, using oxygen sensor feedback to determine fuel mix/",19.0,83
2026-09-13 17:25:49.299,675.75,22.0,2.61,26.27,16.08,24.31,-3.12,3.12,0.1,0.75,452.0,1.0,-0.78,0.0,84.0,68.0,100.0,1.5,12.9,"Closed loop, using oxygen sensor feedback to determine fuel mix/",19.0,83
2026-09-13 17:25:49.651,677.25,23.0,2.61,26.27,16.08,24.31,-3.12,3.12,0.1,0.7,452.0,1.0,-0.77,0.0,83.0,68.0,100.0,-1.0,13.0,"Closed loop, using oxygen sensor feedback to determine fuel mix/",19.0,83
2026-09-13 17:25:50.274,681.5,22.0,2.61,26.27,16.08,24.31,0.78,3.12,0.11,0.56,453.0,1.0,-0.78,0.0,83.0,68.0,100.0,-1.0,13.0,"Closed loop, using oxygen sensor feedback to determine fuel mix/",19.0,83
2026-09-13 17:25:50.658,686.5,24.0,2.61,26.27,16.08,23.92,1.56,3.12,0.74,0.47,453.0,1.0,-0.76,0.0,83.0,68.0,100.0,-1.0,13.0,"Closed loop, using oxygen sensor feedback to determine fuel mix/",19.0,83
2026-09-13 17:25:51.029,681.25,22.0,2.6,26.27,16.08,23.92,1.56,3.12,0.78,0.47,453.0,1.0,-0.78,0.0,83.0,68.0,100.0,-1.0,13.0,"Closed loop, using oxygen sensor feedback to determine fuel mix/",19.0,83
2026-09-13 17:25:51.394,689.5,24.0,2.6,26.27,16.08,23.92,1.56,3.12,0.79,0.58,453.0,1.0,-0.76,0.0,83.0,68.0,100.0,-1.0,13.0,"Closed loop, using oxygen sensor feedback to determine fuel mix/",19.0,83
2026-09-13 17:25:51.746,677.75,23.0,2.6,26.27,16.08,23.92,-2.34,3.12,0.8,0.77,453.0,1.0,-0.77,0.0,83.0,68.0,100.0,-0.5,12.9,"Closed loop, using oxygen sensor feedback to determine fuel mix/",19.0,83
2026-09-13 17:25:52.338,672.75,23.0,2.59,26.27,16.47,23.92,-3.12,3.12,0.73,0.81,454.0,1.0,-0.77,0.0,83.0,68.0,100.0,-0.5,12.9,"Closed loop, using oxygen sensor feedback to determine fuel mix/",19.0,83
2026-09-13 17:25:52.718,672.5,23.0,2.62,26.67,16.47,24.31,-3.12,3.12,0.55,0.81,454.0,1.0,-0.77,0.0,83.0,68.0,100.0,-0.5,12.9,"Closed loop, using oxygen sensor feedback to determine fuel mix/",19.0,83
2026-09-13 17:25:53.069,668.0,23.0,2.65,26.67,16.86,24.71,-3.12,3.12,0.1,0.78,454.0,1.0,-0.77,0.0,83.0,68.0,100.0,-0.5,12.9,"Closed loop, using oxygen sensor feedback to determine fuel mix/",19.0,83
2026-09-13 17:25:53.424,688.75,24.0,2.84,27.06,16.47,26.27,-3.12,3.12,0.08,0.73,454.0,1.0,-0.76,0.0,83.0,68.0,100.0,-0.5,12.9,"Closed loop, using oxygen sensor feedback to determine fuel mix/",19.0,83
2026-09-13 17:25:53.788,684.25,25.0,2.7,26.67,16.86,24.71,-3.12,3.12,0.07,0.66,454.0,1.0,-0.75,0.0,84.0,68.0,100.0,2.0,13.0,"Closed loop, using oxygen sensor feedback to determine fuel mix/",19.0,83
2026-09-13 17:25:54.412,704.75,23.0,2.73,26.67,16.47,24.71,0.78,3.12,0.09,0.33,454.0,1.0,-0.77,0.0,84.0,68.0,100.0,2.0,13.0,"Closed loop, using oxygen sensor feedback to determine fuel mix/",19.0,83
2026-09-13 17:25:54.763,692.0,23.0,2.67,26.67,16.47,24.71,1.56,3.12,0.1,0.2,454.0,1.0,-0.77,0.0,84.0,68.0,100.0,2.0,13.0,"Closed loop, using oxygen sensor feedback to determine fuel mix/",19.0,83
2026-09-13 17:25:55.145,707.0,24.0,2.66,26.67,16.47,24.31,1.56,3.12,0.64,0.17,454.0,1.0,-0.76,0.0,84.0,68.0,100.0,2.0,13.0,"Closed loop, using oxygen sensor feedback to determine fuel mix/",19.0,83
2026-09-13 17:25:55.514,697.0,24.0,2.67,26.67,16.47,24.71,1.56,3.12,0.74,0.18,455.0,1.0,-0.76,0.0,84.0,68.0,100.0,2.0,13.0,"Closed loop, using oxygen sensor feedback to determine fuel mix/",19.0,83
2026-09-13 17:25:55.868,707.75,23.0,2.72,26.67,16.47,24.71,1.56,3.12,0.76,0.23,455.0,1.0,-0.77,2.0,83.0,68.0,100.0,3.0,12.9,"Closed loop, using oxygen sensor feedback to determine fuel mix/",19.0,83
2026-09-13 17:25:56.455,708.0,23.0,2.75,27.06,16.47,25.49,1.56,3.12,0.76,0.43,455.0,1.0,-0.77,2.0,83.0,68.0,100.0,3.0,12.9,"Closed loop, using oxygen sensor feedback to determine fuel mix/",19.0,83
2026-09-13 17:25:56.839,720.25,23.0,2.75,26.67,16.86,25.1,-2.34,3.12,0.76,0.61,455.0,1.0,-0.77,2.0,83.0,68.0,100.0,3.0,12.9,"Closed loop, using oxygen sensor feedback to determine fuel mix/",19.0,83
2026-09-13 17:25:57.186,718.75,23.0,2.92,27.45,17.25,27.06,-2.34,3.12,0.62,0.73,455.0,1.0,-0.77,2.0,83.0,68.0,100.0,3.0,12.9,"Closed loop, using oxygen sensor feedback to determine fuel mix/",19.0,83
2026-09-13 17:25:57.525,723.0,25.0,2.99,27.45,17.25,27.06,-2.34,3.12,0.08,0.76,455.0,1.0,-0.75,2.0,83.0,68.0,100.0,3.0,12.9,"Closed loop, using oxygen sensor feedback to determine fuel mix/",19.0,83
2026-09-13 17:25:57.909,731.5,26.0,3.17,27.84,17.25,27.84,-2.34,3.12,0.07,0.69,455.0,1.0,-0.74,4.0,83.0,68.0,100.0,-2.0,12.8,"Closed loop, using oxygen sensor feedback to determine fuel mix/",19.0,83
2026-09-13 17:25:58.499,738.75,26.0,3.11,27.45,17.25,27.45,1.56,3.12,0.08,0.3,455.0,1.0,-0.74,4.0,83.0,68.0,100.0,-2.0,12.8,"Closed loop, using oxygen sensor feedback to determine fuel mix/",19.0,83
2026-09-13 17:25:58.881,750.5,25.0,3.14,27.45,17.25,27.45,2.34,3.12,0.12,0.17,455.0,1.0,-0.75,4.0,83.0,68.0,100.0,-2.0,12.8,"Closed loop, using oxygen sensor feedback to determine fuel mix/",19.0,83
2026-09-13 17:25:59.250,751.0,24.0,3.07,27.45,17.25,27.45,2.34,3.12,0.28,0.17,455.0,1.0,-0.76,4.0,83.0,68.0,100.0,-2.0,12.8,"Closed loop, using oxygen sensor feedback to determine fuel mix/",19.0,83
2026-09-13 17:25:59.633,762.25,26.0,3.06,28.63,20.78,28.24,2.34,2.34,0.73,0.2,456.0,1.0,-0.74,4.0,83.0,68.0,100.0,-2.0,12.8,"Closed loop, using oxygen sensor feedback to determine fuel mix/",19.0,83
2026-09-13 17:25:59.968,907.25,29.0,5.07,31.37,21.57,36.47,2.34,0.78,0.2,0.23,456.0,1.0,-0.71,5.0,83.0,67.0,100.0,24.5,13.0,"Closed loop, using oxygen sensor feedback to determine fuel mix/",19.0,82
2026-09-13 17:26:00.575,1192.5,37.0,5.57,31.76,20.0,27.84,3.12,0.78,0.74,0.27,460.0,1.0,-0.63,5.0,83.0,67.0,100.0,24.5,13.0,"Closed loop, using oxygen sensor feedback to determine fuel mix/",19.0,82
2026-09-13 17:26:00.958,1171.5,30.0,3.75,27.06,18.82,17.65,3.12,0.78,0.79,0.33,462.0,1.0,-0.7,5.0,83.0,67.0,100.0,24.5,13.0,"Closed loop, using oxygen sensor feedback to determine fuel mix/",19.0,82
2026-09-13 17:26:01.327,1027.25,23.0,3.91,28.24,18.04,24.71,3.12,0.78,0.82,0.47,463.0,1.0,-0.77,5.0,83.0,67.0,100.0,24.5,13.0,"Closed loop, using oxygen sensor feedback to determine fuel mix/",19.0,82
2026-09-13 17:26:01.677,1000.0,21.0,3.44,27.84,17.65,23.92,-0.78,0.78,0.79,0.81,464.0,1.0,-0.79,5.0,83.0,67.0,100.0,24.5,13.0,"Closed loop, using oxygen sensor feedback to determine fuel mix/",19.0,82
2026-09-13 17:26:02.012,970.0,21.0,3.32,27.84,17.25,23.14,-0.78,0.78,0.72,0.81,464.0,1.0,-0.79,7.0,83.0,67.0,100.0,-3.5,13.0,"Closed loop, using oxygen sensor feedback to determine fuel mix/",19.0,83
2026-09-13 17:26:02.666,931.25,19.0,2.94,27.06,16.47,21.57,-0.78,0.78,0.1,0.75,465.0,1.0,-0.81,7.0,83.0,67.0,100.0,-3.5,13.0,"Closed loop, using oxygen sensor feedback to determine fuel mix/",19.0,83
2026-09-13 17:26:03.051,902.25,19.0,2.72,26.27,15.69,20.78,-0.78,0.78,0.19,0.68,466.0,1.0,-0.81,7.0,83.0,67.0,100.0,-3.5,13.0,"Closed loop, using oxygen sensor feedback to determine fuel mix/",19.0,83
2026-09-13 17:26:03.434,886.25,18.0,2.45,25.88,15.29,19.22,-0.78,0.78,0.76,0.64,466.0,1.0,-0.82,7.0,83.0,67.0,100.0,-3.5,13.0,"Closed loop, using oxygen sensor feedback to determine fuel mix/",19.0,83
2026-09-13 17:26:03.800,867.0,17.0,2.33,25.1,20.0,18.04,-0.78,1.56,0.79,0.69,466.0,1.0,-0.83,7.0,83.0,67.0,100.0,-3.5,13.0,"Closed loop, using oxygen sensor feedback to determine fuel mix/",19.0,83
2026-09-13 17:26:04.167,1011.5,25.0,4.59,30.59,18.04,27.06,-1.56,0.78,0.54,0.76,467.0,1.0,-0.75,7.0,83.0,67.0,100.0,9.0,12.9,"Closed loop, using oxygen sensor feedback to determine fuel mix/",19.0,83
2026-09-13 17:26:04.743,1017.25,21.0,2.64,26.27,15.29,17.25,-1.56,1.56,0.85,0.74,468.0,1.0,-0.79,7.0,83.0,67.0,100.0,9.0,12.9,"Closed loop, using oxygen sensor feedback to determine fuel mix/",19.0,83
2026-09-13 17:26:05.095,994.0,16.0,2.37,25.49,15.29,16.47,-1.56,2.34,0.86,0.81,468.0,1.0,-0.84,7.0,83.0,67.0,100.0,9.0,12.9,"Closed loop, using oxygen sensor feedback to determine fuel mix/",19.0,83
2026-09-13 17:26:05.445,970.5,15.0,2.37,25.49,15.69,16.86,-2.34,2.34,0.84,0.86,468.0,1.0,-0.85,7.0,83.0,67.0,100.0,9.0,12.9,"Closed loop, using oxygen sensor feedback to determine fuel mix/",19.0,83
2026-09-13 17:26:05.845,973.5,16.0,2.57,25.88,15.29,18.04,-3.12,0.78,0.78,0.85,468.0,1.0,-0.84,7.0,83.0,67.0,100.0,9.0,12.9,"Closed loop, using oxygen sensor feedback to determine fuel mix/",19.0,83
2026-09-13 17:26:06.183,928.75,15.0,2.36,27.06,20.0,17.65,-3.91,2.34,0.57,0.82,469.0,1.0,-0.85,8.0,83.0,68.0,100.0,4.5,12.9,"Closed loop, using oxygen sensor feedback to determine fuel mix/",19.0,83
2026-09-13 17:26:06.817,1115.75,19.0,2.27,27.45,17.65,16.86,-3.12,0.78,0.38,0.75,470.0,1.0,-0.81,8.0,83.0,68.0,100.0,4.5,12.9,"Closed loop, using oxygen sensor feedback to determine fuel mix/",19.0,83
2026-09-13 17:26:07.207,1053.75,19.0,3.27,27.45,16.47,20.0,-3.12,0.78,0.79,0.59,470.0,1.0,-0.81,8.0,83.0,68.0,100.0,4.5,12.9,"Closed loop, using oxygen sensor feedback to determine fuel mix/",19.0,83
2026-09-13 17:26:07.569,1026.25,17.0,2.78,26.67,16.47,18.43,-3.91,0.78,0.67,0.77,471.0,1.0,-0.83,8.0,83.0,68.0,100.0,4.5,12.9,"Closed loop, using oxygen sensor feedback to determine fuel mix/",19.0,83
2026-09-13 17:26:07.923,988.75,16.0,2.78,26.67,16.08,19.61,-3.91,0.78,0.08,0.8,471.0,1.0,-0.84,8.0,83.0,68.0,100.0,4.5,12.9,"Closed loop, using oxygen sensor feedback to determine fuel mix/",19.0,83
2026-09-13 17:26:08.287,980.75,17.0,2.81,27.84,20.39,20.39,-1.56,1.56,0.07,0.78,472.0,1.0,-0.83,8.0,83.0,68.0,100.0,13.5,12.9,"Closed loop, using oxygen sensor feedback to determine fuel mix/",19.0,83
2026-09-13 17:26:08.894,1185.25,23.0,3.98,27.06,16.08,17.65,1.56,0.78,0.67,0.47,473.0,1.0,-0.77,8.0,83.0,68.0,100.0,13.5,12.9,"Closed loop, using oxygen sensor feedback to determine fuel mix/",19.0,83
2026-09-13 17:26:09.270,1086.75,17.0,2.88,27.84,16.47,18.04,1.56,0.78,0.87,0.36,473.0,1.0,-0.83,8.0,83.0,68.0,100.0,13.5,12.9,"Closed loop, using oxygen sensor feedback to determine fuel mix/",19.0,83
2026-09-13 17:26:09.646,1082.75,17.0,2.84,26.67,16.08,17.25,1.56,0.78,0.86,0.72,474.0,1.0,-0.83,8.0,83.0,68.0,100.0,13.5,12.9,"Closed loop, using oxygen sensor feedback to determine fuel mix/",19.0,83
2026-09-13 17:26:10.046,1040.0,17.0,2.77,26.67,16.08,18.04,-1.56,0.78,0.83,0.86,474.0,1.0,-0.83,8.0,83.0,68.0,100.0,13.5,12.9,"Closed loop, using oxygen sensor feedback to determine fuel mix/",19.0,83
2026-09-13 17:26:10.429,979.0,16.0,2.61,25.88,15.29,18.04,-2.34,0.78,0.75,0.85,475.0,1.0,-0.84,8.0,83.0,68.0,100.0,0.0,12.9,"Closed loop, using oxygen sensor feedback to determine fuel mix/",19.0,83
2026-09-13 17:26:11.065,936.75,15.0,2.23,24.31,14.12,16.47,-3.12,0.78,0.74,0.81,475.0,1.0,-0.85,8.0,83.0,68.0,100.0,0.0,12.9,"Closed loop, using oxygen sensor feedback to determine fuel mix/",19.0,83
2026-09-13 17:26:11.417,901.0,14.0,2.13,24.31,14.12,16.08,-3.12,0.78,0.74,0.79,475.0,1.0,-0.86,8.0,83.0,68.0,100.0,0.0,12.9,"Closed loop, using oxygen sensor feedback to determine fuel mix/",19.0,83
2026-09-13 17:26:11.767,883.0,15.0,2.11,24.31,13.73,16.47,-4.69,0.78,0.72,0.79,475.0,1.0,-0.85,8.0,83.0,68.0,100.0,0.0,12.9,"Closed loop, using oxygen sensor feedback to determine fuel mix/",19.0,83
2026-09-13 17:26:12.123,855.25,15.0,2.02,23.92,13.73,16.08,-6.25,0.78,0.57,0.79,475.0,1.0,-0.85,8.0,83.0,68.0,100.0,0.0,12.9,"Closed loop, using oxygen sensor feedback to determine fuel mix/",19.0,83
2026-09-13 17:26:12.521,843.5,16.0,2.02,23.92,13.73,16.47,-3.91,0.78,0.1,0.79,475.0,1.0,-0.84,7.0,83.0,68.0,100.0,9.0,12.9,"Closed loop, using oxygen sensor feedback to determine fuel mix/",19.0,83
2026-09-13 17:26:13.143,825.0,16.0,1.97,23.92,17.65,17.65,-3.91,0.78,0.09,0.76,474.0,1.0,-0.84,7.0,83.0,68.0,100.0,9.0,12.9,"Closed loop, using oxygen sensor feedback to determine fuel mix/",19.0,83
2026-09-13 17:26:13.526,713.75,23.0,3.09,27.84,17.25,29.8,0.0,0.78,0.07,0.74,475.0,1.0,-0.77,7.0,83.0,68.0,100.0,9.0,12.9,"Closed loop, using oxygen sensor feedback to determine fuel mix/",19.0,83
2026-09-13 17:26:13.894,742.5,24.0,3.15,27.45,16.86,28.24,0.0,0.78,0.07,0.69,475.0,1.0,-0.76,7.0,83.0,68.0,100.0,9.0,12.9,"Closed loop, using oxygen sensor feedback to determine fuel mix/",19.0,83
2026-09-13 17:26:14.247,722.25,24.0,2.94,27.06,16.47,26.27,0.0,0.78,0.19,0.44,476.0,1.0,-0.76,7.0,83.0,68.0,100.0,9.0,12.9,"Closed loop, using oxygen sensor feedback to determine fuel mix/",19.0,83
2026-09-13 17:26:14.596,743.25,22.0,2.73,26.67,16.47,23.92,0.0,0.78,0.66,0.3,476.0,1.0,-0.78,7.0,83.0,68.0,100.0,-2.5,12.8,"Closed loop, using oxygen sensor feedback to determine fuel mix/",19.0,83
2026-09-13 17:26:15.219,737.25,22.0,2.54,26.27,15.69,22.75,0.0,0.78,0.69,0.36,477.0,1.0,-0.78,7.0,83.0,68.0,100.0,-2.5,12.8,"Closed loop, using oxygen sensor feedback to determine fuel mix/",19.0,83
2026-09-13 17:26:15.609,735.25,20.0,2.39,25.88,15.29,21.18,0.0,0.78,0.69,0.42,477.0,1.0,-0.8,7.0,83.0,68.0,100.0,-2.5,12.8,"Closed loop, using oxygen sensor feedback to determine fuel mix/",19.0,83
2026-09-13 17:26:15.970,740.25,19.0,2.31,25.49,14.9,20.39,-3.12,0.78,0.7,0.48,477.0,1.0,-0.81,7.0,83.0,68.0,100.0,-2.5,12.8,"Closed loop, using oxygen sensor feedback to determine fuel mix/",19.0,83
2026-09-13 17:26:16.321,734.75,20.0,2.24,24.71,14.51,19.61,-3.12,0.78,0.3,0.55,477.0,1.0,-0.8,7.0,83.0,68.0,100.0,-2.5,12.8,"Closed loop, using oxygen sensor feedback to determine fuel mix/",19.0,83
2026-09-13 17:26:16.689,733.25,18.0,2.14,24.71,14.51,19.22,0.0,0.78,0.09,0.6,477.0,1.0,-0.82,7.0,83.0,68.0,100.0,13.0,12.9,"Closed loop, using oxygen sensor feedback to determine fuel mix/",19.0,83
2026-09-13 17:26:17.280,732.5,20.0,2.18,25.1,14.9,19.61,0.78,0.78,0.09,0.58,476.0,1.0,-0.8,7.0,83.0,68.0,100.0,13.0,12.9,"Closed loop, using oxygen sensor feedback to determine fuel mix/",19.0,83
2026-09-13 17:26:17.613,735.25,20.0,2.26,25.1,14.9,20.0,0.78,0.78,0.09,0.41,476.0,1.0,-0.8,7.0,83.0,68.0,100.0,13.0,12.9,"Closed loop, using oxygen sensor feedback to determine fuel mix/",19.0,83
2026-09-13 17:26:17.982,734.75,20.0,2.21,25.1,14.9,20.39,1.56,0.78,0.09,0.3,476.0,1.0,-0.8,7.0,83.0,68.0,100.0,13.0,12.9,"Closed loop, using oxygen sensor feedback to determine fuel mix/",19.0,83
2026-09-13 17:26:18.373,736.0,19.0,2.24,25.1,14.9,20.0,3.12,0.78,0.1,0.23,476.0,1.0,-0.81,7.0,83.0,68.0,100.0,13.0,12.9,"Closed loop, using oxygen sensor feedback to determine fuel mix/",19.0,83
2026-09-13 17:26:18.732,731.0,19.0,2.24,25.1,14.9,20.0,3.91,0.78,0.19,0.18,476.0,1.0,-0.81,7.0,83.0,68.0,100.0,7.5,12.9,"Closed loop, using oxygen sensor feedback to determine fuel mix/",19.0,82
2026-09-13 17:26:19.291,725.5,20.0,2.25,25.1,14.9,20.0,2.34,0.78,0.78,0.18,476.0,1.0,-0.8,7.0,83.0,68.0,100.0,7.5,12.9,"Closed loop, using oxygen sensor feedback to determine fuel mix/",19.0,82
2026-09-13 17:26:19.659,731.75,19.0,2.3,25.1,14.9,20.39,2.34,0.78,0.78,0.22,476.0,1.0,-0.81,7.0,83.0,68.0,100.0,7.5,12.9,"Closed loop, using oxygen sensor feedback to determine fuel mix/",19.0,82
2026-09-13 17:26:20.026,727.25,20.0,2.28,25.1,14.9,20.39,2.34,0.78,0.78,0.34,476.0,1.0,-0.8,7.0,83.0,68.0,100.0,7.5,12.9,"Closed loop, using oxygen sensor feedback to determine fuel mix/",19.0,82
2026-09-13 17:26:20.378,731.5,19.0,2.28,25.1,17.25,20.39,-1.56,0.78,0.78,0.53,475.0,1.0,-0.81,7.0,83.0,68.0,100.0,7.5,12.9,"Closed loop, using oxygen sensor feedback to determine fuel mix/",19.0,82
2026-09-13 17:26:20.713,747.0,22.0,3.09,27.45,17.25,27.45,-1.56,1.56,0.72,0.72,475.0,1.0,-0.78,7.0,83.0,68.0,100.0,-2.5,12.9,"Closed loop, using oxygen sensor feedback to determine fuel mix/",19.0,82
2026-09-13 17:26:21.352,807.5,22.0,3.15,27.84,18.04,27.06,-1.56,1.56,0.08,0.77,475.0,1.0,-0.78,7.0,83.0,68.0,100.0,-2.5,12.9,"Closed loop, using oxygen sensor feedback to determine fuel mix/",19.0,82
2026-09-13 17:26:21.703,882.5,24.0,3.59,28.24,17.25,27.84,-1.56,0.78,0.08,0.67,475.0,1.0,-0.76,7.0,83.0,68.0,100.0,-2.5,12.9,"Closed loop, using oxygen sensor feedback to determine fuel mix/",19.0,82
2026-09-13 17:26:22.074,889.5,26.0,3.17,27.84,18.04,25.1,1.56,1.56,0.83,0.41,475.0,1.0,-0.74,7.0,83.0,68.0,100.0,-2.5,12.9,"Closed loop, using oxygen sensor feedback to determine fuel mix/",19.0,82
2026-09-13 17:26:22.448,953.0,23.0,3.56,28.24,18.04,25.49,1.56,1.56,0.85,0.39,475.0,1.0,-0.77,7.0,83.0,68.0,100.0,-2.5,12.9,"Closed loop, using oxygen sensor feedback to determine fuel mix/",19.0,82
2026-09-13 17:26:22.820,958.25,21.0,3.5,28.24,17.65,25.1,-1.56,1.56,0.83,0.84,475.0,1.0,-0.79,8.0,83.0,68.0,100.0,7.5,13.0,"Closed loop, using oxygen sensor feedback to determine fuel mix/",19.0,82
2026-09-13 17:26:23.412,929.75,22.0,3.35,27.45,16.47,24.71,-2.34,1.56,0.72,0.83,475.0,1.0,-0.78,8.0,83.0,68.0,100.0,7.5,13.0,"Closed loop, using oxygen sensor feedback to determine fuel mix/",19.0,82
2026-09-13 17:26:23.763,874.5,20.0,2.74,26.67,15.69,21.96,-2.34,2.34,0.67,0.81,475.0,1.0,-0.8,8.0,83.0,68.0,100.0,7.5,13.0,"Closed loop, using oxygen sensor feedback to determine fuel mix/",19.0,82
2026-09-13 17:26:24.147,816.5,18.0,2.53,25.49,15.69,21.18,-3.12,0.78,0.71,0.78,475.0,1.0,-0.82,8.0,83.0,68.0,100.0,7.5,13.0,"Closed loop, using oxygen sensor feedback to determine fuel mix/",19.0,82
2026-09-13 17:26:24.514,787.5,19.0,2.45,25.49,14.9,21.18,-3.91,0.78,0.71,0.77,475.0,1.0,-0.81,8.0,83.0,68.0,100.0,7.5,13.0,"Closed loop, using oxygen sensor feedback to determine fuel mix/",19.0,82
2026-09-13 17:26:24.881,780.25,19.0,2.29,25.1,14.51,20.0,-4.69,0.78,0.48,0.77,475.0,1.0,-0.81,9.0,83.0,68.0,100.0,3.0,13.0,"Closed loop, using oxygen sensor feedback to determine fuel mix/",19.0,82
2026-09-13 17:26:25.520,776.5,18.0,2.14,24.31,14.12,18.82,-3.12,0.78,0.09,0.76,474.0,1.0,-0.82,9.0,83.0,68.0,100.0,3.0,13.0,"Closed loop, using oxygen sensor feedback to determine fuel mix/",19.0,82
2026-09-13 17:26:25.903,774.25,17.0,2.09,24.31,13.73,18.04,0.0,0.78,0.09,0.72,474.0,1.0,-0.83,9.0,83.0,68.0,100.0,3.0,13.0,"Closed loop, using oxygen sensor feedback to determine fuel mix/",19.0,82
2026-09-13 17:26:26.244,776.5,17.0,1.99,23.92,13.73,17.65,0.0,0.78,0.09,0.67,474.0,1.0,-0.83,9.0,83.0,68.0,100.0,3.0,13.0,"Closed loop, using oxygen sensor feedback to determine fuel mix/",19.0,82
2026-09-13 17:26:26.623,761.25,16.0,2.0,23.92,13.73,17.65,0.78,0.78,0.12,0.6,474.0,1.0,-0.84,9.0,83.0,68.0,100.0,3.0,13.0,"Closed loop, using oxygen sensor feedback to determine fuel mix/",19.0,82
2026-09-13 17:26:26.989,756.0,17.0,1.98,23.92,13.73,17.65,0.78,0.78,0.73,0.55,474.0,1.0,-0.83,9.0,83.0,68.0,100.0,7.0,12.9,"Closed loop, using oxygen sensor feedback to determine fuel mix/",19.0,82
2026-09-13 17:26:27.597,752.0,18.0,1.97,23.53,13.33,17.25,0.78,0.78,0.77,0.56,473.0,1.0,-0.82,9.0,83.0,68.0,100.0,7.0,12.9,"Closed loop, using oxygen sensor feedback to determine fuel mix/",19.0,82
2026-09-13 17:26:27.917,749.0,17.0,1.97,23.53,13.33,17.25,-3.12,0.78,0.77,0.69,473.0,1.0,-0.83,9.0,83.0,68.0,100.0,7.0,12.9,"Closed loop, using oxygen sensor feedback to determine fuel mix/",19.0,82
2026-09-13 17:26:28.249,749.75,16.0,1.95,23.53,13.33,17.25,-3.12,0.78,0.76,0.77,473.0,1.0,-0.84,9.0,83.0,68.0,100.0,7.0,12.9,"Closed loop, using oxygen sensor feedback to determine fuel mix/",19.0,82
2026-09-13 17:26:28.634,742.75,17.0,1.99,23.53,13.33,17.25,-3.12,0.78,0.7,0.79,473.0,1.0,-0.83,9.0,83.0,68.0,100.0,7.0,12.9,"Closed loop, using oxygen sensor feedback to determine fuel mix/",19.0,82
2026-09-13 17:26:29.001,728.25,18.0,1.97,23.53,13.33,17.65,-3.12,0.78,0.1,0.79,473.0,1.0,-0.82,8.0,83.0,68.0,100.0,11.0,12.9,"Closed loop, using oxygen sensor feedback to determine fuel mix/",19.0,82
2026-09-13 17:26:29.636,730.25,17.0,1.94,23.53,13.33,17.65,-3.12,0.78,0.08,0.76,472.0,1.0,-0.83,8.0,83.0,68.0,100.0,11.0,12.9,"Closed loop, using oxygen sensor feedback to determine fuel mix/",19.0,82
2026-09-13 17:26:30.009,733.75,17.0,1.95,23.53,13.33,17.65,0.0,0.78,0.08,0.7,472.0,1.0,-0.83,8.0,83.0,68.0,100.0,11.0,12.9,"Closed loop, using oxygen sensor feedback to determine fuel mix/",19.0,82
2026-09-13 17:26:30.391,736.5,18.0,1.96,23.92,13.33,17.25,0.0,0.78,0.08,0.6,472.0,1.0,-0.82,8.0,83.0,68.0,100.0,11.0,12.9,"Closed loop, using oxygen sensor feedback to determine fuel mix/",19.0,82
2026-09-13 17:26:30.725,736.75,17.0,1.96,23.92,13.33,17.25,0.78,0.78,0.1,0.43,472.0,1.0,-0.83,8.0,83.0,68.0,100.0,11.0,12.9,"Closed loop, using oxygen sensor feedback to determine fuel mix/",19.0,82
2026-09-13 17:26:31.109,730.5,17.0,1.95,23.53,13.33,17.65,0.78,0.78,0.11,0.3,471.0,1.0,-0.83,8.0,84.0,68.0,100.0,10.5,12.9,"Closed loop, using oxygen sensor feedback to determine fuel mix/",19.0,82
2026-09-13 17:26:31.701,732.75,18.0,1.96,23.92,13.33,17.25,1.56,0.78,0.67,0.24,471.0,1.0,-0.82,8.0,84.0,68.0,100.0,10.5,12.9,"Closed loop, using oxygen sensor feedback to determine fuel mix/",19.0,82
2026-09-13 17:26:32.084,736.0,18.0,1.94,23.53,13.33,17.25,1.56,0.78,0.74,0.27,471.0,1.0,-0.82,8.0,84.0,68.0,100.0,10.5,12.9,"Closed loop, using oxygen sensor feedback to determine fuel mix/",19.0,82
2026-09-13 17:26:32.450,728.75,17.0,1.93,23.53,13.33,17.25,1.56,0.78,0.76,0.29,471.0,1.0,-0.83,8.0,84.0,68.0,100.0,10.5,12.9,"Closed loop, using oxygen sensor feedback to determine fuel mix/",19.0,82
2026-09-13 17:26:32.802,734.0,18.0,1.94,23.53,13.33,17.25,1.56,0.78,0.76,0.34,470.0,1.0,-0.82,8.0,84.0,68.0,100.0,10.5,12.9,"Closed loop, using oxygen sensor feedback to determine fuel mix/",19.0,82
2026-09-13 17:26:33.154,741.25,17.0,1.95,23.53,13.73,17.65,-1.56,0.78,0.76,0.43,470.0,1.0,-0.83,8.0,84.0,68.0,100.0,13.5,12.9,"Closed loop, using oxygen sensor feedback to determine fuel mix/",19.0,82
2026-09-13 17:26:33.746,724.25,17.0,2.01,24.31,14.12,18.04,-2.34,0.78,0.67,0.67,470.0,1.0,-0.83,8.0,84.0,68.0,100.0,13.5,12.9,"Closed loop, using oxygen sensor feedback to determine fuel mix/",19.0,82
2026-09-13 17:26:34.129,724.5,19.0,2.06,24.31,14.12,18.43,0.78,0.78,0.1,0.74,470.0,1.0,-0.81,8.0,84.0,68.0,100.0,13.5,12.9,"Closed loop, using oxygen sensor feedback to determine fuel mix/",19.0,82
2026-09-13 17:26:34.462,723.0,18.0,2.01,24.31,14.12,18.43,0.78,0.78,0.09,0.74,469.0,1.0,-0.82,8.0,84.0,68.0,100.0,13.5,12.9,"Closed loop, using oxygen sensor feedback to determine fuel mix/",19.0,82
2026-09-13 17:26:34.846,727.5,19.0,2.06,24.31,14.12,18.43,1.56,0.78,0.1,0.69,469.0,1.0,-0.81,8.0,84.0,68.0,100.0,13.5,12.9,"Closed loop, using oxygen sensor feedback to determine fuel mix/",19.0,82
2026-09-13 17:26:35.245,724.5,19.0,2.1,24.31,14.12,18.82,2.34,0.78,0.12,0.56,469.0,1.0,-0.81,8.0,84.0,68.0,100.0,8.0,12.9,"Closed loop, using oxygen sensor feedback to determine fuel mix/",19.0,82
2026-09-13 17:26:35.899,726.25,19.0,2.09,24.31,13.73,18.82,2.34,0.78,0.65,0.46,469.0,1.0,-0.81,8.0,84.0,68.0,100.0,8.0,12.9,"Closed loop, using oxygen sensor feedback to determine fuel mix/",19.0,82
2026-09-13 17:26:36.251,725.25,19.0,2.02,23.92,13.73,18.04,2.34,0.78,0.74,0.47,468.0,1.0,-0.81,8.0,84.0,68.0,100.0,8.0,12.9,"Closed loop, using oxygen sensor feedback to determine fuel mix/",19.0,82
2026-09-13 17:26:36.572,726.5,18.0,2.02,23.92,14.12,18.43,2.34,0.78,0.76,0.5,468.0,1.0,-0.82,8.0,84.0,68.0,100.0,8.0,12.9,"Closed loop, using oxygen sensor feedback to determine fuel mix/",19.0,82
2026-09-13 17:26:36.939,727.5,18.0,2.05,24.31,14.12,18.43,2.34,0.78,0.77,0.59,468.0,1.0,-0.82,8.0,84.0,68.0,100.0,8.0,12.9,"Closed loop, using oxygen sensor feedback to determine fuel mix/",19.0,82
2026-09-13 17:26:37.291,728.25,18.0,2.06,24.31,14.12,18.43,-0.78,0.78,0.76,0.72,468.0,1.0,-0.82,8.0,84.0,68.0,100.0,12.0,13.0,"Closed loop, using oxygen sensor feedback to determine fuel mix/",19.0,82
2026-09-13 17:26:37.947,724.75,18.0,2.07,24.31,14.51,18.82,-1.56,0.78,0.53,0.79,467.0,1.0,-0.82,8.0,84.0,68.0,100.0,12.0,13.0,"Closed loop, using oxygen sensor feedback to determine fuel mix/",19.0,82
2026-09-13 17:26:38.295,724.25,20.0,2.13,25.1,14.9,19.22,-1.56,0.78,0.1,0.79,467.0,1.0,-0.8,8.0,84.0,68.0,100.0,12.0,13.0,"Closed loop, using oxygen sensor feedback to determine fuel mix/",19.0,82
2026-09-13 17:26:38.676,723.0,20.0,2.24,25.1,14.9,20.39,-1.56,0.78,0.09,0.77,467.0,1.0,-0.8,8.0,84.0,68.0,100.0,12.0,13.0,"Closed loop, using oxygen sensor feedback to determine fuel mix/",19.0,82
2026-09-13 17:26:39.013,724.5,19.0,2.24,25.49,15.29,20.0,2.34,0.78,0.07,0.72,467.0,1.0,-0.81,8.0,84.0,68.0,100.0,12.0,13.0,"Closed loop, using oxygen sensor feedback to determine fuel mix/",19.0,82
2026-09-13 17:26:39.380,729.75,20.0,2.32,25.49,15.29,21.18,2.34,0.78,0.07,0.61,467.0,1.0,-0.8,8.0,84.0,68.0,100.0,2.0,12.9,"Closed loop, using oxygen sensor feedback to determine fuel mix/",19.0,82
2026-09-13 17:26:40.021,737.75,20.0,2.19,25.1,14.51,19.61,2.34,0.78,0.12,0.26,466.0,1.0,-0.8,8.0,84.0,68.0,100.0,2.0,12.9,"Closed loop, using oxygen sensor feedback to determine fuel mix/",19.0,82
2026-09-13 17:26:40.403,744.0,18.0,2.11,24.31,14.51,18.82,3.12,0.78,0.7,0.2,466.0,1.0,-0.82,8.0,84.0,68.0,100.0,2.0,12.9,"Closed loop, using oxygen sensor feedback to determine fuel mix/",19.0,82
2026-09-13 17:26:40.772,739.25,18.0,2.09,24.71,14.51,18.82,3.12,0.78,0.74,0.22,466.0,1.0,-0.82,8.0,84.0,68.0,100.0,2.0,12.9,"Closed loop, using oxygen sensor feedback to determine fuel mix/",19.0,82
2026-09-13 17:26:41.125,728.5,19.0,2.08,24.71,14.51,18.82,3.12,0.78,0.76,0.27,466.0,1.0,-0.81,8.0,84.0,68.0,100.0,2.0,12.9,"Closed loop, using oxygen sensor feedback to determine fuel mix/",19.0,82
2026-09-13 17:26:41.491,723.25,19.0,2.09,24.71,14.51,18.82,3.12,0.78,0.74,0.33,465.0,1.0,-0.81,7.0,85.0,68.0,100.0,12.5,13.0,"Closed loop, using oxygen sensor feedback to determine fuel mix/",19.0,82
2026-09-13 17:26:42.080,723.5,19.0,2.15,24.71,14.9,19.22,0.0,0.78,0.48,0.54,465.0,1.0,-0.81,7.0,85.0,68.0,100.0,12.5,13.0,"Closed loop, using oxygen sensor feedback to determine fuel mix/",19.0,82
2026-09-13 17:26:42.432,720.75,19.0,2.18,25.1,14.9,20.0,3.12,0.78,0.1,0.65,465.0,1.0,-0.81,7.0,85.0,68.0,100.0,12.5,13.0,"Closed loop, using oxygen sensor feedback to determine fuel mix/",19.0,82
2026-09-13 17:26:42.784,727.75,20.0,2.21,25.1,14.9,20.0,3.91,0.78,0.1,0.69,465.0,1.0,-0.8,7.0,85.0,68.0,100.0,12.5,13.0,"Closed loop, using oxygen sensor feedback to determine fuel mix/",19.0,82
2026-09-13 17:26:43.167,725.0,19.0,2.23,25.1,14.9,20.0,3.91,0.78,0.55,0.65,464.0,1.0,-0.81,7.0,85.0,68.0,100.0,12.5,13.0,"Closed loop, using oxygen sensor feedback to determine fuel mix/",19.0,82
2026-09-13 17:26:43.533,733.75,19.0,2.22,25.1,14.51,20.0,0.0,0.78,0.77,0.59,464.0,1.0,-0.81,8.0,85.0,68.0,100.0,5.5,13.0,"Closed loop, using oxygen sensor feedback to determine fuel mix/",19.0,82
2026-09-13 17:26:44.156,740.5,18.0,2.22,24.71,14.51,19.61,0.0,0.78,0.73,0.7,464.0,1.0,-0.82,8.0,85.0,68.0,100.0,5.5,13.0,"Closed loop, using oxygen sensor feedback to determine fuel mix/",19.0,82
2026-09-13 17:26:44.510,738.25,18.0,2.22,24.71,14.51,19.61,-0.78,0.78,0.67,0.77,464.0,1.0,-0.82,8.0,85.0,68.0,100.0,5.5,13.0,"Closed loop, using oxygen sensor feedback to determine fuel mix/",19.0,82
2026-09-13 17:26:44.891,736.25,18.0,2.17,24.71,14.51,19.61,-0.78,0.78,0.23,0.77,464.0,1.0,-0.82,8.0,85.0,68.0,100.0,5.5,13.0,"Closed loop, using oxygen sensor feedback to determine fuel mix/",19.0,82
2026-09-13 17:26:45.260,735.25,18.0,2.19,24.71,14.51,19.22,-0.78,0.78,0.1,0.76,463.0,1.0,-0.82,8.0,85.0,68.0,100.0,5.5,13.0,"Closed loop, using oxygen sensor feedback to determine fuel mix/",19.0,82
2026-09-13 17:26:45.609,735.5,18.0,2.19,24.71,14.51,19.22,-0.78,0.78,0.1,0.74,463.0,1.0,-0.82,8.0,85.0,68.0,100.0,5.0,13.0,"Closed loop, using oxygen sensor feedback to determine fuel mix/",19.0,82
2026-09-13 17:26:46.233,732.0,19.0,2.13,24.71,14.51,19.22,2.34,0.78,0.1,0.69,463.0,1.0,-0.81,8.0,85.0,68.0,100.0,5.0,13.0,"Closed loop, using oxygen sensor feedback to determine fuel mix/",19.0,82
2026-09-13 17:26:46.588,735.5,19.0,2.13,24.71,14.12,18.82,3.12,0.78,0.45,0.65,463.0,1.0,-0.81,8.0,85.0,68.0,100.0,5.0,13.0,"Closed loop, using oxygen sensor feedback to determine fuel mix/",19.0,82
2026-09-13 17:26:46.952,730.25,19.0,2.12,24.31,14.12,18.82,0.0,0.78,0.77,0.6,463.0,1.0,-0.81,8.0,85.0,68.0,100.0,5.0,13.0,"Closed loop, using oxygen sensor feedback to determine fuel mix/",19.0,82
2026-09-13 17:26:47.335,732.25,18.0,2.1,24.71,14.51,19.22,-0.78,0.78,0.76,0.62,462.0,1.0,-0.82,8.0,85.0,68.0,100.0,5.0,13.0,"Closed loop, using oxygen sensor feedback to determine fuel mix/",19.0,82
2026-09-13 17:26:47.701,730.75,18.0,2.14,24.71,14.51,19.22,-0.78,0.78,0.56,0.75,462.0,1.0,-0.82,8.0,85.0,68.0,100.0,7.0,13.0,"Closed loop, using oxygen sensor feedback to determine fuel mix/",19.0,82
2026-09-13 17:26:48.356,731.0,18.0,2.13,25.49,14.9,19.61,-0.78,0.78,0.1,0.77,462.0,1.0,-0.82,8.0,85.0,68.0,100.0,7.0,13.0,"Closed loop, using oxygen sensor feedback to determine fuel mix/",19.0,82
2026-09-13 17:26:48.739,725.0,19.0,2.25,25.1,14.51,20.0,-0.78,0.78,0.09,0.73,462.0,1.0,-0.81,8.0,85.0,68.0,100.0,7.0,13.0,"Closed loop, using oxygen sensor feedback to determine fuel mix/",19.0,82
2026-09-13 17:26:49.091,732.0,18.0,2.22,24.71,14.51,19.22,2.34,0.78,0.09,0.68,462.0,1.0,-0.82,8.0,85.0,68.0,100.0,7.0,13.0,"Closed loop, using oxygen sensor feedback to determine fuel mix/",19.0,82
2026-09-13 17:26:49.490,737.25,19.0,2.18,25.88,20.78,19.61,3.12,1.56,0.18,0.57,461.0,1.0,-0.81,8.0,85.0,68.0,100.0,7.0,13.0,"Closed loop, using oxygen sensor feedback to determine fuel mix/",19.0,82
2026-09-13 17:26:49.842,833.75,31.0,4.75,29.8,17.65,35.29,3.12,0.0,0.2,0.47,461.0,1.0,-0.69,8.0,85.0,68.0,100.0,-3.5,13.0,"Closed loop, using oxygen sensor feedback to determine fuel mix/",19.0,82
2026-09-13 17:26:50.432,866.25,22.0,3.22,27.45,16.47,27.06,3.12,0.78,0.85,0.45,461.0,1.0,-0.78,8.0,85.0,68.0,100.0,-3.5,13.0,"Closed loop, using oxygen sensor feedback to determine fuel mix/",19.0,82
2026-09-13 17:26:50.783,778.5,23.0,2.86,27.06,17.25,24.71,3.12,0.78,0.84,0.72,461.0,1.0,-0.77,8.0,85.0,68.0,100.0,-3.5,13.0,"Closed loop, using oxygen sensor feedback to determine fuel mix/",19.0,82
2026-09-13 17:26:51.150,,24.0,3.06,27.45,16.47,27.84,0.0,0.78,0.81,0.83,461.0,1.0,-0.76,8.0,85.0,68.0,100.0,-3.5,13.0,"Closed loop, using oxygen sensor feedback to determine fuel mix/",19.0,82
2026-09-13 17:26:51.503,763.0,22.0,,26.67,16.47,25.1,0.0,0.78,0.71,0.82,461.0,1.0,-0.78,8.0,85.0,68.0,100.0,-3.5,13.0,"Closed loop, using oxygen sensor feedback to determine fuel mix/",19.0,82
2026-09-13 17:26:51.854,759.75,21.0,2.73,26.67,16.08,24.31,-0.78,0.78,0.72,0.8,461.0,1.0,-0.79,7.0,86.0,68.0,100.0,-0.5,13.0,"Closed loop, using oxygen sensor feedback to determine fuel mix/",19.0,82
2026-09-13 17:26:52.476,754.0,21.0,2.65,26.27,19.61,23.53,-1.56,0.78,0.52,0.78,461.0,1.0,-0.79,7.0,86.0,68.0,100.0,-0.5,13.0,"Closed loop, using oxygen sensor feedback to determine fuel mix/",19.0,82
2026-09-13 17:26:52.862,833.25,28.0,4.53,30.59,20.78,35.29,-1.56,0.78,0.1,0.77,462.0,1.0,-0.72,7.0,86.0,68.0,100.0,-0.5,13.0,"Closed loop, using oxygen sensor feedback to determine fuel mix/",19.0,82
2026-09-13 17:26:53.211,1067.25,30.0,5.28,31.37,20.39,28.63,-1.56,0.78,0.12,0.69,463.0,1.0,-0.7,7.0,86.0,68.0,100.0,-0.5,13.0,"Closed loop, using oxygen sensor feedback to determine fuel mix/",19.0,82
2026-09-13 17:26:53.610,1155.75,31.0,4.87,30.2,19.61,23.92,-1.56,0.78,0.76,0.51,464.0,1.0,-0.69,7.0,86.0,68.0,100.0,-0.5,13.0,"Closed loop, using oxygen sensor feedback to determine fuel mix/",19.0,82
2026-09-13 17:26:54.008,1116.0,30.0,4.26,29.8,19.61,22.75,-1.56,0.78,0.84,0.54,464.0,1.0,-0.7,9.0,86.0,67.0,100.0,33.0,13.0,"Closed loop, using oxygen sensor feedback to determine fuel mix/",19.0,82
2026-09-13 17:26:54.631,1109.25,29.0,3.95,27.45,13.73,20.78,-2.34,0.78,0.74,0.84,465.0,1.0,-0.71,9.0,86.0,67.0,100.0,33.0,13.0,"Closed loop, using oxygen sensor feedback to determine fuel mix/",19.0,82
2026-09-13 17:26:55.016,886.0,18.0,2.01,23.53,16.86,16.86,-2.34,0.78,0.73,0.82,465.0,1.0,-0.82,9.0,86.0,67.0,100.0,33.0,13.0,"Closed loop, using oxygen sensor feedback to determine fuel mix/",19.0,82
2026-09-13 17:26:55.382,823.75,19.0,3.12,30.2,22.75,31.76,-3.91,1.56,0.73,0.8,466.0,1.0,-0.81,9.0,86.0,67.0,100.0,33.0,13.0,"Closed loop, using oxygen sensor feedback to determine fuel mix/",19.0,82
2026-09-13 17:26:55.735,1178.75,35.0,7.97,34.12,24.71,36.08,-3.12,0.0,0.05,0.69,469.0,1.0,-0.65,9.0,86.0,67.0,100.0,33.0,13.0,"Closed loop, using oxygen sensor feedback to determine fuel mix/",19.0,82
2026-09-13 17:26:56.118,1451.0,41.0,9.81,33.73,19.22,25.49,1.56,0.0,0.04,0.12,473.0,1.0,-0.59,12.0,86.0,67.0,100.0,7.0,13.0,"Closed loop, using oxygen sensor feedback to determine fuel mix/",19.0,82
2026-09-13 17:26:56.788,1036.25,20.0,3.16,27.84,17.25,22.35,1.56,0.78,0.07,0.07,476.0,1.0,-0.8,12.0,86.0,67.0,100.0,7.0,13.0,"Closed loop, using oxygen sensor feedback to determine fuel mix/",19.0,82
2026-09-13 17:26:57.139,1001.25,20.0,3.08,27.45,16.47,21.18,,0.78,0.09,0.07,477.0,1.0,-0.8,12.0,86.0,67.0,100.0,7.0,13.0,"Closed loop, using oxygen sensor feedback to determine fuel mix/",19.0,82
2026-09-13 17:26:57.459,945.75,17.0,2.73,25.88,16.08,18.43,3.12,0.78,0.08,0.1,478.0,1.0,-0.83,12.0,86.0,67.0,100.0,7.0,13.0,"Closed loop, using oxygen sensor feedback to determine fuel mix/",19.0,82
2026-09-13 17:26:57.810,972.75,17.0,2.6,25.88,14.12,18.43,4.69,0.78,0.08,0.1,479.0,1.0,-0.83,12.0,86.0,67.0,100.0,7.0,13.0,"Closed loop, using oxygen sensor feedback to determine fuel mix/",19.0,82
2026-09-13 17:26:58.211,918.25,15.0,2.19,25.1,19.22,16.08,6.25,1.56,0.09,0.1,479.0,1.0,-0.85,12.0,86.0,67.0,100.0,0.5,12.9,"Closed loop, using oxygen sensor feedback to determine fuel mix/",19.0,82
2026-09-13 17:26:58.865,1026.5,16.0,2.26,23.53,12.94,16.08,3.12,0.78,0.84,0.11,480.0,1.0,-0.84,12.0,86.0,67.0,100.0,0.5,12.9,"Closed loop, using oxygen sensor feedback to determine fuel mix/",19.0,82
2026-09-13 17:26:59.248,873.25,14.0,1.85,22.35,12.55,15.69,3.12,0.78,0.85,0.49,480.0,1.0,-0.86,12.0,86.0,67.0,100.0,0.5,12.9,"Closed loop, using oxygen sensor feedback to determine fuel mix/",19.0,82
2026-09-13 17:26:59.615,857.5,15.0,1.8,22.75,12.55,14.12,0.0,0.78,0.73,0.8,480.0,1.0,-0.85,12.0,86.0,67.0,100.0,0.5,12.9,"Closed loop, using oxygen sensor feedback to determine fuel mix/",19.0,82
2026-09-13 17:26:59.997,867.0,15.0,2.56,28.24,17.65,22.35,0.0,1.56,0.75,0.83,480.0,1.0,-0.85,12.0,86.0,67.0,100.0,0.5,12.9,"Closed loop, using oxygen sensor feedback to determine fuel mix/",19.0,82
2026-09-13 17:27:00.397,1085.25,20.0,2.72,25.88,13.33,15.69,-0.78,0.78,0.29,0.81,481.0,1.0,-0.8,11.0,86.0,67.0,100.0,6.0,12.7,"Closed loop, using oxygen sensor feedback to determine fuel mix/",19.0,82
2026-09-13 17:27:00.987,811.0,15.0,1.83,22.75,13.73,15.69,-1.56,0.78,0.76,0.77,481.0,1.0,-0.85,11.0,86.0,67.0,100.0,6.0,12.7,"Closed loop, using oxygen sensor feedback to determine fuel mix/",19.0,82
2026-09-13 17:27:01.340,791.25,16.0,2.05,23.92,13.33,17.65,-1.56,0.78,0.24,0.77,481.0,1.0,-0.84,11.0,86.0,67.0,100.0,6.0,12.7,"Closed loop, using oxygen sensor feedback to determine fuel mix/",19.0,82
2026-09-13 17:27:01.723,797.25,16.0,1.98,23.92,14.9,17.25,-1.56,0.78,0.09,0.79,480.0,1.0,-0.84,11.0,86.0,67.0,100.0,6.0,12.7,"Closed loop, using oxygen sensor feedback to determine fuel mix/",19.0,82
2026-09-13 17:27:02.059,816.75,16.0,2.15,24.71,13.73,17.65,-1.56,1.56,0.09,0.77,480.0,1.0,-0.84,11.0,86.0,67.0,100.0,6.0,12.7,"Closed loop, using oxygen sensor feedback to determine fuel mix/",19.0,82
2026-09-13 17:27:02.443,825.25,16.0,2.23,24.71,14.9,19.22,2.34,0.78,0.09,0.72,480.0,1.0,-0.84,10.0,87.0,68.0,100.0,-4.0,12.9,"Closed loop, using oxygen sensor feedback to determine fuel mix/",19.0,82
2026-09-13 17:27:03.031,792.0,18.0,2.19,24.31,14.12,18.82,2.34,0.78,0.14,0.62,480.0,1.0,-0.82,10.0,87.0,68.0,100.0,-4.0,12.9,"Closed loop, using oxygen sensor feedback to determine fuel mix/",19.0,82
2026-09-13 17:27:03.420,772.5,17.0,2.09,23.92,13.73,18.04,2.34,0.78,0.78,0.59,480.0,1.0,-0.83,10.0,87.0,68.0,100.0,-4.0,12.9,"Closed loop, using oxygen sensor feedback to determine fuel mix/",19.0,82
2026-09-13 17:27:03.783,767.0,18.0,2.0,25.88,20.39,18.04,2.34,2.34,0.82,0.6,480.0,1.0,-0.82,10.0,87.0,68.0,100.0,-4.0,12.9,"Closed loop, using oxygen sensor feedback to determine fuel mix/",19.0,82
2026-09-13 17:27:04.166,990.25,29.0,4.83,30.98,20.78,30.98,-0.78,0.0,0.72,0.76,480.0,1.0,-0.71,10.0,87.0,68.0,100.0,-4.0,12.9,"Closed loop, using oxygen sensor feedback to determine fuel mix/",19.0,82
2026-09-13 17:27:04.534,1280.0,28.0,4.95,30.2,20.39,15.29,-1.56,0.0,0.84,0.79,481.0,1.0,-0.72,10.0,87.0,67.0,100.0,22.5,13.0,"Closed loop, using oxygen sensor feedback to determine fuel mix/",19.0,82
2026-09-13 17:27:05.204,1385.75,25.0,4.69,30.59,20.0,15.29,-2.34,0.0,0.78,0.84,481.0,1.0,-0.75,10.0,87.0,67.0,100.0,22.5,13.0,"Closed loop, using oxygen sensor feedback to determine fuel mix/",19.0,82
2026-09-13 17:27:05.572,1401.5,23.0,4.58,29.8,16.86,,-2.34,0.78,0.08,0.82,481.0,1.0,-0.77,10.0,87.0,67.0,100.0,22.5,13.0,"Closed loop, using oxygen sensor feedback to determine fuel mix/",19.0,82
2026-09-13 17:27:05.926,1350.5,16.0,3.26,27.84,16.08,11.76,-2.34,0.78,0.13,0.74,481.0,1.0,-0.84,10.0,87.0,67.0,100.0,22.5,13.0,"Closed loop, using oxygen sensor feedback to determine fuel mix/",19.0,82
2026-09-13 17:27:06.277,1340.25,14.0,2.73,26.27,16.08,9.8,-2.34,0.78,0.72,0.54,481.0,1.0,-0.86,10.0,87.0,67.0,100.0,22.5,13.0,"Closed loop, using oxygen sensor feedback to determine fuel mix/",19.0,82
2026-09-13 17:27:06.643,1292.25,14.0,2.76,26.27,16.08,10.98,-3.12,0.78,0.76,0.56,481.0,1.0,-0.86,11.0,87.0,67.0,100.0,30.0,12.9,"Closed loop, using oxygen sensor feedback to determine fuel mix/",19.0,82
2026-09-13 17:27:07.297,1234.25,14.0,2.69,26.27,16.86,12.16,-3.91,0.78,0.68,0.76,482.0,1.0,-0.86,11.0,87.0,67.0,100.0,30.0,12.9,"Closed loop, using oxygen sensor feedback to determine fuel mix/",19.0,82
2026-09-13 17:27:07.681,1205.0,16.0,3.14,27.06,16.47,15.29,-3.91,0.78,0.1,0.78,483.0,1.0,-0.84,11.0,87.0,67.0,100.0,30.0,12.9,"Closed loop, using oxygen sensor feedback to determine fuel mix/",19.0,82
2026-09-13 17:27:08.050,1131.75,16.0,2.79,26.67,16.08,14.9,-3.91,0.78,0.07,0.77,484.0,1.0,-0.84,11.0,87.0,67.0,100.0,30.0,12.9,"Closed loop, using oxygen sensor feedback to determine fuel mix/",19.0,82
2026-09-13 17:27:08.419,1060.0,16.0,2.73,26.27,16.08,16.86,-3.91,0.78,0.07,0.72,484.0,1.0,-0.84,11.0,87.0,67.0,100.0,30.0,12.9,"Closed loop, using oxygen sensor feedback to determine fuel mix/",19.0,82
2026-09-13 17:27:08.797,1019.0,16.0,2.73,26.27,16.08,18.43,0.0,0.78,0.08,0.52,485.0,1.0,-0.84,10.0,87.0,67.0,100.0,1.0,12.7,"Closed loop, using oxygen sensor feedback to determine fuel mix/",19.0,83
2026-09-13 17:27:09.437,944.0,17.0,2.69,25.88,15.69,18.82,0.78,0.78,0.74,0.28,486.0,1.0,-0.83,10.0,87.0,67.0,100.0,1.0,12.7,"Closed loop, using oxygen sensor feedback to determine fuel mix/",19.0,83
2026-09-13 17:27:09.836,924.75,18.0,2.52,25.88,15.29,18.43,0.78,0.78,0.79,0.32,486.0,1.0,-0.82,10.0,87.0,67.0,100.0,1.0,12.7,"Closed loop, using oxygen sensor feedback to determine fuel mix/",19.0,83
2026-09-13 17:27:10.205,896.5,16.0,2.45,25.49,14.9,18.43,0.78,0.78,0.81,0.4,486.0,1.0,-0.84,10.0,87.0,67.0,100.0,1.0,12.7,"Closed loop, using oxygen sensor feedback to determine fuel mix/",19.0,83
2026-09-13 17:27:10.586,878.25,16.0,2.31,25.1,15.29,18.04,0.78,0.78,0.81,0.66,486.0,1.0,-0.84,10.0,87.0,67.0,100.0,1.0,12.7,"Closed loop, using oxygen sensor feedback to determine fuel mix/",19.0,83
2026-09-13 17:27:10.953,847.75,18.0,2.37,25.49,14.9,19.22,-3.12,0.78,0.8,0.79,486.0,1.0,-0.82,6.0,87.0,67.0,100.0,6.0,12.7,"Closed loop, using oxygen sensor feedback to determine fuel mix/",19.0,83
2026-09-13 17:27:11.576,821.0,16.0,2.19,24.71,14.9,18.82,-3.91,0.78,0.59,0.81,486.0,1.0,-0.84,6.0,87.0,67.0,100.0,6.0,12.7,"Closed loop, using oxygen sensor feedback to determine fuel mix/",19.0,83
2026-09-13 17:27:11.964,803.75,17.0,2.23,25.1,14.9,19.22,-3.91,0.78,0.1,0.79,486.0,1.0,-0.83,6.0,87.0,67.0,100.0,6.0,12.7,"Closed loop, using oxygen sensor feedback to determine fuel mix/",19.0,83
2026-09-13 17:27:12.310,786.25,18.0,2.23,25.1,14.9,19.61,-3.91,0.78,0.08,0.76,486.0,1.0,-0.82,6.0,87.0,67.0,100.0,6.0,12.7,"Closed loop, using oxygen sensor feedback to determine fuel mix/",19.0,83
2026-09-13 17:27:12.632,776.25,18.0,2.28,25.1,14.9,19.61,0.0,0.78,0.07,0.7,486.0,1.0,-0.82,6.0,87.0,67.0,100.0,6.0,12.7,"Closed loop, using oxygen sensor feedback to determine fuel mix/",19.0,83
2026-09-13 17:27:13.029,770.0,18.0,2.26,25.1,15.29,20.0,0.0,0.78,0.07,0.6,486.0,1.0,-0.82,5.0,87.0,67.0,100.0,6.5,12.9,"Closed loop, using oxygen sensor feedback to determine fuel mix/",19.0,83
2026-09-13 17:27:13.652,767.25,18.0,2.29,29.8,20.39,21.96,0.78,1.56,0.09,0.28,486.0,1.0,-0.82,5.0,87.0,67.0,100.0,6.5,12.9,"Closed loop, using oxygen sensor feedback to determine fuel mix/",19.0,83
2026-09-13 17:27:14.038,935.75,32.0,5.06,31.37,21.57,35.69,1.56,0.0,0.07,0.19,487.0,1.0,-0.68,5.0,87.0,67.0,100.0,6.5,12.9,"Closed loop, using oxygen sensor feedback to determine fuel mix/",19.0,83
2026-09-13 17:27:14.404,1177.0,34.0,5.92,31.76,21.57,28.63,2.34,0.0,0.73,0.14,489.0,1.0,-0.66,5.0,87.0,67.0,100.0,6.5,12.9,"Closed loop, using oxygen sensor feedback to determine fuel mix/",19.0,83
2026-09-13 17:27:14.788,1245.5,36.0,5.9,31.76,21.57,25.1,2.34,0.0,0.83,0.2,492.0,1.0,-0.64,5.0,87.0,67.0,100.0,6.5,12.9,"Closed loop, using oxygen sensor feedback to determine fuel mix/",19.0,83
2026-09-13 17:27:15.165,1292.75,35.0,5.93,31.76,21.57,23.14,-2.34,0.0,0.83,0.72,496.0,1.0,-0.65,8.0,88.0,67.0,100.0,32.0,13.0,"Closed loop, using oxygen sensor feedback to determine fuel mix/",19.0,82
2026-09-13 17:27:15.713,1338.25,35.0,5.89,31.76,21.18,21.18,-3.91,0.0,0.09,0.76,498.0,1.0,-0.65,8.0,88.0,67.0,100.0,32.0,13.0,"Closed loop, using oxygen sensor feedback to determine fuel mix/",19.0,82
2026-09-13 17:27:16.078,1363.5,31.0,5.24,30.2,16.47,16.47,-3.12,0.78,0.1,0.49,499.0,1.0,-0.69,8.0,88.0,67.0,100.0,32.0,13.0,"Closed loop, using oxygen sensor feedback to determine fuel mix/",19.0,82
2026-09-13 17:27:16.447,1280.75,18.0,2.94,27.06,16.08,12.16,0.78,2.34,0.14,0.38,499.0,1.0,-0.82,8.0,88.0,67.0,100.0,32.0,13.0,"Closed loop, using oxygen sensor feedback to determine fuel mix/",19.0,82
2026-09-13 17:27:16.797,1280.25,15.0,2.69,26.27,16.08,10.59,0.78,2.34,0.87,0.3,498.0,1.0,-0.85,8.0,88.0,67.0,100.0,32.0,13.0,"Closed loop, using oxygen sensor feedback to determine fuel mix/",19.0,82
2026-09-13 17:27:17.214,1189.75,18.0,3.66,30.98,21.96,25.49,0.78,1.56,0.88,0.76,499.0,1.0,-0.82,10.0,88.0,67.0,100.0,7.0,12.9,"Closed loop, using oxygen sensor feedback to determine fuel mix/",19.0,83
2026-09-13 17:27:17.868,1220.75,39.0,7.49,34.51,25.49,34.51,-4.69,0.0,0.06,0.76,503.0,1.0,-0.61,10.0,88.0,67.0,100.0,7.0,12.9,"Closed loop, using oxygen sensor feedback to determine fuel mix/",19.0,83
2026-09-13 17:27:18.266,1527.0,43.0,11.76,35.69,25.49,25.49,0.0,0.0,0.04,0.14,507.0,1.0,-0.57,10.0,88.0,67.0,100.0,7.0,12.9,"Closed loop, using oxygen sensor feedback to determine fuel mix/",19.0,83
2026-09-13 17:27:18.668,1678.25,42.0,12.47,35.69,25.49,25.88,2.34,0.0,0.06,0.09,510.0,1.0,-0.58,10.0,88.0,67.0,100.0,7.0,12.9,"Closed loop, using oxygen sensor feedback to determine fuel mix/",19.0,83
2026-09-13 17:27:19.035,1722.75,43.0,11.51,34.12,21.18,21.18,4.69,0.0,0.1,0.07,513.0,1.0,-0.57,10.0,88.0,67.0,100.0,7.0,12.9,"Closed loop, using oxygen sensor feedback to determine fuel mix/",19.0,83
2026-09-13 17:27:19.424,1488.0,28.0,4.43,28.24,17.25,11.76,3.91,2.34,0.78,0.11,515.0,1.0,-0.72,16.0,88.0,66.0,100.0,26.5,13.0,"Closed loop, using oxygen sensor feedback to determine fuel mix/",19.0,83
2026-09-13 17:27:20.040,1335.0,18.0,3.0,27.45,17.25,10.98,3.91,2.34,0.9,0.41,515.0,1.0,-0.82,16.0,88.0,66.0,100.0,26.5,13.0,"Closed loop, using oxygen sensor feedback to determine fuel mix/",19.0,83
2026-09-13 17:27:20.391,1343.75,18.0,3.2,27.84,17.65,11.37,0.78,3.12,0.9,0.86,515.0,1.0,-0.82,16.0,88.0,66.0,100.0,26.5,13.0,"Closed loop, using oxygen sensor feedback to determine fuel mix/",19.0,83
2026-09-13 17:27:20.742,1347.0,18.0,3.3,27.84,17.65,11.76,0.78,2.34,0.88,0.89,516.0,1.0,-0.82,16.0,88.0,66.0,100.0,26.5,13.0,"Closed loop, using oxygen sensor feedback to determine fuel mix/",19.0,83
2026-09-13 17:27:21.077,1298.25,18.0,3.82,30.2,18.04,16.86,0.0,0.78,0.85,0.88,517.0,1.0,-0.82,16.0,88.0,66.0,100.0,26.5,13.0,"Closed loop, using oxygen sensor feedback to determine fuel mix/",19.0,83
2026-09-13 17:27:21.461,1297.5,18.0,3.69,28.24,18.04,14.51,0.0,0.78,0.7,0.83,517.0,1.0,-0.82,16.0,88.0,67.0,100.0,25.5,12.9,"Closed loop, using oxygen sensor feedback to determine fuel mix/",19.0,83
2026-09-13 17:27:22.099,1365.75,17.0,3.66,28.24,18.04,14.9,-0.78,0.78,0.1,0.73,518.0,1.0,-0.83,16.0,88.0,67.0,100.0,25.5,12.9,"Closed loop, using oxygen sensor feedback to determine fuel mix/",19.0,83
2026-09-13 17:27:22.484,1274.75,17.0,3.69,28.24,17.65,14.9,3.12,0.78,0.12,0.6,518.0,1.0,-0.83,16.0,88.0,67.0,100.0,25.5,12.9,"Closed loop, using oxygen sensor feedback to determine fuel mix/",19.0,83
2026-09-13 17:27:22.837,1272.25,17.0,3.49,27.84,17.65,14.12,3.12,0.78,0.77,0.59,518.0,1.0,-0.83,16.0,88.0,67.0,100.0,25.5,12.9,"Closed loop, using oxygen sensor feedback to determine fuel mix/",19.0,83
2026-09-13 17:27:23.221,1253.75,16.0,3.26,27.45,17.25,14.12,3.12,0.78,0.84,0.61,518.0,1.0,-0.84,16.0,88.0,67.0,100.0,25.5,12.9,"Closed loop, using oxygen sensor feedback to determine fuel mix/",19.0,83
2026-09-13 17:27:23.583,1221.75,16.0,3.24,27.45,17.25,15.29,-0.78,0.78,0.84,0.82,518.0,1.0,-0.84,15.0,88.0,66.0,100.0,-1.0,12.9,"Closed loop, using oxygen sensor feedback to determine fuel mix/",19.0,83
2026-09-13 17:27:24.145,1186.75,15.0,3.12,27.06,16.47,14.9,-0.78,0.78,0.81,0.84,518.0,1.0,-0.85,15.0,88.0,66.0,100.0,-1.0,12.9,"Closed loop, using oxygen sensor feedback to determine fuel mix/",19.0,83
2026-09-13 17:27:24.527,1182.75,15.0,2.86,26.67,16.08,14.12,-1.56,0.78,0.8,0.83,518.0,1.0,-0.85,15.0,88.0,66.0,100.0,-1.0,12.9,"Closed loop, using oxygen sensor feedback to determine fuel mix/",19.0,83
2026-09-13 17:27:24.878,1160.0,14.0,2.78,26.67,16.08,14.51,-1.56,0.78,0.8,0.82,518.0,1.0,-0.86,15.0,88.0,66.0,100.0,-1.0,12.9,"Closed loop, using oxygen sensor feedback to determine fuel mix/",19.0,83
2026-09-13 17:27:25.261,1148.5,15.0,2.83,26.27,16.08,15.29,-3.12,0.78,0.77,0.81,518.0,1.0,-0.85,15.0,88.0,66.0,100.0,-1.0,12.9,"Closed loop, using oxygen sensor feedback to determine fuel mix/",19.0,83
2026-09-13 17:27:25.661,1123.25,15.0,2.77,26.27,16.08,15.29,-4.69,0.78,0.67,0.82,518.0,1.0,-0.85,14.0,89.0,66.0,100.0,4.0,12.8,"Closed loop, using oxygen sensor feedback to determine fuel mix/",19.0,83
2026-09-13 17:27:26.286,1041.25,15.0,2.42,25.49,14.51,15.69,-2.34,0.78,0.09,0.8,518.0,1.0,-0.85,14.0,89.0,66.0,100.0,4.0,12.8,"Closed loop, using oxygen sensor feedback to determine fuel mix/",19.0,83
2026-09-13 17:27:26.668,968.0,14.0,2.23,23.92,13.33,15.69,-2.34,0.78,0.12,0.76,518.0,1.0,-0.86,14.0,89.0,66.0,100.0,4.0,12.8,"Closed loop, using oxygen sensor feedback to determine fuel mix/",19.0,83
2026-09-13 17:27:27.035,877.25,15.0,1.99,23.14,11.76,16.08,-2.34,0.78,0.77,0.73,518.0,1.0,-0.85,14.0,89.0,66.0,100.0,4.0,12.8,"Closed loop, using oxygen sensor feedback to determine fuel mix/",19.0,83
2026-09-13 17:27:27.386,779.0,14.0,1.73,22.35,11.76,15.29,-3.12,0.78,0.81,0.73,517.0,1.0,-0.86,14.0,89.0,66.0,100.0,4.0,12.8,"Closed loop, using oxygen sensor feedback to determine fuel mix/",19.0,83
2026-09-13 17:27:27.753,736.25,16.0,1.69,21.96,11.76,14.9,-3.12,0.78,0.82,0.78,517.0,1.0,-0.84,9.0,89.0,66.0,100.0,20.5,12.8,"Closed loop, using oxygen sensor feedback to determine fuel mix/",19.0,83
2026-09-13 17:27:28.407,711.75,15.0,1.64,21.96,12.94,14.9,-3.91,0.78,0.81,0.82,516.0,1.0,-0.85,9.0,89.0,66.0,100.0,20.5,12.8,"Closed loop, using oxygen sensor feedback to determine fuel mix/",19.0,83
2026-09-13 17:27:28.792,684.5,17.0,1.86,24.31,15.29,17.25,-4.69,0.78,0.76,0.82,515.0,1.0,-0.83,9.0,89.0,66.0,100.0,20.5,12.8,"Closed loop, using oxygen sensor feedback to determine fuel mix/",19.0,83
2026-09-13 17:27:29.110,693.0,19.0,2.24,25.1,15.69,20.0,-6.25,0.78,0.42,0.82,515.0,1.0,-0.81,9.0,89.0,66.0,100.0,20.5,12.8,"Closed loop, using oxygen sensor feedback to determine fuel mix/",19.0,83
2026-09-13 17:27:29.479,737.0,20.0,2.42,25.88,16.08,21.57,-4.69,0.78,0.07,0.8,515.0,1.0,-0.8,9.0,89.0,66.0,100.0,20.5,12.8,"Closed loop, using oxygen sensor feedback to determine fuel mix/",19.0,83
2026-09-13 17:27:29.862,797.5,20.0,2.59,26.27,15.69,22.35,-4.69,0.78,0.07,0.74,515.0,1.0,-0.8,9.0,89.0,66.0,100.0,-0.5,13.0,"Closed loop, using oxygen sensor feedback to determine fuel mix/",19.0,83
2026-09-13 17:27:30.501,811.5,19.0,2.31,25.1,14.9,19.22,-0.78,0.78,0.07,0.47,514.0,1.0,-0.81,9.0,89.0,66.0,100.0,-0.5,13.0,"Closed loop, using oxygen sensor feedback to determine fuel mix/",19.0,83
2026-09-13 17:27:30.900,819.0,17.0,2.23,24.31,14.51,18.43,-0.78,0.78,0.07,0.26,514.0,1.0,-0.83,9.0,89.0,66.0,100.0,-0.5,13.0,"Closed loop, using oxygen sensor feedback to determine fuel mix/",19.0,83
2026-09-13 17:27:31.235,810.25,18.0,2.39,31.37,22.75,34.51,0.0,0.78,0.09,0.16,513.0,1.0,-0.82,9.0,89.0,66.0,100.0,-0.5,13.0,"Closed loop, using oxygen sensor feedback to determine fuel mix/",19.0,83
2026-09-13 17:27:31.617,1230.25,35.0,7.81,33.33,23.92,27.06,2.34,0.0,0.07,0.11,514.0,1.0,-0.65,9.0,89.0,66.0,100.0,-0.5,13.0,"Closed loop, using oxygen sensor feedback to determine fuel mix/",19.0,83
2026-09-13 17:27:31.985,1470.5,40.0,9.15,34.12,23.92,23.92,5.47,-0.78,0.06,0.1,516.0,1.0,-0.6,10.0,89.0,66.0,100.0,20.5,13.0,"Closed loop, using oxygen sensor feedback to determine fuel mix/",19.0,83
2026-09-13 17:27:32.543,1638.5,38.0,9.83,34.12,20.78,20.0,4.69,0.0,0.79,0.1,520.0,1.0,-0.62,10.0,89.0,66.0,100.0,20.5,13.0,"Closed loop, using oxygen sensor feedback to determine fuel mix/",19.0,83
2026-09-13 17:27:32.942,1701.5,27.0,5.38,30.98,20.39,10.2,4.69,0.78,0.79,0.25,521.0,1.0,-0.73,10.0,89.0,66.0,100.0,20.5,13.0,"Closed loop, using oxygen sensor feedback to determine fuel mix/",19.0,83
2026-09-13 17:27:33.311,1690.75,24.0,5.11,30.59,20.39,9.8,3.91,0.78,0.85,0.55,521.0,1.0,-0.76,10.0,89.0,66.0,100.0,20.5,13.0,"Closed loop, using oxygen sensor feedback to determine fuel mix/",19.0,83
2026-09-13 17:27:33.694,1715.5,22.0,5.06,30.59,22.75,10.2,0.78,0.78,0.86,0.85,521.0,1.0,-0.78,10.0,89.0,66.0,100.0,20.5,13.0,"Closed loop, using oxygen sensor feedback to determine fuel mix/",19.0,83
2026-09-13 17:27:34.061,1785.5,30.0,8.21,34.12,23.53,17.65,-0.78,0.0,0.65,0.83,523.0,1.0,-0.7,14.0,89.0,65.0,100.0,32.0,12.9,"Closed loop, using oxygen sensor feedback to determine fuel mix/",19.0,83
2026-09-13 17:27:34.685,1957.25,34.0,9.01,33.73,23.53,16.47,3.12,0.0,0.09,0.3,524.0,1.0,-0.66,14.0,89.0,65.0,100.0,32.0,12.9,"Closed loop, using oxygen sensor feedback to determine fuel mix/",19.0,83
2026-09-13 17:27:35.002,1991.5,33.0,9.05,33.73,23.53,16.47,3.91,0.0,0.78,0.29,525.0,1.0,-0.67,14.0,89.0,65.0,100.0,32.0,12.9,"Closed loop, using oxygen sensor feedback to determine fuel mix/",19.0,83
2026-09-13 17:27:35.385,1863.5,33.0,9.23,33.73,23.53,18.43,-0.78,0.78,0.81,0.58,526.0,1.0,-0.67,14.0,89.0,65.0,100.0,32.0,12.9,"Closed loop, using oxygen sensor feedback to determine fuel mix/",19.0,83
2026-09-13 17:27:35.724,1549.5,39.0,9.49,34.51,25.1,20.78,3.12,0.78,0.06,0.7,529.0,1.0,-0.61,14.0,89.0,65.0,100.0,32.0,12.9,"Closed loop, using oxygen sensor feedback to determine fuel mix/",19.0,83
2026-09-13 17:27:36.104,1721.5,41.0,12.34,35.69,25.88,25.1,4.69,0.0,0.07,0.2,535.0,1.0,-0.59,18.0,89.0,65.0,100.0,10.5,12.9,"Closed loop, using oxygen sensor feedback to determine fuel mix/",19.0,83
2026-09-13 17:27:36.696,1938.25,44.0,17.28,37.25,27.45,31.76,7.03,0.0,0.83,0.47,543.0,1.0,-0.56,18.0,89.0,65.0,100.0,10.5,12.9,"Closed loop, using oxygen sensor feedback to determine fuel mix/",19.0,83
2026-09-13 17:27:37.080,2031.0,48.0,20.25,38.04,27.45,35.69,1.56,-0.78,0.82,0.83,547.0,1.0,-0.52,18.0,89.0,65.0,100.0,10.5,12.9,"Closed loop, using oxygen sensor feedback to determine fuel mix/",19.0,83
2026-09-13 17:27:37.433,2114.5,45.0,14.51,35.29,20.78,23.92,-1.56,0.78,0.79,0.81,550.0,1.0,-0.55,18.0,89.0,65.0,100.0,10.5,12.9,"Closed loop, using oxygen sensor feedback to determine fuel mix/",19.0,83
2026-09-13 17:27:37.832,1936.25,24.0,4.4,29.02,18.43,7.06,-3.91,1.56,0.54,0.73,552.0,1.0,-0.76,18.0,89.0,65.0,100.0,10.5,12.9,"Closed loop, using oxygen sensor feedback to determine fuel mix/",19.0,83
2026-09-13 17:27:38.168,1814.25,14.0,2.89,27.84,18.04,5.49,-4.69,1.56,0.85,0.64,553.0,1.0,-0.86,23.0,90.0,64.0,100.0,10.5,13.0,"Closed loop, using oxygen sensor feedback to determine fuel mix/",19.0,83
2026-09-13 17:27:38.787,1801.5,13.0,3.4,28.24,18.04,6.67,-0.78,1.56,0.07,0.8,556.0,1.0,-0.87,23.0,90.0,64.0,100.0,10.5,13.0,"Closed loop, using oxygen sensor feedback to determine fuel mix/",19.0,83
2026-09-13 17:27:39.155,1767.75,14.0,3.52,28.24,18.04,7.06,-0.78,1.56,0.68,0.67,558.0,1.0,-0.86,23.0,90.0,64.0,100.0,10.5,13.0,"Closed loop, using oxygen sensor feedback to determine fuel mix/",19.0,83
2026-09-13 17:27:39.527,1742.5,13.0,3.65,28.24,17.65,7.45,-1.56,1.56,0.64,0.68,559.0,1.0,-0.87,23.0,90.0,64.0,100.0,10.5,13.0,"Closed loop, using oxygen sensor feedback to determine fuel mix/",19.0,83
2026-09-13 17:27:39.873,1572.5,14.0,3.34,27.84,17.25,7.84,-1.56,1.56,0.76,0.74,561.0,1.0,-0.86,23.0,90.0,64.0,100.0,10.5,13.0,"Closed loop, using oxygen sensor feedback to determine fuel mix/",19.0,83
2026-09-13 17:27:40.273,1444.0,14.0,3.29,27.45,16.08,10.59,-1.56,1.56,0.76,0.79,562.0,1.0,-0.86,22.0,90.0,65.0,100.0,2.0,12.9,"Closed loop, using oxygen sensor feedback to determine fuel mix/",19.0,83
2026-09-13 17:27:40.896,1195.25,14.0,2.5,25.49,16.08,13.73,-3.12,1.56,0.79,0.8,562.0,1.0,-0.86,22.0,90.0,65.0,100.0,2.0,12.9,"Closed loop, using oxygen sensor feedback to determine fuel mix/",19.0,83
2026-09-13 17:27:41.284,1073.75,16.0,2.74,26.27,15.29,16.08,-4.69,1.56,0.81,0.81,562.0,1.0,-0.84,22.0,90.0,65.0,100.0,2.0,12.9,"Closed loop, using oxygen sensor feedback to determine fuel mix/",19.0,83
2026-09-13 17:27:41.651,1071.5,16.0,2.46,25.49,15.29,14.9,-6.25,1.56,0.79,0.82,562.0,1.0,-0.84,22.0,90.0,65.0,100.0,2.0,12.9,"Closed loop, using oxygen sensor feedback to determine fuel mix/",19.0,83
2026-09-13 17:27:42.030,1069.5,15.0,2.49,25.49,15.29,15.29,-7.81,1.56,0.68,0.82,562.0,1.0,-0.85,22.0,90.0,65.0,100.0,2.0,12.9,"Closed loop, using oxygen sensor feedback to determine fuel mix/",19.0,83
2026-09-13 17:27:42.399,1037.25,15.0,2.55,25.88,15.29,15.69,-3.91,1.56,0.09,0.81,562.0,1.0,-0.85,21.0,90.0,65.0,100.0,8.0,12.9,"Closed loop, using oxygen sensor feedback to determine fuel mix/",19.0,83
2026-09-13 17:27:43.051,1041.25,14.0,2.36,25.1,14.9,14.9,-3.91,1.56,0.13,0.75,562.0,1.0,-0.86,21.0,90.0,65.0,100.0,8.0,12.9,"Closed loop, using oxygen sensor feedback to determine fuel mix/",19.0,83
2026-09-13 17:27:43.435,1023.75,14.0,2.36,25.1,15.29,15.69,-3.91,1.56,0.76,0.72,561.0,1.0,-0.86,21.0,90.0,65.0,100.0,8.0,12.9,"Closed loop, using oxygen sensor feedback to determine fuel mix/",19.0,83
2026-09-13 17:27:43.787,1013.0,16.0,2.43,24.71,14.51,16.08,-3.91,1.56,0.79,0.74,561.0,1.0,-0.84,21.0,90.0,65.0,100.0,8.0,12.9,"Closed loop, using oxygen sensor feedback to determine fuel mix/",19.0,83
2026-09-13 17:27:44.153,967.0,14.0,2.26,24.71,13.33,15.69,-4.69,1.56,0.78,0.8,561.0,1.0,-0.86,21.0,90.0,65.0,100.0,8.0,12.9,"Closed loop, using oxygen sensor feedback to determine fuel mix/",19.0,83
2026-09-13 17:27:44.505,922.75,14.0,2.01,23.53,13.33,14.9,-4.69,1.56,0.77,0.81,560.0,1.0,-0.86,18.0,91.0,65.0,100.0,24.0,12.9,"Closed loop, using oxygen sensor feedback to determine fuel mix/",19.0,83
2026-09-13 17:27:45.100,1041.25,15.0,2.51,27.06,18.43,15.29,-6.25,0.78,0.73,0.81,559.0,1.0,-0.85,18.0,91.0,65.0,100.0,24.0,12.9,"Closed loop, using oxygen sensor feedback to determine fuel mix/",19.0,83
2026-09-13 17:27:45.481,1262.5,27.0,8.74,31.76,22.75,26.27,-6.25,0.0,0.06,0.78,559.0,1.0,-0.73,18.0,91.0,65.0,100.0,24.0,12.9,"Closed loop, using oxygen sensor feedback to determine fuel mix/",19.0,83
2026-09-13 17:27:45.833,1679.25,27.0,8.3,33.33,20.78,16.47,-0.78,0.0,0.07,0.33,559.0,1.0,-0.73,18.0,91.0,65.0,100.0,24.0,12.9,"Closed loop, using oxygen sensor feedback to determine fuel mix/",19.0,83
2026-09-13 17:27:46.170,1827.75,19.0,5.11,29.41,18.43,9.02,-1.56,0.78,0.86,0.16,559.0,1.0,-0.81,18.0,91.0,65.0,100.0,24.0,12.9,"Closed loop, using oxygen sensor feedback to determine fuel mix/",19.0,83
2026-09-13 17:27:46.549,1649.0,14.0,4.12,27.84,17.65,7.45,-1.56,0.78,0.83,0.49,558.0,1.0,-0.86,13.0,91.0,64.0,100.0,3.0,13.0,"Closed loop, using oxygen sensor feedback to determine fuel mix/",19.0,83
2026-09-13 17:27:47.140,1436.0,14.0,3.3,27.45,16.47,10.2,-4.69,0.78,0.07,0.81,557.0,1.0,-0.86,13.0,91.0,64.0,100.0,3.0,13.0,"Closed loop, using oxygen sensor feedback to determine fuel mix/",19.0,83
2026-09-13 17:27:47.493,1306.5,13.0,2.93,26.27,16.08,11.76,-4.69,0.78,0.07,0.77,557.0,1.0,-0.87,13.0,91.0,64.0,100.0,3.0,13.0,"Closed loop, using oxygen sensor feedback to determine fuel mix/",19.0,83
2026-09-13 17:27:47.859,1222.25,13.0,2.52,25.88,15.29,11.76,-1.56,1.56,0.1,0.68,556.0,1.0,-0.87,13.0,91.0,64.0,100.0,3.0,13.0,"Closed loop, using oxygen sensor feedback to determine fuel mix/",19.0,83
2026-09-13 17:27:48.243,1174.25,14.0,2.44,25.49,14.51,12.16,-4.69,1.56,0.73,0.54,556.0,1.0,-0.86,13.0,91.0,64.0,100.0,3.0,13.0,"Closed loop, using oxygen sensor feedback to determine fuel mix/",19.0,83
2026-09-13 17:27:48.610,1101.0,13.0,2.15,24.31,13.73,12.55,-4.69,1.56,0.76,0.48,555.0,1.0,-0.87,10.0,91.0,64.0,100.0,9.0,12.8,"Closed loop, using oxygen sensor feedback to determine fuel mix/",19.0,83
2026-09-13 17:27:49.255,985.75,13.0,2.01,23.92,13.73,14.12,-1.56,0.78,0.15,0.75,554.0,1.0,-0.87,10.0,91.0,64.0,100.0,9.0,12.8,"Closed loop, using oxygen sensor feedback to determine fuel mix/",19.0,83
2026-09-13 17:27:49.617,991.0,14.0,1.97,23.92,13.33,13.73,-1.56,0.78,0.09,0.77,553.0,1.0,-0.86,10.0,91.0,64.0,100.0,9.0,12.8,"Closed loop, using oxygen sensor feedback to determine fuel mix/",19.0,83
2026-09-13 17:27:50.000,952.5,15.0,1.97,26.67,20.78,15.29,0.78,2.34,0.1,0.75,553.0,1.0,-0.85,10.0,91.0,64.0,100.0,9.0,12.8,"Closed loop, using oxygen sensor feedback to determine fuel mix/",19.0,83
2026-09-13 17:27:50.335,1159.5,26.0,5.16,31.37,21.96,21.96,2.34,0.0,0.1,0.73,552.0,1.0,-0.74,10.0,91.0,64.0,100.0,9.0,12.8,"Closed loop, using oxygen sensor feedback to determine fuel mix/",19.0,83
2026-09-13 17:27:50.686,1317.5,32.0,6.56,32.16,21.96,23.92,-2.34,0.0,0.8,0.59,552.0,1.0,-0.68,9.0,91.0,64.0,100.0,33.5,12.9,"Closed loop, using oxygen sensor feedback to determine fuel mix/",19.0,83
2026-09-13 17:27:51.308,1416.0,32.0,5.74,31.37,20.39,16.08,-3.12,0.0,0.09,0.64,553.0,1.0,-0.68,9.0,91.0,64.0,100.0,33.5,12.9,"Closed loop, using oxygen sensor feedback to determine fuel mix/",19.0,83
2026-09-13 17:27:51.692,1402.75,27.0,4.79,29.41,16.86,14.9,0.78,0.78,0.76,0.42,553.0,1.0,-0.73,9.0,91.0,64.0,100.0,33.5,12.9,"Closed loop, using oxygen sensor feedback to determine fuel mix/",19.0,83
2026-09-13 17:27:52.043,1321.25,18.0,3.15,26.67,16.47,11.37,0.78,1.56,0.87,0.4,553.0,1.0,-0.82,9.0,91.0,64.0,100.0,33.5,12.9,"Closed loop, using oxygen sensor feedback to determine fuel mix/",19.0,83
2026-09-13 17:27:52.409,1315.75,16.0,2.79,27.45,18.43,10.98,0.78,2.34,0.9,0.83,553.0,1.0,-0.84,9.0,91.0,64.0,100.0,33.5,12.9,"Closed loop, using oxygen sensor feedback to determine fuel mix/",19.0,83
2026-09-13 17:27:52.793,1312.5,20.0,4.13,29.41,21.18,15.69,-2.34,1.56,0.88,0.88,552.0,1.0,-0.8,10.0,91.0,64.0,100.0,37.5,12.9,"Closed loop, using oxygen sensor feedback to determine fuel mix/",19.0,83
2026-09-13 17:27:53.422,1463.25,32.0,6.09,32.16,21.96,16.47,-3.91,0.78,0.09,0.82,552.0,1.0,-0.68,10.0,91.0,64.0,100.0,37.5,12.9,"Closed loop, using oxygen sensor feedback to determine fuel mix/",19.0,83
2026-09-13 17:27:53.802,1517.5,33.0,6.62,32.16,21.96,15.29,-3.91,0.78,0.07,0.68,551.0,1.0,-0.67,10.0,91.0,64.0,100.0,37.5,12.9,"Closed loop, using oxygen sensor feedback to determine fuel mix/",19.0,83
2026-09-13 17:27:54.168,1529.25,33.0,6.76,32.16,21.18,18.04,1.56,0.78,0.08,0.28,551.0,1.0,-0.67,10.0,91.0,64.0,100.0,37.5,12.9,"Closed loop, using oxygen sensor feedback to determine fuel mix/",19.0,83
2026-09-13 17:27:54.519,1296.5,31.0,5.67,30.98,20.0,24.71,1.56,0.78,0.71,0.18,550.0,1.0,-0.69,10.0,91.0,64.0,100.0,37.5,12.9,"Closed loop, using oxygen sensor feedback to determine fuel mix/",19.0,83
2026-09-13 17:27:54.822,1222.25,29.0,4.49,29.41,15.69,20.39,1.56,1.56,0.83,0.24,550.0,1.0,-0.71,13.0,91.0,64.0,100.0,28.5,12.9,"Closed loop, using oxygen sensor feedback to determine fuel mix/",19.0,83
2026-09-13 17:27:55.461,1082.75,17.0,2.27,26.67,17.65,13.33,-2.34,0.78,0.89,0.84,549.0,1.0,-0.83,13.0,91.0,64.0,100.0,28.5,12.9,"Closed loop, using oxygen sensor feedback to determine fuel mix/",19.0,83
2026-09-13 17:27:55.844,1029.0,18.0,3.2,27.45,16.47,20.39,-2.34,0.78,0.89,0.88,548.0,1.0,-0.82,13.0,91.0,64.0,100.0,28.5,12.9,"Closed loop, using oxygen sensor feedback to determine fuel mix/",19.0,83
2026-09-13 17:27:56.211,993.5,19.0,2.76,26.27,16.47,18.82,-2.34,0.78,0.82,0.88,548.0,1.0,-0.81,13.0,91.0,64.0,100.0,28.5,12.9,"Closed loop, using oxygen sensor feedback to determine fuel mix/",19.0,83
2026-09-13 17:27:56.594,996.5,17.0,2.76,26.27,15.29,18.82,-2.34,0.78,0.71,0.85,548.0,1.0,-0.83,13.0,91.0,64.0,100.0,28.5,12.9,"Closed loop, using oxygen sensor feedback to determine fuel mix/",19.0,83
2026-09-13 17:27:56.961,968.75,16.0,2.38,24.71,14.51,16.47,-3.12,0.78,0.4,0.82,547.0,1.0,-0.84,12.0,91.0,64.0,100.0,23.5,12.9,"Closed loop, using oxygen sensor feedback to determine fuel mix/",19.0,83
2026-09-13 17:27:57.556,1127.5,27.0,5.59,31.76,21.96,24.31,-3.91,0.0,0.08,0.8,547.0,1.0,-0.73,12.0,91.0,64.0,100.0,23.5,12.9,"Closed loop, using oxygen sensor feedback to determine fuel mix/",19.0,83
2026-09-13 17:27:57.923,1301.0,30.0,6.6,32.16,21.96,25.1,-3.91,0.0,0.07,0.7,547.0,1.0,-0.7,12.0,91.0,64.0,100.0,23.5,12.9,"Closed loop, using oxygen sensor feedback to determine fuel mix/",19.0,83
2026-09-13 17:27:58.321,1335.0,37.0,6.22,32.16,21.57,22.35,1.56,0.0,0.1,0.45,549.0,1.0,-0.63,12.0,91.0,64.0,100.0,23.5,12.9,"Closed loop, using oxygen sensor feedback to determine fuel mix/",19.0,83
2026-09-13 17:27:58.719,1370.0,31.0,4.66,29.41,15.29,14.9,1.56,0.78,0.72,0.36,549.0,1.0,-0.69,12.0,91.0,64.0,100.0,23.5,12.9,"Closed loop, using oxygen sensor feedback to determine fuel mix/",19.0,83
2026-09-13 17:27:59.086,1217.75,17.0,2.62,27.45,18.43,12.94,1.56,0.78,0.8,0.64,549.0,1.0,-0.83,14.0,92.0,64.0,100.0,-4.0,12.9,"Closed loop, using oxygen sensor feedback to determine fuel mix/",19.0,83
2026-09-13 17:27:59.708,1161.75,18.0,3.51,27.84,17.25,18.04,-2.34,0.78,0.81,0.85,549.0,1.0,-0.82,14.0,92.0,64.0,100.0,-4.0,12.9,"Closed loop, using oxygen sensor feedback to determine fuel mix/",19.0,83
2026-09-13 17:28:00.092,1131.75,18.0,3.2,27.45,16.47,17.65,-2.34,0.78,0.71,0.84,549.0,1.0,-0.82,14.0,92.0,64.0,100.0,-4.0,12.9,"Closed loop, using oxygen sensor feedback to determine fuel mix/",19.0,83
2026-09-13 17:28:00.475,1091.5,16.0,2.81,26.67,16.47,16.08,-2.34,0.78,0.12,0.83,549.0,1.0,-0.84,14.0,92.0,64.0,100.0,-4.0,12.9,"Closed loop, using oxygen sensor feedback to determine fuel mix/",19.0,83
2026-09-13 17:28:00.843,1107.5,15.0,2.82,26.67,16.08,16.08,-2.34,0.78,0.12,0.81,548.0,1.0,-0.85,14.0,92.0,64.0,100.0,-4.0,12.9,"Closed loop, using oxygen sensor feedback to determine fuel mix/",19.0,83
2026-09-13 17:28:01.209,1085.5,16.0,2.75,25.88,15.29,15.29,-2.34,0.78,0.1,0.8,548.0,1.0,-0.84,14.0,92.0,64.0,100.0,6.0,13.0,"Closed loop, using oxygen sensor feedback to determine fuel mix/",19.0,83
2026-09-13 17:28:01.769,1057.75,15.0,2.54,24.31,14.9,14.9,-2.34,0.78,0.1,0.79,547.0,1.0,-0.85,14.0,92.0,64.0,100.0,6.0,13.0,"Closed loop, using oxygen sensor feedback to determine fuel mix/",19.0,83
2026-09-13 17:28:02.104,1028.0,15.0,2.33,25.1,14.12,15.69,0.78,0.78,0.12,0.78,547.0,1.0,-0.85,14.0,92.0,64.0,100.0,6.0,13.0,"Closed loop, using oxygen sensor feedback to determine fuel mix/",19.0,83
2026-09-13 17:28:02.489,981.5,14.0,2.08,23.92,13.73,14.12,-2.34,0.78,0.78,0.78,546.0,1.0,-0.86,14.0,92.0,64.0,100.0,6.0,13.0,"Closed loop, using oxygen sensor feedback to determine fuel mix/",19.0,83
2026-09-13 17:28:02.854,952.75,15.0,2.12,23.92,13.73,14.51,-2.34,0.78,0.81,0.79,546.0,1.0,-0.85,14.0,92.0,64.0,100.0,6.0,13.0,"Closed loop, using oxygen sensor feedback to determine fuel mix/",19.0,83
2026-09-13 17:28:03.238,934.75,14.0,2.09,23.53,12.94,14.9,-3.12,0.78,0.79,0.82,545.0,1.0,-0.86,12.0,92.0,64.0,100.0,7.5,12.9,"Closed loop, using oxygen sensor feedback to determine fuel mix/",19.0,83
2026-09-13 17:28:03.891,886.0,14.0,1.89,22.75,12.16,14.51,-3.91,0.78,0.74,0.82,544.0,1.0,-0.86,12.0,92.0,64.0,100.0,7.5,12.9,"Closed loop, using oxygen sensor feedback to determine fuel mix/",19.0,83
2026-09-13 17:28:04.259,823.5,14.0,1.84,22.35,12.55,14.51,-4.69,0.78,0.76,0.81,543.0,1.0,-0.86,12.0,92.0,64.0,100.0,7.5,12.9,"Closed loop, using oxygen sensor feedback to determine fuel mix/",19.0,83
2026-09-13 17:28:04.579,833.25,15.0,1.81,22.75,12.16,14.9,-5.47,0.78,0.74,0.81,543.0,1.0,-0.85,12.0,92.0,64.0,100.0,7.5,12.9,"Closed loop, using oxygen sensor feedback to determine fuel mix/",19.0,83
2026-09-13 17:28:04.932,808.25,14.0,1.77,22.35,11.76,14.9,-7.03,0.78,0.72,0.81,542.0,1.0,-0.86,12.0,92.0,64.0,100.0,7.5,12.9,"Closed loop, using oxygen sensor feedback to determine fuel mix/",19.0,83
2026-09-13 17:28:05.299,782.75,14.0,1.7,21.96,13.73,14.51,-9.38,0.78,0.32,0.81,541.0,1.0,-0.86,11.0,92.0,64.0,100.0,20.5,13.0,"Closed loop, using oxygen sensor feedback to determine fuel mix/",19.0,83
2026-09-13 17:28:05.873,934.0,23.0,3.58,28.63,14.12,23.53,-1.56,0.0,0.07,0.81,540.0,1.0,-0.77,11.0,92.0,64.0,100.0,20.5,13.0,"Closed loop, using oxygen sensor feedback to determine fuel mix/",19.0,83
2026-09-13 17:28:06.191,1023.25,19.0,2.83,25.49,13.33,19.22,-1.56,0.0,0.81,0.77,540.0,1.0,-0.81,11.0,92.0,64.0,100.0,20.5,13.0,"Closed loop, using oxygen sensor feedback to determine fuel mix/",19.0,83
2026-09-13 17:28:06.574,834.25,16.0,2.03,23.92,14.51,17.25,-2.34,0.78,0.86,0.8,539.0,1.0,-0.84,11.0,92.0,64.0,100.0,20.5,13.0,"Closed loop, using oxygen sensor feedback to determine fuel mix/",19.0,83
2026-09-13 17:28:06.975,803.0,18.0,2.25,24.71,13.73,18.43,-2.34,0.78,0.84,0.85,538.0,1.0,-0.82,11.0,92.0,64.0,100.0,20.5,13.0,"Closed loop, using oxygen sensor feedback to determine fuel mix/",19.0,83
2026-09-13 17:28:07.341,795.0,16.0,1.97,23.92,13.33,16.86,-3.12,0.78,0.81,0.85,537.0,1.0,-0.84,10.0,92.0,64.0,100.0,3.0,13.0,"Closed loop, using oxygen sensor feedback to determine fuel mix/",19.0,83
2026-09-13 17:28:07.997,759.25,17.0,1.94,23.53,13.33,16.86,-4.69,0.78,0.67,0.83,536.0,1.0,-0.83,10.0,92.0,64.0,100.0,3.0,13.0,"Closed loop, using oxygen sensor feedback to determine fuel mix/",19.0,83
2026-09-13 17:28:08.350,762.25,16.0,1.95,23.53,13.33,16.86,-3.12,0.78,0.07,0.82,535.0,1.0,-0.84,10.0,92.0,64.0,100.0,3.0,13.0,"Closed loop, using oxygen sensor feedback to determine fuel mix/",19.0,83
2026-09-13 17:28:08.734,758.25,16.0,1.91,23.53,13.33,16.86,-3.12,0.78,0.07,0.81,535.0,1.0,-0.84,10.0,92.0,64.0,100.0,3.0,13.0,"Closed loop, using oxygen sensor feedback to determine fuel mix/",19.0,83
2026-09-13 17:28:09.068,747.75,17.0,1.94,23.53,13.33,16.86,-3.12,0.78,0.07,0.79,534.0,1.0,-0.83,10.0,92.0,64.0,100.0,3.0,13.0,"Closed loop, using oxygen sensor feedback to determine fuel mix/",19.0,83
2026-09-13 17:28:09.449,738.0,16.0,1.92,23.53,12.94,16.86,-3.12,0.78,0.07,0.78,533.0,1.0,-0.84,9.0,92.0,64.0,100.0,7.0,12.9,"Closed loop, using oxygen sensor feedback to determine fuel mix/",19.0,83
2026-09-13 17:28:10.039,746.5,17.0,1.87,23.53,13.33,16.47,0.0,0.78,0.08,0.77,532.0,1.0,-0.83,9.0,92.0,64.0,100.0,7.0,12.9,"Closed loop, using oxygen sensor feedback to determine fuel mix/",19.0,83
2026-09-13 17:28:10.426,737.75,16.0,1.92,23.53,13.73,16.86,0.78,0.78,0.09,0.77,531.0,1.0,-0.84,9.0,92.0,64.0,100.0,7.0,12.9,"Closed loop, using oxygen sensor feedback to determine fuel mix/",19.0,83
2026-09-13 17:28:10.776,738.25,17.0,1.98,23.92,14.12,17.65,0.78,0.78,0.1,0.77,530.0,1.0,-0.83,9.0,92.0,64.0,100.0,7.0,12.9,"Closed loop, using oxygen sensor feedback to determine fuel mix/",19.0,83
2026-09-13 17:28:11.174,763.75,19.0,2.07,24.71,14.51,18.04,1.56,0.78,0.1,0.77,529.0,1.0,-0.81,9.0,92.0,64.0,100.0,7.0,12.9,"Closed loop, using oxygen sensor feedback to determine fuel mix/",19.0,83
2026-09-13 17:28:11.496,804.75,17.0,2.12,24.71,14.12,17.65,3.12,0.78,0.09,0.78,529.0,1.0,-0.83,8.0,92.0,64.0,100.0,21.0,13.0,"Closed loop, using oxygen sensor feedback to determine fuel mix/",19.0,83
2026-09-13 17:28:12.117,892.5,27.0,4.68,30.98,21.96,32.55,5.47,0.0,0.07,0.77,527.0,1.0,-0.73,8.0,92.0,64.0,100.0,21.0,13.0,"Closed loop, using oxygen sensor feedback to determine fuel mix/",19.0,83
2026-09-13 17:28:12.500,1329.75,31.0,6.58,32.55,22.35,23.53,-1.56,0.0,0.66,0.68,527.0,1.0,-0.69,8.0,92.0,64.0,100.0,21.0,13.0,"Closed loop, using oxygen sensor feedback to determine fuel mix/",19.0,83
2026-09-13 17:28:12.866,1343.0,38.0,6.78,32.55,20.39,23.14,-1.56,0.0,0.07,0.77,527.0,1.0,-0.62,8.0,92.0,64.0,100.0,21.0,13.0,"Closed loop, using oxygen sensor feedback to determine fuel mix/",19.0,83
2026-09-13 17:28:13.250,1339.0,28.0,4.74,29.8,14.9,16.86,2.34,0.78,0.07,0.55,527.0,1.0,-0.72,8.0,92.0,64.0,100.0,21.0,13.0,"Closed loop, using oxygen sensor feedback to determine fuel mix/",19.0,83
2026-09-13 17:28:13.656,1264.75,15.0,2.76,27.45,15.69,13.33,2.34,0.78,0.6,0.35,526.0,1.0,-0.85,10.0,92.0,63.0,100.0,30.0,12.9,"Closed loop, using oxygen sensor feedback to determine fuel mix/",19.0,83
2026-09-13 17:28:14.272,1223.5,15.0,2.58,25.88,16.47,11.76,2.34,0.78,0.82,0.34,526.0,1.0,-0.85,10.0,92.0,63.0,100.0,30.0,12.9,"Closed loop, using oxygen sensor feedback to determine fuel mix/",19.0,83
2026-09-13 17:28:14.626,1170.75,15.0,2.79,26.67,16.86,14.12,2.34,0.78,0.81,0.81,525.0,1.0,-0.85,10.0,92.0,63.0,100.0,30.0,12.9,"Closed loop, using oxygen sensor feedback to determine fuel mix/",19.0,83
2026-09-13 17:28:14.975,1144.5,18.0,3.43,29.02,19.61,19.22,-0.78,1.56,0.72,0.83,525.0,1.0,-0.82,10.0,92.0,63.0,100.0,30.0,12.9,"Closed loop, using oxygen sensor feedback to determine fuel mix/",19.0,83
2026-09-13 17:28:15.312,1297.25,21.0,4.68,30.59,21.18,17.25,-0.78,0.78,0.12,0.82,525.0,1.0,-0.79,10.0,92.0,63.0,100.0,30.0,12.9,"Closed loop, using oxygen sensor feedback to determine fuel mix/",19.0,83
2026-09-13 17:28:15.692,1371.75,30.0,5.66,31.37,21.18,18.43,-1.56,0.78,0.72,0.78,524.0,1.0,-0.7,10.0,93.0,63.0,100.0,26.5,12.9,"Closed loop, using oxygen sensor feedback to determine fuel mix/",19.0,83
2026-09-13 17:28:16.238,1469.5,29.0,5.71,31.37,21.18,15.29,-1.56,0.78,0.1,0.75,523.0,1.0,-0.71,10.0,93.0,63.0,100.0,26.5,12.9,"Closed loop, using oxygen sensor feedback to determine fuel mix/",19.0,83
2026-09-13 17:28:16.589,1509.0,28.0,5.77,31.37,19.22,14.12,-1.56,0.78,0.07,0.72,523.0,1.0,-0.72,10.0,93.0,63.0,100.0,26.5,12.9,"Closed loop, using oxygen sensor feedback to determine fuel mix/",19.0,83
2026-09-13 17:28:16.988,1515.25,21.0,3.73,27.06,17.25,8.24,2.34,0.78,0.1,0.66,522.0,1.0,-0.79,10.0,93.0,63.0,100.0,26.5,12.9,"Closed loop, using oxygen sensor feedback to determine fuel mix/",19.0,83
2026-09-13 17:28:17.338,1448.0,13.0,2.81,27.06,16.47,8.24,-1.56,0.78,0.82,0.61,522.0,1.0,-0.87,10.0,93.0,63.0,100.0,26.5,12.9,"Closed loop, using oxygen sensor feedback to determine fuel mix/",19.0,83
2026-09-13 17:28:17.705,1401.0,14.0,2.95,26.67,20.0,9.41,-1.56,0.78,0.77,0.83,521.0,1.0,-0.86,12.0,92.0,63.0,100.0,19.5,12.9,"Closed loop, using oxygen sensor feedback to determine fuel mix/",19.0,83
2026-09-13 17:28:18.329,1662.5,31.0,10.01,34.51,24.71,20.78,-3.12,0.0,0.05,0.74,522.0,1.0,-0.69,12.0,92.0,63.0,100.0,19.5,12.9,"Closed loop, using oxygen sensor feedback to determine fuel mix/",19.0,83
2026-09-13 17:28:18.667,1744.5,37.0,11.42,34.9,24.71,22.35,1.56,0.0,0.06,0.22,524.0,1.0,-0.63,12.0,92.0,63.0,100.0,19.5,12.9,"Closed loop, using oxygen sensor feedback to determine fuel mix/",19.0,83
2026-09-13 17:28:19.065,1906.0,36.0,9.07,30.2,19.61,15.29,2.34,0.0,0.08,0.12,526.0,1.0,-0.64,12.0,92.0,63.0,100.0,19.5,12.9,"Closed loop, using oxygen sensor feedback to determine fuel mix/",19.0,83
2026-09-13 17:28:19.462,1780.75,17.0,4.06,29.41,18.43,8.24,2.34,0.78,0.72,0.14,526.0,1.0,-0.83,12.0,92.0,63.0,100.0,19.5,12.9,"Closed loop, using oxygen sensor feedback to determine fuel mix/",19.0,83
2026-09-13 17:28:19.830,1829.5,15.0,4.27,29.02,18.82,7.84,2.34,0.78,0.74,0.28,527.0,1.0,-0.85,14.0,93.0,63.0,100.0,36.5,13.0,"Closed loop, using oxygen sensor feedback to determine fuel mix/",19.0,83
2026-09-13 17:28:20.427,1809.5,14.0,3.96,29.02,18.82,7.84,2.34,0.78,0.81,0.63,528.0,1.0,-0.86,14.0,93.0,63.0,100.0,36.5,13.0,"Closed loop, using oxygen sensor feedback to determine fuel mix/",19.0,83
2026-09-13 17:28:20.789,1818.75,14.0,4.03,29.02,18.82,7.84,-0.78,0.78,0.81,0.81,528.0,1.0,-0.86,14.0,93.0,63.0,100.0,36.5,13.0,"Closed loop, using oxygen sensor feedback to determine fuel mix/",19.0,83
2026-09-13 17:28:21.124,1809.0,15.0,4.07,28.63,18.43,8.24,-0.78,0.78,0.77,0.82,529.0,1.0,-0.85,14.0,93.0,63.0,100.0,36.5,13.0,"Closed loop, using oxygen sensor feedback to determine fuel mix/",19.0,83
2026-09-13 17:28:21.442,1813.0,14.0,4.03,28.63,18.43,7.84,-1.56,0.78,0.81,0.81,529.0,1.0,-0.86,14.0,93.0,63.0,100.0,36.5,13.0,"Closed loop, using oxygen sensor feedback to determine fuel mix/",19.0,83
2026-09-13 17:28:21.794,1810.5,14.0,4.05,28.63,18.43,7.84,-2.34,0.78,0.82,0.82,530.0,1.0,-0.86,14.0,93.0,63.0,100.0,36.5,12.9,"Closed loop, using oxygen sensor feedback to determine fuel mix/",19.0,83
2026-09-13 17:28:22.386,1811.25,14.0,4.03,28.63,18.43,7.84,-3.12,0.78,0.81,0.83,530.0,1.0,-0.86,14.0,93.0,63.0,100.0,36.5,12.9,"Closed loop, using oxygen sensor feedback to determine fuel mix/",19.0,83
2026-09-13 17:28:22.768,1800.75,13.0,4.01,28.63,18.43,7.84,-4.69,0.78,0.77,0.82,530.0,1.0,-0.87,14.0,93.0,63.0,100.0,36.5,12.9,"Closed loop, using oxygen sensor feedback to determine fuel mix/",19.0,83
2026-09-13 17:28:23.104,1792.75,14.0,3.98,28.63,18.43,7.84,-5.47,0.78,0.7,0.81,530.0,1.0,-0.86,14.0,93.0,63.0,100.0,36.5,12.9,"Closed loop, using oxygen sensor feedback to determine fuel mix/",19.0,83
2026-09-13 17:28:23.488,1793.75,14.0,3.95,28.63,18.43,7.84,-3.12,0.78,0.24,0.79,530.0,1.0,-0.86,14.0,93.0,63.0,100.0,36.5,12.9,"Closed loop, using oxygen sensor feedback to determine fuel mix/",19.0,83
2026-09-13 17:28:23.840,1786.0,14.0,3.98,28.63,18.43,7.84,-3.12,0.78,0.1,0.77,531.0,1.0,-0.86,14.0,93.0,63.0,100.0,36.0,13.0,"Closed loop, using oxygen sensor feedback to determine fuel mix/",19.0,83
2026-09-13 17:28:24.432,1634.75,14.0,3.32,27.06,16.47,6.67,-3.12,0.78,0.59,0.77,531.0,1.0,-0.86,14.0,93.0,63.0,100.0,36.0,13.0,"Closed loop, using oxygen sensor feedback to determine fuel mix/",19.0,83
2026-09-13 17:28:24.780,1405.0,13.0,2.88,26.27,17.25,9.8,-3.12,0.78,0.68,0.78,530.0,1.0,-0.87,14.0,93.0,63.0,100.0,36.0,13.0,"Closed loop, using oxygen sensor feedback to determine fuel mix/",19.0,83
2026-09-13 17:28:25.133,1130.5,17.0,3.28,28.24,18.04,18.82,-3.91,0.78,0.74,0.79,530.0,1.0,-0.83,14.0,93.0,63.0,100.0,36.0,13.0,"Closed loop, using oxygen sensor feedback to determine fuel mix/",19.0,83
2026-09-13 17:28:25.466,1157.75,19.0,3.6,28.63,18.43,18.04,-3.91,0.78,0.09,0.8,531.0,1.0,-0.81,14.0,93.0,63.0,100.0,36.0,13.0,"Closed loop, using oxygen sensor feedback to determine fuel mix/",19.0,83
2026-09-13 17:28:25.849,1200.5,19.0,3.78,28.63,17.65,18.43,-3.91,0.78,0.08,0.78,531.0,1.0,-0.81,14.0,93.0,62.0,100.0,-3.0,12.8,"Closed loop, using oxygen sensor feedback to determine fuel mix/",19.0,83
2026-09-13 17:28:26.474,1112.25,17.0,3.09,26.67,17.25,17.25,-3.91,0.78,0.08,0.76,531.0,1.0,-0.83,14.0,93.0,62.0,100.0,-3.0,12.8,"Closed loop, using oxygen sensor feedback to determine fuel mix/",19.0,83
2026-09-13 17:28:26.792,1139.5,18.0,3.22,26.67,16.47,16.47,-0.78,0.78,0.1,0.74,530.0,1.0,-0.82,14.0,93.0,62.0,100.0,-3.0,12.8,"Closed loop, using oxygen sensor feedback to determine fuel mix/",19.0,83
2026-09-13 17:28:27.175,1103.75,16.0,2.77,26.27,15.69,15.29,-3.12,0.78,0.76,0.74,530.0,1.0,-0.84,14.0,93.0,62.0,100.0,-3.0,12.8,"Closed loop, using oxygen sensor feedback to determine fuel mix/",19.0,83
2026-09-13 17:28:27.575,1057.0,15.0,2.6,25.49,15.69,15.29,-3.12,0.78,0.76,0.77,530.0,1.0,-0.85,14.0,93.0,62.0,100.0,-3.0,12.8,"Closed loop, using oxygen sensor feedback to determine fuel mix/",19.0,83
2026-09-13 17:28:27.976,1044.5,16.0,2.61,25.49,16.08,15.29,-3.91,0.78,0.64,0.8,530.0,1.0,-0.85,14.0,93.0,63.0,101.0,4.5,12.9,"Closed loop, using oxygen sensor feedback to determine fuel mix/",19.0,83
2026-09-13 17:28:28.533,1037.25,15.0,2.33,23.92,14.12,15.29,-3.91,0.78,0.1,0.79,530.0,1.0,-0.86,14.0,93.0,63.0,101.0,4.5,12.9,"Closed loop, using oxygen sensor feedback to determine fuel mix/",19.0,83
2026-09-13 17:28:28.934,967.5,16.0,2.16,24.71,13.73,15.69,-3.91,0.78,0.1,0.77,530.0,1.0,-0.85,14.0,93.0,63.0,101.0,4.5,12.9,"Closed loop, using oxygen sensor feedback to determine fuel mix/",19.0,83
2026-09-13 17:28:29.300,955.25,15.0,2.34,24.31,13.33,16.86,-0.78,0.78,0.11,0.77,530.0,1.0,-0.86,14.0,93.0,63.0,101.0,4.5,12.9,"Closed loop, using oxygen sensor feedback to determine fuel mix/",19.0,83
2026-09-13 17:28:29.699,946.5,15.0,1.98,23.53,13.33,14.9,-0.78,0.78,0.12,0.76,529.0,1.0,-0.86,14.0,93.0,63.0,101.0,4.5,12.9,"Closed loop, using oxygen sensor feedback to determine fuel mix/",19.0,83
2026-09-13 17:28:30.083,914.5,15.0,1.99,23.53,13.33,14.9,-3.12,0.78,0.73,0.77,529.0,1.0,-0.85,12.0,93.0,63.0,100.0,11.0,12.9,"Closed loop, using oxygen sensor feedback to determine fuel mix/",19.0,83
2026-09-13 17:28:30.705,846.75,14.0,1.91,22.75,12.16,15.29,-3.91,0.78,0.78,0.79,528.0,1.0,-0.86,12.0,93.0,63.0,100.0,11.0,12.9,"Closed loop, using oxygen sensor feedback to determine fuel mix/",19.0,83
2026-09-13 17:28:31.090,840.5,15.0,1.81,22.75,12.55,14.51,-3.91,0.78,0.2,0.81,528.0,1.0,-0.85,12.0,93.0,63.0,100.0,11.0,12.9,"Closed loop, using oxygen sensor feedback to determine fuel mix/",19.0,83
2026-09-13 17:28:31.458,830.0,15.0,1.85,22.75,12.16,14.9,-3.91,0.78,0.1,0.81,528.0,1.0,-0.85,12.0,93.0,63.0,100.0,11.0,12.9,"Closed loop, using oxygen sensor feedback to determine fuel mix/",19.0,83
2026-09-13 17:28:31.811,803.0,15.0,1.75,22.35,11.76,15.29,-3.91,0.78,0.09,0.81,527.0,1.0,-0.85,12.0,93.0,63.0,100.0,11.0,12.9,"Closed loop, using oxygen sensor feedback to determine fuel mix/",19.0,83
2026-09-13 17:28:32.141,757.5,15.0,1.71,21.96,11.76,14.9,-3.91,0.78,0.09,0.81,527.0,1.0,-0.85,10.0,93.0,63.0,100.0,6.5,12.9,"Closed loop, using oxygen sensor feedback to determine fuel mix/",19.0,83
2026-09-13 17:28:32.781,750.5,16.0,1.69,21.96,11.76,14.9,-0.78,0.78,0.11,0.8,526.0,1.0,-0.84,10.0,93.0,63.0,100.0,6.5,12.9,"Closed loop, using oxygen sensor feedback to determine fuel mix/",19.0,83
2026-09-13 17:28:33.148,741.25,16.0,1.69,21.96,11.76,15.29,-0.78,0.78,0.12,0.79,525.0,1.0,-0.84,10.0,93.0,63.0,100.0,6.5,12.9,"Closed loop, using oxygen sensor feedback to determine fuel mix/",19.0,83
2026-09-13 17:28:33.533,730.75,15.0,1.67,21.96,11.76,14.9,0.0,0.78,0.17,0.79,525.0,1.0,-0.85,10.0,93.0,63.0,100.0,6.5,12.9,"Closed loop, using oxygen sensor feedback to determine fuel mix/",19.0,83
2026-09-13 17:28:33.900,725.75,15.0,1.65,21.96,11.76,14.9,0.78,0.78,0.47,0.78,524.0,1.0,-0.85,10.0,93.0,63.0,100.0,6.5,12.9,"Closed loop, using oxygen sensor feedback to determine fuel mix/",19.0,83
2026-09-13 17:28:34.284,713.5,17.0,1.64,21.96,11.37,14.51,-3.12,0.78,0.65,0.78,524.0,1.0,-0.83,9.0,94.0,63.0,100.0,24.5,12.9,"Closed loop, using oxygen sensor feedback to determine fuel mix/",19.0,83
2026-09-13 17:28:34.927,673.75,18.0,2.0,24.71,15.29,19.22,-3.12,0.78,0.1,0.79,523.0,1.0,-0.82,9.0,94.0,63.0,100.0,24.5,12.9,"Closed loop, using oxygen sensor feedback to determine fuel mix/",19.0,83
2026-09-13 17:28:35.291,748.75,22.0,2.33,25.88,16.08,20.78,-3.12,0.78,0.07,0.79,522.0,1.0,-0.78,9.0,94.0,63.0,100.0,24.5,12.9,"Closed loop, using oxygen sensor feedback to determine fuel mix/",19.0,83
2026-09-13 17:28:35.657,794.25,20.0,2.59,26.27,15.69,21.96,-3.12,0.78,0.07,0.78,522.0,1.0,-0.8,9.0,94.0,63.0,100.0,24.5,12.9,"Closed loop, using oxygen sensor feedback to determine fuel mix/",19.0,83
2026-09-13 17:28:36.006,793.25,20.0,2.4,25.88,14.9,20.0,0.78,0.78,0.07,0.77,521.0,1.0,-0.8,9.0,94.0,63.0,100.0,24.5,12.9,"Closed loop, using oxygen sensor feedback to determine fuel mix/",19.0,83
2026-09-13 17:28:36.356,798.0,18.0,2.23,25.49,14.12,19.22,0.78,0.78,0.07,0.76,521.0,1.0,-0.82,8.0,94.0,63.0,100.0,3.5,13.0,"Closed loop, using oxygen sensor feedback to determine fuel mix/",19.0,83
2026-09-13 17:28:36.965,818.5,22.0,3.4,30.2,21.18,30.98,0.78,0.78,0.08,0.74,520.0,1.0,-0.78,8.0,94.0,63.0,100.0,3.5,13.0,"Closed loop, using oxygen sensor feedback to determine fuel mix/",19.0,83
2026-09-13 17:28:37.332,1122.25,29.0,5.6,31.76,21.96,26.67,2.34,0.0,0.08,0.74,520.0,1.0,-0.71,8.0,94.0,63.0,100.0,3.5,13.0,"Closed loop, using oxygen sensor feedback to determine fuel mix/",19.0,83
2026-09-13 17:28:37.701,1278.0,33.0,6.27,31.76,19.22,24.31,3.91,0.0,0.1,0.66,520.0,1.0,-0.67,8.0,94.0,63.0,100.0,3.5,13.0,"Closed loop, using oxygen sensor feedback to determine fuel mix/",19.0,83
2026-09-13 17:28:38.052,1219.5,26.0,3.47,27.45,15.29,15.69,5.47,0.78,0.77,0.64,520.0,1.0,-0.74,8.0,94.0,63.0,100.0,3.5,13.0,"Closed loop, using oxygen sensor feedback to determine fuel mix/",19.0,83
2026-09-13 17:28:38.450,1142.75,18.0,3.13,27.45,16.08,18.43,-0.78,0.78,0.87,0.67,519.0,1.0,-0.82,9.0,94.0,63.0,100.0,7.5,13.0,"Closed loop, using oxygen sensor feedback to determine fuel mix/",19.0,84
2026-09-13 17:28:39.074,1045.0,15.0,2.56,26.67,18.43,16.86,-1.56,0.78,0.69,0.85,519.0,1.0,-0.85,9.0,94.0,63.0,100.0,7.5,13.0,"Closed loop, using oxygen sensor feedback to determine fuel mix/",19.0,84
2026-09-13 17:28:39.429,947.75,21.0,3.89,29.8,19.61,29.41,-1.56,1.56,0.08,0.84,519.0,1.0,-0.79,9.0,94.0,63.0,100.0,7.5,13.0,"Closed loop, using oxygen sensor feedback to determine fuel mix/",19.0,84
2026-09-13 17:28:39.744,999.75,29.0,4.98,31.37,21.57,32.55,-1.56,0.78,0.07,0.81,519.0,1.0,-0.71,9.0,94.0,63.0,100.0,7.5,13.0,"Closed loop, using oxygen sensor feedback to determine fuel mix/",19.0,84
2026-09-13 17:28:40.127,1183.0,36.0,5.73,31.76,21.18,27.45,-1.56,0.78,0.08,0.74,520.0,1.0,-0.64,9.0,94.0,63.0,100.0,7.5,13.0,"Closed loop, using oxygen sensor feedback to determine fuel mix/",19.0,84
2026-09-13 17:28:40.526,1249.25,35.0,5.77,31.76,21.18,24.31,3.12,0.78,0.11,0.7,522.0,1.0,-0.65,10.0,94.0,62.0,100.0,33.0,12.9,"Closed loop, using oxygen sensor feedback to determine fuel mix/",19.0,84
2026-09-13 17:28:41.180,1228.5,23.0,2.59,23.92,14.9,11.76,-0.78,2.34,0.79,0.74,522.0,1.0,-0.77,10.0,94.0,62.0,100.0,33.0,12.9,"Closed loop, using oxygen sensor feedback to determine fuel mix/",19.0,84
2026-09-13 17:28:41.534,973.75,16.0,2.65,24.71,15.29,18.43,-1.56,0.78,0.84,0.8,521.0,1.0,-0.84,10.0,94.0,62.0,100.0,33.0,12.9,"Closed loop, using oxygen sensor feedback to determine fuel mix/",19.0,84
2026-09-13 17:28:41.900,821.0,17.0,2.48,25.1,14.9,20.39,-1.56,0.78,0.82,0.83,521.0,1.0,-0.83,10.0,94.0,62.0,100.0,33.0,12.9,"Closed loop, using oxygen sensor feedback to determine fuel mix/",19.0,84
2026-09-13 17:28:42.251,820.0,17.0,2.19,24.31,13.73,16.86,-2.34,0.78,0.7,0.85,521.0,1.0,-0.83,10.0,94.0,62.0,100.0,33.0,12.9,"Closed loop, using oxygen sensor feedback to determine fuel mix/",19.0,84
2026-09-13 17:28:42.619,818.75,16.0,1.97,23.92,13.33,16.86,-2.34,0.78,0.09,0.82,520.0,1.0,-0.85,10.0,94.0,63.0,101.0,3.5,12.9,"Closed loop, using oxygen sensor feedback to determine fuel mix/",19.0,84
2026-09-13 17:28:43.244,785.0,16.0,2.02,23.53,16.86,17.25,-2.34,0.78,0.07,0.79,519.0,1.0,-0.85,10.0,94.0,63.0,101.0,3.5,12.9,"Closed loop, using oxygen sensor feedback to determine fuel mix/",19.0,84
2026-09-13 17:28:43.625,843.5,20.0,3.19,28.24,17.65,26.27,-2.34,0.78,0.07,0.78,519.0,1.0,-0.81,10.0,94.0,63.0,101.0,3.5,12.9,"Closed loop, using oxygen sensor feedback to determine fuel mix/",19.0,84
2026-09-13 17:28:44.007,1050.0,24.0,3.6,28.24,17.25,23.53,1.56,0.78,0.1,0.77,519.0,1.0,-0.77,10.0,94.0,63.0,101.0,3.5,12.9,"Closed loop, using oxygen sensor feedback to determine fuel mix/",19.0,84
2026-09-13 17:28:44.385,1008.0,23.0,3.31,27.45,17.25,22.35,-2.34,0.78,0.81,0.77,518.0,1.0,-0.78,10.0,94.0,63.0,101.0,3.5,12.9,"Closed loop, using oxygen sensor feedback to determine fuel mix/",19.0,84
2026-09-13 17:28:44.726,1021.75,23.0,3.2,27.84,18.04,20.78,-2.34,0.78,0.86,0.77,518.0,1.0,-0.77,11.0,94.0,63.0,100.0,32.5,12.9,"Closed loop, using oxygen sensor feedback to determine fuel mix/",19.0,84
2026-09-13 17:28:45.350,1083.25,30.0,4.19,29.8,20.0,23.92,-2.34,0.78,0.84,0.85,517.0,1.0,-0.7,11.0,94.0,63.0,100.0,32.5,12.9,"Closed loop, using oxygen sensor feedback to determine fuel mix/",19.0,84
2026-09-13 17:28:45.732,1147.75,30.0,4.73,30.59,20.39,23.92,-3.12,0.78,0.83,0.84,517.0,1.0,-0.7,11.0,94.0,63.0,100.0,32.5,12.9,"Closed loop, using oxygen sensor feedback to determine fuel mix/",19.0,84
2026-09-13 17:28:46.103,1194.0,30.0,4.82,30.59,19.22,23.53,-4.69,0.78,0.7,0.84,516.0,1.0,-0.7,11.0,94.0,63.0,100.0,32.5,12.9,"Closed loop, using oxygen sensor feedback to determine fuel mix/",19.0,84
2026-09-13 17:28:46.452,1119.25,27.0,3.42,27.45,16.86,18.43,-3.91,1.56,0.07,0.82,516.0,1.0,-0.73,11.0,94.0,63.0,100.0,32.5,12.9,"Closed loop, using oxygen sensor feedback to determine fuel mix/",19.0,84
2026-09-13 17:28:46.757,1115.75,21.0,2.7,24.71,17.25,13.33,-3.91,0.78,0.12,0.81,515.0,1.0,-0.79,13.0,94.0,62.0,100.0,-2.0,13.0,"Closed loop, using oxygen sensor feedback to determine fuel mix/",19.0,84
2026-09-13 17:28:47.363,994.25,19.0,2.85,26.67,16.08,20.0,-3.91,0.78,0.07,0.79,515.0,1.0,-0.81,13.0,94.0,62.0,100.0,-2.0,13.0,"Closed loop, using oxygen sensor feedback to determine fuel mix/",19.0,84
2026-09-13 17:28:47.713,981.25,18.0,2.93,27.06,16.08,20.0,-3.91,0.78,0.06,0.78,514.0,1.0,-0.82,13.0,94.0,62.0,100.0,-2.0,13.0,"Closed loop, using oxygen sensor feedback to determine fuel mix/",19.0,84
2026-09-13 17:28:48.065,953.25,17.0,2.7,25.88,14.9,19.22,-3.91,0.78,0.06,0.77,514.0,1.0,-0.83,13.0,94.0,62.0,100.0,-2.0,13.0,"Closed loop, using oxygen sensor feedback to determine fuel mix/",19.0,84
2026-09-13 17:28:48.463,929.75,16.0,2.27,25.1,13.73,16.08,0.0,0.78,0.07,0.75,513.0,1.0,-0.84,13.0,94.0,62.0,100.0,-2.0,13.0,"Closed loop, using oxygen sensor feedback to determine fuel mix/",19.0,84
2026-09-13 17:28:48.800,920.0,16.0,2.15,24.31,13.33,15.69,0.0,0.78,0.09,0.75,513.0,1.0,-0.84,12.0,94.0,62.0,100.0,4.5,12.9,"Closed loop, using oxygen sensor feedback to determine fuel mix/",19.0,84
2026-09-13 17:28:49.439,860.75,15.0,2.01,23.53,13.33,15.69,-3.12,0.78,0.78,0.77,512.0,1.0,-0.85,12.0,94.0,62.0,100.0,4.5,12.9,"Closed loop, using oxygen sensor feedback to determine fuel mix/",19.0,84
2026-09-13 17:28:49.823,836.0,16.0,1.98,23.53,11.76,16.08,-3.91,0.78,0.79,0.77,512.0,1.0,-0.84,12.0,94.0,62.0,100.0,4.5,12.9,"Closed loop, using oxygen sensor feedback to determine fuel mix/",19.0,84
2026-09-13 17:28:50.221,801.5,14.0,1.75,22.35,12.16,14.9,-3.91,0.78,0.77,0.77,511.0,1.0,-0.86,12.0,94.0,62.0,100.0,4.5,12.9,"Closed loop, using oxygen sensor feedback to determine fuel mix/",19.0,84
2026-09-13 17:28:50.555,759.75,14.0,1.78,21.96,11.76,14.9,-3.91,0.78,0.77,0.78,511.0,1.0,-0.86,12.0,94.0,62.0,100.0,4.5,12.9,"Closed loop, using oxygen sensor feedback to determine fuel mix/",19.0,84
2026-09-13 17:28:50.939,750.5,16.0,1.7,21.96,11.37,14.51,-4.69,0.78,0.76,0.77,510.0,1.0,-0.84,11.0,94.0,62.0,100.0,3.0,12.8,"Closed loop, using oxygen sensor feedback to determine fuel mix/",19.0,84
2026-09-13 17:28:51.544,737.25,15.0,1.65,21.96,11.37,14.51,-7.03,0.78,0.61,0.77,510.0,1.0,-0.85,11.0,94.0,62.0,100.0,3.0,12.8,"Closed loop, using oxygen sensor feedback to determine fuel mix/",19.0,84
2026-09-13 17:28:51.881,742.25,15.0,1.66,21.96,11.37,14.51,-5.47,0.78,0.1,0.77,509.0,1.0,-0.85,11.0,94.0,62.0,100.0,3.0,12.8,"Closed loop, using oxygen sensor feedback to determine fuel mix/",19.0,84
2026-09-13 17:28:52.264,745.5,16.0,1.66,21.57,11.37,14.9,-5.47,0.78,0.09,0.77,508.0,1.0,-0.84,11.0,94.0,62.0,100.0,3.0,12.8,"Closed loop, using oxygen sensor feedback to determine fuel mix/",19.0,84
2026-09-13 17:28:52.631,727.0,16.0,1.65,21.57,11.37,14.51,-5.47,0.78,0.08,0.77,508.0,1.0,-0.84,11.0,94.0,62.0,100.0,3.0,12.8,"Closed loop, using oxygen sensor feedback to determine fuel mix/",19.0,84
2026-09-13 17:28:53.000,717.0,17.0,1.64,21.57,11.37,14.51,-1.56,0.78,0.07,0.77,507.0,1.0,-0.83,8.0,94.0,63.0,100.0,24.5,12.8,"Closed loop, using oxygen sensor feedback to determine fuel mix/",19.0,84
2026-09-13 17:28:53.640,680.0,18.0,1.94,24.71,14.9,18.82,-0.78,0.78,0.08,0.77,506.0,1.0,-0.82,8.0,94.0,63.0,100.0,24.5,12.8,"Closed loop, using oxygen sensor feedback to determine fuel mix/",19.0,84
2026-09-13 17:28:53.991,711.5,21.0,2.23,24.71,14.9,20.0,-0.78,0.78,0.07,0.76,506.0,1.0,-0.79,8.0,94.0,63.0,100.0,24.5,12.8,"Closed loop, using oxygen sensor feedback to determine fuel mix/",19.0,84
2026-09-13 17:28:54.358,740.5,20.0,2.26,25.49,14.9,20.0,-0.78,0.78,0.07,0.76,505.0,1.0,-0.8,8.0,94.0,63.0,100.0,24.5,12.8,"Closed loop, using oxygen sensor feedback to determine fuel mix/",19.0,84
2026-09-13 17:28:54.740,764.75,19.0,2.28,25.1,14.9,20.0,0.78,0.78,0.08,0.76,505.0,1.0,-0.81,8.0,94.0,63.0,100.0,24.5,12.8,"Closed loop, using oxygen sensor feedback to determine fuel mix/",19.0,84
2026-09-13 17:28:55.089,743.5,19.0,2.25,25.1,15.29,20.0,1.56,0.78,0.08,0.76,504.0,1.0,-0.81,5.0,95.0,63.0,100.0,19.0,12.8,"Closed loop, using oxygen sensor feedback to determine fuel mix/",19.0,84
2026-09-13 17:28:55.730,743.5,21.0,2.38,25.49,15.29,20.78,3.91,0.78,0.1,0.76,504.0,1.0,-0.79,5.0,95.0,63.0,100.0,19.0,12.8,"Closed loop, using oxygen sensor feedback to determine fuel mix/",19.0,84
2026-09-13 17:28:56.081,729.5,20.0,2.37,25.88,15.69,21.57,5.47,0.78,0.17,0.76,503.0,1.0,-0.8,5.0,95.0,63.0,100.0,19.0,12.8,"Closed loop, using oxygen sensor feedback to determine fuel mix/",19.0,84
2026-09-13 17:28:56.467,745.75,21.0,2.43,25.88,15.69,21.57,-2.34,0.78,0.69,0.75,503.0,1.0,-0.79,5.0,95.0,63.0,100.0,19.0,12.8,"Closed loop, using oxygen sensor feedback to determine fuel mix/",19.0,84
2026-09-13 17:28:56.831,742.0,22.0,2.43,25.49,15.29,20.78,-2.34,0.78,0.67,0.76,502.0,1.0,-0.78,5.0,95.0,63.0,100.0,19.0,12.8,"Closed loop, using oxygen sensor feedback to determine fuel mix/",19.0,84
2026-09-13 17:28:57.199,745.0,21.0,2.33,25.49,15.29,20.78,-2.34,0.78,0.07,0.76,502.0,1.0,-0.79,5.0,94.0,62.0,100.0,6.0,13.0,"Closed loop, using oxygen sensor feedback to determine fuel mix/",19.0,84
2026-09-13 17:28:57.855,757.75,20.0,2.29,25.49,14.9,19.61,-2.34,0.78,0.07,0.76,501.0,1.0,-0.8,5.0,94.0,62.0,100.0,6.0,13.0,"Closed loop, using oxygen sensor feedback to determine fuel mix/",19.0,84
2026-09-13 17:28:58.237,762.0,19.0,2.26,25.1,14.51,19.61,0.78,0.78,0.07,0.76,501.0,1.0,-0.81,5.0,94.0,62.0,100.0,6.0,13.0,"Closed loop, using oxygen sensor feedback to determine fuel mix/",19.0,84
2026-09-13 17:28:58.587,768.75,19.0,2.14,24.71,14.51,18.43,0.78,0.78,0.07,0.75,500.0,1.0,-0.81,5.0,94.0,62.0,100.0,6.0,13.0,"Closed loop, using oxygen sensor feedback to determine fuel mix/",19.0,84
2026-09-13 17:28:58.955,771.75,19.0,2.17,24.71,14.51,18.82,1.56,0.78,0.07,0.74,500.0,1.0,-0.81,5.0,94.0,62.0,100.0,6.0,13.0,"Closed loop, using oxygen sensor feedback to determine fuel mix/",19.0,84
2026-09-13 17:28:59.274,773.25,19.0,2.16,25.88,19.22,18.82,1.56,1.56,0.08,0.74,499.0,1.0,-0.81,6.0,95.0,63.0,100.0,10.5,13.0,"Closed loop, using oxygen sensor feedback to determine fuel mix/",19.0,84
2026-09-13 17:28:59.930,1163.5,35.0,6.8,32.55,22.75,29.8,4.69,0.0,0.07,0.73,499.0,1.0,-0.65,6.0,95.0,63.0,100.0,10.5,13.0,"Closed loop, using oxygen sensor feedback to determine fuel mix/",19.0,84
2026-09-13 17:29:00.313,1344.75,38.0,5.13,30.59,18.04,17.25,7.03,0.0,0.64,0.63,499.0,1.0,-0.62,6.0,95.0,63.0,100.0,10.5,13.0,"Closed loop, using oxygen sensor feedback to determine fuel mix/",19.0,84
2026-09-13 17:29:00.698,1169.75,22.0,3.63,27.84,17.65,18.82,0.0,1.56,0.8,0.62,499.0,1.0,-0.78,6.0,95.0,63.0,100.0,10.5,13.0,"Closed loop, using oxygen sensor feedback to determine fuel mix/",19.0,84
2026-09-13 17:29:01.063,1165.25,21.0,3.33,27.84,19.61,16.86,-0.78,1.56,0.83,0.68,498.0,1.0,-0.79,6.0,95.0,63.0,100.0,10.5,13.0,"Closed loop, using oxygen sensor feedback to determine fuel mix/",19.0,84
2026-09-13 17:29:01.420,1198.25,29.0,7.87,33.33,25.1,32.55,-2.34,0.0,0.79,0.82,499.0,1.0,-0.71,10.0,95.0,62.0,100.0,17.0,13.0,"Closed loop, using oxygen sensor feedback to determine fuel mix/",19.0,84
2026-09-13 17:29:02.039,1619.75,41.0,10.89,34.12,19.22,21.96,3.12,0.0,0.05,0.41,502.0,1.0,-0.59,10.0,95.0,62.0,100.0,17.0,13.0,"Closed loop, using oxygen sensor feedback to determine fuel mix/",19.0,84
2026-09-13 17:29:02.425,1427.75,23.0,3.6,29.8,22.35,12.16,2.34,1.56,0.07,0.18,502.0,1.0,-0.77,10.0,95.0,62.0,100.0,17.0,13.0,"Closed loop, using oxygen sensor feedback to determine fuel mix/",19.0,84
2026-09-13 17:29:02.760,1236.75,40.0,7.74,34.51,30.98,32.16,3.91,0.0,0.1,0.2,505.0,1.0,-0.6,10.0,95.0,62.0,100.0,17.0,13.0,"Closed loop, using oxygen sensor feedback to determine fuel mix/",19.0,84
2026-09-13 17:29:03.139,1702.25,58.0,21.41,59.61,52.94,46.27,7.03,-2.34,0.71,0.16,506.0,1.0,-0.42,10.0,95.0,62.0,100.0,17.0,13.0,"Closed loop, using oxygen sensor feedback to determine fuel mix/",19.0,84
2026-09-13 17:29:03.507,2047.25,65.0,32.27,62.75,32.94,56.86,5.47,-2.34,0.86,0.81,507.0,1.0,-0.35,17.0,95.0,61.0,100.0,-2.0,12.9,"Closed loop, using oxygen sensor feedback to determine fuel mix/",19.0,84
2026-09-13 17:29:04.129,2134.75,43.0,12.22,34.9,21.18,19.22,-1.56,-1.56,0.81,0.83,517.0,1.0,-0.57,17.0,95.0,61.0,100.0,-2.0,12.9,"Closed loop, using oxygen sensor feedback to determine fuel mix/",19.0,84
2026-09-13 17:29:04.513,1692.0,26.0,3.41,28.24,18.43,6.27,-1.56,-1.56,0.06,0.8,522.0,1.0,-0.74,17.0,95.0,61.0,100.0,-2.0,12.9,"Closed loop, using oxygen sensor feedback to determine fuel mix/",19.0,84
2026-09-13 17:29:04.898,1656.0,16.0,3.16,27.84,16.47,5.88,-1.56,0.0,0.72,0.77,526.0,1.0,-0.84,17.0,95.0,61.0,100.0,-2.0,12.9,"Closed loop, using oxygen sensor feedback to determine fuel mix/",19.0,84
2026-09-13 17:29:05.266,1582.5,13.0,2.71,27.45,17.25,6.27,-1.56,0.0,0.66,0.77,530.0,1.0,-0.87,17.0,95.0,61.0,100.0,-2.0,12.9,"Closed loop, using oxygen sensor feedback to determine fuel mix/",19.0,84
2026-09-13 17:29:05.664,1569.0,14.0,3.03,27.45,17.25,6.27,-1.56,0.0,0.67,0.77,533.0,1.0,-0.86,20.0,95.0,61.0,100.0,19.0,12.9,"Closed loop, using oxygen sensor feedback to determine fuel mix/",19.0,84
2026-09-13 17:29:06.238,1574.5,14.0,3.19,27.45,17.25,7.06,-1.56,0.0,0.07,0.77,538.0,1.0,-0.86,20.0,95.0,61.0,100.0,19.0,12.9,"Closed loop, using oxygen sensor feedback to determine fuel mix/",19.0,84
2026-09-13 17:29:06.589,1549.5,14.0,3.27,27.45,17.25,7.45,-1.56,0.0,0.07,0.77,540.0,1.0,-0.86,20.0,95.0,61.0,100.0,19.0,12.9,"Closed loop, using oxygen sensor feedback to determine fuel mix/",19.0,84
2026-09-13 17:29:06.875,1543.75,14.0,3.33,27.45,17.25,7.45,-1.56,0.0,0.2,0.76,543.0,1.0,-0.86,20.0,95.0,61.0,100.0,19.0,12.9,"Closed loop, using oxygen sensor feedback to determine fuel mix/",19.0,84
2026-09-13 17:29:07.243,1532.75,14.0,3.31,27.45,17.25,7.84,-2.34,0.0,0.82,0.76,544.0,1.0,-0.86,20.0,95.0,61.0,100.0,19.0,12.9,"Closed loop, using oxygen sensor feedback to determine fuel mix/",19.0,84
2026-09-13 17:29:07.594,1516.5,14.0,3.34,27.84,17.65,8.24,-2.34,0.0,0.84,0.78,546.0,1.0,-0.86,19.0,95.0,61.0,100.0,9.0,12.9,"Closed loop, using oxygen sensor feedback to determine fuel mix/",19.0,84
2026-09-13 17:29:08.219,1496.0,14.0,3.52,28.24,17.65,9.02,-3.12,0.0,0.79,0.81,549.0,1.0,-0.86,19.0,95.0,61.0,100.0,9.0,12.9,"Closed loop, using oxygen sensor feedback to determine fuel mix/",19.0,84
2026-09-13 17:29:08.601,1482.0,15.0,3.42,27.84,17.65,9.02,-3.12,0.0,0.66,0.81,549.0,1.0,-0.85,19.0,95.0,61.0,100.0,9.0,12.9,"Closed loop, using oxygen sensor feedback to determine fuel mix/",19.0,84
2026-09-13 17:29:08.984,1457.25,15.0,3.4,27.84,17.65,9.8,-4.69,0.78,0.67,0.79,550.0,1.0,-0.85,19.0,95.0,61.0,100.0,9.0,12.9,"Closed loop, using oxygen sensor feedback to determine fuel mix/",19.0,84
2026-09-13 17:29:09.384,1435.25,15.0,3.53,27.84,17.65,10.59,-3.91,0.78,0.1,0.77,551.0,1.0,-0.85,19.0,95.0,61.0,100.0,9.0,12.9,"Closed loop, using oxygen sensor feedback to determine fuel mix/",19.0,84
2026-09-13 17:29:09.784,1422.25,15.0,3.44,27.84,17.65,10.59,-3.91,0.78,0.09,0.76,551.0,1.0,-0.85,18.0,95.0,61.0,100.0,4.5,13.0,"Closed loop, using oxygen sensor feedback to determine fuel mix/",19.0,84
2026-09-13 17:29:10.374,1390.75,15.0,3.34,27.84,23.53,10.98,-3.91,0.78,0.08,0.75,551.0,1.0,-0.85,18.0,95.0,61.0,100.0,4.5,13.0,"Closed loop, using oxygen sensor feedback to determine fuel mix/",19.0,84
2026-09-13 17:29:10.758,1537.75,31.0,8.66,33.33,24.31,17.65,0.78,0.0,0.09,0.73,552.0,1.0,-0.69,18.0,95.0,61.0,100.0,4.5,13.0,"Closed loop, using oxygen sensor feedback to determine fuel mix/",19.0,84
2026-09-13 17:29:11.141,2103.0,28.0,6.65,29.8,19.61,7.84,-3.12,0.78,0.75,0.73,552.0,1.0,-0.72,18.0,95.0,61.0,100.0,4.5,13.0,"Closed loop, using oxygen sensor feedback to determine fuel mix/",19.0,84
2026-09-13 17:29:11.509,2002.75,13.0,4.09,28.63,18.82,7.06,-2.34,0.78,0.76,0.77,553.0,1.0,-0.87,18.0,95.0,61.0,100.0,4.5,13.0,"Closed loop, using oxygen sensor feedback to determine fuel mix/",19.0,84
2026-09-13 17:29:11.891,1999.5,13.0,4.03,29.02,18.43,6.67,-3.12,0.78,0.09,0.8,553.0,1.0,-0.87,16.0,95.0,60.0,100.0,-0.5,12.9,"Closed loop, using oxygen sensor feedback to determine fuel mix/",19.0,84
2026-09-13 17:29:12.528,1869.75,13.0,3.89,28.63,18.43,7.45,-3.12,0.78,0.1,0.77,553.0,1.0,-0.87,16.0,95.0,60.0,100.0,-0.5,12.9,"Closed loop, using oxygen sensor feedback to determine fuel mix/",19.0,84
2026-09-13 17:29:12.880,1822.25,13.0,4.01,28.24,18.04,7.45,-3.12,0.78,0.23,0.76,553.0,1.0,-0.87,16.0,95.0,60.0,100.0,-0.5,12.9,"Closed loop, using oxygen sensor feedback to determine fuel mix/",19.0,84
2026-09-13 17:29:13.235,1748.0,12.0,3.63,27.84,17.65,7.06,-3.12,0.78,0.8,0.76,553.0,1.0,-0.88,16.0,95.0,60.0,100.0,-0.5,12.9,"Closed loop, using oxygen sensor feedback to determine fuel mix/",19.0,84
2026-09-13 17:29:13.614,1614.0,14.0,3.45,27.84,17.65,7.06,-3.91,0.78,0.21,0.78,553.0,1.0,-0.86,16.0,95.0,60.0,100.0,-0.5,12.9,"Closed loop, using oxygen sensor feedback to determine fuel mix/",19.0,84
2026-09-13 17:29:14.016,1552.25,13.0,3.46,27.84,17.25,7.84,-3.91,0.78,0.71,0.79,553.0,1.0,-0.87,13.0,95.0,60.0,100.0,-4.5,12.9,"Closed loop, using oxygen sensor feedback to determine fuel mix/",19.0,84
2026-09-13 17:29:14.574,1444.25,14.0,3.13,27.06,16.47,9.02,-3.91,0.78,0.77,0.77,553.0,1.0,-0.86,13.0,95.0,60.0,100.0,-4.5,12.9,"Closed loop, using oxygen sensor feedback to determine fuel mix/",19.0,84
2026-09-13 17:29:14.928,1376.25,14.0,2.83,26.67,16.47,9.8,-3.91,0.78,0.79,0.78,553.0,1.0,-0.86,13.0,95.0,60.0,100.0,-4.5,12.9,"Closed loop, using oxygen sensor feedback to determine fuel mix/",19.0,84
2026-09-13 17:29:15.307,1176.0,14.0,2.73,26.67,15.69,14.9,-4.69,1.56,0.77,0.79,553.0,1.0,-0.86,13.0,95.0,60.0,100.0,-4.5,12.9,"Closed loop, using oxygen sensor feedback to determine fuel mix/",19.0,84
2026-09-13 17:29:15.676,1020.25,16.0,2.63,25.88,13.73,18.43,-5.47,0.78,0.72,0.79,553.0,1.0,-0.84,13.0,95.0,60.0,100.0,-4.5,12.9,"Closed loop, using oxygen sensor feedback to determine fuel mix/",19.0,84
2026-09-13 17:29:16.058,856.0,17.0,2.23,26.27,15.29,18.04,-5.47,0.78,0.11,0.78,553.0,1.0,-0.83,12.0,96.0,60.0,100.0,-1.0,12.8,"Closed loop, using oxygen sensor feedback to determine fuel mix/",19.0,84
2026-09-13 17:29:16.684,862.5,16.0,2.05,23.92,12.94,16.47,-5.47,0.78,0.09,0.77,552.0,1.0,-0.84,12.0,96.0,60.0,100.0,-1.0,12.8,"Closed loop, using oxygen sensor feedback to determine fuel mix/",19.0,84
2026-09-13 17:29:17.064,782.0,16.0,1.88,22.75,12.94,16.47,-5.47,0.78,0.09,0.76,552.0,1.0,-0.84,12.0,96.0,60.0,100.0,-1.0,12.8,"Closed loop, using oxygen sensor feedback to determine fuel mix/",19.0,84
2026-09-13 17:29:17.402,764.0,16.0,1.92,23.14,12.55,16.47,-1.56,0.78,0.09,0.76,551.0,1.0,-0.84,12.0,96.0,60.0,100.0,-1.0,12.8,"Closed loop, using oxygen sensor feedback to determine fuel mix/",19.0,84
2026-09-13 17:29:17.752,757.5,16.0,1.87,22.75,12.55,16.08,-0.78,0.78,0.1,0.76,551.0,1.0,-0.84,12.0,96.0,60.0,100.0,-1.0,12.8,"Closed loop, using oxygen sensor feedback to determine fuel mix/",19.0,84
2026-09-13 17:29:18.103,756.25,17.0,1.85,22.75,12.55,16.08,-0.78,0.78,0.15,0.75,550.0,1.0,-0.83,10.0,96.0,60.0,100.0,7.0,12.9,"Closed loop, using oxygen sensor feedback to determine fuel mix/",19.0,84
2026-09-13 17:29:18.726,752.75,16.0,1.84,22.75,12.55,16.08,-3.91,0.78,0.72,0.75,549.0,1.0,-0.84,10.0,96.0,60.0,100.0,7.0,12.9,"Closed loop, using oxygen sensor feedback to determine fuel mix/",19.0,84
2026-09-13 17:29:19.076,741.5,16.0,1.85,22.75,12.55,16.47,-4.69,0.78,0.15,0.76,549.0,1.0,-0.84,10.0,96.0,60.0,100.0,7.0,12.9,"Closed loop, using oxygen sensor feedback to determine fuel mix/",19.0,84
2026-09-13 17:29:19.415,734.75,17.0,1.84,22.75,12.55,16.47,-4.69,0.78,0.09,0.75,548.0,1.0,-0.83,10.0,96.0,60.0,100.0,7.0,12.9,"Closed loop, using oxygen sensor feedback to determine fuel mix/",19.0,84
2026-09-13 17:29:19.766,730.5,16.0,1.85,22.75,12.55,16.08,-4.69,0.78,0.08,0.75,547.0,1.0,-0.84,10.0,96.0,60.0,100.0,7.0,12.9,"Closed loop, using oxygen sensor feedback to determine fuel mix/",19.0,84
2026-09-13 17:29:20.132,736.5,18.0,1.83,22.75,12.55,16.08,-4.69,0.78,0.07,0.75,547.0,1.0,-0.82,9.0,96.0,61.0,100.0,4.5,12.9,"Closed loop, using oxygen sensor feedback to determine fuel mix/",19.0,84
2026-09-13 17:29:20.739,731.0,18.0,1.81,22.75,12.94,16.08,-0.78,0.78,0.07,0.75,546.0,1.0,-0.82,9.0,96.0,61.0,100.0,4.5,12.9,"Closed loop, using oxygen sensor feedback to determine fuel mix/",19.0,84
2026-09-13 17:29:21.091,725.25,18.0,1.86,23.14,13.33,16.47,-0.78,0.78,0.08,0.75,545.0,1.0,-0.82,9.0,96.0,61.0,100.0,4.5,12.9,"Closed loop, using oxygen sensor feedback to determine fuel mix/",19.0,84
2026-09-13 17:29:21.455,756.0,18.0,1.96,23.53,13.73,16.86,0.0,0.78,0.09,0.74,544.0,1.0,-0.82,9.0,96.0,61.0,100.0,4.5,12.9,"Closed loop, using oxygen sensor feedback to determine fuel mix/",19.0,84
2026-09-13 17:29:21.808,794.0,18.0,2.09,24.31,14.12,17.65,0.0,0.78,0.1,0.74,543.0,1.0,-0.82,9.0,96.0,61.0,100.0,4.5,12.9,"Closed loop, using oxygen sensor feedback to determine fuel mix/",19.0,84
2026-09-13 17:29:22.161,805.5,17.0,2.1,24.31,14.12,18.04,1.56,0.78,0.1,0.74,543.0,1.0,-0.83,8.0,96.0,61.0,100.0,6.5,12.9,"Closed loop, using oxygen sensor feedback to determine fuel mix/",19.0,84
2026-09-13 17:29:22.781,804.75,17.0,2.1,24.31,13.73,17.25,3.91,0.78,0.2,0.74,541.0,1.0,-0.83,8.0,96.0,61.0,100.0,6.5,12.9,"Closed loop, using oxygen sensor feedback to determine fuel mix/",19.0,84
2026-09-13 17:29:23.165,808.25,17.0,2.03,23.92,13.73,17.25,-2.34,0.78,0.78,0.74,541.0,1.0,-0.83,8.0,96.0,61.0,100.0,6.5,12.9,"Closed loop, using oxygen sensor feedback to determine fuel mix/",19.0,84
2026-09-13 17:29:23.534,796.75,17.0,2.08,24.31,13.73,17.65,-2.34,0.78,0.78,0.74,540.0,1.0,-0.83,8.0,96.0,61.0,100.0,6.5,12.9,"Closed loop, using oxygen sensor feedback to determine fuel mix/",19.0,84
2026-09-13 17:29:23.883,795.75,16.0,2.04,23.92,13.73,17.25,-3.12,0.78,0.64,0.77,539.0,1.0,-0.84,8.0,96.0,61.0,100.0,6.5,12.9,"Closed loop, using oxygen sensor feedback to determine fuel mix/",19.0,84
2026-09-13 17:29:24.268,788.5,17.0,2.02,23.92,13.73,17.25,-3.12,0.78,0.1,0.78,538.0,1.0,-0.83,8.0,96.0,61.0,100.0,11.5,12.9,"Closed loop, using oxygen sensor feedback to determine fuel mix/",19.0,84
2026-09-13 17:29:24.928,792.0,18.0,2.04,23.92,13.73,17.25,-3.12,0.78,0.09,0.76,537.0,1.0,-0.82,8.0,96.0,61.0,100.0,11.5,12.9,"Closed loop, using oxygen sensor feedback to determine fuel mix/",19.0,84
2026-09-13 17:29:25.258,790.25,17.0,2.04,23.92,13.73,17.25,0.78,0.78,0.08,0.76,536.0,1.0,-0.83,8.0,96.0,61.0,100.0,11.5,12.9,"Closed loop, using oxygen sensor feedback to determine fuel mix/",19.0,84
2026-09-13 17:29:25.640,789.5,17.0,2.05,24.31,13.73,17.65,0.78,0.78,0.09,0.75,535.0,1.0,-0.83,8.0,96.0,61.0,100.0,11.5,12.9,"Closed loop, using oxygen sensor feedback to determine fuel mix/",19.0,84
2026-09-13 17:29:26.007,787.5,16.0,2.06,23.92,13.33,17.25,0.78,0.78,0.1,0.74,534.0,1.0,-0.84,8.0,96.0,61.0,100.0,11.5,12.9,"Closed loop, using oxygen sensor feedback to determine fuel mix/",19.0,84
2026-09-13 17:29:26.358,788.0,16.0,2.0,23.92,13.73,17.25,1.56,0.78,0.18,0.74,534.0,1.0,-0.84,7.0,96.0,60.0,100.0,13.5,12.8,"Closed loop, using oxygen sensor feedback to determine fuel mix/",19.0,84
2026-09-13 17:29:26.949,770.75,17.0,2.1,24.31,13.73,18.04,-2.34,0.78,0.75,0.74,532.0,1.0,-0.83,7.0,96.0,60.0,100.0,13.5,12.8,"Closed loop, using oxygen sensor feedback to determine fuel mix/",19.0,84
2026-09-13 17:29:27.301,782.0,18.0,2.03,23.92,13.73,17.25,-2.34,0.78,0.54,0.75,531.0,1.0,-0.82,7.0,96.0,60.0,100.0,13.5,12.8,"Closed loop, using oxygen sensor feedback to determine fuel mix/",19.0,84
2026-09-13 17:29:27.653,771.75,18.0,2.02,23.92,13.73,17.65,-2.34,0.78,0.1,0.76,531.0,1.0,-0.82,7.0,96.0,60.0,100.0,13.5,12.8,"Closed loop, using oxygen sensor feedback to determine fuel mix/",19.0,84
2026-09-13 17:29:28.021,773.25,18.0,2.05,23.92,13.73,17.65,-2.34,0.78,0.09,0.76,530.0,1.0,-0.82,7.0,96.0,60.0,100.0,13.5,12.8,"Closed loop, using oxygen sensor feedback to determine fuel mix/",19.0,84
2026-09-13 17:29:28.406,771.25,17.0,2.05,23.92,13.73,17.65,-2.34,0.78,0.09,0.76,529.0,1.0,-0.83,6.0,96.0,60.0,100.0,8.0,13.0,"Closed loop, using oxygen sensor feedback to determine fuel mix/",19.0,84
2026-09-13 17:29:28.994,775.75,18.0,1.98,23.92,13.33,17.25,0.78,0.78,0.09,0.74,528.0,1.0,-0.82,6.0,96.0,60.0,100.0,8.0,13.0,"Closed loop, using oxygen sensor feedback to determine fuel mix/",19.0,84
2026-09-13 17:29:29.377,771.5,16.0,2.0,23.53,13.33,17.25,1.56,0.78,0.1,0.74,527.0,1.0,-0.84,6.0,96.0,60.0,100.0,8.0,13.0,"Closed loop, using oxygen sensor feedback to determine fuel mix/",19.0,84
2026-09-13 17:29:29.714,769.25,18.0,1.99,23.92,13.33,17.25,1.56,0.78,0.12,0.74,526.0,1.0,-0.82,6.0,96.0,60.0,100.0,8.0,13.0,"Closed loop, using oxygen sensor feedback to determine fuel mix/",19.0,84
2026-09-13 17:29:30.048,766.75,17.0,1.98,23.53,13.33,17.25,2.34,0.78,0.32,0.74,525.0,1.0,-0.83,6.0,96.0,60.0,100.0,8.0,13.0,"Closed loop, using oxygen sensor feedback to determine fuel mix/",19.0,84
2026-09-13 17:29:30.434,752.5,18.0,2.03,30.2,22.35,31.76,-1.56,1.56,0.74,0.74,524.0,1.0,-0.82,5.0,96.0,60.0,100.0,6.0,13.0,"Closed loop, using oxygen sensor feedback to determine fuel mix/",19.0,84
2026-09-13 17:29:31.053,1262.75,37.0,7.48,33.33,22.75,27.84,-2.34,0.0,0.07,0.74,523.0,1.0,-0.63,5.0,96.0,60.0,100.0,6.0,13.0,"Closed loop, using oxygen sensor feedback to determine fuel mix/",19.0,84
2026-09-13 17:29:31.453,1366.0,37.0,7.26,32.55,22.35,24.31,3.12,0.0,0.06,0.72,523.0,1.0,-0.63,5.0,96.0,60.0,100.0,6.0,13.0,"Closed loop, using oxygen sensor feedback to determine fuel mix/",19.0,84
2026-09-13 17:29:31.821,1371.0,36.0,6.73,32.55,22.35,22.35,3.91,0.0,0.07,0.69,524.0,1.0,-0.64,5.0,96.0,60.0,100.0,6.0,13.0,"Closed loop, using oxygen sensor feedback to determine fuel mix/",19.0,84
2026-09-13 17:29:32.188,1396.25,36.0,7.07,33.73,25.88,24.31,4.69,0.0,0.1,0.69,526.0,1.0,-0.64,5.0,96.0,60.0,100.0,6.0,13.0,"Closed loop, using oxygen sensor feedback to determine fuel mix/",19.0,84
2026-09-13 17:29:32.571,1654.0,44.0,13.23,36.47,26.67,27.45,9.38,-0.78,0.14,0.66,527.0,1.0,-0.56,11.0,97.0,59.0,100.0,10.0,12.9,"Closed loop, using oxygen sensor feedback to determine fuel mix/",19.0,84
2026-09-13 17:29:33.130,1933.25,45.0,15.9,36.86,26.27,29.41,0.78,0.0,0.1,0.72,528.0,1.0,-0.55,11.0,97.0,59.0,100.0,10.0,12.9,"Closed loop, using oxygen sensor feedback to determine fuel mix/",19.0,84
2026-09-13 17:29:33.513,2075.0,41.0,15.55,36.08,25.88,26.67,0.78,0.0,0.74,0.71,528.0,1.0,-0.59,11.0,97.0,59.0,100.0,10.0,12.9,"Closed loop, using oxygen sensor feedback to determine fuel mix/",19.0,84
2026-09-13 17:29:33.833,2168.5,40.0,16.46,38.43,31.76,30.98,0.0,-1.56,0.07,0.76,530.0,1.0,-0.6,11.0,97.0,59.0,100.0,10.0,12.9,"Closed loop, using oxygen sensor feedback to determine fuel mix/",19.0,84
2026-09-13 17:29:34.216,2378.25,57.0,31.26,38.82,27.06,36.47,-0.78,-0.78,0.88,0.85,535.0,1.0,-0.43,11.0,97.0,59.0,100.0,10.0,12.9,"Closed loop, using oxygen sensor feedback to determine fuel mix/",19.0,84
2026-09-13 17:29:34.616,1962.75,50.0,17.45,37.25,25.88,30.59,-4.69,0.0,0.84,0.85,540.0,1.0,-0.5,21.0,97.0,59.0,100.0,11.5,13.0,"Closed loop, using oxygen sensor feedback to determine fuel mix/",19.0,85
2026-09-13 17:29:35.190,1875.25,27.0,4.32,29.8,18.04,7.45,-10.16,2.34,0.69,0.82,552.0,1.0,-0.73,21.0,97.0,59.0,100.0,11.5,13.0,"Closed loop, using oxygen sensor feedback to determine fuel mix/",19.0,85
2026-09-13 17:29:35.590,1713.0,17.0,2.6,28.24,17.65,5.49,-10.16,2.34,0.82,0.81,557.0,1.0,-0.83,21.0,97.0,59.0,100.0,11.5,13.0,"Closed loop, using oxygen sensor feedback to determine fuel mix/",19.0,85
2026-09-13 17:29:35.959,1740.25,14.0,3.12,29.02,18.43,6.67,-10.16,2.34,0.81,0.81,561.0,1.0,-0.86,21.0,97.0,59.0,100.0,11.5,13.0,"Closed loop, using oxygen sensor feedback to determine fuel mix/",19.0,85
2026-09-13 17:29:36.396,1701.75,15.0,3.64,28.63,18.04,7.45,-5.47,2.34,0.1,0.81,565.0,1.0,-0.85,21.0,97.0,59.0,100.0,11.5,13.0,"Closed loop, using oxygen sensor feedback to determine fuel mix/",19.0,85
2026-09-13 17:29:36.737,1688.75,14.0,3.54,28.24,18.04,7.06,-5.47,2.34,0.09,0.79,568.0,1.0,-0.87,21.0,97.0,59.0,101.0,15.0,12.9,"Closed loop, using oxygen sensor feedback to determine fuel mix/",19.0,85
2026-09-13 17:29:37.319,1680.5,13.0,3.49,28.24,17.65,7.06,-5.47,1.56,0.08,0.77,572.0,1.0,-0.88,21.0,97.0,59.0,101.0,15.0,12.9,"Closed loop, using oxygen sensor feedback to determine fuel mix/",19.0,85
2026-09-13 17:29:37.697,1647.5,14.0,3.52,27.84,17.65,7.06,-2.34,1.56,0.09,0.77,574.0,1.0,-0.87,21.0,97.0,59.0,101.0,15.0,12.9,"Closed loop, using oxygen sensor feedback to determine fuel mix/",19.0,85
2026-09-13 17:29:38.065,1653.0,14.0,3.54,27.84,17.65,7.06,-2.34,1.56,0.5,0.76,575.0,1.0,-0.87,21.0,97.0,59.0,101.0,15.0,12.9,"Closed loop, using oxygen sensor feedback to determine fuel mix/",19.0,85
2026-09-13 17:29:38.432,1643.75,13.0,3.55,27.84,17.65,7.06,-5.47,0.78,0.8,0.76,576.0,1.0,-0.88,21.0,97.0,59.0,101.0,15.0,12.9,"Closed loop, using oxygen sensor feedback to determine fuel mix/",19.0,85
2026-09-13 17:29:38.816,1612.25,14.0,3.5,28.24,17.65,7.45,-6.25,0.78,0.1,0.79,577.0,1.0,-0.86,20.0,97.0,59.0,100.0,17.0,12.8,"Closed loop, using oxygen sensor feedback to determine fuel mix/",19.0,85
2026-09-13 17:29:39.408,1596.0,15.0,3.52,27.84,17.65,7.45,-6.25,0.0,0.08,0.77,577.0,1.0,-0.85,20.0,97.0,59.0,100.0,17.0,12.8,"Closed loop, using oxygen sensor feedback to determine fuel mix/",19.0,85
2026-09-13 17:29:39.791,1581.75,14.0,3.54,27.84,17.65,7.45,-6.25,0.0,0.09,0.76,577.0,1.0,-0.86,20.0,97.0,59.0,100.0,17.0,12.8,"Closed loop, using oxygen sensor feedback to determine fuel mix/",19.0,85
2026-09-13 17:29:40.110,1564.25,14.0,3.46,27.84,17.65,7.84,-2.34,0.0,0.09,0.76,577.0,1.0,-0.86,20.0,97.0,59.0,100.0,17.0,12.8,"Closed loop, using oxygen sensor feedback to determine fuel mix/",19.0,85
2026-09-13 17:29:40.479,1550.25,14.0,3.41,27.84,17.65,7.84,-2.34,0.0,0.15,0.75,577.0,1.0,-0.86,20.0,97.0,59.0,100.0,17.0,12.8,"Closed loop, using oxygen sensor feedback to determine fuel mix/",19.0,85
2026-09-13 17:29:40.859,1508.25,15.0,3.75,28.63,18.04,9.02,-5.47,0.0,0.73,0.75,576.0,1.0,-0.85,18.0,97.0,59.0,100.0,7.0,12.8,"Closed loop, using oxygen sensor feedback to determine fuel mix/",19.0,85
2026-09-13 17:29:41.451,1439.75,16.0,3.74,28.24,18.04,10.59,-5.47,0.0,0.07,0.75,576.0,1.0,-0.84,18.0,97.0,59.0,100.0,7.0,12.8,"Closed loop, using oxygen sensor feedback to determine fuel mix/",19.0,85
2026-09-13 17:29:41.833,1406.0,16.0,3.77,28.63,18.43,12.16,-5.47,0.0,0.07,0.74,576.0,1.0,-0.84,18.0,97.0,59.0,100.0,7.0,12.8,"Closed loop, using oxygen sensor feedback to determine fuel mix/",19.0,85
2026-09-13 17:29:42.217,1342.5,17.0,3.69,28.24,18.04,13.73,-2.34,0.0,0.07,0.74,575.0,1.0,-0.83,18.0,97.0,59.0,100.0,7.0,12.8,"Closed loop, using oxygen sensor feedback to determine fuel mix/",19.0,85
2026-09-13 17:29:42.619,1295.25,17.0,3.71,28.24,17.65,14.12,-2.34,0.0,0.09,0.74,575.0,1.0,-0.83,18.0,97.0,59.0,100.0,7.0,12.8,"Closed loop, using oxygen sensor feedback to determine fuel mix/",19.0,85
2026-09-13 17:29:42.986,1241.25,18.0,3.51,27.84,17.65,15.29,-1.56,0.0,0.1,0.74,575.0,1.0,-0.82,15.0,97.0,59.0,100.0,-1.0,12.9,"Closed loop, using oxygen sensor feedback to determine fuel mix/",19.0,84
2026-09-13 17:29:43.571,1150.5,18.0,3.25,27.45,16.08,17.25,-0.78,0.0,0.12,0.74,574.0,1.0,-0.82,15.0,97.0,59.0,100.0,-1.0,12.9,"Closed loop, using oxygen sensor feedback to determine fuel mix/",19.0,84
2026-09-13 17:29:43.907,1070.0,16.0,2.81,26.67,16.47,16.47,0.0,0.0,0.15,0.74,574.0,1.0,-0.84,15.0,97.0,59.0,100.0,-1.0,12.9,"Closed loop, using oxygen sensor feedback to determine fuel mix/",19.0,84
2026-09-13 17:29:44.242,1082.75,17.0,2.81,26.67,16.08,16.08,-3.91,0.0,0.73,0.74,573.0,1.0,-0.83,15.0,97.0,59.0,100.0,-1.0,12.9,"Closed loop, using oxygen sensor feedback to determine fuel mix/",19.0,84
2026-09-13 17:29:44.562,1051.5,16.0,2.73,26.27,16.08,16.47,-3.91,0.0,0.63,0.74,573.0,1.0,-0.84,15.0,97.0,59.0,100.0,-1.0,12.9,"Closed loop, using oxygen sensor feedback to determine fuel mix/",19.0,84
2026-09-13 17:29:44.919,1044.0,16.0,2.69,25.88,15.29,16.86,-3.91,0.0,0.08,0.74,572.0,1.0,-0.84,13.0,97.0,59.0,100.0,4.0,12.9,"Closed loop, using oxygen sensor feedback to determine fuel mix/",19.0,84
2026-09-13 17:29:45.538,1000.25,16.0,2.45,25.1,14.51,16.86,-3.91,0.0,0.07,0.74,571.0,1.0,-0.84,13.0,97.0,59.0,100.0,4.0,12.9,"Closed loop, using oxygen sensor feedback to determine fuel mix/",19.0,84
2026-09-13 17:29:45.925,947.25,16.0,2.18,24.71,13.73,15.69,-0.78,0.0,0.07,0.74,570.0,1.0,-0.84,13.0,97.0,59.0,100.0,4.0,12.9,"Closed loop, using oxygen sensor feedback to determine fuel mix/",19.0,84
2026-09-13 17:29:46.290,910.75,16.0,2.1,24.31,13.33,16.08,-0.78,0.0,0.09,0.74,570.0,1.0,-0.84,13.0,97.0,59.0,100.0,4.0,12.9,"Closed loop, using oxygen sensor feedback to determine fuel mix/",19.0,84
2026-09-13 17:29:46.672,870.25,15.0,2.08,23.92,13.73,16.08,0.0,0.0,0.12,0.74,569.0,1.0,-0.85,13.0,97.0,59.0,100.0,4.0,12.9,"Closed loop, using oxygen sensor feedback to determine fuel mix/",19.0,84
2026-09-13 17:29:47.023,863.5,17.0,2.05,23.92,13.33,16.08,0.0,0.0,0.21,0.74,568.0,1.0,-0.83,11.0,97.0,59.0,100.0,1.0,12.8,"Closed loop, using oxygen sensor feedback to determine fuel mix/",19.0,84
2026-09-13 17:29:47.693,793.5,17.0,1.89,21.96,11.76,16.47,-3.12,0.0,0.27,0.74,567.0,1.0,-0.83,11.0,97.0,59.0,100.0,1.0,12.8,"Closed loop, using oxygen sensor feedback to determine fuel mix/",19.0,84
2026-09-13 17:29:48.046,733.25,15.0,1.7,21.96,11.76,14.9,-3.12,0.0,0.1,0.74,566.0,1.0,-0.85,11.0,97.0,59.0,100.0,1.0,12.8,"Closed loop, using oxygen sensor feedback to determine fuel mix/",19.0,84
2026-09-13 17:29:48.430,713.5,16.0,1.7,21.96,11.76,14.9,-3.12,0.0,0.1,0.74,565.0,1.0,-0.84,11.0,97.0,59.0,100.0,1.0,12.8,"Closed loop, using oxygen sensor feedback to determine fuel mix/",19.0,84
2026-09-13 17:29:48.797,708.5,16.0,1.66,21.57,14.12,14.9,0.0,0.0,0.13,0.74,564.0,1.0,-0.84,11.0,97.0,59.0,100.0,1.0,12.8,"Closed loop, using oxygen sensor feedback to determine fuel mix/",19.0,84
2026-09-13 17:29:49.164,672.5,18.0,2.07,25.1,15.29,19.61,0.0,0.0,0.12,0.74,563.0,1.0,-0.82,8.0,97.0,59.0,100.0,-2.5,12.9,"Closed loop, using oxygen sensor feedback to determine fuel mix/",19.0,84
2026-09-13 17:29:49.755,718.75,22.0,2.61,26.27,15.69,23.14,0.78,0.0,0.1,0.74,561.0,1.0,-0.78,8.0,97.0,59.0,100.0,-2.5,12.9,"Closed loop, using oxygen sensor feedback to determine fuel mix/",19.0,84
2026-09-13 17:29:50.122,718.75,21.0,2.46,25.49,15.29,21.96,1.56,0.0,0.09,0.74,561.0,1.0,-0.79,8.0,97.0,59.0,100.0,-2.5,12.9,"Closed loop, using oxygen sensor feedback to determine fuel mix/",19.0,84
2026-09-13 17:29:50.491,741.5,20.0,2.35,25.49,15.29,20.39,3.12,0.0,0.1,0.73,560.0,1.0,-0.8,8.0,97.0,59.0,100.0,-2.5,12.9,"Closed loop, using oxygen sensor feedback to determine fuel mix/",19.0,84
2026-09-13 17:29:50.876,782.5,19.0,2.4,25.49,15.29,20.39,3.91,0.0,0.15,0.73,559.0,1.0,-0.81,8.0,97.0,59.0,100.0,-2.5,12.9,"Closed loop, using oxygen sensor feedback to determine fuel mix/",19.0,84
2026-09-13 17:29:51.242,787.25,20.0,2.41,25.49,15.29,20.39,-0.78,0.0,0.71,0.73,558.0,1.0,-0.8,6.0,97.0,59.0,100.0,5.0,12.9,"Closed loop, using oxygen sensor feedback to determine fuel mix/",19.0,85
2026-09-13 17:29:51.863,776.25,19.0,2.37,25.49,15.29,20.39,-1.56,0.0,0.1,0.73,556.0,1.0,-0.81,6.0,97.0,59.0,100.0,5.0,12.9,"Closed loop, using oxygen sensor feedback to determine fuel mix/",19.0,85
2026-09-13 17:29:52.221,759.75,21.0,2.37,25.49,15.29,20.78,-1.56,0.0,0.09,0.74,556.0,1.0,-0.79,6.0,97.0,59.0,100.0,5.0,12.9,"Closed loop, using oxygen sensor feedback to determine fuel mix/",19.0,85
2026-09-13 17:29:52.565,748.0,20.0,2.43,25.88,17.25,21.57,-1.56,0.0,0.08,0.74,555.0,1.0,-0.8,6.0,97.0,59.0,100.0,5.0,12.9,"Closed loop, using oxygen sensor feedback to determine fuel mix/",19.0,85
2026-09-13 17:29:52.920,765.5,27.0,4.42,30.59,21.57,40.78,1.56,0.78,0.07,0.74,554.0,1.0,-0.73,6.0,97.0,59.0,100.0,5.0,12.9,"Closed loop, using oxygen sensor feedback to determine fuel mix/",19.0,85
2026-09-13 17:29:53.315,1064.75,33.0,6.22,32.16,21.57,33.33,3.12,0.0,0.08,0.73,553.0,1.0,-0.67,6.0,97.0,58.0,100.0,32.5,13.0,"Closed loop, using oxygen sensor feedback to determine fuel mix/",19.0,85
2026-09-13 17:29:53.938,1245.0,35.0,5.68,31.37,21.18,24.31,-0.78,0.0,0.79,0.72,552.0,1.0,-0.65,6.0,97.0,58.0,100.0,32.5,13.0,"Closed loop, using oxygen sensor feedback to determine fuel mix/",19.0,85
2026-09-13 17:29:54.324,1250.75,35.0,5.29,31.37,20.39,22.75,-1.56,0.0,0.7,0.76,552.0,1.0,-0.65,6.0,97.0,58.0,100.0,32.5,13.0,"Closed loop, using oxygen sensor feedback to determine fuel mix/",19.0,85
2026-09-13 17:29:54.690,1237.5,31.0,4.98,30.59,20.39,21.96,-1.56,0.78,0.8,0.75,551.0,1.0,-0.69,6.0,97.0,58.0,100.0,32.5,13.0,"Closed loop, using oxygen sensor feedback to determine fuel mix/",19.0,85
2026-09-13 17:29:55.043,1248.75,30.0,4.8,30.59,20.0,20.39,-1.56,0.78,0.84,0.77,550.0,1.0,-0.7,6.0,97.0,58.0,100.0,32.5,13.0,"Closed loop, using oxygen sensor feedback to determine fuel mix/",19.0,85
2026-09-13 17:29:55.409,1263.25,30.0,4.76,30.59,20.39,19.22,-3.12,0.78,0.12,0.81,550.0,1.0,-0.7,9.0,97.0,58.0,100.0,35.5,13.0,"Closed loop, using oxygen sensor feedback to determine fuel mix/",19.0,85
2026-09-13 17:29:56.030,1306.25,28.0,4.77,30.59,20.39,18.04,-2.34,1.56,0.07,0.77,548.0,1.0,-0.72,9.0,97.0,58.0,100.0,35.5,13.0,"Closed loop, using oxygen sensor feedback to determine fuel mix/",19.0,85
2026-09-13 17:29:56.398,1348.0,29.0,4.88,30.59,20.39,16.86,-2.34,1.56,0.07,0.76,547.0,1.0,-0.71,9.0,97.0,58.0,100.0,35.5,13.0,"Closed loop, using oxygen sensor feedback to determine fuel mix/",19.0,85
2026-09-13 17:29:56.732,1376.5,27.0,4.94,30.59,20.39,15.69,1.56,1.56,0.09,0.74,546.0,1.0,-0.73,9.0,97.0,58.0,100.0,35.5,13.0,"Closed loop, using oxygen sensor feedback to determine fuel mix/",19.0,85
2026-09-13 17:29:57.119,1427.0,27.0,4.94,30.59,20.39,14.12,1.56,1.56,0.26,0.73,546.0,1.0,-0.73,9.0,97.0,58.0,100.0,35.5,13.0,"Closed loop, using oxygen sensor feedback to determine fuel mix/",19.0,85
2026-09-13 17:29:57.483,1454.75,26.0,4.91,30.59,20.39,12.94,-2.34,1.56,0.74,0.73,545.0,1.0,-0.74,11.0,97.0,58.0,100.0,40.5,12.9,"Closed loop, using oxygen sensor feedback to determine fuel mix/",19.0,85
2026-09-13 17:29:58.093,1512.25,25.0,4.91,30.59,20.39,11.76,-2.34,1.56,0.1,0.73,544.0,1.0,-0.75,11.0,97.0,58.0,100.0,40.5,12.9,"Closed loop, using oxygen sensor feedback to determine fuel mix/",19.0,85
2026-09-13 17:29:58.491,1540.0,25.0,4.94,30.59,20.39,11.37,-2.34,1.56,0.1,0.72,543.0,1.0,-0.75,11.0,97.0,58.0,100.0,40.5,12.9,"Closed loop, using oxygen sensor feedback to determine fuel mix/",19.0,85
2026-09-13 17:29:58.873,1565.0,23.0,4.93,30.59,20.39,10.98,-2.34,1.56,0.11,0.72,542.0,1.0,-0.77,11.0,97.0,58.0,100.0,40.5,12.9,"Closed loop, using oxygen sensor feedback to determine fuel mix/",19.0,85
2026-09-13 17:29:59.244,1602.25,22.0,5.0,30.59,20.39,10.2,0.78,1.56,0.17,0.72,542.0,1.0,-0.78,11.0,97.0,58.0,100.0,40.5,12.9,"Closed loop, using oxygen sensor feedback to determine fuel mix/",19.0,85
2026-09-13 17:29:59.607,1629.0,22.0,4.98,30.59,20.39,10.2,-2.34,1.56,0.78,0.72,541.0,1.0,-0.78,13.0,97.0,58.0,100.0,44.0,12.9,"Closed loop, using oxygen sensor feedback to determine fuel mix/",19.0,85
2026-09-13 17:30:00.234,1677.0,23.0,4.98,30.59,20.39,10.2,-3.12,1.56,0.55,0.73,540.0,1.0,-0.77,13.0,97.0,58.0,100.0,44.0,12.9,"Closed loop, using oxygen sensor feedback to determine fuel mix/",19.0,85
2026-09-13 17:30:00.632,1711.75,22.0,5.04,30.59,20.39,10.2,-3.12,1.56,0.27,0.73,540.0,1.0,-0.78,13.0,97.0,58.0,100.0,44.0,12.9,"Closed loop, using oxygen sensor feedback to determine fuel mix/",19.0,85
2026-09-13 17:30:00.997,1721.5,21.0,5.03,30.59,20.39,10.2,-3.12,1.56,0.44,0.72,540.0,1.0,-0.79,13.0,97.0,58.0,100.0,44.0,12.9,"Closed loop, using oxygen sensor feedback to determine fuel mix/",19.0,85
2026-09-13 17:30:01.366,1741.5,21.0,5.07,30.59,20.39,9.8,-3.91,1.56,0.67,0.72,539.0,1.0,-0.79,13.0,97.0,58.0,100.0,44.0,12.9,"Closed loop, using oxygen sensor feedback to determine fuel mix/",19.0,85
2026-09-13 17:30:01.715,1775.0,22.0,5.07,30.59,20.0,10.2,-3.91,1.56,0.2,0.72,539.0,1.0,-0.78,14.0,97.0,58.0,100.0,45.5,12.9,"Closed loop, using oxygen sensor feedback to determine fuel mix/",19.0,85
2026-09-13 17:30:02.339,1799.5,21.0,5.03,30.59,20.39,9.8,-3.91,1.56,0.25,0.72,539.0,1.0,-0.79,14.0,97.0,58.0,100.0,45.5,12.9,"Closed loop, using oxygen sensor feedback to determine fuel mix/",19.0,85
2026-09-13 17:30:02.724,1771.5,18.0,4.68,30.2,18.43,9.8,-3.91,2.34,0.74,0.72,539.0,1.0,-0.82,14.0,97.0,58.0,100.0,45.5,12.9,"Closed loop, using oxygen sensor feedback to determine fuel mix/",19.0,85
2026-09-13 17:30:03.090,1775.25,14.0,4.06,29.41,18.43,8.24,-3.91,0.0,0.09,0.73,538.0,1.0,-0.86,14.0,97.0,58.0,100.0,45.5,12.9,"Closed loop, using oxygen sensor feedback to determine fuel mix/",19.0,85
2026-09-13 17:30:03.429,1755.75,14.0,4.4,29.41,18.82,8.24,-3.91,0.0,0.07,0.73,538.0,1.0,-0.86,14.0,97.0,58.0,100.0,45.5,12.9,"Closed loop, using oxygen sensor feedback to determine fuel mix/",19.0,85
2026-09-13 17:30:03.806,1767.75,15.0,4.11,29.02,18.82,8.24,-3.91,0.0,0.07,0.72,538.0,1.0,-0.85,14.0,96.0,58.0,100.0,35.0,13.0,"Closed loop, using oxygen sensor feedback to determine fuel mix/",19.0,85
2026-09-13 17:30:04.416,1753.75,15.0,4.2,29.02,18.82,8.24,0.0,0.0,0.21,0.72,538.0,1.0,-0.85,14.0,96.0,58.0,100.0,35.0,13.0,"Closed loop, using oxygen sensor feedback to determine fuel mix/",19.0,85
2026-09-13 17:30:04.798,1749.75,14.0,4.04,28.63,18.43,7.84,-3.12,0.0,0.72,0.72,538.0,1.0,-0.86,14.0,96.0,58.0,100.0,35.0,13.0,"Closed loop, using oxygen sensor feedback to determine fuel mix/",19.0,85
2026-09-13 17:30:05.165,1729.75,14.0,3.97,28.63,18.43,7.84,-3.91,0.0,0.7,0.73,538.0,1.0,-0.86,14.0,96.0,58.0,100.0,35.0,13.0,"Closed loop, using oxygen sensor feedback to determine fuel mix/",19.0,85
2026-09-13 17:30:05.549,1724.0,14.0,3.97,28.63,18.43,7.84,-3.91,0.0,0.17,0.73,538.0,1.0,-0.86,14.0,96.0,58.0,100.0,35.0,13.0,"Closed loop, using oxygen sensor feedback to determine fuel mix/",19.0,85
2026-09-13 17:30:05.920,1701.5,15.0,3.93,28.63,18.04,7.84,-3.91,0.0,0.1,0.73,538.0,1.0,-0.85,13.0,96.0,58.0,100.0,33.5,12.8,"Closed loop, using oxygen sensor feedback to determine fuel mix/",19.0,85
2026-09-13 17:30:06.537,1572.75,14.0,3.5,27.45,17.25,7.45,-3.91,0.0,0.08,0.73,538.0,1.0,-0.86,13.0,96.0,58.0,100.0,33.5,12.8,"Closed loop, using oxygen sensor feedback to determine fuel mix/",19.0,85
2026-09-13 17:30:06.924,1490.75,14.0,3.12,27.06,16.47,7.84,0.0,0.0,0.11,0.73,538.0,1.0,-0.86,13.0,96.0,58.0,100.0,33.5,12.8,"Closed loop, using oxygen sensor feedback to determine fuel mix/",19.0,85
2026-09-13 17:30:07.291,1374.5,15.0,2.91,26.67,16.47,9.8,-3.12,0.0,0.74,0.73,538.0,1.0,-0.85,13.0,96.0,58.0,100.0,33.5,12.8,"Closed loop, using oxygen sensor feedback to determine fuel mix/",19.0,85
2026-09-13 17:30:07.625,1294.5,15.0,2.83,26.67,16.47,11.76,-3.12,0.0,0.78,0.73,538.0,1.0,-0.85,13.0,96.0,58.0,100.0,33.5,12.8,"Closed loop, using oxygen sensor feedback to determine fuel mix/",19.0,85
2026-09-13 17:30:08.007,1202.75,15.0,3.05,27.45,17.25,15.29,-3.91,0.0,0.14,0.74,538.0,1.0,-0.85,9.0,95.0,58.0,100.0,9.5,12.9,"Closed loop, using oxygen sensor feedback to determine fuel mix/",19.0,85
2026-09-13 17:30:08.646,1058.25,18.0,3.11,27.45,17.25,19.61,-3.91,0.0,0.07,0.74,538.0,1.0,-0.82,9.0,95.0,58.0,100.0,9.5,12.9,"Closed loop, using oxygen sensor feedback to determine fuel mix/",19.0,85
2026-09-13 17:30:09.030,978.5,20.0,3.26,27.45,17.25,22.75,-3.91,0.0,0.07,0.73,538.0,1.0,-0.8,9.0,95.0,58.0,100.0,9.5,12.9,"Closed loop, using oxygen sensor feedback to determine fuel mix/",19.0,85
2026-09-13 17:30:09.429,925.75,20.0,3.29,27.45,17.25,24.31,0.0,0.0,0.07,0.73,538.0,1.0,-0.8,9.0,95.0,58.0,100.0,9.5,12.9,"Closed loop, using oxygen sensor feedback to determine fuel mix/",19.0,85
2026-09-13 17:30:09.798,877.0,22.0,3.25,27.45,17.25,25.1,0.0,0.0,0.07,0.73,538.0,1.0,-0.78,9.0,95.0,58.0,100.0,9.5,12.9,"Closed loop, using oxygen sensor feedback to determine fuel mix/",19.0,85
2026-09-13 17:30:10.179,861.25,22.0,3.26,27.45,17.25,25.88,0.0,0.0,0.08,0.73,537.0,1.0,-0.78,6.0,95.0,58.0,100.0,0.0,12.8,"Closed loop, using oxygen sensor feedback to determine fuel mix/",19.0,85
2026-09-13 17:30:10.771,836.25,22.0,3.21,27.45,17.25,25.88,1.56,0.0,0.1,0.73,537.0,1.0,-0.78,6.0,95.0,58.0,100.0,0.0,12.8,"Closed loop, using oxygen sensor feedback to determine fuel mix/",19.0,85
2026-09-13 17:30:11.123,826.0,24.0,3.19,27.45,17.25,26.27,2.34,0.0,0.12,0.73,537.0,1.0,-0.76,6.0,95.0,58.0,100.0,0.0,12.8,"Closed loop, using oxygen sensor feedback to determine fuel mix/",19.0,85
2026-09-13 17:30:11.489,826.75,22.0,3.1,27.06,16.47,24.71,3.91,0.0,0.68,0.73,537.0,1.0,-0.78,6.0,95.0,58.0,100.0,0.0,12.8,"Closed loop, using oxygen sensor feedback to determine fuel mix/",19.0,85
2026-09-13 17:30:11.873,806.75,21.0,2.92,26.67,16.47,24.71,-1.56,0.0,0.77,0.73,536.0,1.0,-0.79,6.0,95.0,58.0,100.0,0.0,12.8,"Closed loop, using oxygen sensor feedback to determine fuel mix/",19.0,85
2026-09-13 17:30:12.241,812.75,22.0,2.81,26.67,16.08,23.53,-2.34,0.0,0.67,0.72,536.0,1.0,-0.78,6.0,95.0,58.0,100.0,1.5,12.9,"Closed loop, using oxygen sensor feedback to determine fuel mix/",19.0,85
2026-09-13 17:30:12.846,793.5,21.0,2.7,26.27,15.69,23.14,-2.34,0.0,0.1,0.72,535.0,1.0,-0.79,6.0,95.0,58.0,100.0,1.5,12.9,"Closed loop, using oxygen sensor feedback to determine fuel mix/",19.0,85
2026-09-13 17:30:13.231,794.0,20.0,2.53,25.88,15.69,21.57,-2.34,0.0,0.1,0.72,535.0,1.0,-0.8,6.0,95.0,58.0,100.0,1.5,12.9,"Closed loop, using oxygen sensor feedback to determine fuel mix/",19.0,85
2026-09-13 17:30:13.597,790.25,19.0,2.52,25.49,15.29,21.18,1.56,0.0,0.1,0.73,535.0,1.0,-0.81,6.0,95.0,58.0,100.0,1.5,12.9,"Closed loop, using oxygen sensor feedback to determine fuel mix/",19.0,85
2026-09-13 17:30:13.980,785.25,20.0,2.43,25.49,15.29,20.78,1.56,0.0,0.36,0.72,534.0,1.0,-0.8,6.0,95.0,58.0,100.0,1.5,12.9,"Closed loop, using oxygen sensor feedback to determine fuel mix/",19.0,85
2026-09-13 17:30:14.379,781.5,20.0,2.4,25.49,15.29,20.78,-1.56,0.0,0.78,0.72,534.0,1.0,-0.8,6.0,94.0,58.0,100.0,4.0,13.0,"Closed loop, using oxygen sensor feedback to determine fuel mix/",19.0,85
2026-09-13 17:30:14.940,782.25,20.0,2.39,25.49,14.9,20.0,-2.34,0.0,0.71,0.73,533.0,1.0,-0.8,6.0,94.0,58.0,100.0,4.0,13.0,"Closed loop, using oxygen sensor feedback to determine fuel mix/",19.0,85
2026-09-13 17:30:15.257,775.0,20.0,2.32,25.1,14.9,20.0,-2.34,0.0,0.1,0.73,532.0,1.0,-0.8,6.0,94.0,58.0,100.0,4.0,13.0,"Closed loop, using oxygen sensor feedback to determine fuel mix/",19.0,85
2026-09-13 17:30:15.640,772.0,18.0,2.32,25.1,14.51,20.0,-2.34,0.0,0.1,0.73,532.0,1.0,-0.82,6.0,94.0,58.0,100.0,4.0,13.0,"Closed loop, using oxygen sensor feedback to determine fuel mix/",19.0,85
2026-09-13 17:30:16.007,778.5,18.0,2.22,24.71,14.51,19.22,-2.34,0.0,0.1,0.73,531.0,1.0,-0.82,6.0,94.0,58.0,100.0,4.0,13.0,"Closed loop, using oxygen sensor feedback to determine fuel mix/",19.0,85
2026-09-13 17:30:16.391,779.0,19.0,2.26,25.1,14.51,19.22,1.56,0.0,0.09,0.73,531.0,1.0,-0.82,6.0,94.0,58.0,101.0,6.0,12.9,"Closed loop, using oxygen sensor feedback to determine fuel mix/",19.0,85
2026-09-13 17:30:17.014,778.25,19.0,2.19,24.71,14.12,18.82,1.56,0.0,0.1,0.73,530.0,1.0,-0.82,6.0,94.0,58.0,101.0,6.0,12.9,"Closed loop, using oxygen sensor feedback to determine fuel mix/",19.0,85
2026-09-13 17:30:17.334,,18.0,2.17,24.71,14.12,18.43,2.34,0.0,0.14,0.73,529.0,1.0,-0.83,6.0,94.0,58.0,101.0,6.0,12.9,"Closed loop, using oxygen sensor feedback to determine fuel mix/",19.0,85
2026-09-13 17:30:17.685,779.75,19.0,2.13,24.31,14.12,18.04,-0.78,0.0,0.6,0.73,528.0,1.0,-0.82,6.0,94.0,58.0,101.0,6.0,12.9,"Closed loop, using oxygen sensor feedback to determine fuel mix/",19.0,85
2026-09-13 17:30:18.067,771.75,18.0,2.11,24.31,14.12,18.04,-0.78,0.0,0.72,0.73,528.0,1.0,-0.83,6.0,94.0,58.0,101.0,6.0,12.9,"Closed loop, using oxygen sensor feedback to determine fuel mix/",19.0,85
2026-09-13 17:30:18.437,767.25,17.0,2.15,24.71,14.51,18.82,-1.56,0.0,0.1,0.73,527.0,1.0,-0.83,6.0,94.0,58.0,100.0,9.5,12.9,"Closed loop, using oxygen sensor feedback to determine fuel mix/",19.0,85
2026-09-13 17:30:19.096,770.5,18.0,2.15,24.71,14.51,18.43,-1.56,0.0,0.08,0.73,526.0,1.0,-0.82,6.0,94.0,58.0,100.0,9.5,12.9,"Closed loop, using oxygen sensor feedback to determine fuel mix/",19.0,85
2026-09-13 17:30:19.489,764.5,18.0,2.15,24.71,14.51,18.82,1.56,0.0,0.07,0.73,525.0,1.0,-0.82,6.0,94.0,58.0,100.0,9.5,12.9,"Closed loop, using oxygen sensor feedback to determine fuel mix/",19.0,85
2026-09-13 17:30:19.905,767.25,17.0,2.17,24.71,14.12,18.43,1.56,0.0,0.09,0.73,524.0,1.0,-0.83,6.0,94.0,58.0,100.0,9.5,12.9,"Closed loop, using oxygen sensor feedback to determine fuel mix/",19.0,85
2026-09-13 17:30:20.272,767.75,19.0,2.13,24.31,14.12,18.04,2.34,0.0,0.1,0.73,524.0,1.0,-0.81,6.0,94.0,58.0,100.0,9.5,12.9,"Closed loop, using oxygen sensor feedback to determine fuel mix/",19.0,85
2026-09-13 17:30:20.639,760.25,18.0,2.12,24.71,14.12,18.43,3.12,0.0,0.14,0.73,523.0,1.0,-0.82,5.0,93.0,57.0,100.0,12.0,12.9,"Closed loop, using oxygen sensor feedback to determine fuel mix/",19.0,85
2026-09-13 17:30:21.280,753.25,18.0,2.09,24.31,14.12,18.04,-0.78,0.0,0.72,0.73,522.0,1.0,-0.82,5.0,93.0,57.0,100.0,12.0,12.9,"Closed loop, using oxygen sensor feedback to determine fuel mix/",19.0,85
2026-09-13 17:30:21.667,728.5,20.0,2.13,24.71,14.9,19.22,-0.78,0.0,0.69,0.73,521.0,1.0,-0.8,5.0,93.0,57.0,100.0,12.0,12.9,"Closed loop, using oxygen sensor feedback to determine fuel mix/",19.0,85
2026-09-13 17:30:22.032,721.25,19.0,2.22,25.1,15.29,20.0,-0.78,0.0,0.1,0.73,520.0,1.0,-0.81,5.0,93.0,57.0,100.0,12.0,12.9,"Closed loop, using oxygen sensor feedback to determine fuel mix/",19.0,85
2026-09-13 17:30:22.382,721.5,20.0,2.32,25.49,15.29,20.39,-0.78,0.0,0.07,0.73,519.0,1.0,-0.8,5.0,93.0,57.0,100.0,12.0,12.9,"Closed loop, using oxygen sensor feedback to determine fuel mix/",19.0,85
2026-09-13 17:30:22.779,726.75,20.0,2.33,25.49,15.29,20.78,2.34,0.0,0.07,0.72,519.0,1.0,-0.8,4.0,93.0,57.0,100.0,8.0,13.0,"Closed loop, using oxygen sensor feedback to determine fuel mix/",19.0,85
2026-09-13 17:30:23.418,730.25,21.0,2.35,25.49,15.29,20.78,3.12,0.0,0.09,0.72,517.0,1.0,-0.79,4.0,93.0,57.0,100.0,8.0,13.0,"Closed loop, using oxygen sensor feedback to determine fuel mix/",19.0,85
2026-09-13 17:30:23.817,724.0,20.0,2.37,25.49,15.29,20.78,3.12,0.0,0.1,0.72,516.0,1.0,-0.8,4.0,93.0,57.0,100.0,8.0,13.0,"Closed loop, using oxygen sensor feedback to determine fuel mix/",19.0,85
2026-09-13 17:30:24.217,720.75,20.0,2.35,25.49,15.29,20.78,3.91,2.34,0.12,0.72,516.0,1.0,-0.8,4.0,93.0,57.0,100.0,8.0,13.0,"Closed loop, using oxygen sensor feedback to determine fuel mix/",19.0,85
2026-09-13 17:30:24.569,719.0,20.0,2.34,25.49,15.29,20.78,3.91,2.34,0.55,0.72,515.0,1.0,-0.8,4.0,93.0,57.0,100.0,8.0,13.0,"Closed loop, using oxygen sensor feedback to determine fuel mix/",19.0,85
2026-09-13 17:30:24.967,715.75,20.0,2.32,25.49,15.29,20.78,0.0,2.34,0.77,0.72,514.0,1.0,-0.8,2.0,93.0,58.0,100.0,7.0,12.9,"Closed loop, using oxygen sensor feedback to determine fuel mix/",19.0,85
2026-09-13 17:30:25.559,712.0,22.0,2.35,25.49,15.29,21.18,-0.78,2.34,0.7,0.72,513.0,1.0,-0.78,2.0,93.0,58.0,100.0,7.0,12.9,"Closed loop, using oxygen sensor feedback to determine fuel mix/",19.0,85
2026-09-13 17:30:25.928,711.75,20.0,2.41,25.88,15.69,21.57,-0.78,2.34,,0.72,512.0,1.0,-0.8,2.0,93.0,58.0,100.0,7.0,12.9,"Closed loop, using oxygen sensor feedback to determine fuel mix/",19.0,85
2026-09-13 17:30:26.260,715.5,21.0,2.46,25.88,15.69,21.96,-0.78,2.34,0.1,0.72,511.0,1.0,-0.79,2.0,93.0,58.0,100.0,7.0,12.9,"Closed loop, using oxygen sensor feedback to determine fuel mix/",19.0,85
2026-09-13 17:30:26.628,714.0,21.0,2.45,25.88,15.69,21.96,-0.78,2.34,0.1,0.72,511.0,1.0,-0.79,2.0,93.0,58.0,100.0,7.0,12.9,"Closed loop, using oxygen sensor feedback to determine fuel mix/",19.0,85
2026-09-13 17:30:26.979,720.0,21.0,2.48,25.88,15.69,22.35,-0.78,2.34,0.1,0.72,510.0,1.0,-0.79,2.0,93.0,57.0,100.0,2.0,12.9,"Closed loop, using oxygen sensor feedback to determine fuel mix/",19.0,85
2026-09-13 17:30:27.601,721.75,22.0,2.52,25.88,15.69,21.96,3.12,2.34,0.2,0.72,509.0,1.0,-0.78,2.0,93.0,57.0,100.0,2.0,12.9,"Closed loop, using oxygen sensor feedback to determine fuel mix/",19.0,85
2026-09-13 17:30:27.969,715.25,21.0,2.5,25.88,15.69,22.35,-0.78,2.34,0.77,0.72,508.0,1.0,-0.79,2.0,93.0,57.0,100.0,2.0,12.9,"Closed loop, using oxygen sensor feedback to determine fuel mix/",19.0,85
2026-09-13 17:30:28.337,702.25,23.0,2.5,26.27,16.08,22.75,-0.78,2.34,0.72,0.72,508.0,1.0,-0.77,2.0,93.0,57.0,100.0,2.0,12.9,"Closed loop, using oxygen sensor feedback to determine fuel mix/",19.0,85
2026-09-13 17:30:28.672,708.75,23.0,2.59,26.27,16.08,23.14,-1.56,2.34,0.1,0.72,507.0,1.0,-0.77,2.0,93.0,57.0,100.0,2.0,12.9,"Closed loop, using oxygen sensor feedback to determine fuel mix/",19.0,85
2026-09-13 17:30:29.056,697.25,22.0,2.65,26.27,16.08,23.92,-1.56,2.34,0.09,0.72,506.0,1.0,-0.78,1.0,92.0,57.0,100.0,1.0,12.8,"Closed loop, using oxygen sensor feedback to determine fuel mix/",19.0,85
2026-09-13 17:30:29.680,708.75,23.0,2.68,26.27,16.08,23.92,-1.56,2.34,0.09,0.72,,1.0,-0.77,1.0,92.0,57.0,100.0,1.0,12.8,"Closed loop, using oxygen sensor feedback to determine fuel mix/",19.0,85
2026-09-13 17:30:30.030,697.75,22.0,2.69,26.67,16.47,24.31,2.34,2.34,0.1,0.72,504.0,1.0,-0.78,1.0,92.0,57.0,100.0,1.0,12.8,"Closed loop, using oxygen sensor feedback to determine fuel mix/",19.0,85
2026-09-13 17:30:30.396,711.5,23.0,2.75,26.67,16.47,24.31,2.34,2.34,0.31,0.72,504.0,1.0,-0.77,1.0,92.0,57.0,100.0,1.0,12.8,"Closed loop, using oxygen sensor feedback to determine fuel mix/",19.0,85
2026-09-13 17:30:30.780,706.5,24.0,2.76,26.67,16.47,24.71,-0.78,2.34,0.74,0.72,503.0,1.0,-0.76,1.0,92.0,57.0,100.0,1.0,12.8,"Closed loop, using oxygen sensor feedback to determine fuel mix/",19.0,85
2026-09-13 17:30:31.148,718.5,24.0,2.73,26.67,16.47,24.71,-0.78,2.34,0.6,0.72,502.0,1.0,-0.76,3.0,92.0,57.0,100.0,0.5,13.0,"Closed loop, using oxygen sensor feedback to determine fuel mix/",19.0,85
2026-09-13 17:30:31.801,724.25,23.0,2.73,26.67,16.47,24.31,-1.56,2.34,0.11,0.72,501.0,1.0,-0.77,3.0,92.0,57.0,100.0,0.5,13.0,"Closed loop, using oxygen sensor feedback to determine fuel mix/",19.0,85
2026-09-13 17:30:32.203,721.25,23.0,2.73,26.67,16.47,24.31,-1.56,2.34,0.1,0.72,500.0,1.0,-0.77,3.0,92.0,57.0,100.0,0.5,13.0,"Closed loop, using oxygen sensor feedback to determine fuel mix/",19.0,85
2026-09-13 17:30:32.586,725.25,24.0,2.74,26.67,16.47,23.92,2.34,2.34,0.1,0.72,500.0,1.0,-0.76,3.0,92.0,57.0,100.0,0.5,13.0,"Closed loop, using oxygen sensor feedback to determine fuel mix/",19.0,85
2026-09-13 17:30:32.970,728.0,24.0,2.75,26.67,16.08,24.31,2.34,2.34,0.2,0.72,499.0,1.0,-0.76,3.0,92.0,57.0,100.0,0.5,13.0,"Closed loop, using oxygen sensor feedback to determine fuel mix/",19.0,85
2026-09-13 17:30:33.322,722.25,24.0,2.69,26.27,16.08,24.31,-1.56,2.34,0.78,0.72,498.0,1.0,-0.76,2.0,92.0,57.0,100.0,-0.5,13.0,"Closed loop, using oxygen sensor feedback to determine fuel mix/",19.0,85
2026-09-13 17:30:33.957,717.0,23.0,2.7,26.27,16.08,23.53,-2.34,2.34,0.7,0.72,497.0,1.0,-0.77,2.0,92.0,57.0,100.0,-0.5,13.0,"Closed loop, using oxygen sensor feedback to determine fuel mix/",19.0,85
2026-09-13 17:30:34.309,717.0,22.0,2.65,26.27,15.69,23.14,-2.34,2.34,0.12,0.72,497.0,1.0,-0.78,2.0,92.0,57.0,100.0,-0.5,13.0,"Closed loop, using oxygen sensor feedback to determine fuel mix/",19.0,85
2026-09-13 17:30:34.694,,22.0,2.54,25.88,15.69,22.75,-2.34,2.34,0.1,0.72,496.0,1.0,-0.78,2.0,92.0,57.0,100.0,-0.5,13.0,"Closed loop, using oxygen sensor feedback to determine fuel mix/",19.0,85
2026-09-13 17:30:35.060,705.25,22.0,,25.88,15.69,21.96,-2.34,3.12,0.1,0.72,496.0,1.0,-0.78,2.0,92.0,57.0,100.0,-0.5,13.0,"Closed loop, using oxygen sensor feedback to determine fuel mix/",19.0,85
2026-09-13 17:30:35.444,702.5,21.0,2.43,25.49,15.29,21.96,1.56,3.12,0.1,0.72,495.0,1.0,-0.79,0.0,91.0,57.0,100.0,1.0,12.9,"Closed loop, using oxygen sensor feedback to determine fuel mix/",19.0,85
2026-09-13 17:30:36.083,702.0,20.0,2.32,25.1,14.9,20.78,1.56,3.12,0.67,0.72,494.0,1.0,-0.8,0.0,91.0,57.0,100.0,1.0,12.9,"Closed loop, using oxygen sensor feedback to determine fuel mix/",19.0,85
2026-09-13 17:30:36.486,694.0,21.0,2.27,25.1,14.9,20.39,-2.34,3.12,0.77,0.72,493.0,1.0,-0.79,0.0,91.0,57.0,100.0,1.0,12.9,"Closed loop, using oxygen sensor feedback to determine fuel mix/",19.0,85
2026-09-13 17:30:36.883,695.25,21.0,2.29,25.1,14.9,20.78,-3.12,3.12,0.71,0.72,493.0,1.0,-0.79,0.0,91.0,57.0,100.0,1.0,12.9,"Closed loop, using oxygen sensor feedback to determine fuel mix/",19.0,85
2026-09-13 17:30:37.285,687.5,20.0,2.27,25.1,14.9,20.39,-3.12,3.12,0.13,0.72,492.0,1.0,-0.8,0.0,91.0,57.0,100.0,1.0,12.9,"Closed loop, using oxygen sensor feedback to determine fuel mix/",19.0,85
2026-09-13 17:30:37.647,688.5,21.0,2.26,25.1,14.9,20.39,-3.12,3.12,0.1,0.73,492.0,1.0,-0.79,0.0,91.0,57.0,100.0,5.5,12.9,N/A,19.0,85
2026-09-13 17:30:38.285,687.25,22.0,2.24,25.1,14.9,20.39,-3.12,2.34,0.09,0.72,491.0,1.0,-0.78,0.0,91.0,57.0,100.0,5.5,12.9,N/A,19.0,85
2026-09-13 17:30:38.636,686.75,21.0,2.24,25.1,14.9,20.39,0.78,2.34,0.09,0.73,490.0,1.0,-0.79,0.0,91.0,57.0,100.0,5.5,12.9,N/A,19.0,85
2026-09-13 17:30:39.006,686.0,21.0,2.22,25.1,14.51,20.39,0.78,2.34,0.1,0.72,490.0,1.0,-0.79,0.0,91.0,57.0,100.0,5.5,12.9,N/A,19.0,85
2026-09-13 17:30:39.371,686.25,21.0,2.17,24.71,14.51,19.61,1.56,2.34,0.27,0.72,489.0,1.0,-0.79,0.0,91.0,57.0,100.0,5.5,12.9,N/A,19.0,85
2026-09-13 17:30:39.756,683.0,20.0,2.14,23.92,14.12,18.43,-2.34,2.34,0.75,0.72,488.0,1.0,-0.8,0.0,91.0,57.0,100.0,18.0,13.0,"Closed loop, using oxygen sensor feedback to determine fuel mix/",19.0,85
2026-09-13 17:30:40.393,719.0,20.0,2.25,24.31,14.12,19.22,-3.12,2.34,0.17,0.72,488.0,1.0,-0.8,0.0,91.0,57.0,100.0,18.0,13.0,"Closed loop, using oxygen sensor feedback to determine fuel mix/",19.0,85
2026-09-13 17:30:40.793,,19.0,2.09,24.31,14.51,18.82,-3.12,2.34,0.1,0.72,487.0,1.0,-0.81,0.0,91.0,57.0,100.0,18.0,13.0,"Closed loop, using oxygen sensor feedback to determine fuel mix/",19.0,85
2026-09-13 17:30:41.161,657.5,20.0,2.19,25.49,15.29,20.39,-3.12,2.34,0.09,0.72,486.0,1.0,-0.8,0.0,91.0,57.0,100.0,18.0,13.0,"Closed loop, using oxygen sensor feedback to determine fuel mix/",19.0,85
2026-09-13 17:30:41.542,668.75,21.0,2.3,25.49,15.29,21.18,-3.12,2.34,0.09,0.72,486.0,1.0,-0.79,0.0,91.0,57.0,100.0,18.0,13.0,"Closed loop, using oxygen sensor feedback to determine fuel mix/",19.0,85
2026-09-13 17:30:41.945,665.25,22.0,2.43,25.88,16.08,22.75,0.78,2.34,0.07,0.72,485.0,1.0,-0.78,0.0,91.0,57.0,100.0,3.5,12.7,"Closed loop, using oxygen sensor feedback to determine fuel mix/",19.0,85
2026-09-13 17:30:42.615,669.0,25.0,2.64,26.67,16.86,24.31,1.56,2.34,0.09,0.72,484.0,1.0,-0.75,0.0,91.0,57.0,100.0,3.5,12.7,"Closed loop, using oxygen sensor feedback to determine fuel mix/",19.0,85
2026-09-13 17:30:42.997,674.5,26.0,2.84,27.06,16.47,25.49,1.56,2.34,0.09,0.72,484.0,1.0,-0.74,0.0,91.0,57.0,100.0,3.5,12.7,"Closed loop, using oxygen sensor feedback to determine fuel mix/",19.0,85
2026-09-13 17:30:43.352,675.75,24.0,2.72,26.67,16.47,24.71,2.34,2.34,0.09,0.72,484.0,1.0,-0.76,0.0,91.0,57.0,100.0,3.5,12.7,"Closed loop, using oxygen sensor feedback to determine fuel mix/",19.0,85
2026-09-13 17:30:43.718,676.25,24.0,2.69,26.67,16.47,24.71,2.34,2.34,0.09,0.72,483.0,1.0,-0.76,0.0,91.0,57.0,100.0,3.5,12.7,"Closed loop, using oxygen sensor feedback to determine fuel mix/",19.0,85
2026-09-13 17:30:44.068,694.75,25.0,2.7,26.67,16.47,24.31,3.91,2.34,0.12,0.72,483.0,1.0,-0.75,0.0,91.0,57.0,100.0,0.0,12.9,"Closed loop, using oxygen sensor feedback to determine fuel mix/",19.0,85
2026-09-13 17:30:44.707,690.25,24.0,2.7,26.67,16.47,24.31,-0.78,2.34,0.74,0.72,482.0,1.0,-0.76,0.0,91.0,57.0,100.0,0.0,12.9,"Closed loop, using oxygen sensor feedback to determine fuel mix/",19.0,85
2026-09-13 17:30:45.043,685.5,25.0,2.7,26.67,16.47,24.71,-0.78,2.34,0.73,0.72,482.0,1.0,-0.75,0.0,91.0,57.0,100.0,0.0,12.9,"Closed loop, using oxygen sensor feedback to determine fuel mix/",19.0,85
2026-09-13 17:30:45.393,704.25,23.0,2.69,26.67,16.47,24.31,-0.78,2.34,0.1,0.72,481.0,1.0,-0.77,0.0,91.0,57.0,100.0,0.0,12.9,"Closed loop, using oxygen sensor feedback to determine fuel mix/",19.0,85
2026-09-13 17:30:45.763,686.5,25.0,2.7,26.67,16.47,24.71,-0.78,2.34,0.1,0.72,481.0,1.0,-0.75,0.0,91.0,57.0,100.0,0.0,12.9,"Closed loop, using oxygen sensor feedback to determine fuel mix/",19.0,85
2026-09-13 17:30:46.143,693.0,23.0,2.75,26.67,16.08,24.71,-0.78,2.34,0.1,0.72,480.0,1.0,-0.77,0.0,91.0,57.0,100.0,0.5,13.0,"Closed loop, using oxygen sensor feedback to determine fuel mix/",19.0,85
2026-09-13 17:30:46.765,694.25,23.0,2.69,26.67,16.08,24.31,3.12,2.34,0.1,0.72,480.0,1.0,-0.77,0.0,91.0,57.0,100.0,0.5,13.0,"Closed loop, using oxygen sensor feedback to determine fuel mix/",19.0,85
2026-09-13 17:30:47.104,686.0,25.0,2.69,26.67,16.08,24.31,3.12,2.34,0.2,0.72,479.0,1.0,-0.75,0.0,91.0,57.0,100.0,0.5,13.0,"Closed loop, using oxygen sensor feedback to determine fuel mix/",19.0,85
2026-09-13 17:30:47.469,695.0,25.0,2.69,26.27,16.08,24.31,-0.78,2.34,0.75,0.72,479.0,1.0,-0.75,0.0,91.0,57.0,100.0,0.5,13.0,"Closed loop, using oxygen sensor feedback to determine fuel mix/",19.0,85
2026-09-13 17:30:47.803,698.25,23.0,2.68,26.27,16.08,23.92,-0.78,2.34,0.74,0.72,479.0,1.0,-0.77,0.0,91.0,57.0,100.0,0.5,13.0,"Closed loop, using oxygen sensor feedback to determine fuel mix/",19.0,85
2026-09-13 17:30:48.123,695.0,24.0,2.65,26.27,16.08,23.92,-1.56,2.34,0.21,0.72,478.0,1.0,-0.76,1.0,91.0,57.0,100.0,-0.5,13.0,"Closed loop, using oxygen sensor feedback to determine fuel mix/",19.0,85
2026-09-13 17:30:48.779,699.5,22.0,2.65,26.27,16.08,23.92,-1.56,2.34,0.1,0.72,478.0,1.0,-0.78,1.0,91.0,57.0,100.0,-0.5,13.0,"Closed loop, using oxygen sensor feedback to determine fuel mix/",19.0,85
2026-09-13 17:30:49.160,696.75,23.0,2.66,26.27,16.08,23.92,-1.56,2.34,0.1,0.72,477.0,1.0,-0.77,1.0,91.0,57.0,100.0,-0.5,13.0,"Closed loop, using oxygen sensor feedback to determine fuel mix/",19.0,85
2026-09-13 17:30:49.529,702.5,23.0,2.64,26.27,16.08,23.92,2.34,2.34,0.1,0.72,477.0,1.0,-0.77,1.0,91.0,57.0,100.0,-0.5,13.0,"Closed loop, using oxygen sensor feedback to determine fuel mix/",19.0,85
2026-09-13 17:30:49.879,707.5,23.0,2.67,26.27,16.08,23.92,2.34,2.34,0.15,0.72,477.0,1.0,-0.77,1.0,91.0,57.0,100.0,-0.5,13.0,"Closed loop, using oxygen sensor feedback to determine fuel mix/",19.0,85
2026-09-13 17:30:50.246,701.75,24.0,2.66,26.27,16.08,23.92,-1.56,2.34,0.77,0.72,476.0,1.0,-0.76,0.0,91.0,57.0,100.0,-2.5,13.0,"Closed loop, using oxygen sensor feedback to determine fuel mix/",19.0,85
2026-09-13 17:30:50.885,701.25,23.0,2.59,26.27,16.08,23.14,-2.34,2.34,0.64,0.72,476.0,1.0,-0.77,0.0,91.0,57.0,100.0,-2.5,13.0,"Closed loop, using oxygen sensor feedback to determine fuel mix/",19.0,85
2026-09-13 17:30:51.269,691.5,24.0,2.56,26.27,16.08,23.53,-2.34,2.34,0.1,0.72,476.0,1.0,-0.76,0.0,91.0,57.0,100.0,-2.5,13.0,"Closed loop, using oxygen sensor feedback to determine fuel mix/",19.0,85
2026-09-13 17:30:51.668,694.5,23.0,2.59,26.27,16.08,23.53,-2.34,2.34,0.1,0.72,475.0,1.0,-0.77,0.0,91.0,57.0,100.0,-2.5,13.0,"Closed loop, using oxygen sensor feedback to determine fuel mix/",19.0,85
2026-09-13 17:30:52.036,687.0,23.0,2.58,26.27,16.08,23.53,-2.34,2.34,0.09,0.72,475.0,1.0,-0.77,0.0,91.0,57.0,100.0,-2.5,13.0,"Closed loop, using oxygen sensor feedback to determine fuel mix/",19.0,85
2026-09-13 17:30:52.425,694.25,22.0,2.62,26.27,16.08,23.92,1.56,2.34,0.09,0.72,475.0,1.0,-0.78,0.0,91.0,57.0,100.0,-3.0,12.9,"Closed loop, using oxygen sensor feedback to determine fuel mix/",19.0,85
2026-09-13 17:30:53.059,694.25,22.0,2.55,26.27,15.69,23.14,2.34,2.34,0.19,0.72,474.0,1.0,-0.78,0.0,91.0,57.0,100.0,-3.0,12.9,"Closed loop, using oxygen sensor feedback to determine fuel mix/",19.0,85
2026-09-13 17:30:53.440,696.75,23.0,2.54,26.27,16.08,23.14,-1.56,2.34,0.76,0.72,474.0,1.0,-0.77,0.0,91.0,57.0,100.0,-3.0,12.9,"Closed loop, using oxygen sensor feedback to determine fuel mix/",19.0,85
2026-09-13 17:30:53.823,685.0,24.0,2.6,26.27,16.08,23.92,-1.56,2.34,0.73,0.72,474.0,1.0,-0.76,0.0,91.0,57.0,100.0,-3.0,12.9,"Closed loop, using oxygen sensor feedback to determine fuel mix/",19.0,85
2026-09-13 17:30:54.223,682.0,24.0,2.72,26.67,16.86,24.71,-2.34,2.34,0.11,0.72,474.0,1.0,-0.76,0.0,91.0,57.0,100.0,-3.0,12.9,"Closed loop, using oxygen sensor feedback to determine fuel mix/",19.0,85
2026-09-13 17:30:54.589,687.0,25.0,2.81,26.67,16.08,25.1,-2.34,2.34,0.09,0.72,473.0,1.0,-0.75,0.0,91.0,57.0,100.0,-3.0,12.9,"Closed loop, using oxygen sensor feedback to determine fuel mix/",19.0,85
2026-09-13 17:30:55.247,686.75,23.0,2.68,26.27,16.08,24.31,-2.34,2.34,0.08,0.72,473.0,1.0,-0.77,0.0,91.0,57.0,100.0,-3.0,12.9,"Closed loop, using oxygen sensor feedback to determine fuel mix/",19.0,85
2026-09-13 17:30:55.631,686.75,25.0,2.67,26.67,16.08,23.92,1.56,2.34,0.09,0.72,473.0,1.0,-0.75,0.0,91.0,57.0,100.0,-3.0,12.9,"Closed loop, using oxygen sensor feedback to determine fuel mix/",19.0,85
2026-09-13 17:30:56.013,701.75,24.0,2.69,26.27,16.08,24.31,1.56,2.34,0.12,0.72,473.0,1.0,-0.76,0.0,91.0,57.0,100.0,-3.0,12.9,"Closed loop, using oxygen sensor feedback to determine fuel mix/",19.0,85
2026-09-13 17:30:56.397,695.25,24.0,2.6,26.27,16.08,23.53,-1.56,2.34,0.69,0.72,472.0,1.0,-0.76,0.0,91.0,57.0,100.0,-3.0,12.9,"Closed loop, using oxygen sensor feedback to determine fuel mix/",19.0,85
2026-09-13 17:30:56.764,689.25,23.0,2.64,26.27,16.08,23.92,-1.56,2.34,0.76,0.72,472.0,1.0,-0.77,0.0,92.0,57.0,100.0,-1.5,12.9,"Closed loop, using oxygen sensor feedback to determine fuel mix/",19.0,85
2026-09-13 17:30:57.353,697.25,24.0,2.64,26.27,16.08,23.92,-2.34,2.34,0.13,0.73,472.0,1.0,-0.76,0.0,92.0,57.0,100.0,-1.5,12.9,"Closed loop, using oxygen sensor feedback to determine fuel mix/",19.0,85
2026-09-13 17:30:57.706,689.0,23.0,2.63,26.27,16.08,23.92,-2.34,2.34,0.1,0.72,472.0,1.0,-0.77,0.0,92.0,57.0,100.0,-1.5,12.9,"Closed loop, using oxygen sensor feedback to determine fuel mix/",19.0,85
2026-09-13 17:30:58.089,688.25,24.0,2.65,26.27,16.08,23.92,-2.34,2.34,0.1,0.72,471.0,1.0,-0.76,0.0,92.0,57.0,100.0,-1.5,12.9,"Closed loop, using oxygen sensor feedback to determine fuel mix/",19.0,85
2026-09-13 17:30:58.426,691.75,23.0,2.63,26.27,16.08,23.92,-2.34,2.34,0.1,0.73,471.0,1.0,-0.77,0.0,92.0,57.0,100.0,-1.5,12.9,"Closed loop, using oxygen sensor feedback to determine fuel mix/",19.0,85
2026-09-13 17:30:58.808,687.75,23.0,2.68,26.67,16.47,24.31,1.56,2.34,0.1,0.73,471.0,1.0,-0.77,0.0,92.0,57.0,100.0,-0.5,13.0,"Closed loop, using oxygen sensor feedback to determine fuel mix/",19.0,85
2026-09-13 17:30:59.430,698.0,23.0,2.7,26.67,16.47,24.71,-1.56,2.34,0.68,0.72,471.0,1.0,-0.77,0.0,92.0,57.0,100.0,-0.5,13.0,"Closed loop, using oxygen sensor feedback to determine fuel mix/",19.0,85
2026-09-13 17:30:59.814,682.25,23.0,2.74,26.67,16.08,25.1,-1.56,2.34,0.71,0.73,471.0,1.0,-0.77,0.0,92.0,57.0,100.0,-0.5,13.0,"Closed loop, using oxygen sensor feedback to determine fuel mix/",19.0,85
2026-09-13 17:31:00.165,693.0,25.0,2.71,26.67,16.08,24.31,-1.56,2.34,0.1,0.73,470.0,1.0,-0.75,0.0,92.0,57.0,100.0,-0.5,13.0,"Closed loop, using oxygen sensor feedback to determine fuel mix/",19.0,85
2026-09-13 17:31:00.532,691.75,25.0,2.64,26.27,16.08,23.92,-1.56,2.34,0.1,0.73,470.0,1.0,-0.75,0.0,92.0,57.0,100.0,-0.5,13.0,"Closed loop, using oxygen sensor feedback to determine fuel mix/",19.0,85
2026-09-13 17:31:00.898,695.25,23.0,2.63,26.27,16.08,23.92,-1.56,2.34,0.1,0.73,470.0,1.0,-0.77,0.0,92.0,57.0,100.0,-4.0,13.0,"Closed loop, using oxygen sensor feedback to determine fuel mix/",19.0,85
2026-09-13 17:31:01.474,689.75,24.0,2.54,25.88,15.69,22.75,2.34,2.34,0.1,0.73,470.0,1.0,-0.76,0.0,92.0,57.0,100.0,-4.0,13.0,"Closed loop, using oxygen sensor feedback to determine fuel mix/",19.0,85
2026-09-13 17:31:01.841,693.25,22.0,2.49,25.88,15.69,22.35,2.34,2.34,0.32,0.73,470.0,1.0,-0.78,0.0,92.0,57.0,100.0,-4.0,13.0,"Closed loop, using oxygen sensor feedback to determine fuel mix/",19.0,85
2026-09-13 17:31:02.224,694.5,21.0,2.49,25.88,15.69,22.35,-1.56,3.12,0.79,0.73,470.0,1.0,-0.79,0.0,92.0,57.0,100.0,-4.0,13.0,"Closed loop, using oxygen sensor feedback to determine fuel mix/",19.0,85
2026-09-13 17:31:02.624,693.25,23.0,2.49,25.88,15.69,22.35,-1.56,3.12,0.76,0.73,469.0,1.0,-0.77,0.0,92.0,57.0,100.0,-4.0,13.0,"Closed loop, using oxygen sensor feedback to determine fuel mix/",19.0,85
2026-09-13 17:31:03.007,695.0,21.0,2.5,25.88,15.69,22.75,-2.34,2.34,0.32,0.73,469.0,1.0,-0.79,1.0,92.0,57.0,100.0,0.5,13.0,"Closed loop, using oxygen sensor feedback to determine fuel mix/",19.0,85
2026-09-13 17:31:03.629,699.5,22.0,2.51,25.88,15.69,22.75,-2.34,2.34,0.1,0.73,469.0,1.0,-0.78,1.0,92.0,57.0,100.0,0.5,13.0,"Closed loop, using oxygen sensor feedback to determine fuel mix/",19.0,85
2026-09-13 17:31:03.981,698.75,23.0,2.51,25.88,16.08,22.75,-2.34,2.34,0.09,0.73,469.0,1.0,-0.77,1.0,92.0,57.0,100.0,0.5,13.0,"Closed loop, using oxygen sensor feedback to determine fuel mix/",19.0,85
2026-09-13 17:31:04.348,697.5,24.0,2.59,26.27,16.08,23.53,-2.34,2.34,0.09,0.73,469.0,1.0,-0.76,1.0,92.0,57.0,100.0,0.5,13.0,"Closed loop, using oxygen sensor feedback to determine fuel mix/",19.0,85
2026-09-13 17:31:04.667,700.25,24.0,2.61,26.27,16.08,23.53,1.56,2.34,0.09,0.73,469.0,1.0,-0.76,1.0,92.0,57.0,100.0,0.5,13.0,"Closed loop, using oxygen sensor feedback to determine fuel mix/",19.0,85
2026-09-13 17:31:05.018,702.0,24.0,2.61,26.27,15.69,23.53,1.56,2.34,0.12,0.73,468.0,1.0,-0.76,0.0,92.0,57.0,100.0,-1.5,12.8,"Closed loop, using oxygen sensor feedback to determine fuel mix/",19.0,85
2026-09-13 17:31:05.640,699.5,22.0,2.49,25.88,16.08,22.75,-1.56,2.34,0.77,0.73,468.0,1.0,-0.78,0.0,92.0,57.0,100.0,-1.5,12.8,"Closed loop, using oxygen sensor feedback to determine fuel mix/",19.0,85
2026-09-13 17:31:06.026,698.5,23.0,2.57,25.88,15.69,23.14,-1.56,2.34,0.7,0.74,468.0,1.0,-0.77,0.0,92.0,57.0,100.0,-1.5,12.8,"Closed loop, using oxygen sensor feedback to determine fuel mix/",19.0,85
2026-09-13 17:31:06.426,693.0,23.0,2.54,25.88,16.08,23.14,-2.34,2.34,0.1,0.74,468.0,1.0,-0.77,0.0,92.0,57.0,100.0,-1.5,12.8,"Closed loop, using oxygen sensor feedback to determine fuel mix/",19.0,85
2026-09-13 17:31:06.794,695.5,23.0,2.56,26.27,16.08,23.53,-2.34,2.34,0.1,0.73,468.0,1.0,-0.77,0.0,92.0,57.0,100.0,-1.5,12.8,"Closed loop, using oxygen sensor feedback to determine fuel mix/",19.0,85
2026-09-13 17:31:07.176,692.0,23.0,2.57,26.27,16.08,23.14,-2.34,2.34,0.09,0.74,468.0,1.0,-0.77,0.0,93.0,57.0,100.0,0.0,12.9,"Closed loop, using oxygen sensor feedback to determine fuel mix/",19.0,85
2026-09-13 17:31:07.832,689.5,24.0,2.55,26.27,15.69,23.14,1.56,2.34,0.09,0.74,467.0,1.0,-0.76,0.0,93.0,57.0,100.0,0.0,12.9,"Closed loop, using oxygen sensor feedback to determine fuel mix/",19.0,85
2026-09-13 17:31:08.214,690.5,23.0,2.46,25.88,15.69,22.75,1.56,2.34,0.1,0.74,467.0,1.0,-0.77,0.0,93.0,57.0,100.0,0.0,12.9,"Closed loop, using oxygen sensor feedback to determine fuel mix/",19.0,85
2026-09-13 17:31:08.581,695.75,22.0,2.49,25.88,15.69,22.35,2.34,2.34,0.41,0.74,467.0,1.0,-0.78,0.0,93.0,57.0,100.0,0.0,12.9,"Closed loop, using oxygen sensor feedback to determine fuel mix/",19.0,85
2026-09-13 17:31:08.963,689.75,22.0,2.49,25.88,15.69,22.35,-1.56,2.34,0.76,0.74,467.0,1.0,-0.78,0.0,93.0,57.0,100.0,0.0,12.9,"Closed loop, using oxygen sensor feedback to determine fuel mix/",19.0,85
2026-09-13 17:31:09.331,685.75,21.0,2.48,25.88,15.69,22.35,-1.56,2.34,0.73,0.74,467.0,1.0,-0.79,0.0,93.0,57.0,100.0,0.0,12.8,"Closed loop, using oxygen sensor feedback to determine fuel mix/",19.0,85
2026-09-13 17:31:09.924,685.75,22.0,2.46,25.88,15.69,22.75,-2.34,2.34,0.1,0.74,467.0,1.0,-0.78,0.0,93.0,57.0,100.0,0.0,12.8,"Closed loop, using oxygen sensor feedback to determine fuel mix/",19.0,85
2026-09-13 17:31:10.306,691.25,23.0,2.49,25.88,15.69,22.75,-2.34,2.34,0.09,0.74,466.0,1.0,-0.77,0.0,93.0,57.0,100.0,0.0,12.8,"Closed loop, using oxygen sensor feedback to determine fuel mix/",19.0,85
2026-09-13 17:31:10.688,690.0,23.0,2.5,25.88,15.69,22.35,-2.34,2.34,0.09,0.74,466.0,1.0,-0.77,0.0,93.0,57.0,100.0,0.0,12.8,"Closed loop, using oxygen sensor feedback to determine fuel mix/",19.0,85
2026-09-13 17:31:11.073,686.5,23.0,2.52,25.88,15.69,22.75,1.56,2.34,0.09,0.74,466.0,1.0,-0.77,0.0,93.0,57.0,100.0,0.0,12.8,"Closed loop, using oxygen sensor feedback to determine fuel mix/",19.0,85
2026-09-13 17:31:11.442,699.5,23.0,2.45,25.88,15.69,21.96,1.56,2.34,0.09,0.74,466.0,1.0,-0.77,0.0,93.0,57.0,100.0,-1.5,12.9,"Closed loop, using oxygen sensor feedback to determine fuel mix/",19.0,85
2026-09-13 17:31:12.029,698.5,21.0,2.44,25.88,15.69,21.96,2.34,2.34,0.55,0.74,466.0,1.0,-0.79,0.0,93.0,57.0,100.0,-1.5,12.9,"Closed loop, using oxygen sensor feedback to determine fuel mix/",19.0,85
2026-09-13 17:31:12.365,694.75,23.0,2.41,25.49,15.29,21.57,-1.56,2.34,0.76,0.74,466.0,1.0,-0.77,0.0,93.0,57.0,100.0,-1.5,12.9,"Closed loop, using oxygen sensor feedback to determine fuel mix/",19.0,85
2026-09-13 17:31:12.731,693.25,23.0,2.4,25.88,15.69,21.57,-1.56,2.34,0.72,0.74,466.0,1.0,-0.77,0.0,93.0,57.0,100.0,-1.5,12.9,"Closed loop, using oxygen sensor feedback to determine fuel mix/",19.0,85
2026-09-13 17:31:13.099,682.25,21.0,2.41,25.88,15.69,21.96,-2.34,2.34,0.14,0.75,465.0,1.0,-0.79,0.0,93.0,57.0,100.0,-1.5,12.9,"Closed loop, using oxygen sensor feedback to determine fuel mix/",19.0,85
2026-09-13 17:31:13.469,683.0,23.0,2.43,25.88,15.69,22.35,-2.34,2.34,0.1,0.75,465.0,1.0,-0.77,0.0,93.0,57.0,100.0,2.5,12.9,"Closed loop, using oxygen sensor feedback to determine fuel mix/",19.0,85
2026-09-13 17:31:14.072,682.75,22.0,2.41,25.88,15.69,21.96,-2.34,2.34,0.09,0.75,465.0,1.0,-0.78,0.0,93.0,57.0,100.0,2.5,12.9,"Closed loop, using oxygen sensor feedback to determine fuel mix/",19.0,85
2026-09-13 17:31:14.444,679.25,22.0,2.44,25.88,15.69,22.35,-2.34,2.34,0.09,0.75,465.0,1.0,-0.78,0.0,93.0,57.0,100.0,2.5,12.9,"Closed loop, using oxygen sensor feedback to determine fuel mix/",19.0,85
2026-09-13 17:31:14.824,683.5,23.0,2.45,25.88,15.29,22.35,1.56,2.34,0.09,0.75,465.0,1.0,-0.77,0.0,93.0,57.0,100.0,2.5,12.9,"Closed loop, using oxygen sensor feedback to determine fuel mix/",19.0,85
2026-09-13 17:31:15.210,693.5,21.0,2.38,25.49,15.29,21.57,1.56,2.34,0.1,0.74,465.0,1.0,-0.79,0.0,93.0,57.0,100.0,2.5,12.9,"Closed loop, using oxygen sensor feedback to determine fuel mix/",19.0,85
2026-09-13 17:31:15.574,687.0,22.0,2.4,25.49,14.51,21.57,2.34,2.34,0.55,0.75,464.0,1.0,-0.78,0.0,93.0,57.0,100.0,-5.5,12.9,"Closed loop, using oxygen sensor feedback to determine fuel mix/",19.0,85
2026-09-13 17:31:16.165,723.75,18.0,2.05,24.31,14.51,18.43,-1.56,3.12,0.78,0.75,464.0,1.0,-0.82,0.0,93.0,57.0,100.0,-5.5,12.9,"Closed loop, using oxygen sensor feedback to determine fuel mix/",19.0,85
2026-09-13 17:31:16.547,663.5,21.0,2.16,25.1,15.29,20.0,-2.34,3.12,0.76,0.76,464.0,1.0,-0.79,0.0,93.0,57.0,100.0,-5.5,12.9,"Closed loop, using oxygen sensor feedback to determine fuel mix/",19.0,85
2026-09-13 17:31:16.931,664.25,21.0,2.36,25.88,16.08,21.96,-2.34,2.34,0.1,0.76,464.0,1.0,-0.79,0.0,93.0,57.0,100.0,-5.5,12.9,"Closed loop, using oxygen sensor feedback to determine fuel mix/",19.0,85
2026-09-13 17:31:17.299,687.5,24.0,2.58,26.27,16.08,23.14,-2.34,2.34,0.08,0.75,463.0,1.0,-0.76,0.0,93.0,57.0,100.0,-5.5,12.9,"Closed loop, using oxygen sensor feedback to determine fuel mix/",19.0,85
2026-09-13 17:31:17.621,678.5,24.0,2.57,26.27,16.08,23.14,-2.34,2.34,0.07,0.76,463.0,1.0,-0.76,1.0,94.0,57.0,100.0,-1.0,12.9,"Closed loop, using oxygen sensor feedback to determine fuel mix/",19.0,85
2026-09-13 17:31:18.247,697.0,22.0,2.5,25.88,15.69,22.35,-2.34,2.34,0.07,0.76,463.0,1.0,-0.78,1.0,94.0,57.0,100.0,-1.0,12.9,"Closed loop, using oxygen sensor feedback to determine fuel mix/",19.0,85
2026-09-13 17:31:18.627,699.0,22.0,2.51,25.88,15.69,22.75,1.56,2.34,0.08,0.75,463.0,1.0,-0.78,1.0,94.0,57.0,100.0,-1.0,12.9,"Closed loop, using oxygen sensor feedback to determine fuel mix/",19.0,85
2026-09-13 17:31:19.026,695.0,22.0,2.55,26.27,16.08,23.14,1.56,2.34,0.1,0.76,463.0,1.0,-0.78,1.0,94.0,57.0,100.0,-1.0,12.9,"Closed loop, using oxygen sensor feedback to determine fuel mix/",19.0,85
2026-09-13 17:31:19.408,696.0,22.0,2.6,26.27,15.69,23.14,2.34,2.34,0.14,0.76,463.0,1.0,-0.78,1.0,94.0,57.0,100.0,-1.0,12.9,"Closed loop, using oxygen sensor feedback to determine fuel mix/",19.0,85
2026-09-13 17:31:19.710,704.25,23.0,2.51,25.88,15.69,22.35,2.34,2.34,0.69,0.76,463.0,1.0,-0.77,0.0,94.0,57.0,100.0,-1.5,12.9,"Closed loop, using oxygen sensor feedback to determine fuel mix/",19.0,85
2026-09-13 17:31:20.350,692.75,21.0,2.44,25.88,15.69,21.96,-1.56,2.34,0.74,0.76,463.0,1.0,-0.79,0.0,94.0,57.0,100.0,-1.5,12.9,"Closed loop, using oxygen sensor feedback to determine fuel mix/",19.0,85
2026-09-13 17:31:20.700,699.75,21.0,2.44,25.88,15.29,21.96,-2.34,2.34,0.12,0.76,462.0,1.0,-0.79,0.0,94.0,57.0,100.0,-1.5,12.9,"Closed loop, using oxygen sensor feedback to determine fuel mix/",19.0,85
2026-09-13 17:31:21.069,689.0,21.0,2.37,25.49,15.29,21.18,-2.34,2.34,0.1,0.76,462.0,1.0,-0.79,0.0,94.0,57.0,100.0,-1.5,12.9,"Closed loop, using oxygen sensor feedback to determine fuel mix/",19.0,85
2026-09-13 17:31:21.454,691.75,22.0,2.36,25.49,15.29,21.18,-2.34,2.34,0.1,0.76,462.0,1.0,-0.78,0.0,94.0,57.0,100.0,-1.5,12.9,"Closed loop, using oxygen sensor feedback to determine fuel mix/",19.0,85
2026-09-13 17:31:21.820,689.75,21.0,2.33,25.49,15.29,21.18,-2.34,2.34,0.1,0.76,462.0,1.0,-0.79,0.0,94.0,58.0,100.0,1.0,13.0,"Closed loop, using oxygen sensor feedback to determine fuel mix/",19.0,85
2026-09-13 17:31:22.442,683.75,22.0,2.37,25.49,15.29,21.18,1.56,2.34,0.09,0.76,462.0,1.0,-0.78,0.0,94.0,58.0,100.0,1.0,13.0,"Closed loop, using oxygen sensor feedback to determine fuel mix/",19.0,85
2026-09-13 17:31:22.827,682.5,20.0,2.2,23.53,13.33,18.43,1.56,2.34,0.1,0.76,462.0,1.0,-0.8,0.0,94.0,58.0,100.0,1.0,13.0,"Closed loop, using oxygen sensor feedback to determine fuel mix/",19.0,85
2026-09-13 17:31:23.176,661.5,19.0,1.94,23.53,13.33,18.04,2.34,3.12,0.17,0.76,461.0,1.0,-0.81,0.0,94.0,58.0,100.0,1.0,13.0,"Closed loop, using oxygen sensor feedback to determine fuel mix/",19.0,85
2026-09-13 17:31:23.511,692.5,19.0,1.91,23.92,15.29,17.25,-1.56,3.12,0.79,0.76,461.0,1.0,-0.81,0.0,94.0,58.0,100.0,1.0,13.0,"Closed loop, using oxygen sensor feedback to determine fuel mix/",19.0,85
2026-09-13 17:31:23.895,689.5,20.0,2.33,25.49,15.29,21.57,-1.56,2.34,0.77,0.76,461.0,1.0,-0.8,0.0,94.0,58.0,100.0,5.0,12.9,"Closed loop, using oxygen sensor feedback to determine fuel mix/",19.0,85
2026-09-13 17:31:24.533,681.75,22.0,2.37,25.88,15.69,21.96,-2.34,2.34,0.09,0.76,461.0,1.0,-0.78,0.0,94.0,58.0,100.0,5.0,12.9,"Closed loop, using oxygen sensor feedback to determine fuel mix/",19.0,85
2026-09-13 17:31:24.900,670.75,22.0,2.42,25.88,15.69,21.96,-2.34,2.34,0.08,0.76,461.0,1.0,-0.78,0.0,94.0,58.0,100.0,5.0,12.9,"Closed loop, using oxygen sensor feedback to determine fuel mix/",19.0,85
2026-09-13 17:31:25.268,672.5,22.0,2.45,25.88,15.69,22.35,-2.34,2.34,0.09,0.76,461.0,1.0,-0.78,0.0,94.0,58.0,100.0,5.0,12.9,"Closed loop, using oxygen sensor feedback to determine fuel mix/",19.0,85
2026-09-13 17:31:25.653,682.75,23.0,2.45,25.88,15.69,22.75,-2.34,2.34,0.08,0.76,460.0,1.0,-0.77,0.0,94.0,58.0,100.0,5.0,12.9,"Closed loop, using oxygen sensor feedback to determine fuel mix/",19.0,85
2026-09-13 17:31:26.052,683.5,22.0,2.53,26.27,16.08,23.14,-2.34,2.34,0.07,0.76,460.0,1.0,-0.78,0.0,94.0,58.0,100.0,-1.0,13.0,"Closed loop, using oxygen sensor feedback to determine fuel mix/",19.0,86
2026-09-13 17:31:26.674,692.75,24.0,2.59,26.27,16.08,23.53,1.56,2.34,0.09,0.76,460.0,1.0,-0.76,0.0,94.0,58.0,100.0,-1.0,13.0,"Closed loop, using oxygen sensor feedback to determine fuel mix/",19.0,86
2026-09-13 17:31:27.025,693.0,24.0,2.58,26.27,16.08,23.53,2.34,2.34,0.16,0.76,460.0,1.0,-0.76,0.0,94.0,58.0,100.0,-1.0,13.0,"Closed loop, using oxygen sensor feedback to determine fuel mix/",19.0,86
2026-09-13 17:31:27.377,689.75,24.0,2.55,26.27,16.08,23.53,-1.56,2.34,0.7,0.76,460.0,1.0,-0.76,0.0,94.0,58.0,100.0,-1.0,13.0,"Closed loop, using oxygen sensor feedback to determine fuel mix/",19.0,86
2026-09-13 17:31:27.743,691.5,23.0,2.61,26.27,16.08,23.53,-1.56,2.34,0.72,0.76,460.0,1.0,-0.77,0.0,94.0,58.0,100.0,-1.0,13.0,"Closed loop, using oxygen sensor feedback to determine fuel mix/",19.0,86
2026-09-13 17:31:28.127,693.75,22.0,2.62,26.27,16.08,23.53,-1.56,2.34,0.1,0.76,460.0,1.0,-0.78,0.0,95.0,58.0,100.0,-3.0,12.8,"Closed loop, using oxygen sensor feedback to determine fuel mix/",19.0,86
2026-09-13 17:31:28.751,688.25,23.0,2.6,26.27,15.69,23.53,-1.56,2.34,0.1,0.76,460.0,1.0,-0.77,0.0,95.0,58.0,100.0,-3.0,12.8,"Closed loop, using oxygen sensor feedback to determine fuel mix/",19.0,86
2026-09-13 17:31:29.133,683.75,24.0,2.53,26.27,16.08,22.75,-1.56,2.34,0.1,0.76,460.0,1.0,-0.76,0.0,95.0,58.0,100.0,-3.0,12.8,"Closed loop, using oxygen sensor feedback to determine fuel mix/",19.0,86
2026-09-13 17:31:29.535,689.75,22.0,2.54,26.27,16.08,23.14,-1.56,2.34,0.1,0.76,460.0,1.0,-0.78,0.0,95.0,58.0,100.0,-3.0,12.8,"Closed loop, using oxygen sensor feedback to determine fuel mix/",19.0,86
2026-09-13 17:31:29.870,685.0,23.0,2.59,26.27,16.08,23.92,2.34,2.34,0.09,0.76,460.0,1.0,-0.77,0.0,95.0,58.0,100.0,-3.0,12.8,"Closed loop, using oxygen sensor feedback to determine fuel mix/",19.0,86
2026-09-13 17:31:30.253,696.75,23.0,2.59,26.27,16.08,23.53,2.34,2.34,0.1,0.76,460.0,1.0,-0.77,0.0,95.0,58.0,100.0,-2.5,12.9,"Closed loop, using oxygen sensor feedback to determine fuel mix/",19.0,86
2026-09-13 17:31:30.841,689.25,24.0,2.56,26.27,15.69,23.14,-0.78,2.34,0.75,0.77,460.0,1.0,-0.76,0.0,95.0,58.0,100.0,-2.5,12.9,"Closed loop, using oxygen sensor feedback to determine fuel mix/",19.0,86
2026-09-13 17:31:31.178,683.0,22.0,2.54,26.27,16.08,23.14,-0.78,2.34,0.74,0.77,460.0,1.0,-0.78,0.0,95.0,58.0,100.0,-2.5,12.9,"Closed loop, using oxygen sensor feedback to determine fuel mix/",19.0,86
2026-09-13 17:31:31.543,683.25,23.0,2.56,26.27,16.08,23.53,-1.56,2.34,0.72,0.77,459.0,1.0,-0.77,0.0,95.0,58.0,100.0,-2.5,12.9,"Closed loop, using oxygen sensor feedback to determine fuel mix/",19.0,86
2026-09-13 17:31:31.895,686.5,23.0,2.56,26.27,16.08,23.14,-1.56,2.34,0.23,0.77,459.0,1.0,-0.77,0.0,95.0,58.0,100.0,-2.5,12.9,"Closed loop, using oxygen sensor feedback to determine fuel mix/",19.0,86
2026-09-13 17:31:32.295,678.5,23.0,2.58,26.27,16.08,23.53,-1.56,2.34,0.1,0.76,459.0,1.0,-0.77,0.0,95.0,58.0,100.0,-1.0,12.9,"Closed loop, using oxygen sensor feedback to determine fuel mix/",19.0,86
2026-09-13 17:31:32.949,687.75,24.0,2.58,26.27,16.08,23.14,-1.56,2.34,0.1,0.77,459.0,1.0,-0.76,0.0,95.0,58.0,100.0,-1.0,12.9,"Closed loop, using oxygen sensor feedback to determine fuel mix/",19.0,86
2026-09-13 17:31:33.333,691.0,24.0,2.6,26.27,16.08,23.53,-1.56,2.34,0.09,0.77,459.0,1.0,-0.76,0.0,95.0,58.0,100.0,-1.0,12.9,"Closed loop, using oxygen sensor feedback to determine fuel mix/",19.0,86
2026-09-13 17:31:33.731,693.5,24.0,2.58,26.27,16.08,23.92,2.34,2.34,0.1,0.77,459.0,1.0,-0.76,0.0,95.0,58.0,100.0,-1.0,12.9,"Closed loop, using oxygen sensor feedback to determine fuel mix/",19.0,86
2026-09-13 17:31:34.099,694.75,24.0,2.58,26.27,16.08,23.53,2.34,2.34,0.1,0.77,459.0,1.0,-0.76,0.0,95.0,58.0,100.0,-1.0,12.9,"Closed loop, using oxygen sensor feedback to determine fuel mix/",19.0,86
2026-09-13 17:31:34.421,695.75,22.0,2.58,26.27,15.69,22.75,2.34,2.34,0.51,0.77,459.0,1.0,-0.78,0.0,95.0,58.0,100.0,-1.5,12.9,"Closed loop, using oxygen sensor feedback to determine fuel mix/",19.0,86
2026-09-13 17:31:35.025,682.75,22.0,2.55,26.27,16.08,23.53,-1.56,2.34,0.76,0.77,459.0,1.0,-0.78,0.0,95.0,58.0,100.0,-1.5,12.9,"Closed loop, using oxygen sensor feedback to determine fuel mix/",19.0,86
2026-09-13 17:31:35.376,682.5,22.0,2.55,26.27,15.69,23.14,-2.34,2.34,0.34,0.77,459.0,1.0,-0.78,0.0,95.0,58.0,100.0,-1.5,12.9,"Closed loop, using oxygen sensor feedback to determine fuel mix/",19.0,86
2026-09-13 17:31:35.745,680.25,24.0,2.51,26.27,16.08,23.14,-2.34,2.34,0.1,0.77,459.0,1.0,-0.76,0.0,95.0,58.0,100.0,-1.5,12.9,"Closed loop, using oxygen sensor feedback to determine fuel mix/",19.0,86
2026-09-13 17:31:36.113,682.5,22.0,2.54,26.27,15.69,23.14,-2.34,2.34,0.09,0.77,459.0,1.0,-0.78,0.0,95.0,58.0,100.0,-1.5,12.9,"Closed loop, using oxygen sensor feedback to determine fuel mix/",19.0,86
2026-09-13 17:31:36.494,,24.0,2.55,26.27,16.08,23.53,-2.34,2.34,0.09,0.77,459.0,1.0,-0.76,0.0,95.0,58.0,100.0,-2.5,12.9,"Closed loop, using oxygen sensor feedback to determine fuel mix/",19.0,86
2026-09-13 17:31:37.118,687.75,24.0,2.54,25.1,13.33,21.96,-2.34,2.34,0.09,0.77,459.0,1.0,-0.76,0.0,95.0,58.0,100.0,-2.5,12.9,"Closed loop, using oxygen sensor feedback to determine fuel mix/",19.0,86
2026-09-13 17:31:37.437,682.5,19.0,1.92,23.53,13.33,17.65,1.56,3.12,0.09,0.77,459.0,1.0,-0.81,0.0,95.0,58.0,100.0,-2.5,12.9,"Closed loop, using oxygen sensor feedback to determine fuel mix/",19.0,86
2026-09-13 17:31:37.819,678.75,20.0,1.94,23.53,13.33,17.65,1.56,3.12,0.15,0.77,459.0,1.0,-0.8,0.0,95.0,58.0,100.0,-2.5,12.9,"Closed loop, using oxygen sensor feedback to determine fuel mix/",19.0,86
2026-09-13 17:31:38.186,695.75,19.0,1.94,23.53,13.33,17.65,-2.34,3.12,0.78,0.77,459.0,1.0,-0.81,0.0,95.0,58.0,100.0,-2.5,12.9,"Closed loop, using oxygen sensor feedback to determine fuel mix/",19.0,86
2026-09-13 17:31:38.490,691.5,19.0,1.9,23.53,13.33,17.25,-2.34,3.12,0.79,0.77,459.0,1.0,-0.81,0.0,95.0,58.0,100.0,3.5,12.8,"Closed loop, using oxygen sensor feedback to determine fuel mix/",19.0,86
2026-09-13 17:31:39.130,677.75,18.0,1.9,23.53,13.33,17.25,-3.12,3.12,0.72,0.77,458.0,1.0,-0.82,0.0,95.0,58.0,100.0,3.5,12.8,"Closed loop, using oxygen sensor feedback to determine fuel mix/",19.0,86
2026-09-13 17:31:39.513,684.25,19.0,1.91,23.53,13.33,17.25,-3.12,3.12,0.15,0.77,458.0,1.0,-0.81,0.0,95.0,58.0,100.0,3.5,12.8,"Closed loop, using oxygen sensor feedback to determine fuel mix/",19.0,86
2026-09-13 17:31:39.880,688.25,19.0,1.92,23.53,13.33,17.25,-3.12,3.12,0.1,0.77,458.0,1.0,-0.81,0.0,95.0,58.0,100.0,3.5,12.8,"Closed loop, using oxygen sensor feedback to determine fuel mix/",19.0,86
2026-09-13 17:31:40.232,683.5,18.0,1.93,23.53,13.33,17.65,-3.12,2.34,0.09,0.77,458.0,1.0,-0.82,0.0,95.0,58.0,100.0,3.5,12.8,"Closed loop, using oxygen sensor feedback to determine fuel mix/",19.0,86
2026-09-13 17:31:40.584,700.25,18.0,1.88,23.53,12.94,16.86,-3.12,2.34,0.09,0.77,458.0,1.0,-0.82,0.0,96.0,58.0,100.0,2.0,12.9,"Closed loop, using oxygen sensor feedback to determine fuel mix/",19.0,86
2026-09-13 17:31:41.205,683.5,18.0,1.87,23.53,12.94,16.86,-3.12,2.34,0.09,0.77,457.0,1.0,-0.82,0.0,96.0,58.0,100.0,2.0,12.9,"Closed loop, using oxygen sensor feedback to determine fuel mix/",19.0,86
2026-09-13 17:31:41.590,678.75,17.0,1.85,23.53,12.94,16.86,0.78,2.34,0.08,0.77,457.0,1.0,-0.83,0.0,96.0,58.0,100.0,2.0,12.9,"Closed loop, using oxygen sensor feedback to determine fuel mix/",19.0,86
2026-09-13 17:31:41.974,683.25,17.0,1.77,23.14,12.55,16.08,0.78,2.34,0.09,0.77,457.0,1.0,-0.83,0.0,96.0,58.0,100.0,2.0,12.9,"Closed loop, using oxygen sensor feedback to determine fuel mix/",19.0,86
2026-09-13 17:31:42.340,689.5,17.0,1.74,22.75,12.55,15.69,1.56,2.34,0.1,0.77,457.0,1.0,-0.83,0.0,96.0,58.0,100.0,2.0,12.9,"Closed loop, using oxygen sensor feedback to determine fuel mix/",19.0,86
2026-09-13 17:31:42.706,686.5,18.0,1.71,22.75,12.55,15.29,1.56,3.12,0.14,0.77,456.0,1.0,-0.82,0.0,96.0,58.0,100.0,4.0,12.9,"Closed loop, using oxygen sensor feedback to determine fuel mix/",19.0,86
2026-09-13 17:31:43.330,683.25,17.0,1.72,22.75,12.55,15.69,2.34,3.12,0.11,0.77,456.0,1.0,-0.83,0.0,96.0,58.0,100.0,4.0,12.9,"Closed loop, using oxygen sensor feedback to determine fuel mix/",19.0,86
2026-09-13 17:31:43.712,685.0,18.0,1.71,22.75,12.55,15.69,3.91,3.12,0.1,0.77,456.0,1.0,-0.82,0.0,96.0,58.0,100.0,4.0,12.9,"Closed loop, using oxygen sensor feedback to determine fuel mix/",19.0,86
2026-09-13 17:31:44.080,687.0,17.0,1.71,22.75,12.55,15.29,3.91,3.12,0.12,0.77,456.0,1.0,-0.83,0.0,96.0,58.0,100.0,4.0,12.9,"Closed loop, using oxygen sensor feedback to determine fuel mix/",19.0,86
2026-09-13 17:31:44.465,685.0,17.0,1.7,22.75,12.55,15.69,5.47,3.12,0.18,0.77,455.0,1.0,-0.83,0.0,96.0,58.0,100.0,4.0,12.9,"Closed loop, using oxygen sensor feedback to determine fuel mix/",19.0,86
2026-09-13 17:31:44.833,683.0,16.0,1.7,22.75,12.55,15.69,0.0,2.34,0.74,0.77,455.0,1.0,-0.84,0.0,96.0,59.0,100.0,6.0,12.9,"Closed loop, using oxygen sensor feedback to determine fuel mix/",19.0,86
2026-09-13 17:31:45.452,681.0,18.0,1.72,22.75,12.55,15.69,-0.78,2.34,0.7,0.77,455.0,1.0,-0.82,0.0,96.0,59.0,100.0,6.0,12.9,"Closed loop, using oxygen sensor feedback to determine fuel mix/",19.0,86
2026-09-13 17:31:45.822,675.5,18.0,1.71,22.75,12.55,15.69,-0.78,2.34,0.11,0.77,455.0,1.0,-0.82,0.0,96.0,59.0,100.0,6.0,12.9,"Closed loop, using oxygen sensor feedback to determine fuel mix/",19.0,86
2026-09-13 17:31:46.156,677.0,17.0,1.73,22.75,12.55,16.08,-0.78,2.34,0.1,0.78,454.0,1.0,-0.83,0.0,96.0,59.0,100.0,6.0,12.9,"Closed loop, using oxygen sensor feedback to determine fuel mix/",19.0,86
2026-09-13 17:31:46.539,675.75,17.0,1.74,22.75,12.55,16.08,-0.78,2.34,0.09,0.77,454.0,1.0,-0.83,0.0,96.0,59.0,100.0,6.0,12.9,"Closed loop, using oxygen sensor feedback to determine fuel mix/",19.0,86
2026-09-13 17:31:46.885,675.25,19.0,1.73,22.75,12.55,15.69,-0.78,2.34,0.09,0.77,454.0,1.0,-0.81,0.0,96.0,59.0,100.0,3.5,12.9,"Closed loop, using oxygen sensor feedback to determine fuel mix/",19.0,86
2026-09-13 17:31:47.468,684.25,17.0,1.76,22.75,12.55,16.08,-0.78,2.34,0.09,0.78,454.0,1.0,-0.83,0.0,96.0,59.0,100.0,3.5,12.9,"Closed loop, using oxygen sensor feedback to determine fuel mix/",19.0,86
2026-09-13 17:31:47.833,683.25,17.0,1.75,22.75,12.55,16.08,3.12,2.34,0.09,0.77,454.0,1.0,-0.83,0.0,96.0,59.0,100.0,3.5,12.9,"Closed loop, using oxygen sensor feedback to determine fuel mix/",19.0,86
2026-09-13 17:31:48.201,685.25,18.0,1.74,22.75,12.55,16.08,3.12,2.34,0.1,0.77,453.0,1.0,-0.82,0.0,96.0,59.0,100.0,3.5,12.9,"Closed loop, using oxygen sensor feedback to determine fuel mix/",19.0,86
2026-09-13 17:31:48.583,685.25,17.0,1.76,22.75,12.55,16.08,3.91,2.34,0.17,0.78,453.0,1.0,-0.83,0.0,96.0,59.0,100.0,3.5,12.9,"Closed loop, using oxygen sensor feedback to determine fuel mix/",19.0,86
2026-09-13 17:31:48.951,681.75,18.0,1.75,22.75,12.55,16.08,0.0,2.34,0.76,0.77,453.0,1.0,-0.82,0.0,96.0,59.0,100.0,2.5,13.0,"Closed loop, using oxygen sensor feedback to determine fuel mix/",19.0,86
2026-09-13 17:31:49.558,680.25,17.0,1.75,22.75,12.55,16.08,-0.78,2.34,0.77,0.78,453.0,1.0,-0.83,0.0,96.0,59.0,100.0,2.5,13.0,"Closed loop, using oxygen sensor feedback to determine fuel mix/",19.0,86
2026-09-13 17:31:49.893,679.0,17.0,1.76,22.75,12.55,16.08,-0.78,2.34,0.74,0.78,453.0,1.0,-0.83,0.0,96.0,59.0,100.0,2.5,13.0,"Closed loop, using oxygen sensor feedback to determine fuel mix/",19.0,86
2026-09-13 17:31:50.214,679.5,17.0,1.76,22.75,12.55,16.08,-0.78,2.34,0.4,0.78,452.0,1.0,-0.83,0.0,96.0,59.0,100.0,2.5,13.0,"Closed loop, using oxygen sensor feedback to determine fuel mix/",19.0,86
2026-09-13 17:31:50.595,680.75,18.0,1.76,22.75,12.55,16.08,-0.78,2.34,0.11,0.78,452.0,1.0,-0.82,0.0,96.0,59.0,100.0,2.5,13.0,"Closed loop, using oxygen sensor feedback to determine fuel mix/",19.0,86
2026-09-13 17:31:50.935,680.25,18.0,1.77,22.75,12.55,16.08,-0.78,2.34,0.1,0.78,452.0,1.0,-0.82,0.0,96.0,59.0,100.0,3.0,12.9,"Closed loop, using oxygen sensor feedback to determine fuel mix/",19.0,86
2026-09-13 17:31:51.585,679.0,19.0,1.78,22.75,12.55,16.08,-0.78,2.34,0.1,0.78,452.0,1.0,-0.81,0.0,96.0,59.0,100.0,3.0,12.9,"Closed loop, using oxygen sensor feedback to determine fuel mix/",19.0,86
2026-09-13 17:31:51.969,683.5,19.0,1.78,22.75,12.55,16.08,-0.78,2.34,0.1,0.78,452.0,1.0,-0.81,0.0,96.0,59.0,100.0,3.0,12.9,"Closed loop, using oxygen sensor feedback to determine fuel mix/",19.0,86
2026-09-13 17:31:52.320,679.0,18.0,1.77,22.75,12.55,16.08,3.12,2.34,0.1,0.78,451.0,1.0,-0.82,0.0,96.0,59.0,100.0,3.0,12.9,"Closed loop, using oxygen sensor feedback to determine fuel mix/",19.0,86
2026-09-13 17:31:52.656,686.5,18.0,1.77,22.75,12.55,16.08,3.12,2.34,0.1,0.78,451.0,1.0,-0.82,0.0,96.0,59.0,100.0,3.0,12.9,"Closed loop, using oxygen sensor feedback to determine fuel mix/",19.0,86
2026-09-13 17:31:53.041,690.0,17.0,1.77,22.75,12.55,16.08,3.12,2.34,0.26,0.78,451.0,1.0,-0.83,0.0,96.0,59.0,100.0,2.0,13.0,"Closed loop, using oxygen sensor feedback to determine fuel mix/",19.0,86
2026-09-13 17:31:53.629,684.25,18.0,1.76,22.75,12.55,16.08,0.0,2.34,0.8,0.78,451.0,1.0,-0.82,0.0,96.0,59.0,100.0,2.0,13.0,"Closed loop, using oxygen sensor feedback to determine fuel mix/",19.0,86
2026-09-13 17:31:53.981,673.25,17.0,1.77,22.75,12.55,16.08,-0.78,2.34,0.78,0.78,451.0,1.0,-0.83,0.0,96.0,59.0,100.0,2.0,13.0,"Closed loop, using oxygen sensor feedback to determine fuel mix/",19.0,86
2026-09-13 17:31:54.300,673.25,18.0,1.78,22.75,12.55,16.47,-0.78,2.34,0.74,0.78,451.0,1.0,-0.82,0.0,96.0,59.0,100.0,2.0,13.0,"Closed loop, using oxygen sensor feedback to determine fuel mix/",19.0,86
2026-09-13 17:31:54.651,676.75,18.0,1.77,22.75,12.55,16.08,-1.56,2.34,0.67,0.78,451.0,1.0,-0.82,0.0,96.0,59.0,100.0,2.0,13.0,"Closed loop, using oxygen sensor feedback to determine fuel mix/",19.0,86
2026-09-13 17:31:55.021,678.25,17.0,1.79,22.75,12.55,16.47,-1.56,2.34,0.17,0.78,450.0,1.0,-0.83,0.0,97.0,59.0,100.0,3.5,12.9,"Closed loop, using oxygen sensor feedback to determine fuel mix/",19.0,86
2026-09-13 17:31:55.642,678.5,17.0,1.79,22.75,12.55,16.47,-1.56,2.34,0.1,0.78,450.0,1.0,-0.83,0.0,97.0,59.0,100.0,3.5,12.9,"Closed loop, using oxygen sensor feedback to determine fuel mix/",19.0,86
2026-09-13 17:31:56.027,679.0,18.0,1.79,22.75,12.55,16.47,-1.56,2.34,0.1,0.78,450.0,1.0,-0.82,0.0,97.0,59.0,100.0,3.5,12.9,"Closed loop, using oxygen sensor feedback to determine fuel mix/",19.0,86
2026-09-13 17:31:56.408,683.75,17.0,1.8,22.75,12.94,16.47,-1.56,2.34,0.1,0.78,450.0,1.0,-0.83,0.0,97.0,59.0,100.0,3.5,12.9,"Closed loop, using oxygen sensor feedback to determine fuel mix/",19.0,86
2026-09-13 17:31:56.779,680.0,18.0,1.82,23.14,12.94,16.47,-1.56,2.34,0.1,0.78,450.0,1.0,-0.82,0.0,97.0,59.0,100.0,3.5,12.9,"Closed loop, using oxygen sensor feedback to determine fuel mix/",19.0,86
2026-09-13 17:31:57.127,670.25,18.0,1.86,23.53,13.33,17.25,2.34,2.34,0.1,0.78,450.0,1.0,-0.82,0.0,97.0,59.0,100.0,8.5,12.8,"Closed loop, using oxygen sensor feedback to determine fuel mix/",19.0,86
2026-09-13 17:31:57.766,680.0,18.0,1.92,23.53,13.33,17.65,3.12,2.34,0.14,0.78,450.0,1.0,-0.82,0.0,97.0,59.0,100.0,8.5,12.8,"Closed loop, using oxygen sensor feedback to determine fuel mix/",19.0,86
2026-09-13 17:31:58.165,684.75,18.0,1.92,23.53,13.33,17.65,-0.78,2.34,0.64,0.78,450.0,1.0,-0.82,0.0,97.0,59.0,100.0,8.5,12.8,"Closed loop, using oxygen sensor feedback to determine fuel mix/",19.0,86
2026-09-13 17:31:58.532,677.0,18.0,1.94,23.53,13.33,17.65,-0.78,2.34,0.74,0.78,449.0,1.0,-0.82,0.0,97.0,59.0,100.0,8.5,12.8,"Closed loop, using oxygen sensor feedback to determine fuel mix/",19.0,86
2026-09-13 17:31:58.899,682.25,18.0,1.93,23.53,13.33,17.65,-0.78,2.34,0.7,0.78,449.0,1.0,-0.82,0.0,97.0,59.0,100.0,8.5,12.8,"Closed loop, using oxygen sensor feedback to determine fuel mix/",19.0,86
2026-09-13 17:31:59.253,683.0,20.0,1.94,23.53,13.33,17.65,-1.56,2.34,0.12,0.78,449.0,1.0,-0.8,0.0,97.0,59.0,100.0,2.5,12.9,"Closed loop, using oxygen sensor feedback to determine fuel mix/",19.0,86
2026-09-13 17:31:59.875,678.5,19.0,1.94,23.53,13.33,17.65,-1.56,2.34,0.1,0.78,449.0,1.0,-0.81,0.0,97.0,59.0,100.0,2.5,12.9,"Closed loop, using oxygen sensor feedback to determine fuel mix/",19.0,86
2026-09-13 17:32:00.260,672.75,18.0,1.93,23.53,13.33,17.65,-1.56,2.34,0.1,0.78,449.0,1.0,-0.82,0.0,97.0,59.0,100.0,2.5,12.9,"Closed loop, using oxygen sensor feedback to determine fuel mix/",19.0,86
2026-09-13 17:32:00.610,677.25,18.0,1.92,23.53,13.33,17.65,-1.56,2.34,0.1,0.78,449.0,1.0,-0.82,0.0,97.0,59.0,100.0,2.5,12.9,"Closed loop, using oxygen sensor feedback to determine fuel mix/",19.0,86
2026-09-13 17:32:00.977,681.5,20.0,1.92,23.53,13.33,17.65,-1.56,2.34,0.1,0.78,449.0,1.0,-0.8,0.0,97.0,59.0,100.0,2.5,12.9,"Closed loop, using oxygen sensor feedback to determine fuel mix/",19.0,86
2026-09-13 17:32:01.363,678.0,18.0,1.94,23.53,13.33,17.65,2.34,2.34,0.1,0.78,449.0,1.0,-0.82,0.0,97.0,59.0,100.0,2.0,13.0,"Closed loop, using oxygen sensor feedback to determine fuel mix/",19.0,86
2026-09-13 17:32:01.949,680.75,18.0,1.92,23.53,13.33,17.65,3.12,2.34,0.2,0.78,449.0,1.0,-0.82,0.0,97.0,59.0,100.0,2.0,13.0,"Closed loop, using oxygen sensor feedback to determine fuel mix/",19.0,86
2026-09-13 17:32:02.300,681.25,19.0,1.91,23.53,13.33,17.65,-0.78,2.34,0.77,0.78,449.0,1.0,-0.81,0.0,97.0,59.0,100.0,2.0,13.0,"Closed loop, using oxygen sensor feedback to determine fuel mix/",19.0,86
2026-09-13 17:32:02.670,680.75,18.0,1.9,23.53,13.33,17.65,-0.78,2.34,0.77,0.78,449.0,1.0,-0.82,0.0,97.0,59.0,100.0,2.0,13.0,"Closed loop, using oxygen sensor feedback to determine fuel mix/",19.0,86
2026-09-13 17:32:03.053,676.75,19.0,1.92,23.53,13.33,17.65,-1.56,2.34,0.72,0.78,449.0,1.0,-0.81,0.0,97.0,59.0,100.0,2.0,13.0,"Closed loop, using oxygen sensor feedback to determine fuel mix/",19.0,86
2026-09-13 17:32:03.425,676.75,18.0,1.92,23.53,13.33,17.65,-1.56,2.34,0.34,0.78,449.0,1.0,-0.82,0.0,97.0,59.0,100.0,2.5,13.0,"Closed loop, using oxygen sensor feedback to determine fuel mix/",19.0,86
2026-09-13 17:32:04.027,669.5,19.0,1.92,23.53,13.33,17.25,-1.56,2.34,0.1,0.78,448.0,1.0,-0.81,0.0,97.0,59.0,100.0,2.5,13.0,"Closed loop, using oxygen sensor feedback to determine fuel mix/",19.0,86
2026-09-13 17:32:04.379,672.5,19.0,1.93,23.53,13.33,17.65,-1.56,2.34,0.1,0.78,448.0,1.0,-0.81,0.0,97.0,59.0,100.0,2.5,13.0,"Closed loop, using oxygen sensor feedback to determine fuel mix/",19.0,86
2026-09-13 17:32:04.713,676.5,18.0,1.93,23.53,13.33,17.65,-1.56,2.34,0.1,0.78,448.0,1.0,-0.82,0.0,97.0,59.0,100.0,2.5,13.0,"Closed loop, using oxygen sensor feedback to determine fuel mix/",19.0,86
2026-09-13 17:32:05.096,682.25,19.0,1.92,23.53,13.33,17.65,-1.56,2.34,0.1,0.78,448.0,1.0,-0.81,0.0,97.0,59.0,100.0,2.5,13.0,"Closed loop, using oxygen sensor feedback to determine fuel mix/",19.0,86
2026-09-13 17:32:05.479,679.25,18.0,1.93,23.53,13.33,17.65,2.34,2.34,0.1,0.78,448.0,1.0,-0.82,0.0,97.0,59.0,100.0,2.5,12.9,"Closed loop, using oxygen sensor feedback to determine fuel mix/",19.0,86
2026-09-13 17:32:06.118,682.25,18.0,1.92,23.53,13.33,17.25,2.34,2.34,0.12,0.78,448.0,1.0,-0.82,0.0,97.0,59.0,100.0,2.5,12.9,"Closed loop, using oxygen sensor feedback to determine fuel mix/",19.0,86
2026-09-13 17:32:06.470,680.75,19.0,1.91,23.53,13.33,17.25,-0.78,2.34,0.75,0.78,448.0,1.0,-0.81,0.0,97.0,59.0,100.0,2.5,12.9,"Closed loop, using oxygen sensor feedback to determine fuel mix/",19.0,86
2026-09-13 17:32:06.822,680.0,18.0,1.9,23.53,13.33,17.25,-0.78,2.34,0.79,0.78,448.0,1.0,-0.82,0.0,97.0,59.0,100.0,2.5,12.9,"Closed loop, using oxygen sensor feedback to determine fuel mix/",19.0,86
2026-09-13 17:32:07.177,680.5,19.0,1.91,23.53,13.33,17.25,-1.56,2.34,0.76,0.78,448.0,1.0,-0.81,0.0,97.0,59.0,100.0,2.5,12.9,"Closed loop, using oxygen sensor feedback to determine fuel mix/",19.0,86
2026-09-13 17:32:07.573,679.75,18.0,1.91,23.53,13.33,17.65,-1.56,2.34,0.7,0.78,448.0,1.0,-0.82,0.0,97.0,59.0,100.0,4.0,12.9,"Closed loop, using oxygen sensor feedback to determine fuel mix/",19.0,86
2026-09-13 17:32:08.196,680.25,18.0,1.92,23.53,13.33,17.65,-2.34,2.34,0.12,0.78,448.0,1.0,-0.82,0.0,97.0,59.0,100.0,4.0,12.9,"Closed loop, using oxygen sensor feedback to determine fuel mix/",19.0,86
2026-09-13 17:32:08.548,680.0,18.0,1.92,23.53,13.33,17.65,-2.34,2.34,0.1,0.78,448.0,1.0,-0.82,0.0,97.0,59.0,100.0,4.0,12.9,"Closed loop, using oxygen sensor feedback to determine fuel mix/",19.0,86
2026-09-13 17:32:08.897,678.5,18.0,1.92,23.53,13.33,17.65,-2.34,2.34,0.1,0.78,448.0,1.0,-0.82,0.0,97.0,59.0,100.0,4.0,12.9,"Closed loop, using oxygen sensor feedback to determine fuel mix/",19.0,86
2026-09-13 17:32:09.264,675.25,19.0,1.92,23.53,13.33,17.65,-2.34,2.34,0.09,0.78,448.0,1.0,-0.81,0.0,97.0,59.0,100.0,4.0,12.9,"Closed loop, using oxygen sensor feedback to determine fuel mix/",19.0,86
2026-09-13 17:32:09.616,675.25,19.0,1.93,23.53,13.33,17.65,-2.34,2.34,0.1,0.78,448.0,1.0,-0.81,0.0,97.0,59.0,100.0,3.5,12.9,"Closed loop, using oxygen sensor feedback to determine fuel mix/",19.0,86
2026-09-13 17:32:10.239,680.5,20.0,1.93,23.53,13.33,17.65,1.56,2.34,0.09,0.78,447.0,1.0,-0.8,0.0,97.0,59.0,100.0,3.5,12.9,"Closed loop, using oxygen sensor feedback to determine fuel mix/",19.0,86
2026-09-13 17:32:10.621,678.25,18.0,1.93,23.53,13.33,17.65,1.56,2.34,0.11,0.78,447.0,1.0,-0.82,0.0,97.0,59.0,100.0,3.5,12.9,"Closed loop, using oxygen sensor feedback to determine fuel mix/",19.0,86
2026-09-13 17:32:10.991,685.0,19.0,1.92,23.53,13.33,17.25,2.34,2.34,0.48,0.78,447.0,1.0,-0.81,0.0,97.0,59.0,100.0,3.5,12.9,"Closed loop, using oxygen sensor feedback to determine fuel mix/",19.0,86
2026-09-13 17:32:11.339,685.0,19.0,1.91,23.53,13.33,17.65,-1.56,2.34,0.76,0.78,447.0,1.0,-0.81,0.0,97.0,59.0,100.0,3.5,12.9,"Closed loop, using oxygen sensor feedback to determine fuel mix/",19.0,86
2026-09-13 17:32:11.722,681.5,19.0,1.93,23.53,13.33,17.25,-1.56,2.34,0.74,0.78,447.0,1.0,-0.81,0.0,98.0,59.0,100.0,3.0,12.9,"Closed loop, using oxygen sensor feedback to determine fuel mix/",19.0,86
2026-09-13 17:32:12.362,680.5,18.0,1.91,23.53,13.33,17.65,-2.34,2.34,0.17,0.78,447.0,1.0,-0.82,0.0,98.0,59.0,100.0,3.0,12.9,"Closed loop, using oxygen sensor feedback to determine fuel mix/",19.0,86
2026-09-13 17:32:12.713,678.0,19.0,1.93,23.53,13.33,17.65,-2.34,2.34,0.1,0.78,447.0,1.0,-0.81,0.0,98.0,59.0,100.0,3.0,12.9,"Closed loop, using oxygen sensor feedback to determine fuel mix/",19.0,86
2026-09-13 17:32:13.097,674.5,18.0,1.92,23.53,13.33,17.65,-2.34,2.34,0.1,0.78,447.0,1.0,-0.82,0.0,98.0,59.0,100.0,3.0,12.9,"Closed loop, using oxygen sensor feedback to determine fuel mix/",19.0,86
2026-09-13 17:32:13.464,676.75,19.0,1.93,23.53,13.33,17.65,-2.34,2.34,0.1,0.78,447.0,1.0,-0.81,0.0,98.0,59.0,100.0,3.0,12.9,"Closed loop, using oxygen sensor feedback to determine fuel mix/",19.0,86
2026-09-13 17:32:13.831,680.75,19.0,1.92,23.53,13.33,17.65,-2.34,2.34,0.1,0.78,447.0,1.0,-0.81,0.0,97.0,59.0,100.0,2.5,12.9,"Closed loop, using oxygen sensor feedback to determine fuel mix/",19.0,86
2026-09-13 17:32:14.438,680.75,19.0,1.93,23.53,14.51,17.65,1.56,2.34,0.09,0.78,447.0,1.0,-0.81,0.0,97.0,59.0,100.0,2.5,12.9,"Closed loop, using oxygen sensor feedback to determine fuel mix/",19.0,86
2026-09-13 17:32:14.822,679.25,19.0,2.19,25.49,15.69,20.78,1.56,2.34,0.1,0.78,447.0,1.0,-0.81,0.0,97.0,59.0,100.0,2.5,12.9,"Closed loop, using oxygen sensor feedback to determine fuel mix/",19.0,86
2026-09-13 17:32:15.190,683.25,22.0,2.48,25.88,15.29,22.75,2.34,2.34,0.11,0.78,447.0,1.0,-0.78,0.0,97.0,59.0,100.0,2.5,12.9,"Closed loop, using oxygen sensor feedback to determine fuel mix/",19.0,86
2026-09-13 17:32:15.573,681.5,22.0,2.37,25.49,15.29,21.57,2.34,2.34,0.17,0.78,447.0,1.0,-0.78,0.0,97.0,59.0,100.0,2.5,12.9,"Closed loop, using oxygen sensor feedback to determine fuel mix/",19.0,86
2026-09-13 17:32:15.940,686.25,21.0,2.34,25.49,15.29,21.57,-1.56,2.34,0.75,0.78,448.0,1.0,-0.79,0.0,98.0,59.0,100.0,-9.0,12.9,"Closed loop, using oxygen sensor feedback to determine fuel mix/",19.0,86
2026-09-13 17:32:16.531,669.5,22.0,2.19,25.1,14.9,20.39,-2.34,2.34,0.7,0.78,448.0,1.0,-0.78,0.0,98.0,59.0,100.0,-9.0,12.9,"Closed loop, using oxygen sensor feedback to determine fuel mix/",19.0,86
2026-09-13 17:32:16.882,676.5,21.0,2.27,25.1,15.29,20.78,-2.34,2.34,0.36,0.78,448.0,1.0,-0.79,0.0,98.0,59.0,100.0,-9.0,12.9,"Closed loop, using oxygen sensor feedback to determine fuel mix/",19.0,86
2026-09-13 17:32:17.233,678.5,21.0,2.35,25.49,14.12,21.18,-2.34,2.34,0.12,0.78,448.0,1.0,-0.79,0.0,98.0,59.0,100.0,-9.0,12.9,"Closed loop, using oxygen sensor feedback to determine fuel mix/",19.0,86
2026-09-13 17:32:17.584,671.5,20.0,2.13,24.71,14.12,19.61,-2.34,2.34,0.1,0.78,448.0,1.0,-0.8,0.0,98.0,59.0,100.0,-9.0,12.9,"Closed loop, using oxygen sensor feedback to determine fuel mix/",19.0,86
2026-09-13 17:32:17.952,674.25,21.0,2.1,24.71,13.73,19.22,-2.34,3.12,0.1,0.78,448.0,1.0,-0.79,0.0,97.0,59.0,100.0,2.0,13.0,"Closed loop, using oxygen sensor feedback to determine fuel mix/",19.0,86
2026-09-13 17:32:18.606,679.5,20.0,2.0,23.92,13.73,18.04,-2.34,3.12,0.11,0.78,448.0,1.0,-0.8,0.0,97.0,59.0,100.0,2.0,13.0,"Closed loop, using oxygen sensor feedback to determine fuel mix/",19.0,86
2026-09-13 17:32:18.989,680.5,18.0,1.98,23.92,13.33,18.04,1.56,3.12,0.1,0.78,448.0,1.0,-0.82,0.0,97.0,59.0,100.0,2.0,13.0,"Closed loop, using oxygen sensor feedback to determine fuel mix/",19.0,86
2026-09-13 17:32:19.366,689.0,20.0,1.97,23.53,13.33,17.65,1.56,3.12,0.1,0.78,448.0,1.0,-0.8,0.0,97.0,59.0,100.0,2.0,13.0,"Closed loop, using oxygen sensor feedback to determine fuel mix/",19.0,86
2026-09-13 17:32:19.742,683.25,18.0,1.94,23.53,13.33,17.65,2.34,3.12,0.19,0.78,448.0,1.0,-0.82,0.0,97.0,59.0,100.0,2.0,13.0,"Closed loop, using oxygen sensor feedback to determine fuel mix/",19.0,86
2026-09-13 17:32:20.108,680.75,18.0,1.94,23.53,13.33,17.65,-1.56,3.12,0.76,0.78,448.0,1.0,-0.82,0.0,97.0,59.0,100.0,7.5,12.9,"Closed loop, using oxygen sensor feedback to determine fuel mix/",19.0,86
2026-09-13 17:32:20.682,686.0,18.0,1.95,23.92,13.33,18.04,-2.34,2.34,0.72,0.78,448.0,1.0,-0.82,0.0,97.0,59.0,100.0,7.5,12.9,"Closed loop, using oxygen sensor feedback to determine fuel mix/",19.0,86
2026-09-13 17:32:21.033,674.75,18.0,1.96,23.92,13.73,18.04,-2.34,2.34,0.17,0.78,448.0,1.0,-0.82,0.0,97.0,59.0,100.0,7.5,12.9,"Closed loop, using oxygen sensor feedback to determine fuel mix/",19.0,86
2026-09-13 17:32:21.384,677.25,18.0,2.0,23.92,13.33,18.43,-2.34,2.34,0.1,0.78,448.0,1.0,-0.82,0.0,97.0,59.0,100.0,7.5,12.9,"Closed loop, using oxygen sensor feedback to determine fuel mix/",19.0,86
2026-09-13 17:32:21.736,679.75,20.0,1.95,23.53,13.33,17.65,-2.34,2.34,0.09,0.78,448.0,1.0,-0.8,0.0,97.0,59.0,100.0,7.5,12.9,"Closed loop, using oxygen sensor feedback to determine fuel mix/",19.0,86
2026-09-13 17:32:22.136,677.75,19.0,1.95,23.53,13.33,17.65,-2.34,2.34,0.09,0.78,448.0,1.0,-0.81,0.0,97.0,59.0,100.0,1.0,13.0,"Closed loop, using oxygen sensor feedback to determine fuel mix/",19.0,86
2026-09-13 17:32:22.810,683.75,19.0,1.94,23.53,13.33,17.65,-2.34,2.34,0.09,0.78,447.0,1.0,-0.81,0.0,97.0,59.0,100.0,1.0,13.0,"Closed loop, using oxygen sensor feedback to determine fuel mix/",19.0,86
2026-09-13 17:32:23.191,676.0,18.0,1.94,23.53,13.33,18.04,1.56,2.34,0.09,0.78,447.0,1.0,-0.82,0.0,97.0,59.0,100.0,1.0,13.0,"Closed loop, using oxygen sensor feedback to determine fuel mix/",19.0,86
2026-09-13 17:32:23.542,684.25,19.0,1.94,23.53,13.33,17.65,1.56,2.34,0.1,0.78,447.0,1.0,-0.81,0.0,97.0,59.0,100.0,1.0,13.0,"Closed loop, using oxygen sensor feedback to determine fuel mix/",19.0,86
2026-09-13 17:32:23.908,680.25,19.0,1.93,23.53,13.33,17.65,2.34,2.34,0.16,0.78,447.0,1.0,-0.81,0.0,97.0,59.0,100.0,1.0,13.0,"Closed loop, using oxygen sensor feedback to determine fuel mix/",19.0,86
2026-09-13 17:32:24.229,679.5,19.0,1.94,23.53,13.33,17.65,-1.56,2.34,0.72,0.78,447.0,1.0,-0.81,0.0,97.0,59.0,100.0,3.0,13.0,"Closed loop, using oxygen sensor feedback to determine fuel mix/",19.0,86
2026-09-13 17:32:24.785,680.25,19.0,1.93,23.53,13.33,17.65,-1.56,2.34,0.74,0.78,447.0,1.0,-0.81,0.0,97.0,59.0,100.0,3.0,13.0,"Closed loop, using oxygen sensor feedback to determine fuel mix/",19.0,86
2026-09-13 17:32:25.186,677.5,18.0,1.93,23.53,13.33,17.65,-2.34,2.34,0.26,0.78,447.0,1.0,-0.82,0.0,97.0,59.0,100.0,3.0,13.0,"Closed loop, using oxygen sensor feedback to determine fuel mix/",19.0,86
2026-09-13 17:32:25.585,682.25,19.0,1.93,23.53,13.33,17.65,-2.34,2.34,0.1,0.78,447.0,1.0,-0.81,0.0,97.0,59.0,100.0,3.0,13.0,"Closed loop, using oxygen sensor feedback to determine fuel mix/",19.0,86
2026-09-13 17:32:25.952,676.75,18.0,1.93,23.53,13.33,17.65,-2.34,2.34,0.1,0.78,447.0,1.0,-0.82,0.0,97.0,59.0,100.0,3.0,13.0,"Closed loop, using oxygen sensor feedback to determine fuel mix/",19.0,86
2026-09-13 17:32:26.305,679.0,19.0,1.93,23.53,13.33,17.65,-2.34,2.34,0.1,0.78,447.0,1.0,-0.81,0.0,97.0,59.0,100.0,2.5,12.9,"Closed loop, using oxygen sensor feedback to determine fuel mix/",19.0,86
2026-09-13 17:32:26.928,677.25,18.0,1.93,23.53,13.33,17.65,-2.34,2.34,0.09,0.78,447.0,1.0,-0.82,0.0,97.0,59.0,100.0,2.5,12.9,"Closed loop, using oxygen sensor feedback to determine fuel mix/",19.0,86
2026-09-13 17:32:27.311,679.75,19.0,1.93,23.53,13.33,17.65,-2.34,2.34,0.09,0.78,447.0,1.0,-0.81,0.0,97.0,59.0,100.0,2.5,12.9,"Closed loop, using oxygen sensor feedback to determine fuel mix/",19.0,86
2026-09-13 17:32:27.676,685.0,18.0,1.92,23.53,13.33,17.25,1.56,2.34,0.09,0.78,447.0,1.0,-0.82,0.0,97.0,59.0,100.0,2.5,12.9,"Closed loop, using oxygen sensor feedback to determine fuel mix/",19.0,86
2026-09-13 17:32:28.028,684.25,18.0,1.93,23.53,13.33,17.65,1.56,2.34,0.1,0.78,447.0,1.0,-0.82,0.0,97.0,59.0,100.0,2.5,12.9,"Closed loop, using oxygen sensor feedback to determine fuel mix/",19.0,86
2026-09-13 17:32:28.394,684.0,18.0,1.93,23.53,13.33,17.65,2.34,2.34,0.32,0.78,447.0,1.0,-0.82,0.0,96.0,59.0,100.0,2.0,12.9,"Closed loop, using oxygen sensor feedback to determine fuel mix/",19.0,86
2026-09-13 17:32:29.050,681.0,18.0,1.93,23.53,13.33,17.65,-1.56,2.34,0.75,0.78,447.0,1.0,-0.82,0.0,96.0,59.0,100.0,2.0,12.9,"Closed loop, using oxygen sensor feedback to determine fuel mix/",19.0,86
2026-09-13 17:32:29.434,679.5,19.0,1.93,23.53,13.33,17.65,-2.34,2.34,0.59,0.78,447.0,1.0,-0.81,0.0,96.0,59.0,100.0,2.0,12.9,"Closed loop, using oxygen sensor feedback to determine fuel mix/",19.0,86
2026-09-13 17:32:29.801,677.0,18.0,1.93,23.53,13.33,17.65,-2.34,2.34,0.1,0.78,447.0,1.0,-0.82,0.0,96.0,59.0,100.0,2.0,12.9,"Closed loop, using oxygen sensor feedback to determine fuel mix/",19.0,86
2026-09-13 17:32:30.184,671.25,20.0,1.94,23.53,13.33,17.65,-2.34,2.34,0.1,0.78,447.0,1.0,-0.8,0.0,96.0,59.0,100.0,2.0,12.9,"Closed loop, using oxygen sensor feedback to determine fuel mix/",19.0,86
2026-09-13 17:32:30.551,672.5,18.0,1.94,23.53,13.33,17.65,-2.34,2.34,0.09,0.78,446.0,1.0,-0.82,0.0,96.0,59.0,100.0,5.5,12.9,"Closed loop, using oxygen sensor feedback to determine fuel mix/",19.0,86
2026-09-13 17:32:31.207,685.0,18.0,1.92,23.53,13.33,17.65,-2.34,2.34,0.09,0.78,446.0,1.0,-0.82,0.0,96.0,59.0,100.0,5.5,12.9,"Closed loop, using oxygen sensor feedback to determine fuel mix/",19.0,86
2026-09-13 17:32:31.559,684.0,19.0,1.93,23.53,13.33,17.65,-2.34,2.34,0.09,0.78,446.0,1.0,-0.81,0.0,96.0,59.0,100.0,5.5,12.9,"Closed loop, using oxygen sensor feedback to determine fuel mix/",19.0,86
2026-09-13 17:32:31.909,685.5,19.0,1.93,23.53,13.33,17.65,1.56,2.34,0.09,0.78,446.0,1.0,-0.81,0.0,96.0,59.0,100.0,5.5,12.9,"Closed loop, using oxygen sensor feedback to determine fuel mix/",19.0,86
2026-09-13 17:32:32.276,687.5,19.0,1.92,23.53,13.33,17.65,1.56,2.34,0.1,0.78,446.0,1.0,-0.81,0.0,96.0,59.0,100.0,5.5,12.9,"Closed loop, using oxygen sensor feedback to determine fuel mix/",19.0,86
2026-09-13 17:32:32.628,679.0,18.0,1.93,23.53,13.33,17.65,2.34,2.34,0.17,0.78,446.0,1.0,-0.82,0.0,95.0,59.0,100.0,1.5,12.9,"Closed loop, using oxygen sensor feedback to determine fuel mix/",19.0,86
2026-09-13 17:32:33.188,683.5,18.0,1.92,23.53,13.33,17.65,-1.56,2.34,0.76,0.78,446.0,1.0,-0.82,0.0,95.0,59.0,100.0,1.5,12.9,"Closed loop, using oxygen sensor feedback to determine fuel mix/",19.0,86
2026-09-13 17:32:33.570,677.25,18.0,1.92,23.53,13.33,17.65,-1.56,2.34,0.74,0.78,446.0,1.0,-0.82,0.0,95.0,59.0,100.0,1.5,12.9,"Closed loop, using oxygen sensor feedback to determine fuel mix/",19.0,86
2026-09-13 17:32:33.927,671.75,19.0,1.92,23.53,13.33,17.65,-2.34,2.34,0.28,0.78,446.0,1.0,-0.81,0.0,95.0,59.0,100.0,1.5,12.9,"Closed loop, using oxygen sensor feedback to determine fuel mix/",19.0,86
2026-09-13 17:32:34.305,676.25,19.0,1.93,23.53,13.33,17.65,-2.34,2.34,0.1,0.78,446.0,1.0,-0.81,0.0,95.0,59.0,100.0,1.5,12.9,"Closed loop, using oxygen sensor feedback to determine fuel mix/",19.0,86
2026-09-13 17:32:34.705,674.5,18.0,1.93,23.53,13.33,17.65,-2.34,2.34,0.1,0.78,446.0,1.0,-0.82,0.0,95.0,59.0,100.0,2.5,13.0,"Closed loop, using oxygen sensor feedback to determine fuel mix/",19.0,86
2026-09-13 17:32:35.327,683.25,19.0,1.93,23.53,13.33,17.65,-2.34,2.34,0.1,0.78,446.0,1.0,-0.81,0.0,95.0,59.0,100.0,2.5,13.0,"Closed loop, using oxygen sensor feedback to determine fuel mix/",19.0,86
2026-09-13 17:32:35.708,683.75,18.0,1.93,23.53,13.33,17.65,-2.34,2.34,0.09,0.78,446.0,1.0,-0.82,0.0,95.0,59.0,100.0,2.5,13.0,"Closed loop, using oxygen sensor feedback to determine fuel mix/",19.0,86
2026-09-13 17:32:36.077,683.0,19.0,1.93,23.53,13.33,17.65,1.56,2.34,0.1,0.78,446.0,1.0,-0.81,0.0,95.0,59.0,100.0,2.5,13.0,"Closed loop, using oxygen sensor feedback to determine fuel mix/",19.0,86
2026-09-13 17:32:36.460,684.5,18.0,1.93,23.53,13.33,17.65,1.56,2.34,0.09,0.78,446.0,1.0,-0.82,0.0,95.0,59.0,100.0,2.5,13.0,"Closed loop, using oxygen sensor feedback to determine fuel mix/",19.0,86
2026-09-13 17:32:36.829,686.5,19.0,1.92,23.53,13.33,17.65,2.34,2.34,0.12,0.78,446.0,1.0,-0.82,0.0,95.0,59.0,101.0,1.5,12.9,"Closed loop, using oxygen sensor feedback to determine fuel mix/",19.0,86
2026-09-13 17:32:37.450,680.25,19.0,1.92,23.53,13.33,17.65,-1.56,2.34,0.76,0.78,446.0,1.0,-0.82,0.0,95.0,59.0,101.0,1.5,12.9,"Closed loop, using oxygen sensor feedback to determine fuel mix/",19.0,86
2026-09-13 17:32:37.803,678.0,19.0,1.93,23.53,13.33,17.65,-1.56,2.34,0.75,0.78,446.0,1.0,-0.82,0.0,95.0,59.0,101.0,1.5,12.9,"Closed loop, using oxygen sensor feedback to determine fuel mix/",19.0,86
2026-09-13 17:32:38.186,684.75,18.0,1.92,23.53,13.33,17.65,-2.34,2.34,0.52,0.78,446.0,1.0,-0.83,0.0,95.0,59.0,101.0,1.5,12.9,"Closed loop, using oxygen sensor feedback to determine fuel mix/",19.0,86
2026-09-13 17:32:38.556,683.5,20.0,1.92,23.53,13.33,17.65,-2.34,2.34,0.1,0.79,446.0,1.0,-0.81,0.0,95.0,59.0,101.0,1.5,12.9,"Closed loop, using oxygen sensor feedback to determine fuel mix/",19.0,86
2026-09-13 17:32:38.937,679.75,18.0,1.93,23.53,13.33,17.65,-2.34,2.34,0.1,0.78,446.0,1.0,-0.82,0.0,95.0,59.0,100.0,3.0,12.9,"Closed loop, using oxygen sensor feedback to determine fuel mix/",19.0,86
2026-09-13 17:32:39.558,686.75,18.0,1.94,23.53,13.33,17.65,-2.34,2.34,0.09,0.78,446.0,1.0,-0.82,0.0,95.0,59.0,100.0,3.0,12.9,"Closed loop, using oxygen sensor feedback to determine fuel mix/",19.0,86
2026-09-13 17:32:39.941,681.0,18.0,1.94,23.53,13.33,17.65,-2.34,2.34,0.1,0.78,446.0,1.0,-0.82,0.0,95.0,59.0,100.0,3.0,12.9,"Closed loop, using oxygen sensor feedback to determine fuel mix/",19.0,86
2026-09-13 17:32:40.277,683.25,19.0,1.94,23.53,13.33,17.65,-2.34,2.34,0.09,0.78,446.0,1.0,-0.81,0.0,95.0,59.0,100.0,3.0,12.9,"Closed loop, using oxygen sensor feedback to determine fuel mix/",19.0,86
2026-09-13 17:32:40.661,682.5,19.0,1.94,23.53,13.33,17.65,1.56,2.34,0.1,0.78,445.0,1.0,-0.81,0.0,95.0,59.0,100.0,3.0,12.9,"Closed loop, using oxygen sensor feedback to determine fuel mix/",19.0,86
2026-09-13 17:32:41.027,687.75,18.0,1.94,23.53,13.33,17.65,1.56,2.34,0.1,0.78,445.0,1.0,-0.82,0.0,94.0,59.0,100.0,1.0,12.9,"Closed loop, using oxygen sensor feedback to determine fuel mix/",19.0,86
2026-09-13 17:32:41.618,686.25,19.0,1.93,23.53,13.33,17.65,-1.56,2.34,0.74,0.78,445.0,1.0,-0.81,0.0,94.0,59.0,100.0,1.0,12.9,"Closed loop, using oxygen sensor feedback to determine fuel mix/",19.0,86
2026-09-13 17:32:41.985,686.5,19.0,1.93,23.53,13.33,17.65,-1.56,2.34,0.76,0.79,445.0,1.0,-0.81,0.0,94.0,59.0,100.0,1.0,12.9,"Closed loop, using oxygen sensor feedback to determine fuel mix/",19.0,86
2026-09-13 17:32:42.323,675.25,18.0,1.92,23.53,13.33,17.65,-2.34,2.34,0.65,0.78,445.0,1.0,-0.82,0.0,94.0,59.0,100.0,1.0,12.9,"Closed loop, using oxygen sensor feedback to determine fuel mix/",19.0,86
2026-09-13 17:32:42.705,674.75,18.0,1.9,23.53,13.33,17.65,-2.34,2.34,0.1,0.78,445.0,1.0,-0.82,0.0,94.0,59.0,100.0,1.0,12.9,"Closed loop, using oxygen sensor feedback to determine fuel mix/",19.0,86
2026-09-13 17:32:43.073,678.25,18.0,1.91,23.53,13.33,17.65,-2.34,2.34,0.1,0.78,445.0,1.0,-0.82,0.0,94.0,59.0,100.0,2.5,12.9,"Closed loop, using oxygen sensor feedback to determine fuel mix/",19.0,86
2026-09-13 17:32:43.629,681.75,18.0,1.91,23.53,13.33,17.65,-2.34,2.34,0.09,0.78,445.0,1.0,-0.82,0.0,94.0,59.0,100.0,2.5,12.9,"Closed loop, using oxygen sensor feedback to determine fuel mix/",19.0,86
2026-09-13 17:32:43.998,679.0,18.0,1.92,23.53,13.33,17.65,-2.34,2.34,0.1,0.78,445.0,1.0,-0.82,0.0,94.0,59.0,100.0,2.5,12.9,"Closed loop, using oxygen sensor feedback to determine fuel mix/",19.0,86
2026-09-13 17:32:44.332,680.25,18.0,1.93,23.53,13.33,17.65,-2.34,2.34,0.1,0.78,445.0,1.0,-0.82,0.0,94.0,59.0,100.0,2.5,12.9,"Closed loop, using oxygen sensor feedback to determine fuel mix/",19.0,86
2026-09-13 17:32:44.685,686.0,20.0,1.92,23.53,13.33,17.65,1.56,2.34,0.1,0.78,445.0,1.0,-0.8,0.0,94.0,59.0,100.0,2.5,12.9,"Closed loop, using oxygen sensor feedback to determine fuel mix/",19.0,86
2026-09-13 17:32:45.052,685.0,19.0,1.92,23.53,13.33,17.65,1.56,2.34,0.1,0.78,445.0,1.0,-0.82,0.0,94.0,59.0,101.0,2.0,12.9,"Closed loop, using oxygen sensor feedback to determine fuel mix/",19.0,86
2026-09-13 17:32:45.660,680.75,19.0,1.92,23.53,13.33,17.65,2.34,2.34,0.62,0.78,445.0,1.0,-0.82,0.0,94.0,59.0,101.0,2.0,12.9,"Closed loop, using oxygen sensor feedback to determine fuel mix/",19.0,86
2026-09-13 17:32:46.044,679.75,19.0,1.92,23.53,13.33,17.65,-1.56,2.34,0.76,0.79,445.0,1.0,-0.82,0.0,94.0,59.0,101.0,2.0,12.9,"Closed loop, using oxygen sensor feedback to determine fuel mix/",19.0,86
2026-09-13 17:32:46.443,680.75,19.0,1.92,23.53,13.33,17.65,-1.56,2.34,0.72,0.78,445.0,1.0,-0.82,0.0,94.0,59.0,101.0,2.0,12.9,"Closed loop, using oxygen sensor feedback to determine fuel mix/",19.0,86
2026-09-13 17:32:46.775,682.75,19.0,1.92,23.53,13.33,17.65,-2.34,2.34,0.29,0.78,445.0,1.0,-0.82,0.0,94.0,59.0,101.0,2.0,12.9,"Closed loop, using oxygen sensor feedback to determine fuel mix/",19.0,86
2026-09-13 17:32:47.065,675.25,18.0,1.93,23.53,13.33,17.25,-2.34,2.34,0.1,0.78,445.0,1.0,-0.82,0.0,93.0,59.0,100.0,4.0,13.0,"Closed loop, using oxygen sensor feedback to determine fuel mix/",19.0,86
2026-09-13 17:32:47.685,684.5,18.0,1.93,23.53,13.33,17.65,-2.34,2.34,0.1,0.78,445.0,1.0,-0.82,0.0,93.0,59.0,100.0,4.0,13.0,"Closed loop, using oxygen sensor feedback to determine fuel mix/",19.0,86
2026-09-13 17:32:48.053,680.0,19.0,1.92,23.53,13.33,17.65,-2.34,2.34,0.1,0.78,445.0,1.0,-0.81,0.0,93.0,59.0,100.0,4.0,13.0,"Closed loop, using oxygen sensor feedback to determine fuel mix/",19.0,86
2026-09-13 17:32:48.391,677.5,19.0,1.93,23.53,13.33,17.65,-2.34,2.34,0.1,0.78,445.0,1.0,-0.81,0.0,93.0,59.0,100.0,4.0,13.0,"Closed loop, using oxygen sensor feedback to determine fuel mix/",19.0,86
2026-09-13 17:32:48.773,675.25,18.0,1.93,23.53,12.94,17.25,-2.34,2.34,0.09,0.78,445.0,1.0,-0.82,0.0,93.0,59.0,100.0,4.0,13.0,"Closed loop, using oxygen sensor feedback to determine fuel mix/",19.0,86
2026-09-13 17:32:49.141,686.5,19.0,1.87,23.14,12.55,16.86,1.56,2.34,0.09,0.78,445.0,1.0,-0.81,0.0,93.0,59.0,100.0,-1.0,13.0,"Closed loop, using oxygen sensor feedback to determine fuel mix/",19.0,86
2026-09-13 17:32:49.796,685.0,18.0,1.81,23.14,12.55,16.47,-1.56,3.12,0.73,0.78,445.0,1.0,-0.82,0.0,93.0,59.0,100.0,-1.0,13.0,"Closed loop, using oxygen sensor feedback to determine fuel mix/",19.0,86
2026-09-13 17:32:50.180,687.25,17.0,1.81,22.75,12.55,16.47,-1.56,3.12,0.78,0.79,445.0,1.0,-0.83,0.0,93.0,59.0,100.0,-1.0,13.0,"Closed loop, using oxygen sensor feedback to determine fuel mix/",19.0,86
2026-09-13 17:32:50.529,681.5,17.0,1.8,22.75,12.55,16.47,-1.56,3.12,0.77,0.78,445.0,1.0,-0.83,0.0,93.0,59.0,100.0,-1.0,13.0,"Closed loop, using oxygen sensor feedback to determine fuel mix/",19.0,86
2026-09-13 17:32:50.866,672.5,17.0,1.79,23.14,12.55,16.47,-2.34,2.34,0.72,0.78,445.0,1.0,-0.83,0.0,93.0,59.0,100.0,-1.0,13.0,"Closed loop, using oxygen sensor feedback to determine fuel mix/",19.0,86
2026-09-13 17:32:51.249,685.0,18.0,1.8,22.75,12.55,16.47,-2.34,2.34,0.42,0.78,445.0,1.0,-0.82,0.0,93.0,59.0,100.0,1.5,12.9,"Closed loop, using oxygen sensor feedback to determine fuel mix/",19.0,86
2026-09-13 17:32:51.840,670.5,17.0,1.8,22.75,12.55,16.47,-2.34,2.34,0.1,0.78,445.0,1.0,-0.83,0.0,93.0,59.0,100.0,1.5,12.9,"Closed loop, using oxygen sensor feedback to determine fuel mix/",19.0,86
2026-09-13 17:32:52.223,677.75,18.0,1.79,22.75,12.55,16.47,-2.34,2.34,0.1,0.78,445.0,1.0,-0.82,0.0,93.0,59.0,100.0,1.5,12.9,"Closed loop, using oxygen sensor feedback to determine fuel mix/",19.0,86
2026-09-13 17:32:52.588,680.0,18.0,1.82,22.75,12.55,16.47,-2.34,2.34,0.09,0.78,444.0,1.0,-0.82,0.0,93.0,59.0,100.0,1.5,12.9,"Closed loop, using oxygen sensor feedback to determine fuel mix/",19.0,86
2026-09-13 17:32:52.940,687.5,17.0,1.81,22.75,12.55,16.47,-2.34,2.34,0.09,0.78,444.0,1.0,-0.83,0.0,93.0,59.0,100.0,1.5,12.9,"Closed loop, using oxygen sensor feedback to determine fuel mix/",19.0,86
2026-09-13 17:32:53.309,681.0,17.0,1.8,22.75,12.55,16.47,-2.34,2.34,0.09,0.78,444.0,1.0,-0.83,0.0,93.0,59.0,100.0,0.5,13.0,"Closed loop, using oxygen sensor feedback to determine fuel mix/",19.0,86
2026-09-13 17:32:53.920,684.0,17.0,1.8,22.75,12.55,16.47,1.56,2.34,0.1,0.79,444.0,1.0,-0.83,0.0,93.0,59.0,100.0,0.5,13.0,"Closed loop, using oxygen sensor feedback to determine fuel mix/",19.0,86
2026-09-13 17:32:54.298,678.75,18.0,1.78,22.75,12.55,16.08,2.34,2.34,0.15,0.78,444.0,1.0,-0.82,0.0,93.0,59.0,100.0,0.5,13.0,"Closed loop, using oxygen sensor feedback to determine fuel mix/",19.0,86
2026-09-13 17:32:54.634,677.5,17.0,1.77,22.75,12.55,16.08,-1.56,2.34,0.76,0.79,444.0,1.0,-0.83,0.0,93.0,59.0,100.0,0.5,13.0,"Closed loop, using oxygen sensor feedback to determine fuel mix/",19.0,86
2026-09-13 17:32:54.984,668.5,17.0,1.79,22.75,12.55,16.08,-1.56,2.34,0.78,0.78,444.0,1.0,-0.83,0.0,93.0,59.0,100.0,0.5,13.0,"Closed loop, using oxygen sensor feedback to determine fuel mix/",19.0,86
2026-09-13 17:32:55.353,678.25,18.0,1.79,22.75,12.55,16.08,-2.34,2.34,0.74,0.79,444.0,1.0,-0.82,0.0,92.0,59.0,100.0,0.5,12.9,"Closed loop, using oxygen sensor feedback to determine fuel mix/",19.0,86
2026-09-13 17:32:55.973,668.25,17.0,1.8,23.14,12.55,16.47,-2.34,2.34,0.12,0.78,444.0,1.0,-0.83,0.0,92.0,59.0,100.0,0.5,12.9,"Closed loop, using oxygen sensor feedback to determine fuel mix/",19.0,86
2026-09-13 17:32:56.362,682.0,18.0,1.81,23.14,12.55,16.47,-2.34,2.34,0.1,0.78,444.0,1.0,-0.82,0.0,92.0,59.0,100.0,0.5,12.9,"Closed loop, using oxygen sensor feedback to determine fuel mix/",19.0,86
2026-09-13 17:32:56.712,679.0,17.0,1.81,22.75,12.55,16.47,-2.34,2.34,0.09,0.79,444.0,1.0,-0.83,0.0,92.0,59.0,100.0,0.5,12.9,"Closed loop, using oxygen sensor feedback to determine fuel mix/",19.0,86
2026-09-13 17:32:57.077,679.5,17.0,1.78,22.75,12.55,16.47,-2.34,2.34,0.09,0.79,444.0,1.0,-0.83,0.0,92.0,59.0,100.0,0.5,12.9,"Closed loop, using oxygen sensor feedback to determine fuel mix/",19.0,86
2026-09-13 17:32:57.430,680.75,18.0,1.8,23.14,12.55,16.47,-2.34,2.34,0.09,0.78,444.0,1.0,-0.82,0.0,92.0,59.0,100.0,2.0,12.9,"Closed loop, using oxygen sensor feedback to determine fuel mix/",19.0,86
2026-09-13 17:32:58.022,679.0,17.0,1.81,22.75,12.55,16.47,1.56,2.34,0.1,0.78,444.0,1.0,-0.83,0.0,92.0,59.0,100.0,2.0,12.9,"Closed loop, using oxygen sensor feedback to determine fuel mix/",19.0,86
2026-09-13 17:32:58.402,687.25,17.0,1.81,22.75,12.55,16.47,1.56,2.34,0.09,0.78,444.0,1.0,-0.83,0.0,92.0,59.0,100.0,2.0,12.9,"Closed loop, using oxygen sensor feedback to determine fuel mix/",19.0,86
2026-09-13 17:32:58.688,686.25,18.0,1.79,22.75,12.55,16.08,2.34,2.34,0.12,0.78,444.0,1.0,-0.82,0.0,92.0,59.0,100.0,2.0,12.9,"Closed loop, using oxygen sensor feedback to determine fuel mix/",19.0,86
2026-09-13 17:32:59.073,683.5,17.0,1.78,22.75,12.55,16.08,-1.56,2.34,0.72,0.78,444.0,1.0,-0.83,0.0,92.0,59.0,100.0,2.0,12.9,"Closed loop, using oxygen sensor feedback to determine fuel mix/",19.0,86
2026-09-13 17:32:59.442,678.0,18.0,1.78,22.75,12.55,16.08,-1.56,2.34,0.78,0.79,444.0,1.0,-0.82,0.0,92.0,59.0,100.0,2.0,12.9,"Closed loop, using oxygen sensor feedback to determine fuel mix/",19.0,86
2026-09-13 17:33:00.061,678.0,17.0,1.79,22.75,12.55,16.47,-2.34,2.34,0.68,0.78,444.0,1.0,-0.83,0.0,92.0,59.0,100.0,2.0,12.9,"Closed loop, using oxygen sensor feedback to determine fuel mix/",19.0,86
2026-09-13 17:33:00.446,676.0,17.0,1.79,22.75,12.55,16.47,-2.34,2.34,0.11,0.78,444.0,1.0,-0.83,0.0,92.0,59.0,100.0,2.0,12.9,"Closed loop, using oxygen sensor feedback to determine fuel mix/",19.0,86
2026-09-13 17:33:00.831,675.5,17.0,1.79,22.75,12.55,16.47,-2.34,2.34,0.1,0.78,444.0,1.0,-0.83,0.0,92.0,59.0,100.0,2.0,12.9,"Closed loop, using oxygen sensor feedback to determine fuel mix/",19.0,86
2026-09-13 17:33:01.230,679.0,17.0,1.79,22.75,12.55,16.47,-2.34,2.34,0.09,0.78,444.0,1.0,-0.83,0.0,92.0,59.0,100.0,2.0,12.9,"Closed loop, using oxygen sensor feedback to determine fuel mix/",19.0,86
2026-09-13 17:33:01.566,671.75,18.0,1.8,22.75,12.55,16.47,-2.34,2.34,0.09,0.78,444.0,1.0,-0.82,0.0,92.0,60.0,100.0,5.0,12.9,"Closed loop, using oxygen sensor feedback to determine fuel mix/",19.0,86
2026-09-13 17:33:02.171,683.5,17.0,1.83,22.75,12.55,16.47,-2.34,2.34,0.09,0.78,443.0,1.0,-0.83,0.0,92.0,60.0,100.0,5.0,12.9,"Closed loop, using oxygen sensor feedback to determine fuel mix/",19.0,86
2026-09-13 17:33:02.556,680.0,17.0,1.79,22.75,12.55,16.47,1.56,2.34,0.09,0.78,443.0,1.0,-0.83,0.0,92.0,60.0,100.0,5.0,12.9,"Closed loop, using oxygen sensor feedback to determine fuel mix/",19.0,86
2026-09-13 17:33:02.924,683.0,17.0,1.78,22.75,12.55,16.08,1.56,2.34,0.1,0.79,443.0,1.0,-0.83,0.0,92.0,60.0,100.0,5.0,12.9,"Closed loop, using oxygen sensor feedback to determine fuel mix/",19.0,86
2026-09-13 17:33:03.304,683.75,17.0,1.78,22.75,12.55,16.08,2.34,2.34,0.28,0.79,443.0,1.0,-0.83,0.0,92.0,60.0,100.0,5.0,12.9,"Closed loop, using oxygen sensor feedback to determine fuel mix/",19.0,86
2026-09-13 17:33:03.672,685.25,17.0,1.78,22.75,12.55,16.47,-1.56,2.34,0.76,0.78,443.0,1.0,-0.83,0.0,91.0,60.0,100.0,0.5,12.9,"Closed loop, using oxygen sensor feedback to determine fuel mix/",19.0,86
2026-09-13 17:33:04.279,674.25,17.0,1.78,22.75,12.55,16.47,-2.34,2.34,0.73,0.78,443.0,1.0,-0.83,0.0,91.0,60.0,100.0,0.5,12.9,"Closed loop, using oxygen sensor feedback to determine fuel mix/",19.0,86
2026-09-13 17:33:04.647,677.25,17.0,1.79,22.75,12.55,16.47,-2.34,2.34,0.21,0.78,443.0,1.0,-0.83,0.0,91.0,60.0,100.0,0.5,12.9,"Closed loop, using oxygen sensor feedback to determine fuel mix/",19.0,86
2026-09-13 17:33:05.031,674.25,17.0,1.79,22.75,12.55,16.47,-2.34,2.34,0.1,0.79,443.0,1.0,-0.83,0.0,91.0,60.0,100.0,0.5,12.9,"Closed loop, using oxygen sensor feedback to determine fuel mix/",19.0,86
2026-09-13 17:33:05.396,676.5,17.0,1.78,22.75,12.55,16.08,-2.34,2.34,0.1,0.79,443.0,1.0,-0.83,0.0,91.0,60.0,100.0,0.5,12.9,"Closed loop, using oxygen sensor feedback to determine fuel mix/",19.0,86
2026-09-13 17:33:05.763,680.0,17.0,1.79,22.75,12.55,16.47,-2.34,2.34,0.09,0.78,443.0,1.0,-0.83,0.0,91.0,60.0,100.0,2.5,12.9,"Closed loop, using oxygen sensor feedback to determine fuel mix/",19.0,86
2026-09-13 17:33:06.372,676.5,18.0,1.8,22.75,12.55,16.47,-2.34,2.34,0.09,0.78,443.0,1.0,-0.82,0.0,91.0,60.0,100.0,2.5,12.9,"Closed loop, using oxygen sensor feedback to determine fuel mix/",19.0,86
2026-09-13 17:33:06.754,679.0,17.0,1.79,22.75,12.55,16.47,1.56,2.34,0.09,0.78,443.0,1.0,-0.83,0.0,91.0,60.0,100.0,2.5,12.9,"Closed loop, using oxygen sensor feedback to determine fuel mix/",19.0,86
2026-09-13 17:33:07.124,685.75,18.0,1.79,22.75,12.55,16.47,1.56,2.34,0.09,0.78,443.0,1.0,-0.82,0.0,91.0,60.0,100.0,2.5,12.9,"Closed loop, using oxygen sensor feedback to determine fuel mix/",19.0,86
2026-09-13 17:33:07.504,681.0,17.0,1.8,22.75,12.55,16.47,2.34,2.34,0.12,0.78,443.0,1.0,-0.83,0.0,91.0,60.0,100.0,2.5,12.9,"Closed loop, using oxygen sensor feedback to determine fuel mix/",19.0,86
2026-09-13 17:33:07.875,680.25,18.0,1.8,22.75,12.55,16.08,-1.56,2.34,0.74,0.78,443.0,1.0,-0.82,0.0,91.0,60.0,100.0,2.0,13.0,"Closed loop, using oxygen sensor feedback to determine fuel mix/",19.0,86
2026-09-13 17:33:08.497,680.0,18.0,1.78,22.75,12.55,16.08,-1.56,2.34,0.76,0.78,443.0,1.0,-0.82,0.0,91.0,60.0,100.0,2.0,13.0,"Closed loop, using oxygen sensor feedback to determine fuel mix/",19.0,86
2026-09-13 17:33:08.881,671.75,18.0,1.77,22.75,12.55,16.08,-2.34,2.34,0.7,0.79,443.0,1.0,-0.82,0.0,91.0,60.0,100.0,2.0,13.0,"Closed loop, using oxygen sensor feedback to determine fuel mix/",19.0,86
2026-09-13 17:33:09.232,671.75,17.0,1.77,22.75,12.55,16.08,-2.34,2.34,0.16,0.78,443.0,1.0,-0.83,0.0,91.0,60.0,100.0,2.0,13.0,"Closed loop, using oxygen sensor feedback to determine fuel mix/",19.0,86
2026-09-13 17:33:09.564,680.5,18.0,1.8,22.75,12.55,16.08,-2.34,2.34,0.1,0.78,443.0,1.0,-0.82,0.0,91.0,60.0,100.0,2.0,13.0,"Closed loop, using oxygen sensor feedback to determine fuel mix/",19.0,86
2026-09-13 17:33:09.919,679.0,17.0,1.79,22.75,12.55,16.47,-2.34,2.34,0.1,0.78,443.0,1.0,-0.84,0.0,91.0,60.0,101.0,5.0,13.0,"Closed loop, using oxygen sensor feedback to determine fuel mix/",19.0,86
2026-09-13 17:33:10.492,685.25,17.0,1.8,22.75,12.55,16.47,-2.34,2.34,0.09,0.78,443.0,1.0,-0.84,0.0,91.0,60.0,101.0,5.0,13.0,"Closed loop, using oxygen sensor feedback to determine fuel mix/",19.0,86
2026-09-13 17:33:10.843,683.0,18.0,1.81,22.75,12.55,16.47,-2.34,2.34,0.09,0.78,443.0,1.0,-0.83,0.0,91.0,60.0,101.0,5.0,13.0,"Closed loop, using oxygen sensor feedback to determine fuel mix/",19.0,86
2026-09-13 17:33:11.212,681.75,17.0,1.8,22.75,12.55,16.47,-2.34,2.34,0.09,0.78,443.0,1.0,-0.84,0.0,91.0,60.0,101.0,5.0,13.0,"Closed loop, using oxygen sensor feedback to determine fuel mix/",19.0,86
2026-09-13 17:33:11.594,686.5,18.0,1.81,22.75,12.55,16.47,1.56,2.34,0.1,0.78,443.0,1.0,-0.83,0.0,91.0,60.0,101.0,5.0,13.0,"Closed loop, using oxygen sensor feedback to determine fuel mix/",19.0,86
2026-09-13 17:33:11.962,683.0,17.0,1.79,22.75,12.55,16.08,1.56,2.34,0.14,0.78,443.0,1.0,-0.83,0.0,90.0,60.0,100.0,2.0,12.8,"Closed loop, using oxygen sensor feedback to determine fuel mix/",19.0,86
2026-09-13 17:33:12.585,668.5,17.0,1.76,22.75,12.55,16.08,-1.56,2.34,0.78,0.78,443.0,1.0,-0.83,0.0,90.0,60.0,100.0,2.0,12.8,"Closed loop, using oxygen sensor feedback to determine fuel mix/",19.0,86
2026-09-13 17:33:12.968,672.75,17.0,1.8,22.75,12.55,16.47,-1.56,2.34,0.76,0.78,443.0,1.0,-0.83,0.0,90.0,60.0,100.0,2.0,12.8,"Closed loop, using oxygen sensor feedback to determine fuel mix/",19.0,86
2026-09-13 17:33:13.317,669.25,17.0,1.79,22.75,12.55,16.47,-2.34,2.34,0.69,0.78,443.0,1.0,-0.83,0.0,90.0,60.0,100.0,2.0,12.8,"Closed loop, using oxygen sensor feedback to determine fuel mix/",19.0,86
2026-09-13 17:33:13.654,670.75,18.0,1.79,22.75,6.27,0.0,-2.34,1.56,0.12,0.79,443.0,1.03,-0.82,0.0,90.0,60.0,100.0,2.0,12.8,"Closed loop, using oxygen sensor feedback to determine fuel mix/",19.0,86
2026-09-13 17:33:14.036,498.25,17.0,1.04,16.47,6.27,0.0,0.0,0.78,0.1,0.79,443.0,1.03,-0.83,0.0,90.0,60.0,100.0,7.0,12.6,N/A,19.0,86
2026-09-13 17:33:14.659,0.0,40.0,0.0,16.47,6.27,0.0,0.0,0.78,0.07,0.8,443.0,1.03,-0.6,0.0,90.0,60.0,100.0,7.0,12.6,N/A,19.0,86
2026-09-13 17:33:15.043,0.0,52.0,0.0,16.47,6.27,0.0,0.0,0.78,0.07,0.8,443.0,1.03,-0.48,0.0,90.0,60.0,100.0,7.0,12.6,N/A,19.0,86
2026-09-13 17:33:15.428,0.0,58.0,0.0,16.47,7.06,0.0,0.0,0.78,0.07,0.8,443.0,1.03,-0.42,0.0,90.0,60.0,100.0,7.0,12.6,N/A,19.0,86
2026-09-13 17:33:15.825,0.0,59.0,0.0,32.16,21.96,0.0,0.0,0.78,0.07,0.81,442.0,1.03,-0.41,0.0,90.0,60.0,100.0,7.0,12.6,N/A,19.0,86
2026-09-13 17:33:16.224,0.0,59.0,0.0,32.16,21.96,0.0,0.0,0.78,0.06,0.81,442.0,1.03,-0.41,0.0,90.0,61.0,100.0,7.0,12.5,N/A,19.0,84
2026-09-13 17:33:16.867,0.0,59.0,0.0,32.16,21.96,0.0,0.0,0.78,0.06,0.81,442.0,1.03,-0.41,0.0,90.0,61.0,100.0,7.0,12.5,N/A,19.0,84
2026-09-13 17:33:17.230,0.0,59.0,0.0,32.16,21.96,0.0,0.0,0.78,0.06,0.81,442.0,1.03,-0.41,0.0,90.0,61.0,100.0,7.0,12.5,N/A,19.0,84
2026-09-13 17:33:17.566,0.0,59.0,0.0,32.16,21.96,0.0,0.0,0.78,0.05,0.82,442.0,1.03,-0.41,0.0,90.0,61.0,100.0,7.0,12.5,N/A,19.0,84
2026-09-13 17:33:17.949,0.0,59.0,0.0,32.16,21.96,0.0,0.0,0.78,0.05,0.82,442.0,1.03,-0.41,0.0,90.0,61.0,100.0,7.0,12.5,N/A,19.0,84
2026-09-13 17:33:18.317,0.0,59.0,0.0,32.16,21.96,0.0,0.0,0.78,0.05,0.82,442.0,1.03,-0.41,0.0,91.0,62.0,100.0,7.0,12.5,N/A,19.0,81
2026-09-13 17:33:18.926,0.0,59.0,0.0,32.16,21.96,0.0,0.0,0.78,0.05,0.83,442.0,1.03,-0.41,0.0,91.0,62.0,100.0,7.0,12.5,N/A,19.0,81
2026-09-13 17:33:19.291,0.0,59.0,0.0,32.16,21.96,0.0,0.0,0.78,0.05,0.83,442.0,1.03,-0.41,0.0,91.0,62.0,100.0,7.0,12.5,N/A,19.0,81
2026-09-13 17:33:19.678,0.0,59.0,0.0,32.16,21.96,0.0,0.0,0.78,0.04,0.83,442.0,1.03,-0.41,0.0,91.0,62.0,100.0,7.0,12.5,N/A,19.0,81
2026-09-13 17:33:20.043,0.0,59.0,0.0,32.16,21.96,0.0,0.0,0.78,0.04,0.84,442.0,1.03,-0.41,0.0,91.0,62.0,100.0,7.0,12.5,N/A,19.0,81
